solid OpenSCAD_Model
  facet normal 0.471206 0.882023 -0
    outer loop
      vertex 90.1333 61.2989 42.9
      vertex 90.0296 61.3543 45.9
      vertex 90.1333 61.2989 45.9
    endloop
  endfacet
  facet normal 0.471206 0.882023 0
    outer loop
      vertex 90.0296 61.3543 45.9
      vertex 90.1333 61.2989 42.9
      vertex 90.0296 61.3543 42.9
    endloop
  endfacet
  facet normal 0.633978 0.773351 -0
    outer loop
      vertex 90.2243 61.2243 42.9
      vertex 90.1333 61.2989 45.9
      vertex 90.2243 61.2243 45.9
    endloop
  endfacet
  facet normal 0.633978 0.773351 0
    outer loop
      vertex 90.1333 61.2989 45.9
      vertex 90.2243 61.2243 42.9
      vertex 90.1333 61.2989 42.9
    endloop
  endfacet
  facet normal 0.634029 -0.773309 0
    outer loop
      vertex 90.1333 2.70112 42.9
      vertex 90.2243 2.77573 45.9
      vertex 90.1333 2.70112 45.9
    endloop
  endfacet
  facet normal 0.634029 -0.773309 0
    outer loop
      vertex 90.2243 2.77573 45.9
      vertex 90.1333 2.70112 42.9
      vertex 90.2243 2.77573 42.9
    endloop
  endfacet
  facet normal 0.995208 -0.0977778 0
    outer loop
      vertex 90.3885 3.08296 45.9
      vertex 90.4 3.20001 42.9
      vertex 90.4 3.20001 45.9
    endloop
  endfacet
  facet normal 0.995208 -0.0977778 0
    outer loop
      vertex 90.4 3.20001 42.9
      vertex 90.3885 3.08296 45.9
      vertex 90.3885 3.08296 42.9
    endloop
  endfacet
  facet normal -0.773309 0.634029 0
    outer loop
      vertex 2.70112 61.1333 42.9
      vertex 2.77573 61.2243 45.9
      vertex 2.77573 61.2243 42.9
    endloop
  endfacet
  facet normal -0.773309 0.634029 0
    outer loop
      vertex 2.77573 61.2243 45.9
      vertex 2.70112 61.1333 42.9
      vertex 2.70112 61.1333 45.9
    endloop
  endfacet
  facet normal 0.471471 -0.881882 0
    outer loop
      vertex 90.0296 2.64568 42.9
      vertex 90.1333 2.70112 45.9
      vertex 90.0296 2.64568 45.9
    endloop
  endfacet
  facet normal 0.471471 -0.881882 0
    outer loop
      vertex 90.1333 2.70112 45.9
      vertex 90.0296 2.64568 42.9
      vertex 90.1333 2.70112 42.9
    endloop
  endfacet
  facet normal -0.95698 0.290154 0
    outer loop
      vertex 2.61154 60.917 42.9
      vertex 2.64568 61.0296 45.9
      vertex 2.64568 61.0296 42.9
    endloop
  endfacet
  facet normal -0.95698 0.290154 0
    outer loop
      vertex 2.64568 61.0296 45.9
      vertex 2.61154 60.917 42.9
      vertex 2.61154 60.917 45.9
    endloop
  endfacet
  facet normal 0.773112 -0.63427 0
    outer loop
      vertex 90.2243 2.77573 45.9
      vertex 90.2989 2.86666 42.9
      vertex 90.2989 2.86666 45.9
    endloop
  endfacet
  facet normal 0.773112 -0.63427 0
    outer loop
      vertex 90.2989 2.86666 42.9
      vertex 90.2243 2.77573 45.9
      vertex 90.2243 2.77573 42.9
    endloop
  endfacet
  facet normal -0.956959 -0.290224 0
    outer loop
      vertex 2.64568 2.97039 42.9
      vertex 2.61154 3.08296 45.9
      vertex 2.61154 3.08296 42.9
    endloop
  endfacet
  facet normal -0.956959 -0.290224 0
    outer loop
      vertex 2.61154 3.08296 45.9
      vertex 2.64568 2.97039 42.9
      vertex 2.64568 2.97039 45.9
    endloop
  endfacet
  facet normal -0.290224 -0.956959 0
    outer loop
      vertex 2.97039 2.64568 42.9
      vertex 3.08296 2.61154 45.9
      vertex 2.97039 2.64568 45.9
    endloop
  endfacet
  facet normal -0.290224 -0.956959 -0
    outer loop
      vertex 3.08296 2.61154 45.9
      vertex 2.97039 2.64568 42.9
      vertex 3.08296 2.61154 42.9
    endloop
  endfacet
  facet normal 0 1 -0
    outer loop
      vertex 89.8 61.4 42.9
      vertex 3.20001 61.4 45.9
      vertex 89.8 61.4 45.9
    endloop
  endfacet
  facet normal 0 1 0
    outer loop
      vertex 3.20001 61.4 45.9
      vertex 89.8 61.4 42.9
      vertex 3.20001 61.4 42.9
    endloop
  endfacet
  facet normal 0.773351 0.633978 0
    outer loop
      vertex 90.2989 61.1333 45.9
      vertex 90.2243 61.2243 42.9
      vertex 90.2243 61.2243 45.9
    endloop
  endfacet
  facet normal 0.773351 0.633978 0
    outer loop
      vertex 90.2243 61.2243 42.9
      vertex 90.2989 61.1333 45.9
      vertex 90.2989 61.1333 42.9
    endloop
  endfacet
  facet normal 0 -1 0
    outer loop
      vertex 3.20001 2.6 42.9
      vertex 89.8 2.6 45.9
      vertex 3.20001 2.6 45.9
    endloop
  endfacet
  facet normal 0 -1 -0
    outer loop
      vertex 89.8 2.6 45.9
      vertex 3.20001 2.6 42.9
      vertex 89.8 2.6 42.9
    endloop
  endfacet
  facet normal -0.77307 -0.634321 0
    outer loop
      vertex 2.77573 2.77573 42.9
      vertex 2.70112 2.86666 45.9
      vertex 2.70112 2.86666 42.9
    endloop
  endfacet
  facet normal -0.77307 -0.634321 0
    outer loop
      vertex 2.70112 2.86666 45.9
      vertex 2.77573 2.77573 42.9
      vertex 2.77573 2.77573 45.9
    endloop
  endfacet
  facet normal 0 0 -1
    outer loop
      vertex 89.8 2.6 42.9
      vertex 90.4 3.20001 42.9
      vertex 90.3885 3.08296 42.9
    endloop
  endfacet
  facet normal 0 0 -1
    outer loop
      vertex 90.4 3.20001 42.9
      vertex 89.2 4.40001 42.9
      vertex 90.4 60.8 42.9
    endloop
  endfacet
  facet normal 0 0 -1
    outer loop
      vertex 89.8 2.6 42.9
      vertex 90.3885 3.08296 42.9
      vertex 90.3543 2.97039 42.9
    endloop
  endfacet
  facet normal 0 0 -1
    outer loop
      vertex 89.2 59.6 42.9
      vertex 90.4 60.8 42.9
      vertex 89.2 4.40001 42.9
    endloop
  endfacet
  facet normal 0 0 -1
    outer loop
      vertex 89.8 2.6 42.9
      vertex 90.3543 2.97039 42.9
      vertex 90.2989 2.86666 42.9
    endloop
  endfacet
  facet normal 0 0 -1
    outer loop
      vertex 89.1885 59.717 42.9
      vertex 90.4 60.8 42.9
      vertex 89.2 59.6 42.9
    endloop
  endfacet
  facet normal 0 0 -1
    outer loop
      vertex 89.8 2.6 42.9
      vertex 90.2989 2.86666 42.9
      vertex 90.2243 2.77573 42.9
    endloop
  endfacet
  facet normal 0 0 -1
    outer loop
      vertex 89.1543 59.8296 42.9
      vertex 90.4 60.8 42.9
      vertex 89.1885 59.717 42.9
    endloop
  endfacet
  facet normal 0 0 -1
    outer loop
      vertex 89.8 2.6 42.9
      vertex 90.2243 2.77573 42.9
      vertex 90.1333 2.70112 42.9
    endloop
  endfacet
  facet normal 0 0 -1
    outer loop
      vertex 89.0989 59.9333 42.9
      vertex 90.4 60.8 42.9
      vertex 89.1543 59.8296 42.9
    endloop
  endfacet
  facet normal 0 0 -1
    outer loop
      vertex 89.8 2.6 42.9
      vertex 90.1333 2.70112 42.9
      vertex 90.0296 2.64568 42.9
    endloop
  endfacet
  facet normal 0 0 -1
    outer loop
      vertex 89.0243 60.0243 42.9
      vertex 90.4 60.8 42.9
      vertex 89.0989 59.9333 42.9
    endloop
  endfacet
  facet normal 0 0 -1
    outer loop
      vertex 89.8 2.6 42.9
      vertex 90.0296 2.64568 42.9
      vertex 89.917 2.61154 42.9
    endloop
  endfacet
  facet normal 0 -0 -1
    outer loop
      vertex 89.8 61.4 42.9
      vertex 90.4 60.8 42.9
      vertex 89.0243 60.0243 42.9
    endloop
  endfacet
  facet normal -0 0 -1
    outer loop
      vertex 90.4 3.20001 42.9
      vertex 89.8 2.6 42.9
      vertex 89.0243 3.97573 42.9
    endloop
  endfacet
  facet normal 0 0 -1
    outer loop
      vertex 90.4 60.8 42.9
      vertex 89.8 61.4 42.9
      vertex 90.3885 60.917 42.9
    endloop
  endfacet
  facet normal 0 0 -1
    outer loop
      vertex 90.3885 60.917 42.9
      vertex 89.8 61.4 42.9
      vertex 90.3543 61.0296 42.9
    endloop
  endfacet
  facet normal 0 0 -1
    outer loop
      vertex 90.4 3.20001 42.9
      vertex 89.1885 4.28296 42.9
      vertex 89.2 4.40001 42.9
    endloop
  endfacet
  facet normal 0 0 -1
    outer loop
      vertex 90.4 3.20001 42.9
      vertex 89.1543 4.17039 42.9
      vertex 89.1885 4.28296 42.9
    endloop
  endfacet
  facet normal 0 0 -1
    outer loop
      vertex 90.4 3.20001 42.9
      vertex 89.0989 4.06666 42.9
      vertex 89.1543 4.17039 42.9
    endloop
  endfacet
  facet normal 0 0 -1
    outer loop
      vertex 90.4 3.20001 42.9
      vertex 89.0243 3.97573 42.9
      vertex 89.0989 4.06666 42.9
    endloop
  endfacet
  facet normal 0 0 -1
    outer loop
      vertex 89.8 2.6 42.9
      vertex 88.9333 3.90112 42.9
      vertex 89.0243 3.97573 42.9
    endloop
  endfacet
  facet normal 0 0 -1
    outer loop
      vertex 89.8 2.6 42.9
      vertex 88.8296 3.84568 42.9
      vertex 88.9333 3.90112 42.9
    endloop
  endfacet
  facet normal 0 0 -1
    outer loop
      vertex 89.8 2.6 42.9
      vertex 88.717 3.81153 42.9
      vertex 88.8296 3.84568 42.9
    endloop
  endfacet
  facet normal 0 0 -1
    outer loop
      vertex 89.8 2.6 42.9
      vertex 88.6 3.8 42.9
      vertex 88.717 3.81153 42.9
    endloop
  endfacet
  facet normal 0 0 -1
    outer loop
      vertex 89.8 2.6 42.9
      vertex 4.40001 3.8 42.9
      vertex 88.6 3.8 42.9
    endloop
  endfacet
  facet normal -0 0 -1
    outer loop
      vertex 3.81153 4.28296 42.9
      vertex 2.6 3.20001 42.9
      vertex 3.8 4.40001 42.9
    endloop
  endfacet
  facet normal -0 0 -1
    outer loop
      vertex 3.84568 4.17039 42.9
      vertex 2.6 3.20001 42.9
      vertex 3.81153 4.28296 42.9
    endloop
  endfacet
  facet normal -0 0 -1
    outer loop
      vertex 3.90112 4.06666 42.9
      vertex 2.6 3.20001 42.9
      vertex 3.84568 4.17039 42.9
    endloop
  endfacet
  facet normal -0 0 -1
    outer loop
      vertex 3.97573 3.97573 42.9
      vertex 2.6 3.20001 42.9
      vertex 3.90112 4.06666 42.9
    endloop
  endfacet
  facet normal 0 0 -1
    outer loop
      vertex 2.6 3.20001 42.9
      vertex 3.97573 3.97573 42.9
      vertex 3.20001 2.6 42.9
    endloop
  endfacet
  facet normal -0 0 -1
    outer loop
      vertex 4.06666 3.90112 42.9
      vertex 3.20001 2.6 42.9
      vertex 3.97573 3.97573 42.9
    endloop
  endfacet
  facet normal -0 0 -1
    outer loop
      vertex 4.17039 3.84568 42.9
      vertex 3.20001 2.6 42.9
      vertex 4.06666 3.90112 42.9
    endloop
  endfacet
  facet normal -0 0 -1
    outer loop
      vertex 4.28296 3.81153 42.9
      vertex 3.20001 2.6 42.9
      vertex 4.17039 3.84568 42.9
    endloop
  endfacet
  facet normal -0 0 -1
    outer loop
      vertex 4.40001 3.8 42.9
      vertex 3.20001 2.6 42.9
      vertex 4.28296 3.81153 42.9
    endloop
  endfacet
  facet normal 0 0 -1
    outer loop
      vertex 3.20001 2.6 42.9
      vertex 4.40001 3.8 42.9
      vertex 89.8 2.6 42.9
    endloop
  endfacet
  facet normal 0 0 -1
    outer loop
      vertex 90.3543 61.0296 42.9
      vertex 89.8 61.4 42.9
      vertex 90.2989 61.1333 42.9
    endloop
  endfacet
  facet normal 0 0 -1
    outer loop
      vertex 90.2989 61.1333 42.9
      vertex 89.8 61.4 42.9
      vertex 90.2243 61.2243 42.9
    endloop
  endfacet
  facet normal 0 0 -1
    outer loop
      vertex 90.1333 61.2989 42.9
      vertex 89.8 61.4 42.9
      vertex 90.0296 61.3543 42.9
    endloop
  endfacet
  facet normal 0 0 -1
    outer loop
      vertex 90.0296 61.3543 42.9
      vertex 89.8 61.4 42.9
      vertex 89.917 61.3885 42.9
    endloop
  endfacet
  facet normal 0 0 -1
    outer loop
      vertex 90.2243 61.2243 42.9
      vertex 89.8 61.4 42.9
      vertex 90.1333 61.2989 42.9
    endloop
  endfacet
  facet normal 0 0 -1
    outer loop
      vertex 88.9333 60.0989 42.9
      vertex 89.8 61.4 42.9
      vertex 89.0243 60.0243 42.9
    endloop
  endfacet
  facet normal 0 0 -1
    outer loop
      vertex 88.8296 60.1543 42.9
      vertex 89.8 61.4 42.9
      vertex 88.9333 60.0989 42.9
    endloop
  endfacet
  facet normal 0 0 -1
    outer loop
      vertex 88.717 60.1885 42.9
      vertex 89.8 61.4 42.9
      vertex 88.8296 60.1543 42.9
    endloop
  endfacet
  facet normal 0 0 -1
    outer loop
      vertex 88.6 60.2 42.9
      vertex 89.8 61.4 42.9
      vertex 88.717 60.1885 42.9
    endloop
  endfacet
  facet normal 0 0 -1
    outer loop
      vertex 4.40001 60.2 42.9
      vertex 89.8 61.4 42.9
      vertex 88.6 60.2 42.9
    endloop
  endfacet
  facet normal 0 0 -1
    outer loop
      vertex 4.40001 60.2 42.9
      vertex 3.20001 61.4 42.9
      vertex 89.8 61.4 42.9
    endloop
  endfacet
  facet normal 0 0 -1
    outer loop
      vertex 4.28296 60.1885 42.9
      vertex 3.20001 61.4 42.9
      vertex 4.40001 60.2 42.9
    endloop
  endfacet
  facet normal 0 0 -1
    outer loop
      vertex 4.17039 60.1543 42.9
      vertex 3.20001 61.4 42.9
      vertex 4.28296 60.1885 42.9
    endloop
  endfacet
  facet normal 0 0 -1
    outer loop
      vertex 4.06666 60.0989 42.9
      vertex 3.20001 61.4 42.9
      vertex 4.17039 60.1543 42.9
    endloop
  endfacet
  facet normal 0 0 -1
    outer loop
      vertex 3.97573 60.0243 42.9
      vertex 3.20001 61.4 42.9
      vertex 4.06666 60.0989 42.9
    endloop
  endfacet
  facet normal 0 0 -1
    outer loop
      vertex 2.6 60.8 42.9
      vertex 3.97573 60.0243 42.9
      vertex 3.90112 59.9333 42.9
    endloop
  endfacet
  facet normal 0 0 -1
    outer loop
      vertex 2.6 60.8 42.9
      vertex 3.90112 59.9333 42.9
      vertex 3.84568 59.8296 42.9
    endloop
  endfacet
  facet normal 0 0 -1
    outer loop
      vertex 2.6 60.8 42.9
      vertex 3.84568 59.8296 42.9
      vertex 3.81153 59.717 42.9
    endloop
  endfacet
  facet normal 0 0 -1
    outer loop
      vertex 2.6 60.8 42.9
      vertex 3.81153 59.717 42.9
      vertex 3.8 59.6 42.9
    endloop
  endfacet
  facet normal -0 0 -1
    outer loop
      vertex 3.8 4.40001 42.9
      vertex 2.6 3.20001 42.9
      vertex 3.8 59.6 42.9
    endloop
  endfacet
  facet normal 0 0 -1
    outer loop
      vertex 2.6 3.20001 42.9
      vertex 3.20001 2.6 42.9
      vertex 3.08296 2.61154 42.9
    endloop
  endfacet
  facet normal 0 0 -1
    outer loop
      vertex 2.6 60.8 42.9
      vertex 3.8 59.6 42.9
      vertex 2.6 3.20001 42.9
    endloop
  endfacet
  facet normal 0 0 -1
    outer loop
      vertex 2.6 3.20001 42.9
      vertex 3.08296 2.61154 42.9
      vertex 2.97039 2.64568 42.9
    endloop
  endfacet
  facet normal 0 0 -1
    outer loop
      vertex 3.97573 60.0243 42.9
      vertex 2.6 60.8 42.9
      vertex 3.20001 61.4 42.9
    endloop
  endfacet
  facet normal 0 0 -1
    outer loop
      vertex 2.6 3.20001 42.9
      vertex 2.97039 2.64568 42.9
      vertex 2.86666 2.70112 42.9
    endloop
  endfacet
  facet normal 0 0 -1
    outer loop
      vertex 3.20001 61.4 42.9
      vertex 2.6 60.8 42.9
      vertex 3.08296 61.3885 42.9
    endloop
  endfacet
  facet normal 0 0 -1
    outer loop
      vertex 2.6 3.20001 42.9
      vertex 2.86666 2.70112 42.9
      vertex 2.77573 2.77573 42.9
    endloop
  endfacet
  facet normal 0 0 -1
    outer loop
      vertex 3.08296 61.3885 42.9
      vertex 2.6 60.8 42.9
      vertex 2.97039 61.3543 42.9
    endloop
  endfacet
  facet normal 0 0 -1
    outer loop
      vertex 2.6 3.20001 42.9
      vertex 2.77573 2.77573 42.9
      vertex 2.70112 2.86666 42.9
    endloop
  endfacet
  facet normal 0 0 -1
    outer loop
      vertex 2.97039 61.3543 42.9
      vertex 2.6 60.8 42.9
      vertex 2.86666 61.2989 42.9
    endloop
  endfacet
  facet normal 0 0 -1
    outer loop
      vertex 2.6 3.20001 42.9
      vertex 2.70112 2.86666 42.9
      vertex 2.64568 2.97039 42.9
    endloop
  endfacet
  facet normal 0 0 -1
    outer loop
      vertex 2.86666 61.2989 42.9
      vertex 2.6 60.8 42.9
      vertex 2.77573 61.2243 42.9
    endloop
  endfacet
  facet normal 0 0 -1
    outer loop
      vertex 2.6 3.20001 42.9
      vertex 2.64568 2.97039 42.9
      vertex 2.61154 3.08296 42.9
    endloop
  endfacet
  facet normal 0 0 -1
    outer loop
      vertex 2.77573 61.2243 42.9
      vertex 2.6 60.8 42.9
      vertex 2.70112 61.1333 42.9
    endloop
  endfacet
  facet normal 0 0 -1
    outer loop
      vertex 2.70112 61.1333 42.9
      vertex 2.6 60.8 42.9
      vertex 2.64568 61.0296 42.9
    endloop
  endfacet
  facet normal 0 0 -1
    outer loop
      vertex 2.64568 61.0296 42.9
      vertex 2.6 60.8 42.9
      vertex 2.61154 60.917 42.9
    endloop
  endfacet
  facet normal -0.63427 0.773112 0
    outer loop
      vertex 2.86666 61.2989 42.9
      vertex 2.77573 61.2243 45.9
      vertex 2.86666 61.2989 45.9
    endloop
  endfacet
  facet normal -0.63427 0.773112 0
    outer loop
      vertex 2.77573 61.2243 45.9
      vertex 2.86666 61.2989 42.9
      vertex 2.77573 61.2243 42.9
    endloop
  endfacet
  facet normal -0.290691 0.956817 0
    outer loop
      vertex 3.08296 61.3885 42.9
      vertex 2.97039 61.3543 45.9
      vertex 3.08296 61.3885 45.9
    endloop
  endfacet
  facet normal -0.290691 0.956817 0
    outer loop
      vertex 2.97039 61.3543 45.9
      vertex 3.08296 61.3885 42.9
      vertex 2.97039 61.3543 42.9
    endloop
  endfacet
  facet normal 0.0981562 -0.995171 0
    outer loop
      vertex 89.8 2.6 42.9
      vertex 89.917 2.61154 45.9
      vertex 89.8 2.6 45.9
    endloop
  endfacet
  facet normal 0.0981562 -0.995171 0
    outer loop
      vertex 89.917 2.61154 45.9
      vertex 89.8 2.6 42.9
      vertex 89.917 2.61154 42.9
    endloop
  endfacet
  facet normal 0.956838 0.290621 0
    outer loop
      vertex 90.3885 60.917 45.9
      vertex 90.3543 61.0296 42.9
      vertex 90.3543 61.0296 45.9
    endloop
  endfacet
  facet normal 0.956838 0.290621 0
    outer loop
      vertex 90.3543 61.0296 42.9
      vertex 90.3885 60.917 45.9
      vertex 90.3885 60.917 42.9
    endloop
  endfacet
  facet normal 0.290154 -0.95698 0
    outer loop
      vertex 89.917 2.61154 42.9
      vertex 90.0296 2.64568 45.9
      vertex 89.917 2.61154 45.9
    endloop
  endfacet
  facet normal 0.290154 -0.95698 0
    outer loop
      vertex 90.0296 2.64568 45.9
      vertex 89.917 2.61154 42.9
      vertex 90.0296 2.64568 42.9
    endloop
  endfacet
  facet normal 0.995204 0.0978192 0
    outer loop
      vertex 90.4 60.8 45.9
      vertex 90.3885 60.917 42.9
      vertex 90.3885 60.917 45.9
    endloop
  endfacet
  facet normal 0.995204 0.0978192 0
    outer loop
      vertex 90.3885 60.917 42.9
      vertex 90.4 60.8 45.9
      vertex 90.4 60.8 42.9
    endloop
  endfacet
  facet normal -0.4711 0.88208 0
    outer loop
      vertex 2.97039 61.3543 42.9
      vertex 2.86666 61.2989 45.9
      vertex 2.97039 61.3543 45.9
    endloop
  endfacet
  facet normal -0.4711 0.88208 0
    outer loop
      vertex 2.86666 61.2989 45.9
      vertex 2.97039 61.3543 42.9
      vertex 2.86666 61.2989 42.9
    endloop
  endfacet
  facet normal 0.88208 -0.4711 0
    outer loop
      vertex 90.2989 2.86666 45.9
      vertex 90.3543 2.97039 42.9
      vertex 90.3543 2.97039 45.9
    endloop
  endfacet
  facet normal 0.88208 -0.4711 0
    outer loop
      vertex 90.3543 2.97039 42.9
      vertex 90.2989 2.86666 45.9
      vertex 90.2989 2.86666 42.9
    endloop
  endfacet
  facet normal -0.0981147 -0.995175 0
    outer loop
      vertex 3.08296 2.61154 42.9
      vertex 3.20001 2.6 45.9
      vertex 3.08296 2.61154 45.9
    endloop
  endfacet
  facet normal -0.0981147 -0.995175 -0
    outer loop
      vertex 3.20001 2.6 45.9
      vertex 3.08296 2.61154 42.9
      vertex 3.20001 2.6 42.9
    endloop
  endfacet
  facet normal 1 -0 0
    outer loop
      vertex 90.4 3.20001 45.9
      vertex 90.4 60.8 42.9
      vertex 90.4 60.8 45.9
    endloop
  endfacet
  facet normal 1 0 0
    outer loop
      vertex 90.4 60.8 42.9
      vertex 90.4 3.20001 45.9
      vertex 90.4 3.20001 42.9
    endloop
  endfacet
  facet normal -0.0977778 0.995208 0
    outer loop
      vertex 3.20001 61.4 42.9
      vertex 3.08296 61.3885 45.9
      vertex 3.20001 61.4 45.9
    endloop
  endfacet
  facet normal -0.0977778 0.995208 0
    outer loop
      vertex 3.08296 61.3885 45.9
      vertex 3.20001 61.4 42.9
      vertex 3.08296 61.3885 42.9
    endloop
  endfacet
  facet normal -0.471365 -0.881938 0
    outer loop
      vertex 2.86666 2.70112 42.9
      vertex 2.97039 2.64568 45.9
      vertex 2.86666 2.70112 45.9
    endloop
  endfacet
  facet normal -0.471365 -0.881938 -0
    outer loop
      vertex 2.97039 2.64568 45.9
      vertex 2.86666 2.70112 42.9
      vertex 2.97039 2.64568 42.9
    endloop
  endfacet
  facet normal -0.995175 -0.0981147 0
    outer loop
      vertex 2.61154 3.08296 42.9
      vertex 2.6 3.20001 45.9
      vertex 2.6 3.20001 42.9
    endloop
  endfacet
  facet normal -0.995175 -0.0981147 0
    outer loop
      vertex 2.6 3.20001 45.9
      vertex 2.61154 3.08296 42.9
      vertex 2.61154 3.08296 45.9
    endloop
  endfacet
  facet normal -1 0 0
    outer loop
      vertex 2.6 3.20001 42.9
      vertex 2.6 60.8 45.9
      vertex 2.6 60.8 42.9
    endloop
  endfacet
  facet normal -1 -0 0
    outer loop
      vertex 2.6 60.8 45.9
      vertex 2.6 3.20001 42.9
      vertex 2.6 3.20001 45.9
    endloop
  endfacet
  facet normal 0.956817 -0.290691 0
    outer loop
      vertex 90.3543 2.97039 45.9
      vertex 90.3885 3.08296 42.9
      vertex 90.3885 3.08296 45.9
    endloop
  endfacet
  facet normal 0.956817 -0.290691 0
    outer loop
      vertex 90.3885 3.08296 42.9
      vertex 90.3543 2.97039 45.9
      vertex 90.3543 2.97039 42.9
    endloop
  endfacet
  facet normal -0.634321 -0.77307 0
    outer loop
      vertex 2.77573 2.77573 42.9
      vertex 2.86666 2.70112 45.9
      vertex 2.77573 2.77573 45.9
    endloop
  endfacet
  facet normal -0.634321 -0.77307 -0
    outer loop
      vertex 2.86666 2.70112 45.9
      vertex 2.77573 2.77573 42.9
      vertex 2.86666 2.70112 42.9
    endloop
  endfacet
  facet normal -0.995171 0.0981562 0
    outer loop
      vertex 2.6 60.8 42.9
      vertex 2.61154 60.917 45.9
      vertex 2.61154 60.917 42.9
    endloop
  endfacet
  facet normal -0.995171 0.0981562 0
    outer loop
      vertex 2.61154 60.917 45.9
      vertex 2.6 60.8 42.9
      vertex 2.6 60.8 45.9
    endloop
  endfacet
  facet normal -0.881938 -0.471365 0
    outer loop
      vertex 2.70112 2.86666 42.9
      vertex 2.64568 2.97039 45.9
      vertex 2.64568 2.97039 42.9
    endloop
  endfacet
  facet normal -0.881938 -0.471365 0
    outer loop
      vertex 2.64568 2.97039 45.9
      vertex 2.70112 2.86666 42.9
      vertex 2.70112 2.86666 45.9
    endloop
  endfacet
  facet normal 0.0978192 0.995204 -0
    outer loop
      vertex 89.917 61.3885 42.9
      vertex 89.8 61.4 45.9
      vertex 89.917 61.3885 45.9
    endloop
  endfacet
  facet normal 0.0978192 0.995204 0
    outer loop
      vertex 89.8 61.4 45.9
      vertex 89.917 61.3885 42.9
      vertex 89.8 61.4 42.9
    endloop
  endfacet
  facet normal 0.882023 0.471206 0
    outer loop
      vertex 90.3543 61.0296 45.9
      vertex 90.2989 61.1333 42.9
      vertex 90.2989 61.1333 45.9
    endloop
  endfacet
  facet normal 0.882023 0.471206 0
    outer loop
      vertex 90.2989 61.1333 42.9
      vertex 90.3543 61.0296 45.9
      vertex 90.3543 61.0296 42.9
    endloop
  endfacet
  facet normal -0.881882 0.471471 0
    outer loop
      vertex 2.64568 61.0296 42.9
      vertex 2.70112 61.1333 45.9
      vertex 2.70112 61.1333 42.9
    endloop
  endfacet
  facet normal -0.881882 0.471471 0
    outer loop
      vertex 2.70112 61.1333 45.9
      vertex 2.64568 61.0296 42.9
      vertex 2.64568 61.0296 45.9
    endloop
  endfacet
  facet normal 0.290621 0.956838 -0
    outer loop
      vertex 90.0296 61.3543 42.9
      vertex 89.917 61.3885 45.9
      vertex 90.0296 61.3543 45.9
    endloop
  endfacet
  facet normal 0.290621 0.956838 0
    outer loop
      vertex 89.917 61.3885 45.9
      vertex 90.0296 61.3543 42.9
      vertex 89.917 61.3885 42.9
    endloop
  endfacet
  facet normal -0.471206 -0.882023 0
    outer loop
      vertex 88.8296 60.1543 42.9
      vertex 88.9333 60.0989 45.9
      vertex 88.8296 60.1543 45.9
    endloop
  endfacet
  facet normal -0.471206 -0.882023 -0
    outer loop
      vertex 88.9333 60.0989 45.9
      vertex 88.8296 60.1543 42.9
      vertex 88.9333 60.0989 42.9
    endloop
  endfacet
  facet normal -0.633978 -0.773351 0
    outer loop
      vertex 88.9333 60.0989 42.9
      vertex 89.0243 60.0243 45.9
      vertex 88.9333 60.0989 45.9
    endloop
  endfacet
  facet normal -0.633978 -0.773351 -0
    outer loop
      vertex 89.0243 60.0243 45.9
      vertex 88.9333 60.0989 42.9
      vertex 89.0243 60.0243 42.9
    endloop
  endfacet
  facet normal -0.634029 0.773309 0
    outer loop
      vertex 89.0243 3.97573 42.9
      vertex 88.9333 3.90112 45.9
      vertex 89.0243 3.97573 45.9
    endloop
  endfacet
  facet normal -0.634029 0.773309 0
    outer loop
      vertex 88.9333 3.90112 45.9
      vertex 89.0243 3.97573 42.9
      vertex 88.9333 3.90112 42.9
    endloop
  endfacet
  facet normal -0.995208 0.0977778 0
    outer loop
      vertex 89.1885 4.28296 42.9
      vertex 89.2 4.40001 45.9
      vertex 89.2 4.40001 42.9
    endloop
  endfacet
  facet normal -0.995208 0.0977778 0
    outer loop
      vertex 89.2 4.40001 45.9
      vertex 89.1885 4.28296 42.9
      vertex 89.1885 4.28296 45.9
    endloop
  endfacet
  facet normal 0.773309 -0.634029 0
    outer loop
      vertex 3.90112 59.9333 45.9
      vertex 3.97573 60.0243 42.9
      vertex 3.97573 60.0243 45.9
    endloop
  endfacet
  facet normal 0.773309 -0.634029 0
    outer loop
      vertex 3.97573 60.0243 42.9
      vertex 3.90112 59.9333 45.9
      vertex 3.90112 59.9333 42.9
    endloop
  endfacet
  facet normal -0.471471 0.881882 0
    outer loop
      vertex 88.9333 3.90112 42.9
      vertex 88.8296 3.84568 45.9
      vertex 88.9333 3.90112 45.9
    endloop
  endfacet
  facet normal -0.471471 0.881882 0
    outer loop
      vertex 88.8296 3.84568 45.9
      vertex 88.9333 3.90112 42.9
      vertex 88.8296 3.84568 42.9
    endloop
  endfacet
  facet normal 0.956956 -0.290231 0
    outer loop
      vertex 3.81153 59.717 45.9
      vertex 3.84568 59.8296 42.9
      vertex 3.84568 59.8296 45.9
    endloop
  endfacet
  facet normal 0.956956 -0.290231 0
    outer loop
      vertex 3.84568 59.8296 42.9
      vertex 3.81153 59.717 45.9
      vertex 3.81153 59.717 42.9
    endloop
  endfacet
  facet normal -0.773112 0.63427 0
    outer loop
      vertex 89.0243 3.97573 42.9
      vertex 89.0989 4.06666 45.9
      vertex 89.0989 4.06666 42.9
    endloop
  endfacet
  facet normal -0.773112 0.63427 0
    outer loop
      vertex 89.0989 4.06666 45.9
      vertex 89.0243 3.97573 42.9
      vertex 89.0243 3.97573 45.9
    endloop
  endfacet
  facet normal 0.956935 0.290302 0
    outer loop
      vertex 3.84568 4.17039 45.9
      vertex 3.81153 4.28296 42.9
      vertex 3.81153 4.28296 45.9
    endloop
  endfacet
  facet normal 0.956935 0.290302 0
    outer loop
      vertex 3.81153 4.28296 42.9
      vertex 3.84568 4.17039 45.9
      vertex 3.84568 4.17039 42.9
    endloop
  endfacet
  facet normal 0.290302 0.956935 -0
    outer loop
      vertex 4.28296 3.81153 42.9
      vertex 4.17039 3.84568 45.9
      vertex 4.28296 3.81153 45.9
    endloop
  endfacet
  facet normal 0.290302 0.956935 0
    outer loop
      vertex 4.17039 3.84568 45.9
      vertex 4.28296 3.81153 42.9
      vertex 4.17039 3.84568 42.9
    endloop
  endfacet
  facet normal 0 -1 0
    outer loop
      vertex 4.40001 60.2 42.9
      vertex 88.6 60.2 45.9
      vertex 4.40001 60.2 45.9
    endloop
  endfacet
  facet normal 0 -1 -0
    outer loop
      vertex 88.6 60.2 45.9
      vertex 4.40001 60.2 42.9
      vertex 88.6 60.2 42.9
    endloop
  endfacet
  facet normal -0.773351 -0.633978 0
    outer loop
      vertex 89.0989 59.9333 42.9
      vertex 89.0243 60.0243 45.9
      vertex 89.0243 60.0243 42.9
    endloop
  endfacet
  facet normal -0.773351 -0.633978 0
    outer loop
      vertex 89.0243 60.0243 45.9
      vertex 89.0989 59.9333 42.9
      vertex 89.0989 59.9333 45.9
    endloop
  endfacet
  facet normal 0 1 -0
    outer loop
      vertex 88.6 3.8 42.9
      vertex 4.40001 3.8 45.9
      vertex 88.6 3.8 45.9
    endloop
  endfacet
  facet normal 0 1 0
    outer loop
      vertex 4.40001 3.8 45.9
      vertex 88.6 3.8 42.9
      vertex 4.40001 3.8 42.9
    endloop
  endfacet
  facet normal 0.77307 0.634321 0
    outer loop
      vertex 3.97573 3.97573 45.9
      vertex 3.90112 4.06666 42.9
      vertex 3.90112 4.06666 45.9
    endloop
  endfacet
  facet normal 0.77307 0.634321 0
    outer loop
      vertex 3.90112 4.06666 42.9
      vertex 3.97573 3.97573 45.9
      vertex 3.97573 3.97573 42.9
    endloop
  endfacet
  facet normal 0.63427 -0.773112 0
    outer loop
      vertex 3.97573 60.0243 42.9
      vertex 4.06666 60.0989 45.9
      vertex 3.97573 60.0243 45.9
    endloop
  endfacet
  facet normal 0.63427 -0.773112 0
    outer loop
      vertex 4.06666 60.0989 45.9
      vertex 3.97573 60.0243 42.9
      vertex 4.06666 60.0989 42.9
    endloop
  endfacet
  facet normal 0.290691 -0.956817 0
    outer loop
      vertex 4.17039 60.1543 42.9
      vertex 4.28296 60.1885 45.9
      vertex 4.17039 60.1543 45.9
    endloop
  endfacet
  facet normal 0.290691 -0.956817 0
    outer loop
      vertex 4.28296 60.1885 45.9
      vertex 4.17039 60.1543 42.9
      vertex 4.28296 60.1885 42.9
    endloop
  endfacet
  facet normal -0.0980719 0.995179 0
    outer loop
      vertex 88.717 3.81153 42.9
      vertex 88.6 3.8 45.9
      vertex 88.717 3.81153 45.9
    endloop
  endfacet
  facet normal -0.0980719 0.995179 0
    outer loop
      vertex 88.6 3.8 45.9
      vertex 88.717 3.81153 42.9
      vertex 88.6 3.8 42.9
    endloop
  endfacet
  facet normal -0.956838 -0.290621 0
    outer loop
      vertex 89.1885 59.717 42.9
      vertex 89.1543 59.8296 45.9
      vertex 89.1543 59.8296 42.9
    endloop
  endfacet
  facet normal -0.956838 -0.290621 0
    outer loop
      vertex 89.1543 59.8296 45.9
      vertex 89.1885 59.717 42.9
      vertex 89.1885 59.717 45.9
    endloop
  endfacet
  facet normal -0.290231 0.956956 0
    outer loop
      vertex 88.8296 3.84568 42.9
      vertex 88.717 3.81153 45.9
      vertex 88.8296 3.84568 45.9
    endloop
  endfacet
  facet normal -0.290231 0.956956 0
    outer loop
      vertex 88.717 3.81153 45.9
      vertex 88.8296 3.84568 42.9
      vertex 88.717 3.81153 42.9
    endloop
  endfacet
  facet normal -0.995204 -0.0978192 0
    outer loop
      vertex 89.2 59.6 42.9
      vertex 89.1885 59.717 45.9
      vertex 89.1885 59.717 42.9
    endloop
  endfacet
  facet normal -0.995204 -0.0978192 0
    outer loop
      vertex 89.1885 59.717 45.9
      vertex 89.2 59.6 42.9
      vertex 89.2 59.6 45.9
    endloop
  endfacet
  facet normal 0.4711 -0.88208 0
    outer loop
      vertex 4.06666 60.0989 42.9
      vertex 4.17039 60.1543 45.9
      vertex 4.06666 60.0989 45.9
    endloop
  endfacet
  facet normal 0.4711 -0.88208 0
    outer loop
      vertex 4.17039 60.1543 45.9
      vertex 4.06666 60.0989 42.9
      vertex 4.17039 60.1543 42.9
    endloop
  endfacet
  facet normal -0.88208 0.4711 0
    outer loop
      vertex 89.0989 4.06666 42.9
      vertex 89.1543 4.17039 45.9
      vertex 89.1543 4.17039 42.9
    endloop
  endfacet
  facet normal -0.88208 0.4711 0
    outer loop
      vertex 89.1543 4.17039 45.9
      vertex 89.0989 4.06666 42.9
      vertex 89.0989 4.06666 45.9
    endloop
  endfacet
  facet normal 0.0980305 0.995183 -0
    outer loop
      vertex 4.40001 3.8 42.9
      vertex 4.28296 3.81153 45.9
      vertex 4.40001 3.8 45.9
    endloop
  endfacet
  facet normal 0.0980305 0.995183 0
    outer loop
      vertex 4.28296 3.81153 45.9
      vertex 4.40001 3.8 42.9
      vertex 4.28296 3.81153 42.9
    endloop
  endfacet
  facet normal -1 0 0
    outer loop
      vertex 89.2 4.40001 42.9
      vertex 89.2 59.6 45.9
      vertex 89.2 59.6 42.9
    endloop
  endfacet
  facet normal -1 -0 0
    outer loop
      vertex 89.2 59.6 45.9
      vertex 89.2 4.40001 42.9
      vertex 89.2 4.40001 45.9
    endloop
  endfacet
  facet normal 0.0977778 -0.995208 0
    outer loop
      vertex 4.28296 60.1885 42.9
      vertex 4.40001 60.2 45.9
      vertex 4.28296 60.1885 45.9
    endloop
  endfacet
  facet normal 0.0977778 -0.995208 0
    outer loop
      vertex 4.40001 60.2 45.9
      vertex 4.28296 60.1885 42.9
      vertex 4.40001 60.2 42.9
    endloop
  endfacet
  facet normal 0.471365 0.881938 -0
    outer loop
      vertex 4.17039 3.84568 42.9
      vertex 4.06666 3.90112 45.9
      vertex 4.17039 3.84568 45.9
    endloop
  endfacet
  facet normal 0.471365 0.881938 0
    outer loop
      vertex 4.06666 3.90112 45.9
      vertex 4.17039 3.84568 42.9
      vertex 4.06666 3.90112 42.9
    endloop
  endfacet
  facet normal 0.995183 0.0980305 0
    outer loop
      vertex 3.81153 4.28296 45.9
      vertex 3.8 4.40001 42.9
      vertex 3.8 4.40001 45.9
    endloop
  endfacet
  facet normal 0.995183 0.0980305 0
    outer loop
      vertex 3.8 4.40001 42.9
      vertex 3.81153 4.28296 45.9
      vertex 3.81153 4.28296 42.9
    endloop
  endfacet
  facet normal 1 -0 0
    outer loop
      vertex 3.8 4.40001 45.9
      vertex 3.8 59.6 42.9
      vertex 3.8 59.6 45.9
    endloop
  endfacet
  facet normal 1 0 0
    outer loop
      vertex 3.8 59.6 42.9
      vertex 3.8 4.40001 45.9
      vertex 3.8 4.40001 42.9
    endloop
  endfacet
  facet normal -0.956817 0.290691 0
    outer loop
      vertex 89.1543 4.17039 42.9
      vertex 89.1885 4.28296 45.9
      vertex 89.1885 4.28296 42.9
    endloop
  endfacet
  facet normal -0.956817 0.290691 0
    outer loop
      vertex 89.1885 4.28296 45.9
      vertex 89.1543 4.17039 42.9
      vertex 89.1543 4.17039 45.9
    endloop
  endfacet
  facet normal 0.634321 0.77307 -0
    outer loop
      vertex 4.06666 3.90112 42.9
      vertex 3.97573 3.97573 45.9
      vertex 4.06666 3.90112 45.9
    endloop
  endfacet
  facet normal 0.634321 0.77307 0
    outer loop
      vertex 3.97573 3.97573 45.9
      vertex 4.06666 3.90112 42.9
      vertex 3.97573 3.97573 42.9
    endloop
  endfacet
  facet normal 0.995179 -0.0980719 0
    outer loop
      vertex 3.8 59.6 45.9
      vertex 3.81153 59.717 42.9
      vertex 3.81153 59.717 45.9
    endloop
  endfacet
  facet normal 0.995179 -0.0980719 0
    outer loop
      vertex 3.81153 59.717 42.9
      vertex 3.8 59.6 45.9
      vertex 3.8 59.6 42.9
    endloop
  endfacet
  facet normal 0.881938 0.471365 0
    outer loop
      vertex 3.90112 4.06666 45.9
      vertex 3.84568 4.17039 42.9
      vertex 3.84568 4.17039 45.9
    endloop
  endfacet
  facet normal 0.881938 0.471365 0
    outer loop
      vertex 3.84568 4.17039 42.9
      vertex 3.90112 4.06666 45.9
      vertex 3.90112 4.06666 42.9
    endloop
  endfacet
  facet normal -0.0978192 -0.995204 0
    outer loop
      vertex 88.6 60.2 42.9
      vertex 88.717 60.1885 45.9
      vertex 88.6 60.2 45.9
    endloop
  endfacet
  facet normal -0.0978192 -0.995204 -0
    outer loop
      vertex 88.717 60.1885 45.9
      vertex 88.6 60.2 42.9
      vertex 88.717 60.1885 42.9
    endloop
  endfacet
  facet normal -0.882023 -0.471206 0
    outer loop
      vertex 89.1543 59.8296 42.9
      vertex 89.0989 59.9333 45.9
      vertex 89.0989 59.9333 42.9
    endloop
  endfacet
  facet normal -0.882023 -0.471206 0
    outer loop
      vertex 89.0989 59.9333 45.9
      vertex 89.1543 59.8296 42.9
      vertex 89.1543 59.8296 45.9
    endloop
  endfacet
  facet normal 0.881882 -0.471471 0
    outer loop
      vertex 3.84568 59.8296 45.9
      vertex 3.90112 59.9333 42.9
      vertex 3.90112 59.9333 45.9
    endloop
  endfacet
  facet normal 0.881882 -0.471471 0
    outer loop
      vertex 3.90112 59.9333 42.9
      vertex 3.84568 59.8296 45.9
      vertex 3.84568 59.8296 42.9
    endloop
  endfacet
  facet normal -0.290621 -0.956838 0
    outer loop
      vertex 88.717 60.1885 42.9
      vertex 88.8296 60.1543 45.9
      vertex 88.717 60.1885 45.9
    endloop
  endfacet
  facet normal -0.290621 -0.956838 -0
    outer loop
      vertex 88.8296 60.1543 45.9
      vertex 88.717 60.1885 42.9
      vertex 88.8296 60.1543 42.9
    endloop
  endfacet
  facet normal 1 -0 0
    outer loop
      vertex 4.2 13 42.9
      vertex 4.2 27 36.9
      vertex 4.2 27 42.9
    endloop
  endfacet
  facet normal 1 0 0
    outer loop
      vertex 4.2 27 36.9
      vertex 4.2 13 42.9
      vertex 4.2 13 36.9
    endloop
  endfacet
  facet normal -0 0 1
    outer loop
      vertex 2.6 27 42.9
      vertex 4.2 13 42.9
      vertex 4.2 27 42.9
    endloop
  endfacet
  facet normal 0 0 1
    outer loop
      vertex 4.2 13 42.9
      vertex 2.6 27 42.9
      vertex 2.6 13 42.9
    endloop
  endfacet
  facet normal 0 0 -1
    outer loop
      vertex 2.6 13 36.9
      vertex 4.2 27 36.9
      vertex 4.2 13 36.9
    endloop
  endfacet
  facet normal -0 0 -1
    outer loop
      vertex 4.2 27 36.9
      vertex 2.6 13 36.9
      vertex 2.6 27 36.9
    endloop
  endfacet
  facet normal -1 0 0
    outer loop
      vertex 2.6 13 39.95
      vertex 2.6 27 42.9
      vertex 2.6 27 39.95
    endloop
  endfacet
  facet normal -1 -0 0
    outer loop
      vertex 2.6 27 42.9
      vertex 2.6 13 39.95
      vertex 2.6 13 42.9
    endloop
  endfacet
  facet normal -1 0 0
    outer loop
      vertex 2.6 13 36.9
      vertex 2.6 27 37.95
      vertex 2.6 27 36.9
    endloop
  endfacet
  facet normal -1 -0 0
    outer loop
      vertex 2.6 27 37.95
      vertex 2.6 13 36.9
      vertex 2.6 13 37.95
    endloop
  endfacet
  facet normal 0 1 0
    outer loop
      vertex 4.2 27 42.9
      vertex 2.6 27 39.95
      vertex 2.6 27 42.9
    endloop
  endfacet
  facet normal 0 1 0
    outer loop
      vertex 2.6 27 39.95
      vertex 1.75 27 39.25
      vertex 2.59 27 39.95
    endloop
  endfacet
  facet normal 0 1 0
    outer loop
      vertex 2.6 27 39.95
      vertex 1.75 27 38.65
      vertex 1.75 27 39.25
    endloop
  endfacet
  facet normal 0 1 0
    outer loop
      vertex 2.6 27 39.95
      vertex 2.6 27 37.95
      vertex 1.75 27 38.65
    endloop
  endfacet
  facet normal 0 1 -0
    outer loop
      vertex 4.2 27 36.9
      vertex 2.6 27 39.95
      vertex 4.2 27 42.9
    endloop
  endfacet
  facet normal 0 1 0
    outer loop
      vertex 2.6 27 39.95
      vertex 4.2 27 36.9
      vertex 2.6 27 37.95
    endloop
  endfacet
  facet normal 0 1 0
    outer loop
      vertex 2.6 27 37.95
      vertex 4.2 27 36.9
      vertex 2.6 27 36.9
    endloop
  endfacet
  facet normal 0 1 0
    outer loop
      vertex 1.75 27 38.65
      vertex 2.6 27 37.95
      vertex 2.59 27 37.95
    endloop
  endfacet
  facet normal 0 -1 -0
    outer loop
      vertex 2.59 13 39.95
      vertex 1.75 13 39.25
      vertex 2.6 13 39.95
    endloop
  endfacet
  facet normal 0 -1 0
    outer loop
      vertex 2.6 13 39.95
      vertex 4.2 13 42.9
      vertex 2.6 13 42.9
    endloop
  endfacet
  facet normal 0 -1 0
    outer loop
      vertex 1.75 13 38.65
      vertex 2.6 13 39.95
      vertex 1.75 13 39.25
    endloop
  endfacet
  facet normal 0 -1 0
    outer loop
      vertex 2.6 13 37.95
      vertex 1.75 13 38.65
      vertex 2.59 13 37.95
    endloop
  endfacet
  facet normal 0 -1 0
    outer loop
      vertex 1.75 13 38.65
      vertex 2.6 13 37.95
      vertex 2.6 13 39.95
    endloop
  endfacet
  facet normal 0 -1 0
    outer loop
      vertex 4.2 13 36.9
      vertex 2.6 13 39.95
      vertex 2.6 13 37.95
    endloop
  endfacet
  facet normal 0 -1 0
    outer loop
      vertex 4.2 13 36.9
      vertex 2.6 13 37.95
      vertex 2.6 13 36.9
    endloop
  endfacet
  facet normal 0 -1 0
    outer loop
      vertex 2.6 13 39.95
      vertex 4.2 13 36.9
      vertex 4.2 13 42.9
    endloop
  endfacet
  facet normal -1 0 0
    outer loop
      vertex 1.75 13 38.65
      vertex 1.75 27 39.25
      vertex 1.75 27 38.65
    endloop
  endfacet
  facet normal -1 -0 0
    outer loop
      vertex 1.75 27 39.25
      vertex 1.75 13 38.65
      vertex 1.75 13 39.25
    endloop
  endfacet
  facet normal -0.640184 0 -0.768221
    outer loop
      vertex 1.75 13 38.65
      vertex 2.59 27 37.95
      vertex 2.59 13 37.95
    endloop
  endfacet
  facet normal -0.640184 0 -0.768221
    outer loop
      vertex 2.59 27 37.95
      vertex 1.75 13 38.65
      vertex 1.75 27 38.65
    endloop
  endfacet
  facet normal 0 0 -1
    outer loop
      vertex 2.59 13 37.95
      vertex 2.6 27 37.95
      vertex 2.6 13 37.95
    endloop
  endfacet
  facet normal -0 0 -1
    outer loop
      vertex 2.6 27 37.95
      vertex 2.59 13 37.95
      vertex 2.59 27 37.95
    endloop
  endfacet
  facet normal -0.640184 0 0.768221
    outer loop
      vertex 1.75 27 39.25
      vertex 2.59 13 39.95
      vertex 2.59 27 39.95
    endloop
  endfacet
  facet normal -0.640184 0 0.768221
    outer loop
      vertex 2.59 13 39.95
      vertex 1.75 27 39.25
      vertex 1.75 13 39.25
    endloop
  endfacet
  facet normal -0 0 1
    outer loop
      vertex 2.59 27 39.95
      vertex 2.6 13 39.95
      vertex 2.6 27 39.95
    endloop
  endfacet
  facet normal 0 0 1
    outer loop
      vertex 2.6 13 39.95
      vertex 2.59 27 39.95
      vertex 2.59 13 39.95
    endloop
  endfacet
  facet normal -1 0 0
    outer loop
      vertex 88.8 13 36.9
      vertex 88.8 27 42.9
      vertex 88.8 27 36.9
    endloop
  endfacet
  facet normal -1 -0 0
    outer loop
      vertex 88.8 27 42.9
      vertex 88.8 13 36.9
      vertex 88.8 13 42.9
    endloop
  endfacet
  facet normal -0 0 1
    outer loop
      vertex 88.8 27 42.9
      vertex 90.4 13 42.9
      vertex 90.4 27 42.9
    endloop
  endfacet
  facet normal 0 0 1
    outer loop
      vertex 90.4 13 42.9
      vertex 88.8 27 42.9
      vertex 88.8 13 42.9
    endloop
  endfacet
  facet normal 0 0 -1
    outer loop
      vertex 88.8 13 36.9
      vertex 90.4 27 36.9
      vertex 90.4 13 36.9
    endloop
  endfacet
  facet normal -0 0 -1
    outer loop
      vertex 90.4 27 36.9
      vertex 88.8 13 36.9
      vertex 88.8 27 36.9
    endloop
  endfacet
  facet normal 1 -0 0
    outer loop
      vertex 90.4 13 42.9
      vertex 90.4 27 39.95
      vertex 90.4 27 42.9
    endloop
  endfacet
  facet normal 1 0 0
    outer loop
      vertex 90.4 27 39.95
      vertex 90.4 13 42.9
      vertex 90.4 13 39.95
    endloop
  endfacet
  facet normal 1 -0 0
    outer loop
      vertex 90.4 13 37.95
      vertex 90.4 27 36.9
      vertex 90.4 27 37.95
    endloop
  endfacet
  facet normal 1 0 0
    outer loop
      vertex 90.4 27 36.9
      vertex 90.4 13 37.95
      vertex 90.4 13 36.9
    endloop
  endfacet
  facet normal 0 1 0
    outer loop
      vertex 90.41 27 39.95
      vertex 91.25 27 39.25
      vertex 90.4 27 39.95
    endloop
  endfacet
  facet normal 0 1 -0
    outer loop
      vertex 90.4 27 39.95
      vertex 88.8 27 42.9
      vertex 90.4 27 42.9
    endloop
  endfacet
  facet normal 0 1 -0
    outer loop
      vertex 91.25 27 38.65
      vertex 90.4 27 39.95
      vertex 91.25 27 39.25
    endloop
  endfacet
  facet normal 0 1 0
    outer loop
      vertex 90.4 27 37.95
      vertex 91.25 27 38.65
      vertex 90.41 27 37.95
    endloop
  endfacet
  facet normal 0 1 0
    outer loop
      vertex 91.25 27 38.65
      vertex 90.4 27 37.95
      vertex 90.4 27 39.95
    endloop
  endfacet
  facet normal 0 1 0
    outer loop
      vertex 88.8 27 36.9
      vertex 90.4 27 39.95
      vertex 90.4 27 37.95
    endloop
  endfacet
  facet normal 0 1 0
    outer loop
      vertex 88.8 27 36.9
      vertex 90.4 27 37.95
      vertex 90.4 27 36.9
    endloop
  endfacet
  facet normal 0 1 0
    outer loop
      vertex 90.4 27 39.95
      vertex 88.8 27 36.9
      vertex 88.8 27 42.9
    endloop
  endfacet
  facet normal 0 -1 0
    outer loop
      vertex 88.8 13 42.9
      vertex 90.4 13 39.95
      vertex 90.4 13 42.9
    endloop
  endfacet
  facet normal 0 -1 0
    outer loop
      vertex 90.4 13 39.95
      vertex 91.25 13 39.25
      vertex 90.41 13 39.95
    endloop
  endfacet
  facet normal 0 -1 0
    outer loop
      vertex 90.4 13 39.95
      vertex 91.25 13 38.65
      vertex 91.25 13 39.25
    endloop
  endfacet
  facet normal 0 -1 0
    outer loop
      vertex 90.4 13 39.95
      vertex 90.4 13 37.95
      vertex 91.25 13 38.65
    endloop
  endfacet
  facet normal 0 -1 0
    outer loop
      vertex 88.8 13 36.9
      vertex 90.4 13 39.95
      vertex 88.8 13 42.9
    endloop
  endfacet
  facet normal 0 -1 -0
    outer loop
      vertex 90.4 13 39.95
      vertex 88.8 13 36.9
      vertex 90.4 13 37.95
    endloop
  endfacet
  facet normal 0 -1 -0
    outer loop
      vertex 90.4 13 37.95
      vertex 88.8 13 36.9
      vertex 90.4 13 36.9
    endloop
  endfacet
  facet normal 0 -1 0
    outer loop
      vertex 91.25 13 38.65
      vertex 90.4 13 37.95
      vertex 90.41 13 37.95
    endloop
  endfacet
  facet normal 1 -0 0
    outer loop
      vertex 91.25 13 39.25
      vertex 91.25 27 38.65
      vertex 91.25 27 39.25
    endloop
  endfacet
  facet normal 1 0 0
    outer loop
      vertex 91.25 27 38.65
      vertex 91.25 13 39.25
      vertex 91.25 13 38.65
    endloop
  endfacet
  facet normal 0.640184 0 -0.768221
    outer loop
      vertex 90.41 13 37.95
      vertex 91.25 27 38.65
      vertex 91.25 13 38.65
    endloop
  endfacet
  facet normal 0.640184 0 -0.768221
    outer loop
      vertex 91.25 27 38.65
      vertex 90.41 13 37.95
      vertex 90.41 27 37.95
    endloop
  endfacet
  facet normal 0 0 -1
    outer loop
      vertex 90.4 13 37.95
      vertex 90.41 27 37.95
      vertex 90.41 13 37.95
    endloop
  endfacet
  facet normal -0 0 -1
    outer loop
      vertex 90.41 27 37.95
      vertex 90.4 13 37.95
      vertex 90.4 27 37.95
    endloop
  endfacet
  facet normal 0.640184 0 0.768221
    outer loop
      vertex 90.41 27 39.95
      vertex 91.25 13 39.25
      vertex 91.25 27 39.25
    endloop
  endfacet
  facet normal 0.640184 0 0.768221
    outer loop
      vertex 91.25 13 39.25
      vertex 90.41 27 39.95
      vertex 90.41 13 39.95
    endloop
  endfacet
  facet normal -0 0 1
    outer loop
      vertex 90.4 27 39.95
      vertex 90.41 13 39.95
      vertex 90.41 27 39.95
    endloop
  endfacet
  facet normal 0 0 1
    outer loop
      vertex 90.41 13 39.95
      vertex 90.4 27 39.95
      vertex 90.4 13 39.95
    endloop
  endfacet
  facet normal 1 -0 0
    outer loop
      vertex 4.2 37 42.9
      vertex 4.2 51 36.9
      vertex 4.2 51 42.9
    endloop
  endfacet
  facet normal 1 0 0
    outer loop
      vertex 4.2 51 36.9
      vertex 4.2 37 42.9
      vertex 4.2 37 36.9
    endloop
  endfacet
  facet normal -0 0 1
    outer loop
      vertex 2.6 51 42.9
      vertex 4.2 37 42.9
      vertex 4.2 51 42.9
    endloop
  endfacet
  facet normal 0 0 1
    outer loop
      vertex 4.2 37 42.9
      vertex 2.6 51 42.9
      vertex 2.6 37 42.9
    endloop
  endfacet
  facet normal 0 0 -1
    outer loop
      vertex 2.6 37 36.9
      vertex 4.2 51 36.9
      vertex 4.2 37 36.9
    endloop
  endfacet
  facet normal -0 0 -1
    outer loop
      vertex 4.2 51 36.9
      vertex 2.6 37 36.9
      vertex 2.6 51 36.9
    endloop
  endfacet
  facet normal -1 0 0
    outer loop
      vertex 2.6 37 39.95
      vertex 2.6 51 42.9
      vertex 2.6 51 39.95
    endloop
  endfacet
  facet normal -1 -0 0
    outer loop
      vertex 2.6 51 42.9
      vertex 2.6 37 39.95
      vertex 2.6 37 42.9
    endloop
  endfacet
  facet normal -1 0 0
    outer loop
      vertex 2.6 37 36.9
      vertex 2.6 51 37.95
      vertex 2.6 51 36.9
    endloop
  endfacet
  facet normal -1 -0 0
    outer loop
      vertex 2.6 51 37.95
      vertex 2.6 37 36.9
      vertex 2.6 37 37.95
    endloop
  endfacet
  facet normal 0 1 0
    outer loop
      vertex 4.2 51 42.9
      vertex 2.6 51 39.95
      vertex 2.6 51 42.9
    endloop
  endfacet
  facet normal 0 1 0
    outer loop
      vertex 2.6 51 39.95
      vertex 1.75 51 39.25
      vertex 2.59 51 39.95
    endloop
  endfacet
  facet normal 0 1 0
    outer loop
      vertex 2.6 51 39.95
      vertex 1.75 51 38.65
      vertex 1.75 51 39.25
    endloop
  endfacet
  facet normal 0 1 0
    outer loop
      vertex 2.6 51 39.95
      vertex 2.6 51 37.95
      vertex 1.75 51 38.65
    endloop
  endfacet
  facet normal 0 1 -0
    outer loop
      vertex 4.2 51 36.9
      vertex 2.6 51 39.95
      vertex 4.2 51 42.9
    endloop
  endfacet
  facet normal 0 1 0
    outer loop
      vertex 2.6 51 39.95
      vertex 4.2 51 36.9
      vertex 2.6 51 37.95
    endloop
  endfacet
  facet normal 0 1 0
    outer loop
      vertex 2.6 51 37.95
      vertex 4.2 51 36.9
      vertex 2.6 51 36.9
    endloop
  endfacet
  facet normal 0 1 0
    outer loop
      vertex 1.75 51 38.65
      vertex 2.6 51 37.95
      vertex 2.59 51 37.95
    endloop
  endfacet
  facet normal 0 -1 -0
    outer loop
      vertex 2.59 37 39.95
      vertex 1.75 37 39.25
      vertex 2.6 37 39.95
    endloop
  endfacet
  facet normal 0 -1 0
    outer loop
      vertex 2.6 37 39.95
      vertex 4.2 37 42.9
      vertex 2.6 37 42.9
    endloop
  endfacet
  facet normal 0 -1 0
    outer loop
      vertex 1.75 37 38.65
      vertex 2.6 37 39.95
      vertex 1.75 37 39.25
    endloop
  endfacet
  facet normal 0 -1 0
    outer loop
      vertex 2.6 37 37.95
      vertex 1.75 37 38.65
      vertex 2.59 37 37.95
    endloop
  endfacet
  facet normal 0 -1 0
    outer loop
      vertex 1.75 37 38.65
      vertex 2.6 37 37.95
      vertex 2.6 37 39.95
    endloop
  endfacet
  facet normal 0 -1 0
    outer loop
      vertex 4.2 37 36.9
      vertex 2.6 37 39.95
      vertex 2.6 37 37.95
    endloop
  endfacet
  facet normal 0 -1 0
    outer loop
      vertex 4.2 37 36.9
      vertex 2.6 37 37.95
      vertex 2.6 37 36.9
    endloop
  endfacet
  facet normal 0 -1 0
    outer loop
      vertex 2.6 37 39.95
      vertex 4.2 37 36.9
      vertex 4.2 37 42.9
    endloop
  endfacet
  facet normal -1 0 0
    outer loop
      vertex 1.75 37 38.65
      vertex 1.75 51 39.25
      vertex 1.75 51 38.65
    endloop
  endfacet
  facet normal -1 -0 0
    outer loop
      vertex 1.75 51 39.25
      vertex 1.75 37 38.65
      vertex 1.75 37 39.25
    endloop
  endfacet
  facet normal -0.640184 0 -0.768221
    outer loop
      vertex 1.75 37 38.65
      vertex 2.59 51 37.95
      vertex 2.59 37 37.95
    endloop
  endfacet
  facet normal -0.640184 0 -0.768221
    outer loop
      vertex 2.59 51 37.95
      vertex 1.75 37 38.65
      vertex 1.75 51 38.65
    endloop
  endfacet
  facet normal 0 0 -1
    outer loop
      vertex 2.59 37 37.95
      vertex 2.6 51 37.95
      vertex 2.6 37 37.95
    endloop
  endfacet
  facet normal -0 0 -1
    outer loop
      vertex 2.6 51 37.95
      vertex 2.59 37 37.95
      vertex 2.59 51 37.95
    endloop
  endfacet
  facet normal -0.640184 0 0.768221
    outer loop
      vertex 1.75 51 39.25
      vertex 2.59 37 39.95
      vertex 2.59 51 39.95
    endloop
  endfacet
  facet normal -0.640184 0 0.768221
    outer loop
      vertex 2.59 37 39.95
      vertex 1.75 51 39.25
      vertex 1.75 37 39.25
    endloop
  endfacet
  facet normal -0 0 1
    outer loop
      vertex 2.59 51 39.95
      vertex 2.6 37 39.95
      vertex 2.6 51 39.95
    endloop
  endfacet
  facet normal 0 0 1
    outer loop
      vertex 2.6 37 39.95
      vertex 2.59 51 39.95
      vertex 2.59 37 39.95
    endloop
  endfacet
  facet normal -1 0 0
    outer loop
      vertex 88.8 37 36.9
      vertex 88.8 51 42.9
      vertex 88.8 51 36.9
    endloop
  endfacet
  facet normal -1 -0 0
    outer loop
      vertex 88.8 51 42.9
      vertex 88.8 37 36.9
      vertex 88.8 37 42.9
    endloop
  endfacet
  facet normal -0 0 1
    outer loop
      vertex 88.8 51 42.9
      vertex 90.4 37 42.9
      vertex 90.4 51 42.9
    endloop
  endfacet
  facet normal 0 0 1
    outer loop
      vertex 90.4 37 42.9
      vertex 88.8 51 42.9
      vertex 88.8 37 42.9
    endloop
  endfacet
  facet normal 0 0 -1
    outer loop
      vertex 88.8 37 36.9
      vertex 90.4 51 36.9
      vertex 90.4 37 36.9
    endloop
  endfacet
  facet normal -0 0 -1
    outer loop
      vertex 90.4 51 36.9
      vertex 88.8 37 36.9
      vertex 88.8 51 36.9
    endloop
  endfacet
  facet normal 1 -0 0
    outer loop
      vertex 90.4 37 42.9
      vertex 90.4 51 39.95
      vertex 90.4 51 42.9
    endloop
  endfacet
  facet normal 1 0 0
    outer loop
      vertex 90.4 51 39.95
      vertex 90.4 37 42.9
      vertex 90.4 37 39.95
    endloop
  endfacet
  facet normal 1 -0 0
    outer loop
      vertex 90.4 37 37.95
      vertex 90.4 51 36.9
      vertex 90.4 51 37.95
    endloop
  endfacet
  facet normal 1 0 0
    outer loop
      vertex 90.4 51 36.9
      vertex 90.4 37 37.95
      vertex 90.4 37 36.9
    endloop
  endfacet
  facet normal 0 1 0
    outer loop
      vertex 90.41 51 39.95
      vertex 91.25 51 39.25
      vertex 90.4 51 39.95
    endloop
  endfacet
  facet normal 0 1 -0
    outer loop
      vertex 90.4 51 39.95
      vertex 88.8 51 42.9
      vertex 90.4 51 42.9
    endloop
  endfacet
  facet normal 0 1 -0
    outer loop
      vertex 91.25 51 38.65
      vertex 90.4 51 39.95
      vertex 91.25 51 39.25
    endloop
  endfacet
  facet normal 0 1 0
    outer loop
      vertex 90.4 51 37.95
      vertex 91.25 51 38.65
      vertex 90.41 51 37.95
    endloop
  endfacet
  facet normal 0 1 0
    outer loop
      vertex 91.25 51 38.65
      vertex 90.4 51 37.95
      vertex 90.4 51 39.95
    endloop
  endfacet
  facet normal 0 1 0
    outer loop
      vertex 88.8 51 36.9
      vertex 90.4 51 39.95
      vertex 90.4 51 37.95
    endloop
  endfacet
  facet normal 0 1 0
    outer loop
      vertex 88.8 51 36.9
      vertex 90.4 51 37.95
      vertex 90.4 51 36.9
    endloop
  endfacet
  facet normal 0 1 0
    outer loop
      vertex 90.4 51 39.95
      vertex 88.8 51 36.9
      vertex 88.8 51 42.9
    endloop
  endfacet
  facet normal 0 -1 0
    outer loop
      vertex 88.8 37 42.9
      vertex 90.4 37 39.95
      vertex 90.4 37 42.9
    endloop
  endfacet
  facet normal 0 -1 0
    outer loop
      vertex 90.4 37 39.95
      vertex 91.25 37 39.25
      vertex 90.41 37 39.95
    endloop
  endfacet
  facet normal 0 -1 0
    outer loop
      vertex 90.4 37 39.95
      vertex 91.25 37 38.65
      vertex 91.25 37 39.25
    endloop
  endfacet
  facet normal 0 -1 0
    outer loop
      vertex 90.4 37 39.95
      vertex 90.4 37 37.95
      vertex 91.25 37 38.65
    endloop
  endfacet
  facet normal 0 -1 0
    outer loop
      vertex 88.8 37 36.9
      vertex 90.4 37 39.95
      vertex 88.8 37 42.9
    endloop
  endfacet
  facet normal 0 -1 -0
    outer loop
      vertex 90.4 37 39.95
      vertex 88.8 37 36.9
      vertex 90.4 37 37.95
    endloop
  endfacet
  facet normal 0 -1 -0
    outer loop
      vertex 90.4 37 37.95
      vertex 88.8 37 36.9
      vertex 90.4 37 36.9
    endloop
  endfacet
  facet normal 0 -1 0
    outer loop
      vertex 91.25 37 38.65
      vertex 90.4 37 37.95
      vertex 90.41 37 37.95
    endloop
  endfacet
  facet normal 1 -0 0
    outer loop
      vertex 91.25 37 39.25
      vertex 91.25 51 38.65
      vertex 91.25 51 39.25
    endloop
  endfacet
  facet normal 1 0 0
    outer loop
      vertex 91.25 51 38.65
      vertex 91.25 37 39.25
      vertex 91.25 37 38.65
    endloop
  endfacet
  facet normal 0.640184 0 -0.768221
    outer loop
      vertex 90.41 37 37.95
      vertex 91.25 51 38.65
      vertex 91.25 37 38.65
    endloop
  endfacet
  facet normal 0.640184 0 -0.768221
    outer loop
      vertex 91.25 51 38.65
      vertex 90.41 37 37.95
      vertex 90.41 51 37.95
    endloop
  endfacet
  facet normal 0 0 -1
    outer loop
      vertex 90.4 37 37.95
      vertex 90.41 51 37.95
      vertex 90.41 37 37.95
    endloop
  endfacet
  facet normal -0 0 -1
    outer loop
      vertex 90.41 51 37.95
      vertex 90.4 37 37.95
      vertex 90.4 51 37.95
    endloop
  endfacet
  facet normal 0.640184 0 0.768221
    outer loop
      vertex 90.41 51 39.95
      vertex 91.25 37 39.25
      vertex 91.25 51 39.25
    endloop
  endfacet
  facet normal 0.640184 0 0.768221
    outer loop
      vertex 91.25 37 39.25
      vertex 90.41 51 39.95
      vertex 90.41 37 39.95
    endloop
  endfacet
  facet normal -0 0 1
    outer loop
      vertex 90.4 51 39.95
      vertex 90.41 37 39.95
      vertex 90.41 51 39.95
    endloop
  endfacet
  facet normal 0 0 1
    outer loop
      vertex 90.41 37 39.95
      vertex 90.4 51 39.95
      vertex 90.4 37 39.95
    endloop
  endfacet
  facet normal 0 -1 0
    outer loop
      vertex 13 37.6 42.9
      vertex 15 37.6 45.9
      vertex 13 37.6 45.9
    endloop
  endfacet
  facet normal 0 -1 -0
    outer loop
      vertex 15 37.6 45.9
      vertex 13 37.6 42.9
      vertex 15 37.6 42.9
    endloop
  endfacet
  facet normal 0 -1 0
    outer loop
      vertex 65 37.6 42.9
      vertex 67 37.6 45.9
      vertex 65 37.6 45.9
    endloop
  endfacet
  facet normal 0 -1 -0
    outer loop
      vertex 67 37.6 45.9
      vertex 65 37.6 42.9
      vertex 67 37.6 42.9
    endloop
  endfacet
  facet normal 0 1 -0
    outer loop
      vertex 15 24.4 42.9
      vertex 13 24.4 45.9
      vertex 15 24.4 45.9
    endloop
  endfacet
  facet normal 0 1 0
    outer loop
      vertex 13 24.4 45.9
      vertex 15 24.4 42.9
      vertex 13 24.4 42.9
    endloop
  endfacet
  facet normal 0 1 -0
    outer loop
      vertex 67 24.4 42.9
      vertex 65 24.4 45.9
      vertex 67 24.4 45.9
    endloop
  endfacet
  facet normal 0 1 0
    outer loop
      vertex 65 24.4 45.9
      vertex 67 24.4 42.9
      vertex 65 24.4 42.9
    endloop
  endfacet
  facet normal 1 -0 0
    outer loop
      vertex 33.4 4 45.9
      vertex 33.4 6 42.9
      vertex 33.4 6 45.9
    endloop
  endfacet
  facet normal 1 0 0
    outer loop
      vertex 33.4 6 42.9
      vertex 33.4 4 45.9
      vertex 33.4 4 42.9
    endloop
  endfacet
  facet normal -1 0 0
    outer loop
      vertex 46.6 4 42.9
      vertex 46.6 6 45.9
      vertex 46.6 6 42.9
    endloop
  endfacet
  facet normal -1 -0 0
    outer loop
      vertex 46.6 6 45.9
      vertex 46.6 4 42.9
      vertex 46.6 4 45.9
    endloop
  endfacet
  facet normal 1 -0 0
    outer loop
      vertex 33.4 56 45.9
      vertex 33.4 58 42.9
      vertex 33.4 58 45.9
    endloop
  endfacet
  facet normal 1 0 0
    outer loop
      vertex 33.4 58 42.9
      vertex 33.4 56 45.9
      vertex 33.4 56 42.9
    endloop
  endfacet
  facet normal -1 0 0
    outer loop
      vertex 46.6 56 42.9
      vertex 46.6 58 45.9
      vertex 46.6 58 42.9
    endloop
  endfacet
  facet normal -1 -0 0
    outer loop
      vertex 46.6 58 45.9
      vertex 46.6 56 42.9
      vertex 46.6 56 45.9
    endloop
  endfacet
  facet normal 0.0980137 -0.995185 0
    outer loop
      vertex 63 4 42.9
      vertex 63.7804 4.07686 45.9
      vertex 63 4 45.9
    endloop
  endfacet
  facet normal 0.0980137 -0.995185 0
    outer loop
      vertex 63.7804 4.07686 45.9
      vertex 63 4 42.9
      vertex 63.7804 4.07686 42.9
    endloop
  endfacet
  facet normal -0.471359 -0.881941 0
    outer loop
      vertex 14.7777 4.67412 42.9
      vertex 15.4693 4.30449 45.9
      vertex 14.7777 4.67412 45.9
    endloop
  endfacet
  facet normal -0.471359 -0.881941 -0
    outer loop
      vertex 15.4693 4.30449 45.9
      vertex 14.7777 4.67412 42.9
      vertex 15.4693 4.30449 42.9
    endloop
  endfacet
  facet normal 0.99518 0.0980643 0
    outer loop
      vertex 67 54 45.9
      vertex 66.9231 54.7804 42.9
      vertex 66.9231 54.7804 45.9
    endloop
  endfacet
  facet normal 0.99518 0.0980643 0
    outer loop
      vertex 66.9231 54.7804 42.9
      vertex 67 54 45.9
      vertex 67 54 42.9
    endloop
  endfacet
  facet normal -0.99518 -0.0980692 0
    outer loop
      vertex 13.0769 7.21964 42.9
      vertex 13 8 45.9
      vertex 13 8 42.9
    endloop
  endfacet
  facet normal -0.99518 -0.0980692 0
    outer loop
      vertex 13 8 45.9
      vertex 13.0769 7.21964 42.9
      vertex 13.0769 7.21964 45.9
    endloop
  endfacet
  facet normal -0.772987 -0.634422 0
    outer loop
      vertex 14.1716 5.17157 42.9
      vertex 13.6741 5.77773 45.9
      vertex 13.6741 5.77773 42.9
    endloop
  endfacet
  facet normal -0.772987 -0.634422 0
    outer loop
      vertex 13.6741 5.77773 45.9
      vertex 14.1716 5.17157 42.9
      vertex 14.1716 5.17157 45.9
    endloop
  endfacet
  facet normal -1 0 0
    outer loop
      vertex 13 8 42.9
      vertex 13 24.4 45.9
      vertex 13 24.4 42.9
    endloop
  endfacet
  facet normal -1 -0 0
    outer loop
      vertex 13 24.4 45.9
      vertex 13 8 42.9
      vertex 13 8 45.9
    endloop
  endfacet
  facet normal -1 0 0
    outer loop
      vertex 13 37.6 42.9
      vertex 13 50 45.9
      vertex 13 50 42.9
    endloop
  endfacet
  facet normal -1 -0 0
    outer loop
      vertex 13 50 45.9
      vertex 13 37.6 42.9
      vertex 13 37.6 45.9
    endloop
  endfacet
  facet normal 0 0 -1
    outer loop
      vertex 90.3885 3.08296 45.9
      vertex 93 3 45.9
      vertex 92.9424 2.41473 45.9
    endloop
  endfacet
  facet normal 0 0 -1
    outer loop
      vertex 93 3 45.9
      vertex 90.4 3.20001 45.9
      vertex 93 61 45.9
    endloop
  endfacet
  facet normal 0 0 -1
    outer loop
      vertex 90.3543 2.97039 45.9
      vertex 92.9424 2.41473 45.9
      vertex 92.7716 1.85194 45.9
    endloop
  endfacet
  facet normal 0 0 -1
    outer loop
      vertex 90.4 60.8 45.9
      vertex 93 61 45.9
      vertex 90.4 3.20001 45.9
    endloop
  endfacet
  facet normal 0 0 -1
    outer loop
      vertex 90.2989 2.86666 45.9
      vertex 92.7716 1.85194 45.9
      vertex 92.4944 1.33328 45.9
    endloop
  endfacet
  facet normal 0 0 -1
    outer loop
      vertex 90.3885 60.917 45.9
      vertex 93 61 45.9
      vertex 90.4 60.8 45.9
    endloop
  endfacet
  facet normal 0 0 -1
    outer loop
      vertex 90.2243 2.77573 45.9
      vertex 92.4944 1.33328 45.9
      vertex 92.1213 0.878677 45.9
    endloop
  endfacet
  facet normal -0 0 -1
    outer loop
      vertex 93 61 45.9
      vertex 90.3885 60.917 45.9
      vertex 92.9424 61.5853 45.9
    endloop
  endfacet
  facet normal 0 0 -1
    outer loop
      vertex 90.2243 2.77573 45.9
      vertex 92.1213 0.878677 45.9
      vertex 91.6667 0.505585 45.9
    endloop
  endfacet
  facet normal 0 0 -1
    outer loop
      vertex 90.3543 61.0296 45.9
      vertex 92.9424 61.5853 45.9
      vertex 90.3885 60.917 45.9
    endloop
  endfacet
  facet normal 0 0 -1
    outer loop
      vertex 90.1333 2.70112 45.9
      vertex 91.6667 0.505585 45.9
      vertex 91.1481 0.228363 45.9
    endloop
  endfacet
  facet normal -0 0 -1
    outer loop
      vertex 92.9424 61.5853 45.9
      vertex 90.3543 61.0296 45.9
      vertex 92.7716 62.1481 45.9
    endloop
  endfacet
  facet normal 0 0 -1
    outer loop
      vertex 90.0296 2.64568 45.9
      vertex 91.1481 0.228363 45.9
      vertex 90.5853 0.0576477 45.9
    endloop
  endfacet
  facet normal 0 0 -1
    outer loop
      vertex 90.2989 61.1333 45.9
      vertex 92.7716 62.1481 45.9
      vertex 90.3543 61.0296 45.9
    endloop
  endfacet
  facet normal -0 0 -1
    outer loop
      vertex 92.7716 62.1481 45.9
      vertex 90.2989 61.1333 45.9
      vertex 92.4944 62.6667 45.9
    endloop
  endfacet
  facet normal 0 0 -1
    outer loop
      vertex 93 3 45.9
      vertex 90.3885 3.08296 45.9
      vertex 90.4 3.20001 45.9
    endloop
  endfacet
  facet normal 0 0 -1
    outer loop
      vertex 92.9424 2.41473 45.9
      vertex 90.3543 2.97039 45.9
      vertex 90.3885 3.08296 45.9
    endloop
  endfacet
  facet normal 0 0 -1
    outer loop
      vertex 92.7716 1.85194 45.9
      vertex 90.2989 2.86666 45.9
      vertex 90.3543 2.97039 45.9
    endloop
  endfacet
  facet normal 0 0 -1
    outer loop
      vertex 92.4944 1.33328 45.9
      vertex 90.2243 2.77573 45.9
      vertex 90.2989 2.86666 45.9
    endloop
  endfacet
  facet normal 0 0 -1
    outer loop
      vertex 91.6667 0.505585 45.9
      vertex 90.1333 2.70112 45.9
      vertex 90.2243 2.77573 45.9
    endloop
  endfacet
  facet normal 0 0 -1
    outer loop
      vertex 91.1481 0.228363 45.9
      vertex 90.0296 2.64568 45.9
      vertex 90.1333 2.70112 45.9
    endloop
  endfacet
  facet normal 0 0 -1
    outer loop
      vertex 89.917 2.61154 45.9
      vertex 90.5853 0.0576477 45.9
      vertex 90 0 45.9
    endloop
  endfacet
  facet normal 0 0 -1
    outer loop
      vertex 90.5853 0.0576477 45.9
      vertex 89.917 2.61154 45.9
      vertex 90.0296 2.64568 45.9
    endloop
  endfacet
  facet normal 0 0 -1
    outer loop
      vertex 90 0 45.9
      vertex 89.8 2.6 45.9
      vertex 89.917 2.61154 45.9
    endloop
  endfacet
  facet normal 0 0 -1
    outer loop
      vertex 90 0 45.9
      vertex 3.20001 2.6 45.9
      vertex 89.8 2.6 45.9
    endloop
  endfacet
  facet normal 0 0 -1
    outer loop
      vertex 3 0 45.9
      vertex 3.20001 2.6 45.9
      vertex 90 0 45.9
    endloop
  endfacet
  facet normal 0 0 -1
    outer loop
      vertex 3 0 45.9
      vertex 3.08296 2.61154 45.9
      vertex 3.20001 2.6 45.9
    endloop
  endfacet
  facet normal 0 0 -1
    outer loop
      vertex 2.41473 0.0576477 45.9
      vertex 3.08296 2.61154 45.9
      vertex 3 0 45.9
    endloop
  endfacet
  facet normal -0 0 -1
    outer loop
      vertex 3.08296 2.61154 45.9
      vertex 2.41473 0.0576477 45.9
      vertex 2.97039 2.64568 45.9
    endloop
  endfacet
  facet normal 0 0 -1
    outer loop
      vertex 1.85194 0.228363 45.9
      vertex 2.97039 2.64568 45.9
      vertex 2.41473 0.0576477 45.9
    endloop
  endfacet
  facet normal -0 0 -1
    outer loop
      vertex 2.97039 2.64568 45.9
      vertex 1.85194 0.228363 45.9
      vertex 2.86666 2.70112 45.9
    endloop
  endfacet
  facet normal 0 0 -1
    outer loop
      vertex 1.33328 0.505585 45.9
      vertex 2.86666 2.70112 45.9
      vertex 1.85194 0.228363 45.9
    endloop
  endfacet
  facet normal -0 0 -1
    outer loop
      vertex 2.86666 2.70112 45.9
      vertex 1.33328 0.505585 45.9
      vertex 2.77573 2.77573 45.9
    endloop
  endfacet
  facet normal -0 0 -1
    outer loop
      vertex 2.77573 2.77573 45.9
      vertex 0.505585 1.33328 45.9
      vertex 2.70112 2.86666 45.9
    endloop
  endfacet
  facet normal 0 0 -1
    outer loop
      vertex 0.505585 1.33328 45.9
      vertex 2.77573 2.77573 45.9
      vertex 0.878677 0.878677 45.9
    endloop
  endfacet
  facet normal 0 0 -1
    outer loop
      vertex 0.878677 0.878677 45.9
      vertex 2.77573 2.77573 45.9
      vertex 1.33328 0.505585 45.9
    endloop
  endfacet
  facet normal 0 0 -1
    outer loop
      vertex 90.2243 61.2243 45.9
      vertex 92.4944 62.6667 45.9
      vertex 90.2989 61.1333 45.9
    endloop
  endfacet
  facet normal -0 0 -1
    outer loop
      vertex 92.4944 62.6667 45.9
      vertex 90.2243 61.2243 45.9
      vertex 92.1213 63.1213 45.9
    endloop
  endfacet
  facet normal -0 0 -1
    outer loop
      vertex 92.1213 63.1213 45.9
      vertex 90.2243 61.2243 45.9
      vertex 91.6667 63.4944 45.9
    endloop
  endfacet
  facet normal 0 0 -1
    outer loop
      vertex 90.1333 61.2989 45.9
      vertex 91.6667 63.4944 45.9
      vertex 90.2243 61.2243 45.9
    endloop
  endfacet
  facet normal -0 0 -1
    outer loop
      vertex 91.6667 63.4944 45.9
      vertex 90.1333 61.2989 45.9
      vertex 91.1481 63.7716 45.9
    endloop
  endfacet
  facet normal 0 0 -1
    outer loop
      vertex 90.0296 61.3543 45.9
      vertex 91.1481 63.7716 45.9
      vertex 90.1333 61.2989 45.9
    endloop
  endfacet
  facet normal -0 0 -1
    outer loop
      vertex 91.1481 63.7716 45.9
      vertex 90.0296 61.3543 45.9
      vertex 90.5853 63.9424 45.9
    endloop
  endfacet
  facet normal 0 0 -1
    outer loop
      vertex 89.917 61.3885 45.9
      vertex 90.5853 63.9424 45.9
      vertex 90.0296 61.3543 45.9
    endloop
  endfacet
  facet normal -0 0 -1
    outer loop
      vertex 90.5853 63.9424 45.9
      vertex 89.917 61.3885 45.9
      vertex 90 64 45.9
    endloop
  endfacet
  facet normal 0 0 -1
    outer loop
      vertex 89.8 61.4 45.9
      vertex 90 64 45.9
      vertex 89.917 61.3885 45.9
    endloop
  endfacet
  facet normal 0 0 -1
    outer loop
      vertex 3.20001 61.4 45.9
      vertex 90 64 45.9
      vertex 89.8 61.4 45.9
    endloop
  endfacet
  facet normal 0 0 -1
    outer loop
      vertex 3.20001 61.4 45.9
      vertex 3 64 45.9
      vertex 90 64 45.9
    endloop
  endfacet
  facet normal 0 0 -1
    outer loop
      vertex 3.08296 61.3885 45.9
      vertex 3 64 45.9
      vertex 3.20001 61.4 45.9
    endloop
  endfacet
  facet normal 0 0 -1
    outer loop
      vertex 2.41473 63.9424 45.9
      vertex 3.08296 61.3885 45.9
      vertex 2.97039 61.3543 45.9
    endloop
  endfacet
  facet normal 0 0 -1
    outer loop
      vertex 1.85194 63.7716 45.9
      vertex 2.97039 61.3543 45.9
      vertex 2.86666 61.2989 45.9
    endloop
  endfacet
  facet normal 0 0 -1
    outer loop
      vertex 1.33328 63.4944 45.9
      vertex 2.86666 61.2989 45.9
      vertex 2.77573 61.2243 45.9
    endloop
  endfacet
  facet normal 0 0 -1
    outer loop
      vertex 0.505585 62.6667 45.9
      vertex 2.77573 61.2243 45.9
      vertex 2.70112 61.1333 45.9
    endloop
  endfacet
  facet normal 0 0 -1
    outer loop
      vertex 0.228363 62.1481 45.9
      vertex 2.70112 61.1333 45.9
      vertex 2.64568 61.0296 45.9
    endloop
  endfacet
  facet normal 0 0 -1
    outer loop
      vertex 0.0576477 61.5853 45.9
      vertex 2.64568 61.0296 45.9
      vertex 2.61154 60.917 45.9
    endloop
  endfacet
  facet normal 0 0 -1
    outer loop
      vertex 3.08296 61.3885 45.9
      vertex 2.41473 63.9424 45.9
      vertex 3 64 45.9
    endloop
  endfacet
  facet normal 0 0 -1
    outer loop
      vertex 0 61 45.9
      vertex 2.61154 60.917 45.9
      vertex 2.6 60.8 45.9
    endloop
  endfacet
  facet normal -0 0 -1
    outer loop
      vertex 2.6 3.20001 45.9
      vertex 0 3 45.9
      vertex 2.6 60.8 45.9
    endloop
  endfacet
  facet normal 0 0 -1
    outer loop
      vertex 0.228363 1.85194 45.9
      vertex 2.70112 2.86666 45.9
      vertex 0.505585 1.33328 45.9
    endloop
  endfacet
  facet normal 0 0 -1
    outer loop
      vertex 0 61 45.9
      vertex 2.6 60.8 45.9
      vertex 0 3 45.9
    endloop
  endfacet
  facet normal -0 0 -1
    outer loop
      vertex 2.70112 2.86666 45.9
      vertex 0.228363 1.85194 45.9
      vertex 2.64568 2.97039 45.9
    endloop
  endfacet
  facet normal 0 0 -1
    outer loop
      vertex 2.61154 60.917 45.9
      vertex 0 61 45.9
      vertex 0.0576477 61.5853 45.9
    endloop
  endfacet
  facet normal 0 0 -1
    outer loop
      vertex 0.0576477 2.41473 45.9
      vertex 2.64568 2.97039 45.9
      vertex 0.228363 1.85194 45.9
    endloop
  endfacet
  facet normal 0 0 -1
    outer loop
      vertex 2.97039 61.3543 45.9
      vertex 1.85194 63.7716 45.9
      vertex 2.41473 63.9424 45.9
    endloop
  endfacet
  facet normal -0 0 -1
    outer loop
      vertex 2.64568 2.97039 45.9
      vertex 0.0576477 2.41473 45.9
      vertex 2.61154 3.08296 45.9
    endloop
  endfacet
  facet normal 0 0 -1
    outer loop
      vertex 2.86666 61.2989 45.9
      vertex 1.33328 63.4944 45.9
      vertex 1.85194 63.7716 45.9
    endloop
  endfacet
  facet normal 0 0 -1
    outer loop
      vertex 0 3 45.9
      vertex 2.61154 3.08296 45.9
      vertex 0.0576477 2.41473 45.9
    endloop
  endfacet
  facet normal 0 0 -1
    outer loop
      vertex 2.77573 61.2243 45.9
      vertex 0.878677 63.1213 45.9
      vertex 1.33328 63.4944 45.9
    endloop
  endfacet
  facet normal -0 0 -1
    outer loop
      vertex 2.61154 3.08296 45.9
      vertex 0 3 45.9
      vertex 2.6 3.20001 45.9
    endloop
  endfacet
  facet normal 0 0 -1
    outer loop
      vertex 2.77573 61.2243 45.9
      vertex 0.505585 62.6667 45.9
      vertex 0.878677 63.1213 45.9
    endloop
  endfacet
  facet normal 0 0 -1
    outer loop
      vertex 2.70112 61.1333 45.9
      vertex 0.228363 62.1481 45.9
      vertex 0.505585 62.6667 45.9
    endloop
  endfacet
  facet normal 0 0 -1
    outer loop
      vertex 2.64568 61.0296 45.9
      vertex 0.0576477 61.5853 45.9
      vertex 0.228363 62.1481 45.9
    endloop
  endfacet
  facet normal 0 0 -1
    outer loop
      vertex 13.8 37 45.9
      vertex 15 37.6 45.9
      vertex 15 37 45.9
    endloop
  endfacet
  facet normal 0 0 -1
    outer loop
      vertex 13.8 37 45.9
      vertex 13 37.6 45.9
      vertex 15 37.6 45.9
    endloop
  endfacet
  facet normal 0 0 -1
    outer loop
      vertex 13 37.6 45.9
      vertex 13.8 37 45.9
      vertex 13 24.4 45.9
    endloop
  endfacet
  facet normal 0 0 -1
    outer loop
      vertex 15 24.4 45.9
      vertex 13.8 25 45.9
      vertex 15 25 45.9
    endloop
  endfacet
  facet normal -0 0 -1
    outer loop
      vertex 13.8 25 45.9
      vertex 13 24.4 45.9
      vertex 13.8 37 45.9
    endloop
  endfacet
  facet normal 0 0 -1
    outer loop
      vertex 13 24.4 45.9
      vertex 13.8 25 45.9
      vertex 15 24.4 45.9
    endloop
  endfacet
  facet normal 0 0 -1
    outer loop
      vertex 61.5711 20.4791 45.9
      vertex 65 24.4 45.9
      vertex 65 9 45.9
    endloop
  endfacet
  facet normal 0 -0 -1
    outer loop
      vertex 62.2524 22.0094 45.9
      vertex 65 24.4 45.9
      vertex 61.9251 21.2383 45.9
    endloop
  endfacet
  facet normal 0 -0 -1
    outer loop
      vertex 63.9854 30.1624 45.9
      vertex 65 25 45.9
      vertex 63.9415 29.3258 45.9
    endloop
  endfacet
  facet normal 0 -0 -1
    outer loop
      vertex 64 31 45.9
      vertex 65 25 45.9
      vertex 63.9854 30.1624 45.9
    endloop
  endfacet
  facet normal 0 0 -1
    outer loop
      vertex 62 6 45.9
      vertex 65 9 45.9
      vertex 64.9424 8.41473 45.9
    endloop
  endfacet
  facet normal 0 0 -1
    outer loop
      vertex 63.9415 32.6742 45.9
      vertex 65 37 45.9
      vertex 63.9854 31.8376 45.9
    endloop
  endfacet
  facet normal 0 0 -1
    outer loop
      vertex 62 6 45.9
      vertex 64.9424 8.41473 45.9
      vertex 64.7716 7.85194 45.9
    endloop
  endfacet
  facet normal 0 0 -1
    outer loop
      vertex 63.8685 33.5087 45.9
      vertex 65 37 45.9
      vertex 63.9415 32.6742 45.9
    endloop
  endfacet
  facet normal 0 0 -1
    outer loop
      vertex 62 6 45.9
      vertex 64.7716 7.85194 45.9
      vertex 64.4944 7.33328 45.9
    endloop
  endfacet
  facet normal 0 0 -1
    outer loop
      vertex 63.7664 34.3402 45.9
      vertex 65 37 45.9
      vertex 63.8685 33.5087 45.9
    endloop
  endfacet
  facet normal 0 0 -1
    outer loop
      vertex 62 6 45.9
      vertex 64.4944 7.33328 45.9
      vertex 64.1213 6.87868 45.9
    endloop
  endfacet
  facet normal 0 0 -1
    outer loop
      vertex 63.6354 35.1676 45.9
      vertex 65 37 45.9
      vertex 63.7664 34.3402 45.9
    endloop
  endfacet
  facet normal 0 0 -1
    outer loop
      vertex 63.4755 35.9899 45.9
      vertex 65 37 45.9
      vertex 63.6354 35.1676 45.9
    endloop
  endfacet
  facet normal 0 0 -1
    outer loop
      vertex 63.9854 31.8376 45.9
      vertex 65 37 45.9
      vertex 64 31 45.9
    endloop
  endfacet
  facet normal 0 0 -1
    outer loop
      vertex 65 25 45.9
      vertex 64 31 45.9
      vertex 65 37 45.9
    endloop
  endfacet
  facet normal 0 0 -1
    outer loop
      vertex 65 25 45.9
      vertex 63.8685 28.4913 45.9
      vertex 63.9415 29.3258 45.9
    endloop
  endfacet
  facet normal 0 0 -1
    outer loop
      vertex 65 25 45.9
      vertex 63.7664 27.6598 45.9
      vertex 63.8685 28.4913 45.9
    endloop
  endfacet
  facet normal 0 0 -1
    outer loop
      vertex 62 6 45.9
      vertex 64.1213 6.87868 45.9
      vertex 63.6667 6.50558 45.9
    endloop
  endfacet
  facet normal 0 0 -1
    outer loop
      vertex 65 25 45.9
      vertex 63.6354 26.8324 45.9
      vertex 63.7664 27.6598 45.9
    endloop
  endfacet
  facet normal 0 0 -1
    outer loop
      vertex 65 25 45.9
      vertex 63.4755 26.0101 45.9
      vertex 63.6354 26.8324 45.9
    endloop
  endfacet
  facet normal 0 0 -1
    outer loop
      vertex 65 25 45.9
      vertex 63.2871 25.1939 45.9
      vertex 63.4755 26.0101 45.9
    endloop
  endfacet
  facet normal 0 0 -1
    outer loop
      vertex 62 6 45.9
      vertex 63.6667 6.50558 45.9
      vertex 63.1481 6.22836 45.9
    endloop
  endfacet
  facet normal 0 0 -1
    outer loop
      vertex 65 24.4 45.9
      vertex 63.2871 25.1939 45.9
      vertex 65 25 45.9
    endloop
  endfacet
  facet normal 0 -0 -1
    outer loop
      vertex 63.2871 25.1939 45.9
      vertex 65 24.4 45.9
      vertex 63.0703 24.3847 45.9
    endloop
  endfacet
  facet normal 0 0 -1
    outer loop
      vertex 62 6 45.9
      vertex 63.1481 6.22836 45.9
      vertex 62.5853 6.05765 45.9
    endloop
  endfacet
  facet normal 0 -0 -1
    outer loop
      vertex 63.0703 24.3847 45.9
      vertex 65 24.4 45.9
      vertex 62.8254 23.5836 45.9
    endloop
  endfacet
  facet normal 0 -0 -1
    outer loop
      vertex 62.8254 23.5836 45.9
      vertex 65 24.4 45.9
      vertex 62.5526 22.7915 45.9
    endloop
  endfacet
  facet normal -0 0 -1
    outer loop
      vertex 65 9 45.9
      vertex 62 6 45.9
      vertex 57.2642 14.3282 45.9
    endloop
  endfacet
  facet normal 0 -0 -1
    outer loop
      vertex 62.5526 22.7915 45.9
      vertex 65 24.4 45.9
      vertex 62.2524 22.0094 45.9
    endloop
  endfacet
  facet normal 0 0 -1
    outer loop
      vertex 65 24.4 45.9
      vertex 61.5711 20.4791 45.9
      vertex 61.9251 21.2383 45.9
    endloop
  endfacet
  facet normal 0 0 -1
    outer loop
      vertex 65 9 45.9
      vertex 61.1907 19.7327 45.9
      vertex 61.5711 20.4791 45.9
    endloop
  endfacet
  facet normal 0 0 -1
    outer loop
      vertex 65 9 45.9
      vertex 60.7846 19 45.9
      vertex 61.1907 19.7327 45.9
    endloop
  endfacet
  facet normal 0 0 -1
    outer loop
      vertex 65 9 45.9
      vertex 60.3532 18.2819 45.9
      vertex 60.7846 19 45.9
    endloop
  endfacet
  facet normal 0 0 -1
    outer loop
      vertex 65 9 45.9
      vertex 59.8969 17.5794 45.9
      vertex 60.3532 18.2819 45.9
    endloop
  endfacet
  facet normal 0 0 -1
    outer loop
      vertex 65 9 45.9
      vertex 59.4164 16.8932 45.9
      vertex 59.8969 17.5794 45.9
    endloop
  endfacet
  facet normal 0 0 -1
    outer loop
      vertex 65 9 45.9
      vertex 58.9123 16.2241 45.9
      vertex 59.4164 16.8932 45.9
    endloop
  endfacet
  facet normal 0 0 -1
    outer loop
      vertex 65 9 45.9
      vertex 58.3851 15.5731 45.9
      vertex 58.9123 16.2241 45.9
    endloop
  endfacet
  facet normal 0 0 -1
    outer loop
      vertex 65 9 45.9
      vertex 57.8355 14.9409 45.9
      vertex 58.3851 15.5731 45.9
    endloop
  endfacet
  facet normal 0 0 -1
    outer loop
      vertex 65 9 45.9
      vertex 57.2642 14.3282 45.9
      vertex 57.8355 14.9409 45.9
    endloop
  endfacet
  facet normal 0 0 -1
    outer loop
      vertex 62 6 45.9
      vertex 56.6718 13.7358 45.9
      vertex 57.2642 14.3282 45.9
    endloop
  endfacet
  facet normal 0 0 -1
    outer loop
      vertex 62 6 45.9
      vertex 56.0591 13.1645 45.9
      vertex 56.6718 13.7358 45.9
    endloop
  endfacet
  facet normal 0 0 -1
    outer loop
      vertex 62 6 45.9
      vertex 55.4269 12.6149 45.9
      vertex 56.0591 13.1645 45.9
    endloop
  endfacet
  facet normal 0 0 -1
    outer loop
      vertex 62 6 45.9
      vertex 54.7759 12.0877 45.9
      vertex 55.4269 12.6149 45.9
    endloop
  endfacet
  facet normal 0 0 -1
    outer loop
      vertex 62 6 45.9
      vertex 54.1068 11.5836 45.9
      vertex 54.7759 12.0877 45.9
    endloop
  endfacet
  facet normal 0 0 -1
    outer loop
      vertex 62 6 45.9
      vertex 53.4206 11.1031 45.9
      vertex 54.1068 11.5836 45.9
    endloop
  endfacet
  facet normal 0 0 -1
    outer loop
      vertex 62 6 45.9
      vertex 52.7181 10.6468 45.9
      vertex 53.4206 11.1031 45.9
    endloop
  endfacet
  facet normal 0 0 -1
    outer loop
      vertex 62 6 45.9
      vertex 52 10.2154 45.9
      vertex 52.7181 10.6468 45.9
    endloop
  endfacet
  facet normal 0 0 -1
    outer loop
      vertex 62 6 45.9
      vertex 51.2673 9.80926 45.9
      vertex 52 10.2154 45.9
    endloop
  endfacet
  facet normal 0 0 -1
    outer loop
      vertex 62 6 45.9
      vertex 50.5209 9.42894 45.9
      vertex 51.2673 9.80926 45.9
    endloop
  endfacet
  facet normal 0 0 -1
    outer loop
      vertex 46.6 6 45.9
      vertex 50.5209 9.42894 45.9
      vertex 62 6 45.9
    endloop
  endfacet
  facet normal 0 0 -1
    outer loop
      vertex 50.5209 9.42894 45.9
      vertex 46.6 6 45.9
      vertex 49.7617 9.07491 45.9
    endloop
  endfacet
  facet normal 0 0 -1
    outer loop
      vertex 49.7617 9.07491 45.9
      vertex 46.6 6 45.9
      vertex 48.9906 8.74759 45.9
    endloop
  endfacet
  facet normal 0 0 -1
    outer loop
      vertex 48.9906 8.74759 45.9
      vertex 46.6 6 45.9
      vertex 48.2085 8.44738 45.9
    endloop
  endfacet
  facet normal 0 0 -1
    outer loop
      vertex 48.2085 8.44738 45.9
      vertex 46.6 6 45.9
      vertex 47.4164 8.17464 45.9
    endloop
  endfacet
  facet normal 0 0 -1
    outer loop
      vertex 47.4164 8.17464 45.9
      vertex 46.6 6 45.9
      vertex 46.6153 7.92972 45.9
    endloop
  endfacet
  facet normal 0 0 -1
    outer loop
      vertex 46 6 45.9
      vertex 46.6 6 45.9
      vertex 46 4.8 45.9
    endloop
  endfacet
  facet normal 0 0 -1
    outer loop
      vertex 45.8061 7.7129 45.9
      vertex 46.6 6 45.9
      vertex 46 6 45.9
    endloop
  endfacet
  facet normal 0 0 -1
    outer loop
      vertex 46.6 6 45.9
      vertex 45.8061 7.7129 45.9
      vertex 46.6153 7.92972 45.9
    endloop
  endfacet
  facet normal 0 0 -1
    outer loop
      vertex 46 6 45.9
      vertex 44.9899 7.52446 45.9
      vertex 45.8061 7.7129 45.9
    endloop
  endfacet
  facet normal 0 0 -1
    outer loop
      vertex 46 6 45.9
      vertex 44.1676 7.36461 45.9
      vertex 44.9899 7.52446 45.9
    endloop
  endfacet
  facet normal 0 0 -1
    outer loop
      vertex 46 6 45.9
      vertex 43.3402 7.23357 45.9
      vertex 44.1676 7.36461 45.9
    endloop
  endfacet
  facet normal 0 0 -1
    outer loop
      vertex 46 6 45.9
      vertex 42.5087 7.13147 45.9
      vertex 43.3402 7.23357 45.9
    endloop
  endfacet
  facet normal 0 0 -1
    outer loop
      vertex 46 6 45.9
      vertex 41.6742 7.05846 45.9
      vertex 42.5087 7.13147 45.9
    endloop
  endfacet
  facet normal 0 0 -1
    outer loop
      vertex 46 6 45.9
      vertex 40.8376 7.01462 45.9
      vertex 41.6742 7.05846 45.9
    endloop
  endfacet
  facet normal 0 0 -1
    outer loop
      vertex 46 6 45.9
      vertex 40 7 45.9
      vertex 40.8376 7.01462 45.9
    endloop
  endfacet
  facet normal 0 0 -1
    outer loop
      vertex 34 6 45.9
      vertex 40 7 45.9
      vertex 46 6 45.9
    endloop
  endfacet
  facet normal -0 0 -1
    outer loop
      vertex 40 7 45.9
      vertex 34 6 45.9
      vertex 39.1624 7.01462 45.9
    endloop
  endfacet
  facet normal -0 0 -1
    outer loop
      vertex 39.1624 7.01462 45.9
      vertex 34 6 45.9
      vertex 38.3258 7.05846 45.9
    endloop
  endfacet
  facet normal -0 0 -1
    outer loop
      vertex 38.3258 7.05846 45.9
      vertex 34 6 45.9
      vertex 37.4913 7.13147 45.9
    endloop
  endfacet
  facet normal -0 0 -1
    outer loop
      vertex 37.4913 7.13147 45.9
      vertex 34 6 45.9
      vertex 36.6598 7.23357 45.9
    endloop
  endfacet
  facet normal 0 0 -1
    outer loop
      vertex 34 6 45.9
      vertex 35.8324 7.36461 45.9
      vertex 36.6598 7.23357 45.9
    endloop
  endfacet
  facet normal 0 0 -1
    outer loop
      vertex 34 6 45.9
      vertex 35.0101 7.52446 45.9
      vertex 35.8324 7.36461 45.9
    endloop
  endfacet
  facet normal 0 0 -1
    outer loop
      vertex 34 6 45.9
      vertex 34.1939 7.7129 45.9
      vertex 35.0101 7.52446 45.9
    endloop
  endfacet
  facet normal 0 0 -1
    outer loop
      vertex 34 4.8 45.9
      vertex 33.4 6 45.9
      vertex 34 6 45.9
    endloop
  endfacet
  facet normal 0 0 -1
    outer loop
      vertex 34 6 45.9
      vertex 33.4 6 45.9
      vertex 34.1939 7.7129 45.9
    endloop
  endfacet
  facet normal 0 0 -1
    outer loop
      vertex 33.4 6 45.9
      vertex 33.3847 7.92972 45.9
      vertex 34.1939 7.7129 45.9
    endloop
  endfacet
  facet normal 0 0 -1
    outer loop
      vertex 33.4 6 45.9
      vertex 32.5836 8.17464 45.9
      vertex 33.3847 7.92972 45.9
    endloop
  endfacet
  facet normal 0 0 -1
    outer loop
      vertex 33.4 6 45.9
      vertex 31.7915 8.44738 45.9
      vertex 32.5836 8.17464 45.9
    endloop
  endfacet
  facet normal 0 0 -1
    outer loop
      vertex 33.4 6 45.9
      vertex 31.0094 8.74759 45.9
      vertex 31.7915 8.44738 45.9
    endloop
  endfacet
  facet normal 0 0 -1
    outer loop
      vertex 33.4 6 45.9
      vertex 30.2383 9.07491 45.9
      vertex 31.0094 8.74759 45.9
    endloop
  endfacet
  facet normal 0 0 -1
    outer loop
      vertex 33.4 6 45.9
      vertex 29.4791 9.42894 45.9
      vertex 30.2383 9.07491 45.9
    endloop
  endfacet
  facet normal 0 0 -1
    outer loop
      vertex 18 6 45.9
      vertex 29.4791 9.42894 45.9
      vertex 33.4 6 45.9
    endloop
  endfacet
  facet normal -0 0 -1
    outer loop
      vertex 29.4791 9.42894 45.9
      vertex 18 6 45.9
      vertex 28.7327 9.80926 45.9
    endloop
  endfacet
  facet normal -0 0 -1
    outer loop
      vertex 28.7327 9.80926 45.9
      vertex 18 6 45.9
      vertex 28 10.2154 45.9
    endloop
  endfacet
  facet normal -0 0 -1
    outer loop
      vertex 28 10.2154 45.9
      vertex 18 6 45.9
      vertex 27.2819 10.6468 45.9
    endloop
  endfacet
  facet normal -0 0 -1
    outer loop
      vertex 27.2819 10.6468 45.9
      vertex 18 6 45.9
      vertex 26.5794 11.1031 45.9
    endloop
  endfacet
  facet normal -0 0 -1
    outer loop
      vertex 26.5794 11.1031 45.9
      vertex 18 6 45.9
      vertex 25.8932 11.5836 45.9
    endloop
  endfacet
  facet normal 0 0 -1
    outer loop
      vertex 18 6 45.9
      vertex 25.2241 12.0877 45.9
      vertex 25.8932 11.5836 45.9
    endloop
  endfacet
  facet normal 0 0 -1
    outer loop
      vertex 18 6 45.9
      vertex 24.5731 12.6149 45.9
      vertex 25.2241 12.0877 45.9
    endloop
  endfacet
  facet normal 0 0 -1
    outer loop
      vertex 18 6 45.9
      vertex 23.9409 13.1645 45.9
      vertex 24.5731 12.6149 45.9
    endloop
  endfacet
  facet normal 0 0 -1
    outer loop
      vertex 18 6 45.9
      vertex 23.3282 13.7358 45.9
      vertex 23.9409 13.1645 45.9
    endloop
  endfacet
  facet normal 0 0 -1
    outer loop
      vertex 18 6 45.9
      vertex 22.7358 14.3282 45.9
      vertex 23.3282 13.7358 45.9
    endloop
  endfacet
  facet normal 0 0 -1
    outer loop
      vertex 15 9 45.9
      vertex 22.7358 14.3282 45.9
      vertex 18 6 45.9
    endloop
  endfacet
  facet normal -0 0 -1
    outer loop
      vertex 22.7358 14.3282 45.9
      vertex 15 9 45.9
      vertex 22.1645 14.9409 45.9
    endloop
  endfacet
  facet normal -0 0 -1
    outer loop
      vertex 22.1645 14.9409 45.9
      vertex 15 9 45.9
      vertex 21.6149 15.5731 45.9
    endloop
  endfacet
  facet normal -0 0 -1
    outer loop
      vertex 21.6149 15.5731 45.9
      vertex 15 9 45.9
      vertex 21.0877 16.2241 45.9
    endloop
  endfacet
  facet normal -0 0 -1
    outer loop
      vertex 21.0877 16.2241 45.9
      vertex 15 9 45.9
      vertex 20.5836 16.8932 45.9
    endloop
  endfacet
  facet normal -0 0 -1
    outer loop
      vertex 20.5836 16.8932 45.9
      vertex 15 9 45.9
      vertex 20.1031 17.5794 45.9
    endloop
  endfacet
  facet normal -0 0 -1
    outer loop
      vertex 20.1031 17.5794 45.9
      vertex 15 9 45.9
      vertex 19.6468 18.2819 45.9
    endloop
  endfacet
  facet normal -0 0 -1
    outer loop
      vertex 19.6468 18.2819 45.9
      vertex 15 9 45.9
      vertex 19.2154 19 45.9
    endloop
  endfacet
  facet normal -0 0 -1
    outer loop
      vertex 19.2154 19 45.9
      vertex 15 9 45.9
      vertex 18.8093 19.7327 45.9
    endloop
  endfacet
  facet normal -0 0 -1
    outer loop
      vertex 18.8093 19.7327 45.9
      vertex 15 9 45.9
      vertex 18.4289 20.4791 45.9
    endloop
  endfacet
  facet normal 0 0 -1
    outer loop
      vertex 15 24.4 45.9
      vertex 18.4289 20.4791 45.9
      vertex 15 9 45.9
    endloop
  endfacet
  facet normal 0 0 -1
    outer loop
      vertex 18.4289 20.4791 45.9
      vertex 15 24.4 45.9
      vertex 18.0749 21.2383 45.9
    endloop
  endfacet
  facet normal 0 0 -1
    outer loop
      vertex 15 9 45.9
      vertex 18 6 45.9
      vertex 17.4147 6.05765 45.9
    endloop
  endfacet
  facet normal 0 0 -1
    outer loop
      vertex 18.0749 21.2383 45.9
      vertex 15 24.4 45.9
      vertex 17.7476 22.0094 45.9
    endloop
  endfacet
  facet normal 0 0 -1
    outer loop
      vertex 17.7476 22.0094 45.9
      vertex 15 24.4 45.9
      vertex 17.4474 22.7915 45.9
    endloop
  endfacet
  facet normal 0 0 -1
    outer loop
      vertex 15 9 45.9
      vertex 17.4147 6.05765 45.9
      vertex 16.8519 6.22836 45.9
    endloop
  endfacet
  facet normal 0 0 -1
    outer loop
      vertex 17.4474 22.7915 45.9
      vertex 15 24.4 45.9
      vertex 17.1746 23.5836 45.9
    endloop
  endfacet
  facet normal 0 0 -1
    outer loop
      vertex 17.1746 23.5836 45.9
      vertex 15 24.4 45.9
      vertex 16.9297 24.3847 45.9
    endloop
  endfacet
  facet normal 0 0 -1
    outer loop
      vertex 16.9297 24.3847 45.9
      vertex 15 24.4 45.9
      vertex 16.7129 25.1939 45.9
    endloop
  endfacet
  facet normal 0 0 -1
    outer loop
      vertex 15.8787 6.87868 45.9
      vertex 16.8519 6.22836 45.9
      vertex 16.3333 6.50558 45.9
    endloop
  endfacet
  facet normal -0 0 -1
    outer loop
      vertex 16.7129 25.1939 45.9
      vertex 15 25 45.9
      vertex 16.5245 26.0101 45.9
    endloop
  endfacet
  facet normal -0 0 -1
    outer loop
      vertex 16.5245 26.0101 45.9
      vertex 15 25 45.9
      vertex 16.3646 26.8324 45.9
    endloop
  endfacet
  facet normal -0 0 -1
    outer loop
      vertex 16.3646 26.8324 45.9
      vertex 15 25 45.9
      vertex 16.2336 27.6598 45.9
    endloop
  endfacet
  facet normal -0 0 -1
    outer loop
      vertex 16.2336 27.6598 45.9
      vertex 15 25 45.9
      vertex 16.1315 28.4913 45.9
    endloop
  endfacet
  facet normal -0 0 -1
    outer loop
      vertex 16.1315 28.4913 45.9
      vertex 15 25 45.9
      vertex 16.0585 29.3258 45.9
    endloop
  endfacet
  facet normal 0 0 -1
    outer loop
      vertex 18.0749 40.7617 45.9
      vertex 15 50 45.9
      vertex 18.4289 41.5209 45.9
    endloop
  endfacet
  facet normal -0 0 -1
    outer loop
      vertex 16.0585 29.3258 45.9
      vertex 15 25 45.9
      vertex 16.0146 30.1624 45.9
    endloop
  endfacet
  facet normal 0 0 -1
    outer loop
      vertex 15 9 45.9
      vertex 16.8519 6.22836 45.9
      vertex 15.8787 6.87868 45.9
    endloop
  endfacet
  facet normal 0 0 -1
    outer loop
      vertex 67 24.4 45.9
      vertex 66.2 25 45.9
      vertex 67 37.6 45.9
    endloop
  endfacet
  facet normal 0 0 -1
    outer loop
      vertex 65 24.4 45.9
      vertex 66.2 25 45.9
      vertex 67 24.4 45.9
    endloop
  endfacet
  facet normal -0 0 -1
    outer loop
      vertex 66.2 25 45.9
      vertex 65 24.4 45.9
      vertex 65 25 45.9
    endloop
  endfacet
  facet normal 0 0 -1
    outer loop
      vertex 88.6 3.8 45.9
      vertex 89.2 4.40001 45.9
      vertex 89.1885 4.28296 45.9
    endloop
  endfacet
  facet normal 0 0 -1
    outer loop
      vertex 89.2 4.40001 45.9
      vertex 67 37.6 45.9
      vertex 89.2 59.6 45.9
    endloop
  endfacet
  facet normal 0 0 -1
    outer loop
      vertex 88.6 3.8 45.9
      vertex 89.1885 4.28296 45.9
      vertex 89.1543 4.17039 45.9
    endloop
  endfacet
  facet normal 0 0 -1
    outer loop
      vertex 67 54 45.9
      vertex 89.2 59.6 45.9
      vertex 67 37.6 45.9
    endloop
  endfacet
  facet normal 0 0 -1
    outer loop
      vertex 88.6 3.8 45.9
      vertex 89.1543 4.17039 45.9
      vertex 89.0989 4.06666 45.9
    endloop
  endfacet
  facet normal 0 -0 -1
    outer loop
      vertex 88.6 60.2 45.9
      vertex 89.2 59.6 45.9
      vertex 67 54 45.9
    endloop
  endfacet
  facet normal 0 0 -1
    outer loop
      vertex 88.6 3.8 45.9
      vertex 89.0989 4.06666 45.9
      vertex 89.0243 3.97573 45.9
    endloop
  endfacet
  facet normal 0 0 -1
    outer loop
      vertex 89.2 59.6 45.9
      vertex 88.6 60.2 45.9
      vertex 89.1885 59.717 45.9
    endloop
  endfacet
  facet normal 0 0 -1
    outer loop
      vertex 88.6 3.8 45.9
      vertex 89.0243 3.97573 45.9
      vertex 88.9333 3.90112 45.9
    endloop
  endfacet
  facet normal 0 0 -1
    outer loop
      vertex 89.1543 59.8296 45.9
      vertex 88.6 60.2 45.9
      vertex 89.0989 59.9333 45.9
    endloop
  endfacet
  facet normal 0 0 -1
    outer loop
      vertex 88.6 3.8 45.9
      vertex 88.9333 3.90112 45.9
      vertex 88.8296 3.84568 45.9
    endloop
  endfacet
  facet normal 0 0 -1
    outer loop
      vertex 89.0989 59.9333 45.9
      vertex 88.6 60.2 45.9
      vertex 89.0243 60.0243 45.9
    endloop
  endfacet
  facet normal 0 0 -1
    outer loop
      vertex 88.6 3.8 45.9
      vertex 88.8296 3.84568 45.9
      vertex 88.717 3.81153 45.9
    endloop
  endfacet
  facet normal 0 0 -1
    outer loop
      vertex 89.0243 60.0243 45.9
      vertex 88.6 60.2 45.9
      vertex 88.9333 60.0989 45.9
    endloop
  endfacet
  facet normal -0 0 -1
    outer loop
      vertex 89.2 4.40001 45.9
      vertex 88.6 3.8 45.9
      vertex 67 8 45.9
    endloop
  endfacet
  facet normal 0 0 -1
    outer loop
      vertex 88.9333 60.0989 45.9
      vertex 88.6 60.2 45.9
      vertex 88.8296 60.1543 45.9
    endloop
  endfacet
  facet normal 0 0 -1
    outer loop
      vertex 89.2 4.40001 45.9
      vertex 67 8 45.9
      vertex 67 24.4 45.9
    endloop
  endfacet
  facet normal 0 0 -1
    outer loop
      vertex 88.6 3.8 45.9
      vertex 66.9231 7.21964 45.9
      vertex 67 8 45.9
    endloop
  endfacet
  facet normal 0 0 -1
    outer loop
      vertex 88.6 3.8 45.9
      vertex 66.6955 6.46927 45.9
      vertex 66.9231 7.21964 45.9
    endloop
  endfacet
  facet normal 0 0 -1
    outer loop
      vertex 88.6 3.8 45.9
      vertex 66.3259 5.77773 45.9
      vertex 66.6955 6.46927 45.9
    endloop
  endfacet
  facet normal 0 0 -1
    outer loop
      vertex 88.6 3.8 45.9
      vertex 65.8284 5.17157 45.9
      vertex 66.3259 5.77773 45.9
    endloop
  endfacet
  facet normal 0 0 -1
    outer loop
      vertex 88.6 3.8 45.9
      vertex 65.2223 4.67412 45.9
      vertex 65.8284 5.17157 45.9
    endloop
  endfacet
  facet normal 0 0 -1
    outer loop
      vertex 88.6 3.8 45.9
      vertex 64.5307 4.30449 45.9
      vertex 65.2223 4.67412 45.9
    endloop
  endfacet
  facet normal 0 0 -1
    outer loop
      vertex 88.6 3.8 45.9
      vertex 63.7804 4.07686 45.9
      vertex 64.5307 4.30449 45.9
    endloop
  endfacet
  facet normal 0 0 -1
    outer loop
      vertex 88.6 3.8 45.9
      vertex 63 4 45.9
      vertex 63.7804 4.07686 45.9
    endloop
  endfacet
  facet normal 0 0 -1
    outer loop
      vertex 88.6 3.8 45.9
      vertex 46.6 4 45.9
      vertex 63 4 45.9
    endloop
  endfacet
  facet normal 0 0 -1
    outer loop
      vertex 46.6 4 45.9
      vertex 46 4.8 45.9
      vertex 46.6 6 45.9
    endloop
  endfacet
  facet normal 0 0 -1
    outer loop
      vertex 46.6 4 45.9
      vertex 34 4.8 45.9
      vertex 46 4.8 45.9
    endloop
  endfacet
  facet normal 0 0 -1
    outer loop
      vertex 33.4 6 45.9
      vertex 34 4.8 45.9
      vertex 33.4 4 45.9
    endloop
  endfacet
  facet normal 0 0 -1
    outer loop
      vertex 46.6 4 45.9
      vertex 33.4 4 45.9
      vertex 34 4.8 45.9
    endloop
  endfacet
  facet normal 0 0 -1
    outer loop
      vertex 88.6 3.8 45.9
      vertex 33.4 4 45.9
      vertex 46.6 4 45.9
    endloop
  endfacet
  facet normal 0 0 -1
    outer loop
      vertex 4.40001 3.8 45.9
      vertex 33.4 4 45.9
      vertex 88.6 3.8 45.9
    endloop
  endfacet
  facet normal 0 0 -1
    outer loop
      vertex 3.8 4.40001 45.9
      vertex 13 24.4 45.9
      vertex 13 8 45.9
    endloop
  endfacet
  facet normal -0 0 -1
    outer loop
      vertex 13 24.4 45.9
      vertex 3.8 4.40001 45.9
      vertex 13 37.6 45.9
    endloop
  endfacet
  facet normal 0 0 -1
    outer loop
      vertex 3.8 4.40001 45.9
      vertex 13 8 45.9
      vertex 4.40001 3.8 45.9
    endloop
  endfacet
  facet normal -0 0 -1
    outer loop
      vertex 13.0769 7.21964 45.9
      vertex 4.40001 3.8 45.9
      vertex 13 8 45.9
    endloop
  endfacet
  facet normal -0 0 -1
    outer loop
      vertex 13.3045 6.46927 45.9
      vertex 4.40001 3.8 45.9
      vertex 13.0769 7.21964 45.9
    endloop
  endfacet
  facet normal -0 0 -1
    outer loop
      vertex 13.6741 5.77773 45.9
      vertex 4.40001 3.8 45.9
      vertex 13.3045 6.46927 45.9
    endloop
  endfacet
  facet normal -0 0 -1
    outer loop
      vertex 14.1716 5.17157 45.9
      vertex 4.40001 3.8 45.9
      vertex 13.6741 5.77773 45.9
    endloop
  endfacet
  facet normal -0 0 -1
    outer loop
      vertex 14.7777 4.67412 45.9
      vertex 4.40001 3.8 45.9
      vertex 14.1716 5.17157 45.9
    endloop
  endfacet
  facet normal -0 0 -1
    outer loop
      vertex 15.4693 4.30449 45.9
      vertex 4.40001 3.8 45.9
      vertex 14.7777 4.67412 45.9
    endloop
  endfacet
  facet normal -0 0 -1
    outer loop
      vertex 16.2196 4.07686 45.9
      vertex 4.40001 3.8 45.9
      vertex 15.4693 4.30449 45.9
    endloop
  endfacet
  facet normal -0 0 -1
    outer loop
      vertex 17 4 45.9
      vertex 4.40001 3.8 45.9
      vertex 16.2196 4.07686 45.9
    endloop
  endfacet
  facet normal -0 0 -1
    outer loop
      vertex 33.4 4 45.9
      vertex 4.40001 3.8 45.9
      vertex 17 4 45.9
    endloop
  endfacet
  facet normal 0 0 -1
    outer loop
      vertex 89.2 4.40001 45.9
      vertex 67 24.4 45.9
      vertex 67 37.6 45.9
    endloop
  endfacet
  facet normal 0 0 -1
    outer loop
      vertex 88.8296 60.1543 45.9
      vertex 88.6 60.2 45.9
      vertex 88.717 60.1885 45.9
    endloop
  endfacet
  facet normal 0 0 -1
    outer loop
      vertex 89.1885 59.717 45.9
      vertex 88.6 60.2 45.9
      vertex 89.1543 59.8296 45.9
    endloop
  endfacet
  facet normal 0 0 -1
    outer loop
      vertex 66.9231 54.7804 45.9
      vertex 88.6 60.2 45.9
      vertex 67 54 45.9
    endloop
  endfacet
  facet normal 0 0 -1
    outer loop
      vertex 66.6955 55.5307 45.9
      vertex 88.6 60.2 45.9
      vertex 66.9231 54.7804 45.9
    endloop
  endfacet
  facet normal 0 0 -1
    outer loop
      vertex 66.3259 56.2223 45.9
      vertex 88.6 60.2 45.9
      vertex 66.6955 55.5307 45.9
    endloop
  endfacet
  facet normal 0 0 -1
    outer loop
      vertex 65.8284 56.8284 45.9
      vertex 88.6 60.2 45.9
      vertex 66.3259 56.2223 45.9
    endloop
  endfacet
  facet normal 0 0 -1
    outer loop
      vertex 65.2223 57.3259 45.9
      vertex 88.6 60.2 45.9
      vertex 65.8284 56.8284 45.9
    endloop
  endfacet
  facet normal 0 0 -1
    outer loop
      vertex 64.5307 57.6955 45.9
      vertex 88.6 60.2 45.9
      vertex 65.2223 57.3259 45.9
    endloop
  endfacet
  facet normal 0 0 -1
    outer loop
      vertex 63.7804 57.9231 45.9
      vertex 88.6 60.2 45.9
      vertex 64.5307 57.6955 45.9
    endloop
  endfacet
  facet normal 0 0 -1
    outer loop
      vertex 63 58 45.9
      vertex 88.6 60.2 45.9
      vertex 63.7804 57.9231 45.9
    endloop
  endfacet
  facet normal 0 0 -1
    outer loop
      vertex 46.6 58 45.9
      vertex 88.6 60.2 45.9
      vertex 63 58 45.9
    endloop
  endfacet
  facet normal 0 0 -1
    outer loop
      vertex 46.6 56 45.9
      vertex 46 57.2 45.9
      vertex 46.6 58 45.9
    endloop
  endfacet
  facet normal 0 0 -1
    outer loop
      vertex 34 57.2 45.9
      vertex 46.6 58 45.9
      vertex 46 57.2 45.9
    endloop
  endfacet
  facet normal 0 0 -1
    outer loop
      vertex 33.4 58 45.9
      vertex 34 57.2 45.9
      vertex 33.4 56 45.9
    endloop
  endfacet
  facet normal 0 0 -1
    outer loop
      vertex 33.4 58 45.9
      vertex 46.6 58 45.9
      vertex 34 57.2 45.9
    endloop
  endfacet
  facet normal 0 0 -1
    outer loop
      vertex 4.40001 60.2 45.9
      vertex 46.6 58 45.9
      vertex 33.4 58 45.9
    endloop
  endfacet
  facet normal 0 0 -1
    outer loop
      vertex 4.40001 60.2 45.9
      vertex 33.4 58 45.9
      vertex 17 58 45.9
    endloop
  endfacet
  facet normal 0 0 -1
    outer loop
      vertex 15 9 45.9
      vertex 15.8787 6.87868 45.9
      vertex 15.5056 7.33328 45.9
    endloop
  endfacet
  facet normal 0 0 -1
    outer loop
      vertex 15 9 45.9
      vertex 15.5056 7.33328 45.9
      vertex 15.2284 7.85194 45.9
    endloop
  endfacet
  facet normal 0 0 -1
    outer loop
      vertex 15 9 45.9
      vertex 15.2284 7.85194 45.9
      vertex 15.0576 8.41473 45.9
    endloop
  endfacet
  facet normal 0 0 -1
    outer loop
      vertex 15 25 45.9
      vertex 16.7129 25.1939 45.9
      vertex 15 24.4 45.9
    endloop
  endfacet
  facet normal -0 0 -1
    outer loop
      vertex 16.0146 30.1624 45.9
      vertex 15 25 45.9
      vertex 16 31 45.9
    endloop
  endfacet
  facet normal 0 0 -1
    outer loop
      vertex 15 37 45.9
      vertex 16 31 45.9
      vertex 15 25 45.9
    endloop
  endfacet
  facet normal 0 0 -1
    outer loop
      vertex 15 37.6 45.9
      vertex 16 31 45.9
      vertex 15 37 45.9
    endloop
  endfacet
  facet normal 0 0 -1
    outer loop
      vertex 18.4289 41.5209 45.9
      vertex 15 50 45.9
      vertex 16 55.2209 45.9
    endloop
  endfacet
  facet normal 0 0 -1
    outer loop
      vertex 13 50 45.9
      vertex 16 55.2209 45.9
      vertex 15 50 45.9
    endloop
  endfacet
  facet normal 0 0 -1
    outer loop
      vertex 4.40001 60.2 45.9
      vertex 16 55.2209 45.9
      vertex 13 50 45.9
    endloop
  endfacet
  facet normal 0 0 -1
    outer loop
      vertex 46.6 58 45.9
      vertex 4.40001 60.2 45.9
      vertex 88.6 60.2 45.9
    endloop
  endfacet
  facet normal 0 0 -1
    outer loop
      vertex 16.2196 57.9231 45.9
      vertex 4.40001 60.2 45.9
      vertex 17 58 45.9
    endloop
  endfacet
  facet normal 0 0 -1
    outer loop
      vertex 16 57.8565 45.9
      vertex 4.40001 60.2 45.9
      vertex 16.2196 57.9231 45.9
    endloop
  endfacet
  facet normal 0 0 -1
    outer loop
      vertex 16 55.2209 45.9
      vertex 4.40001 60.2 45.9
      vertex 16 57.8565 45.9
    endloop
  endfacet
  facet normal 0 0 -1
    outer loop
      vertex 3.8 59.6 45.9
      vertex 13 37.6 45.9
      vertex 3.8 4.40001 45.9
    endloop
  endfacet
  facet normal 0 0 -1
    outer loop
      vertex 3.8 4.40001 45.9
      vertex 4.40001 3.8 45.9
      vertex 4.28296 3.81153 45.9
    endloop
  endfacet
  facet normal 0 0 -1
    outer loop
      vertex 13 37.6 45.9
      vertex 3.8 59.6 45.9
      vertex 13 50 45.9
    endloop
  endfacet
  facet normal 0 0 -1
    outer loop
      vertex 3.8 4.40001 45.9
      vertex 4.28296 3.81153 45.9
      vertex 4.17039 3.84568 45.9
    endloop
  endfacet
  facet normal 0 0 -1
    outer loop
      vertex 13 50 45.9
      vertex 3.8 59.6 45.9
      vertex 4.40001 60.2 45.9
    endloop
  endfacet
  facet normal 0 0 -1
    outer loop
      vertex 3.8 4.40001 45.9
      vertex 4.17039 3.84568 45.9
      vertex 4.06666 3.90112 45.9
    endloop
  endfacet
  facet normal 0 0 -1
    outer loop
      vertex 4.40001 60.2 45.9
      vertex 3.8 59.6 45.9
      vertex 4.28296 60.1885 45.9
    endloop
  endfacet
  facet normal 0 0 -1
    outer loop
      vertex 3.8 4.40001 45.9
      vertex 4.06666 3.90112 45.9
      vertex 3.97573 3.97573 45.9
    endloop
  endfacet
  facet normal 0 0 -1
    outer loop
      vertex 4.28296 60.1885 45.9
      vertex 3.8 59.6 45.9
      vertex 4.17039 60.1543 45.9
    endloop
  endfacet
  facet normal 0 0 -1
    outer loop
      vertex 3.8 4.40001 45.9
      vertex 3.97573 3.97573 45.9
      vertex 3.90112 4.06666 45.9
    endloop
  endfacet
  facet normal 0 0 -1
    outer loop
      vertex 4.17039 60.1543 45.9
      vertex 3.8 59.6 45.9
      vertex 4.06666 60.0989 45.9
    endloop
  endfacet
  facet normal 0 0 -1
    outer loop
      vertex 3.8 4.40001 45.9
      vertex 3.90112 4.06666 45.9
      vertex 3.84568 4.17039 45.9
    endloop
  endfacet
  facet normal 0 0 -1
    outer loop
      vertex 4.06666 60.0989 45.9
      vertex 3.8 59.6 45.9
      vertex 3.97573 60.0243 45.9
    endloop
  endfacet
  facet normal 0 0 -1
    outer loop
      vertex 3.8 4.40001 45.9
      vertex 3.84568 4.17039 45.9
      vertex 3.81153 4.28296 45.9
    endloop
  endfacet
  facet normal 0 0 -1
    outer loop
      vertex 3.97573 60.0243 45.9
      vertex 3.8 59.6 45.9
      vertex 3.90112 59.9333 45.9
    endloop
  endfacet
  facet normal 0 0 -1
    outer loop
      vertex 3.90112 59.9333 45.9
      vertex 3.8 59.6 45.9
      vertex 3.84568 59.8296 45.9
    endloop
  endfacet
  facet normal 0 0 -1
    outer loop
      vertex 3.84568 59.8296 45.9
      vertex 3.8 59.6 45.9
      vertex 3.81153 59.717 45.9
    endloop
  endfacet
  facet normal 0 0 -1
    outer loop
      vertex 66.2 37 45.9
      vertex 67 37.6 45.9
      vertex 66.2 25 45.9
    endloop
  endfacet
  facet normal 0 0 -1
    outer loop
      vertex 65 37.6 45.9
      vertex 66.2 37 45.9
      vertex 65 37 45.9
    endloop
  endfacet
  facet normal 0 0 -1
    outer loop
      vertex 66.2 37 45.9
      vertex 65 37.6 45.9
      vertex 67 37.6 45.9
    endloop
  endfacet
  facet normal 0 0 -1
    outer loop
      vertex 63.2871 36.8061 45.9
      vertex 65 37 45.9
      vertex 63.4755 35.9899 45.9
    endloop
  endfacet
  facet normal -0 0 -1
    outer loop
      vertex 65 37 45.9
      vertex 63.2871 36.8061 45.9
      vertex 65 37.6 45.9
    endloop
  endfacet
  facet normal 0 0 -1
    outer loop
      vertex 63.0703 37.6153 45.9
      vertex 65 37.6 45.9
      vertex 63.2871 36.8061 45.9
    endloop
  endfacet
  facet normal 0 0 -1
    outer loop
      vertex 62.8254 38.4164 45.9
      vertex 65 37.6 45.9
      vertex 63.0703 37.6153 45.9
    endloop
  endfacet
  facet normal 0 0 -1
    outer loop
      vertex 62.5526 39.2085 45.9
      vertex 65 37.6 45.9
      vertex 62.8254 38.4164 45.9
    endloop
  endfacet
  facet normal 0 0 -1
    outer loop
      vertex 62.2524 39.9906 45.9
      vertex 65 37.6 45.9
      vertex 62.5526 39.2085 45.9
    endloop
  endfacet
  facet normal 0 0 -1
    outer loop
      vertex 61.9251 40.7617 45.9
      vertex 65 37.6 45.9
      vertex 62.2524 39.9906 45.9
    endloop
  endfacet
  facet normal 0 0 -1
    outer loop
      vertex 61.5711 41.5209 45.9
      vertex 65 37.6 45.9
      vertex 61.9251 40.7617 45.9
    endloop
  endfacet
  facet normal 0 0 -1
    outer loop
      vertex 65 37.6 45.9
      vertex 61.5711 41.5209 45.9
      vertex 65 53 45.9
    endloop
  endfacet
  facet normal 0 0 -1
    outer loop
      vertex 61.1907 42.2673 45.9
      vertex 65 53 45.9
      vertex 61.5711 41.5209 45.9
    endloop
  endfacet
  facet normal 0 0 -1
    outer loop
      vertex 60.7846 43 45.9
      vertex 65 53 45.9
      vertex 61.1907 42.2673 45.9
    endloop
  endfacet
  facet normal 0 0 -1
    outer loop
      vertex 60.3532 43.7181 45.9
      vertex 65 53 45.9
      vertex 60.7846 43 45.9
    endloop
  endfacet
  facet normal 0 0 -1
    outer loop
      vertex 59.8969 44.4206 45.9
      vertex 65 53 45.9
      vertex 60.3532 43.7181 45.9
    endloop
  endfacet
  facet normal 0 0 -1
    outer loop
      vertex 59.4164 45.1068 45.9
      vertex 65 53 45.9
      vertex 59.8969 44.4206 45.9
    endloop
  endfacet
  facet normal 0 0 -1
    outer loop
      vertex 58.9123 45.7759 45.9
      vertex 65 53 45.9
      vertex 59.4164 45.1068 45.9
    endloop
  endfacet
  facet normal 0 0 -1
    outer loop
      vertex 58.3851 46.4269 45.9
      vertex 65 53 45.9
      vertex 58.9123 45.7759 45.9
    endloop
  endfacet
  facet normal 0 0 -1
    outer loop
      vertex 57.8355 47.0591 45.9
      vertex 65 53 45.9
      vertex 58.3851 46.4269 45.9
    endloop
  endfacet
  facet normal 0 0 -1
    outer loop
      vertex 57.2642 47.6718 45.9
      vertex 65 53 45.9
      vertex 57.8355 47.0591 45.9
    endloop
  endfacet
  facet normal 0 -0 -1
    outer loop
      vertex 62 56 45.9
      vertex 65 53 45.9
      vertex 57.2642 47.6718 45.9
    endloop
  endfacet
  facet normal 0 0 -1
    outer loop
      vertex 65 53 45.9
      vertex 62 56 45.9
      vertex 64.9424 53.5853 45.9
    endloop
  endfacet
  facet normal 0 0 -1
    outer loop
      vertex 64.9424 53.5853 45.9
      vertex 62 56 45.9
      vertex 64.7716 54.1481 45.9
    endloop
  endfacet
  facet normal 0 0 -1
    outer loop
      vertex 64.7716 54.1481 45.9
      vertex 62 56 45.9
      vertex 64.4944 54.6667 45.9
    endloop
  endfacet
  facet normal 0 0 -1
    outer loop
      vertex 64.1213 55.1213 45.9
      vertex 62 56 45.9
      vertex 63.6667 55.4944 45.9
    endloop
  endfacet
  facet normal 0 0 -1
    outer loop
      vertex 63.6667 55.4944 45.9
      vertex 62 56 45.9
      vertex 63.1481 55.7716 45.9
    endloop
  endfacet
  facet normal 0 0 -1
    outer loop
      vertex 63.1481 55.7716 45.9
      vertex 62 56 45.9
      vertex 62.5853 55.9424 45.9
    endloop
  endfacet
  facet normal 0 0 -1
    outer loop
      vertex 64.4944 54.6667 45.9
      vertex 62 56 45.9
      vertex 64.1213 55.1213 45.9
    endloop
  endfacet
  facet normal 0 0 -1
    outer loop
      vertex 56.6718 48.2642 45.9
      vertex 62 56 45.9
      vertex 57.2642 47.6718 45.9
    endloop
  endfacet
  facet normal 0 0 -1
    outer loop
      vertex 56.0591 48.8355 45.9
      vertex 62 56 45.9
      vertex 56.6718 48.2642 45.9
    endloop
  endfacet
  facet normal 0 0 -1
    outer loop
      vertex 55.4269 49.3851 45.9
      vertex 62 56 45.9
      vertex 56.0591 48.8355 45.9
    endloop
  endfacet
  facet normal 0 0 -1
    outer loop
      vertex 54.7759 49.9123 45.9
      vertex 62 56 45.9
      vertex 55.4269 49.3851 45.9
    endloop
  endfacet
  facet normal 0 0 -1
    outer loop
      vertex 54.1068 50.4164 45.9
      vertex 62 56 45.9
      vertex 54.7759 49.9123 45.9
    endloop
  endfacet
  facet normal 0 0 -1
    outer loop
      vertex 53.4206 50.8969 45.9
      vertex 62 56 45.9
      vertex 54.1068 50.4164 45.9
    endloop
  endfacet
  facet normal 0 0 -1
    outer loop
      vertex 52.7181 51.3532 45.9
      vertex 62 56 45.9
      vertex 53.4206 50.8969 45.9
    endloop
  endfacet
  facet normal 0 0 -1
    outer loop
      vertex 52 51.7846 45.9
      vertex 62 56 45.9
      vertex 52.7181 51.3532 45.9
    endloop
  endfacet
  facet normal 0 0 -1
    outer loop
      vertex 51.2673 52.1907 45.9
      vertex 62 56 45.9
      vertex 52 51.7846 45.9
    endloop
  endfacet
  facet normal 0 0 -1
    outer loop
      vertex 50.5209 52.5711 45.9
      vertex 62 56 45.9
      vertex 51.2673 52.1907 45.9
    endloop
  endfacet
  facet normal 0 0 -1
    outer loop
      vertex 46.6 56 45.9
      vertex 50.5209 52.5711 45.9
      vertex 49.7617 52.9251 45.9
    endloop
  endfacet
  facet normal 0 0 -1
    outer loop
      vertex 46.6 56 45.9
      vertex 49.7617 52.9251 45.9
      vertex 48.9906 53.2524 45.9
    endloop
  endfacet
  facet normal 0 0 -1
    outer loop
      vertex 46.6 56 45.9
      vertex 48.9906 53.2524 45.9
      vertex 48.2085 53.5526 45.9
    endloop
  endfacet
  facet normal 0 0 -1
    outer loop
      vertex 46.6 56 45.9
      vertex 48.2085 53.5526 45.9
      vertex 47.4164 53.8254 45.9
    endloop
  endfacet
  facet normal 0 0 -1
    outer loop
      vertex 46.6 56 45.9
      vertex 47.4164 53.8254 45.9
      vertex 46.6153 54.0703 45.9
    endloop
  endfacet
  facet normal 0 0 -1
    outer loop
      vertex 50.5209 52.5711 45.9
      vertex 46.6 56 45.9
      vertex 62 56 45.9
    endloop
  endfacet
  facet normal 0 0 -1
    outer loop
      vertex 46 57.2 45.9
      vertex 46.6 56 45.9
      vertex 46 56 45.9
    endloop
  endfacet
  facet normal 0 0 -1
    outer loop
      vertex 45.8061 54.2871 45.9
      vertex 46.6 56 45.9
      vertex 46.6153 54.0703 45.9
    endloop
  endfacet
  facet normal -0 0 -1
    outer loop
      vertex 46.6 56 45.9
      vertex 45.8061 54.2871 45.9
      vertex 46 56 45.9
    endloop
  endfacet
  facet normal 0 0 -1
    outer loop
      vertex 44.9899 54.4755 45.9
      vertex 46 56 45.9
      vertex 45.8061 54.2871 45.9
    endloop
  endfacet
  facet normal 0 0 -1
    outer loop
      vertex 44.1676 54.6354 45.9
      vertex 46 56 45.9
      vertex 44.9899 54.4755 45.9
    endloop
  endfacet
  facet normal 0 0 -1
    outer loop
      vertex 43.3402 54.7664 45.9
      vertex 46 56 45.9
      vertex 44.1676 54.6354 45.9
    endloop
  endfacet
  facet normal 0 0 -1
    outer loop
      vertex 42.5087 54.8685 45.9
      vertex 46 56 45.9
      vertex 43.3402 54.7664 45.9
    endloop
  endfacet
  facet normal 0 0 -1
    outer loop
      vertex 41.6742 54.9415 45.9
      vertex 46 56 45.9
      vertex 42.5087 54.8685 45.9
    endloop
  endfacet
  facet normal 0 0 -1
    outer loop
      vertex 40.8376 54.9854 45.9
      vertex 46 56 45.9
      vertex 41.6742 54.9415 45.9
    endloop
  endfacet
  facet normal 0 0 -1
    outer loop
      vertex 40 55 45.9
      vertex 46 56 45.9
      vertex 40.8376 54.9854 45.9
    endloop
  endfacet
  facet normal 0 0 -1
    outer loop
      vertex 34 56 45.9
      vertex 40 55 45.9
      vertex 39.1624 54.9854 45.9
    endloop
  endfacet
  facet normal 0 0 -1
    outer loop
      vertex 34 56 45.9
      vertex 39.1624 54.9854 45.9
      vertex 38.3258 54.9415 45.9
    endloop
  endfacet
  facet normal 0 0 -1
    outer loop
      vertex 34 56 45.9
      vertex 38.3258 54.9415 45.9
      vertex 37.4913 54.8685 45.9
    endloop
  endfacet
  facet normal 0 0 -1
    outer loop
      vertex 34 56 45.9
      vertex 37.4913 54.8685 45.9
      vertex 36.6598 54.7664 45.9
    endloop
  endfacet
  facet normal 0 0 -1
    outer loop
      vertex 40 55 45.9
      vertex 34 56 45.9
      vertex 46 56 45.9
    endloop
  endfacet
  facet normal 0 0 -1
    outer loop
      vertex 35.8324 54.6354 45.9
      vertex 34 56 45.9
      vertex 36.6598 54.7664 45.9
    endloop
  endfacet
  facet normal 0 0 -1
    outer loop
      vertex 35.0101 54.4755 45.9
      vertex 34 56 45.9
      vertex 35.8324 54.6354 45.9
    endloop
  endfacet
  facet normal 0 0 -1
    outer loop
      vertex 34.1939 54.2871 45.9
      vertex 34 56 45.9
      vertex 35.0101 54.4755 45.9
    endloop
  endfacet
  facet normal 0 0 -1
    outer loop
      vertex 34 56 45.9
      vertex 33.4 56 45.9
      vertex 34 57.2 45.9
    endloop
  endfacet
  facet normal 0 0 -1
    outer loop
      vertex 34.1939 54.2871 45.9
      vertex 33.4 56 45.9
      vertex 34 56 45.9
    endloop
  endfacet
  facet normal 0 0 -1
    outer loop
      vertex 33.3847 54.0703 45.9
      vertex 33.4 56 45.9
      vertex 34.1939 54.2871 45.9
    endloop
  endfacet
  facet normal 0 0 -1
    outer loop
      vertex 32.5836 53.8254 45.9
      vertex 33.4 56 45.9
      vertex 33.3847 54.0703 45.9
    endloop
  endfacet
  facet normal 0 0 -1
    outer loop
      vertex 31.7915 53.5526 45.9
      vertex 33.4 56 45.9
      vertex 32.5836 53.8254 45.9
    endloop
  endfacet
  facet normal 0 0 -1
    outer loop
      vertex 31.0094 53.2524 45.9
      vertex 33.4 56 45.9
      vertex 31.7915 53.5526 45.9
    endloop
  endfacet
  facet normal 0 0 -1
    outer loop
      vertex 30.2383 52.9251 45.9
      vertex 33.4 56 45.9
      vertex 31.0094 53.2524 45.9
    endloop
  endfacet
  facet normal 0 0 -1
    outer loop
      vertex 29.4791 52.5711 45.9
      vertex 33.4 56 45.9
      vertex 30.2383 52.9251 45.9
    endloop
  endfacet
  facet normal 0 0 -1
    outer loop
      vertex 18 56 45.9
      vertex 29.4791 52.5711 45.9
      vertex 28.7327 52.1907 45.9
    endloop
  endfacet
  facet normal 0 0 -1
    outer loop
      vertex 18 56 45.9
      vertex 28.7327 52.1907 45.9
      vertex 28 51.7846 45.9
    endloop
  endfacet
  facet normal 0 0 -1
    outer loop
      vertex 18 56 45.9
      vertex 28 51.7846 45.9
      vertex 27.2819 51.3532 45.9
    endloop
  endfacet
  facet normal 0 0 -1
    outer loop
      vertex 18 56 45.9
      vertex 27.2819 51.3532 45.9
      vertex 26.5794 50.8969 45.9
    endloop
  endfacet
  facet normal 0 0 -1
    outer loop
      vertex 18 56 45.9
      vertex 26.5794 50.8969 45.9
      vertex 25.8932 50.4164 45.9
    endloop
  endfacet
  facet normal 0 0 -1
    outer loop
      vertex 29.4791 52.5711 45.9
      vertex 18 56 45.9
      vertex 33.4 56 45.9
    endloop
  endfacet
  facet normal 0 0 -1
    outer loop
      vertex 25.2241 49.9123 45.9
      vertex 18 56 45.9
      vertex 25.8932 50.4164 45.9
    endloop
  endfacet
  facet normal 0 0 -1
    outer loop
      vertex 24.5731 49.3851 45.9
      vertex 18 56 45.9
      vertex 25.2241 49.9123 45.9
    endloop
  endfacet
  facet normal 0 0 -1
    outer loop
      vertex 23.9409 48.8355 45.9
      vertex 18 56 45.9
      vertex 24.5731 49.3851 45.9
    endloop
  endfacet
  facet normal 0 0 -1
    outer loop
      vertex 23.3282 48.2642 45.9
      vertex 18 56 45.9
      vertex 23.9409 48.8355 45.9
    endloop
  endfacet
  facet normal 0 0 -1
    outer loop
      vertex 22.7358 47.6718 45.9
      vertex 18 56 45.9
      vertex 23.3282 48.2642 45.9
    endloop
  endfacet
  facet normal 0 0 -1
    outer loop
      vertex 16 55.2209 45.9
      vertex 22.7358 47.6718 45.9
      vertex 22.1645 47.0591 45.9
    endloop
  endfacet
  facet normal 0 0 -1
    outer loop
      vertex 16 55.2209 45.9
      vertex 22.1645 47.0591 45.9
      vertex 21.6149 46.4269 45.9
    endloop
  endfacet
  facet normal 0 0 -1
    outer loop
      vertex 16 55.2209 45.9
      vertex 21.6149 46.4269 45.9
      vertex 21.0877 45.7759 45.9
    endloop
  endfacet
  facet normal 0 0 -1
    outer loop
      vertex 16 55.2209 45.9
      vertex 21.0877 45.7759 45.9
      vertex 20.5836 45.1068 45.9
    endloop
  endfacet
  facet normal 0 0 -1
    outer loop
      vertex 16 55.2209 45.9
      vertex 20.5836 45.1068 45.9
      vertex 20.1031 44.4206 45.9
    endloop
  endfacet
  facet normal 0 0 -1
    outer loop
      vertex 16 55.2209 45.9
      vertex 20.1031 44.4206 45.9
      vertex 19.6468 43.7181 45.9
    endloop
  endfacet
  facet normal 0 0 -1
    outer loop
      vertex 16 55.2209 45.9
      vertex 19.6468 43.7181 45.9
      vertex 19.2154 43 45.9
    endloop
  endfacet
  facet normal 0 0 -1
    outer loop
      vertex 16 55.2209 45.9
      vertex 19.2154 43 45.9
      vertex 18.8093 42.2673 45.9
    endloop
  endfacet
  facet normal 0 0 -1
    outer loop
      vertex 16 55.2209 45.9
      vertex 18.8093 42.2673 45.9
      vertex 18.4289 41.5209 45.9
    endloop
  endfacet
  facet normal 0 0 -1
    outer loop
      vertex 15 50 45.9
      vertex 18.0749 40.7617 45.9
      vertex 15 37.6 45.9
    endloop
  endfacet
  facet normal 0 0 -1
    outer loop
      vertex 15 37.6 45.9
      vertex 18.0749 40.7617 45.9
      vertex 17.7476 39.9906 45.9
    endloop
  endfacet
  facet normal 0 0 -1
    outer loop
      vertex 15 37.6 45.9
      vertex 17.7476 39.9906 45.9
      vertex 17.4474 39.2085 45.9
    endloop
  endfacet
  facet normal 0 0 -1
    outer loop
      vertex 22.7358 47.6718 45.9
      vertex 16 55.2209 45.9
      vertex 18 56 45.9
    endloop
  endfacet
  facet normal 0 0 -1
    outer loop
      vertex 15 37.6 45.9
      vertex 17.4474 39.2085 45.9
      vertex 17.1746 38.4164 45.9
    endloop
  endfacet
  facet normal 0 0 -1
    outer loop
      vertex 15 37.6 45.9
      vertex 17.1746 38.4164 45.9
      vertex 16.9297 37.6153 45.9
    endloop
  endfacet
  facet normal 0 0 -1
    outer loop
      vertex 18 56 45.9
      vertex 16 55.2209 45.9
      vertex 17.4147 55.9424 45.9
    endloop
  endfacet
  facet normal 0 0 -1
    outer loop
      vertex 15 37.6 45.9
      vertex 16.9297 37.6153 45.9
      vertex 16.7129 36.8061 45.9
    endloop
  endfacet
  facet normal 0 0 -1
    outer loop
      vertex 15 37.6 45.9
      vertex 16.7129 36.8061 45.9
      vertex 16.5245 35.9899 45.9
    endloop
  endfacet
  facet normal 0 0 -1
    outer loop
      vertex 15 37.6 45.9
      vertex 16.5245 35.9899 45.9
      vertex 16.3646 35.1676 45.9
    endloop
  endfacet
  facet normal 0 0 -1
    outer loop
      vertex 17.4147 55.9424 45.9
      vertex 16 55.2209 45.9
      vertex 16.8519 55.7716 45.9
    endloop
  endfacet
  facet normal 0 0 -1
    outer loop
      vertex 15 37.6 45.9
      vertex 16.3646 35.1676 45.9
      vertex 16.2336 34.3402 45.9
    endloop
  endfacet
  facet normal 0 0 -1
    outer loop
      vertex 15 37.6 45.9
      vertex 16.2336 34.3402 45.9
      vertex 16.1315 33.5087 45.9
    endloop
  endfacet
  facet normal 0 0 -1
    outer loop
      vertex 15 37.6 45.9
      vertex 16.1315 33.5087 45.9
      vertex 16.0585 32.6742 45.9
    endloop
  endfacet
  facet normal 0 0 -1
    outer loop
      vertex 15 37.6 45.9
      vertex 16.0585 32.6742 45.9
      vertex 16.0146 31.8376 45.9
    endloop
  endfacet
  facet normal 0 0 -1
    outer loop
      vertex 15 37.6 45.9
      vertex 16.0146 31.8376 45.9
      vertex 16 31 45.9
    endloop
  endfacet
  facet normal 0 0 -1
    outer loop
      vertex 16.8519 55.7716 45.9
      vertex 16 55.2209 45.9
      vertex 16.3333 55.4944 45.9
    endloop
  endfacet
  facet normal 0.634421 -0.772988 0
    outer loop
      vertex 65.2223 4.67412 42.9
      vertex 65.8284 5.17157 45.9
      vertex 65.2223 4.67412 45.9
    endloop
  endfacet
  facet normal 0.634421 -0.772988 0
    outer loop
      vertex 65.8284 5.17157 45.9
      vertex 65.2223 4.67412 42.9
      vertex 65.8284 5.17157 42.9
    endloop
  endfacet
  facet normal -0.634421 -0.772988 0
    outer loop
      vertex 14.1716 5.17157 42.9
      vertex 14.7777 4.67412 45.9
      vertex 14.1716 5.17157 45.9
    endloop
  endfacet
  facet normal -0.634421 -0.772988 -0
    outer loop
      vertex 14.7777 4.67412 45.9
      vertex 14.1716 5.17157 42.9
      vertex 14.7777 4.67412 42.9
    endloop
  endfacet
  facet normal 0 -1 0
    outer loop
      vertex 46.6 4 42.9
      vertex 63 4 45.9
      vertex 46.6 4 45.9
    endloop
  endfacet
  facet normal 0 -1 -0
    outer loop
      vertex 63 4 45.9
      vertex 46.6 4 42.9
      vertex 63 4 42.9
    endloop
  endfacet
  facet normal 0 -1 0
    outer loop
      vertex 17 4 42.9
      vertex 33.4 4 45.9
      vertex 17 4 45.9
    endloop
  endfacet
  facet normal 0 -1 -0
    outer loop
      vertex 33.4 4 45.9
      vertex 17 4 42.9
      vertex 33.4 4 42.9
    endloop
  endfacet
  facet normal 1 -0 0
    outer loop
      vertex 67 37.6 45.9
      vertex 67 54 42.9
      vertex 67 54 45.9
    endloop
  endfacet
  facet normal 1 0 0
    outer loop
      vertex 67 54 42.9
      vertex 67 37.6 45.9
      vertex 67 37.6 42.9
    endloop
  endfacet
  facet normal 1 -0 0
    outer loop
      vertex 67 8 45.9
      vertex 67 24.4 42.9
      vertex 67 24.4 45.9
    endloop
  endfacet
  facet normal 1 0 0
    outer loop
      vertex 67 24.4 42.9
      vertex 67 8 45.9
      vertex 67 8 42.9
    endloop
  endfacet
  facet normal 0 1 -0
    outer loop
      vertex 63 58 42.9
      vertex 46.6 58 45.9
      vertex 63 58 45.9
    endloop
  endfacet
  facet normal 0 1 0
    outer loop
      vertex 46.6 58 45.9
      vertex 63 58 42.9
      vertex 46.6 58 42.9
    endloop
  endfacet
  facet normal 0 1 -0
    outer loop
      vertex 33.4 58 42.9
      vertex 17 58 45.9
      vertex 33.4 58 45.9
    endloop
  endfacet
  facet normal 0 1 0
    outer loop
      vertex 17 58 45.9
      vertex 33.4 58 42.9
      vertex 17 58 42.9
    endloop
  endfacet
  facet normal -0.0980137 -0.995185 0
    outer loop
      vertex 16.2196 4.07686 42.9
      vertex 17 4 45.9
      vertex 16.2196 4.07686 45.9
    endloop
  endfacet
  facet normal -0.0980137 -0.995185 -0
    outer loop
      vertex 17 4 45.9
      vertex 16.2196 4.07686 42.9
      vertex 17 4 42.9
    endloop
  endfacet
  facet normal -0.290225 0.956958 0
    outer loop
      vertex 16.2196 57.9231 42.9
      vertex 16 57.8565 45.9
      vertex 16.2196 57.9231 45.9
    endloop
  endfacet
  facet normal -0.290225 0.956958 0
    outer loop
      vertex 16 57.8565 45.9
      vertex 16.2196 57.9231 42.9
      vertex 16 57.8565 42.9
    endloop
  endfacet
  facet normal 0.0980643 0.99518 -0
    outer loop
      vertex 63.7804 57.9231 42.9
      vertex 63 58 45.9
      vertex 63.7804 57.9231 45.9
    endloop
  endfacet
  facet normal 0.0980643 0.99518 0
    outer loop
      vertex 63 58 45.9
      vertex 63.7804 57.9231 42.9
      vertex 63 58 42.9
    endloop
  endfacet
  facet normal -0.290319 -0.95693 0
    outer loop
      vertex 15.4693 4.30449 42.9
      vertex 16.2196 4.07686 45.9
      vertex 15.4693 4.30449 45.9
    endloop
  endfacet
  facet normal -0.290319 -0.95693 -0
    outer loop
      vertex 16.2196 4.07686 45.9
      vertex 15.4693 4.30449 42.9
      vertex 16.2196 4.07686 42.9
    endloop
  endfacet
  facet normal 0.290283 0.956941 -0
    outer loop
      vertex 64.5307 57.6955 42.9
      vertex 63.7804 57.9231 45.9
      vertex 64.5307 57.6955 45.9
    endloop
  endfacet
  facet normal 0.290283 0.956941 0
    outer loop
      vertex 63.7804 57.9231 45.9
      vertex 64.5307 57.6955 42.9
      vertex 63.7804 57.9231 42.9
    endloop
  endfacet
  facet normal 0.956948 -0.290259 0
    outer loop
      vertex 66.6955 6.46927 45.9
      vertex 66.9231 7.21964 42.9
      vertex 66.9231 7.21964 45.9
    endloop
  endfacet
  facet normal 0.956948 -0.290259 0
    outer loop
      vertex 66.9231 7.21964 42.9
      vertex 66.6955 6.46927 45.9
      vertex 66.6955 6.46927 42.9
    endloop
  endfacet
  facet normal -0.0980643 0.99518 0
    outer loop
      vertex 17 58 42.9
      vertex 16.2196 57.9231 45.9
      vertex 17 58 45.9
    endloop
  endfacet
  facet normal -0.0980643 0.99518 0
    outer loop
      vertex 16.2196 57.9231 45.9
      vertex 17 58 42.9
      vertex 16.2196 57.9231 42.9
    endloop
  endfacet
  facet normal 0.772987 -0.634422 0
    outer loop
      vertex 65.8284 5.17157 45.9
      vertex 66.3259 5.77773 42.9
      vertex 66.3259 5.77773 45.9
    endloop
  endfacet
  facet normal 0.772987 -0.634422 0
    outer loop
      vertex 66.3259 5.77773 42.9
      vertex 65.8284 5.17157 45.9
      vertex 65.8284 5.17157 42.9
    endloop
  endfacet
  facet normal 0.471329 0.881957 -0
    outer loop
      vertex 65.2223 57.3259 42.9
      vertex 64.5307 57.6955 45.9
      vertex 65.2223 57.3259 45.9
    endloop
  endfacet
  facet normal 0.471329 0.881957 0
    outer loop
      vertex 64.5307 57.6955 45.9
      vertex 65.2223 57.3259 42.9
      vertex 64.5307 57.6955 42.9
    endloop
  endfacet
  facet normal 0.634459 0.772956 -0
    outer loop
      vertex 65.8284 56.8284 42.9
      vertex 65.2223 57.3259 45.9
      vertex 65.8284 56.8284 45.9
    endloop
  endfacet
  facet normal 0.634459 0.772956 0
    outer loop
      vertex 65.2223 57.3259 45.9
      vertex 65.8284 56.8284 42.9
      vertex 65.2223 57.3259 42.9
    endloop
  endfacet
  facet normal -0.88194 -0.471361 0
    outer loop
      vertex 13.6741 5.77773 42.9
      vertex 13.3045 6.46927 45.9
      vertex 13.3045 6.46927 42.9
    endloop
  endfacet
  facet normal -0.88194 -0.471361 0
    outer loop
      vertex 13.3045 6.46927 45.9
      vertex 13.6741 5.77773 42.9
      vertex 13.6741 5.77773 45.9
    endloop
  endfacet
  facet normal 0.290319 -0.95693 0
    outer loop
      vertex 63.7804 4.07686 42.9
      vertex 64.5307 4.30449 45.9
      vertex 63.7804 4.07686 45.9
    endloop
  endfacet
  facet normal 0.290319 -0.95693 0
    outer loop
      vertex 64.5307 4.30449 45.9
      vertex 63.7804 4.07686 42.9
      vertex 64.5307 4.30449 42.9
    endloop
  endfacet
  facet normal -0.956948 -0.290259 0
    outer loop
      vertex 13.3045 6.46927 42.9
      vertex 13.0769 7.21964 45.9
      vertex 13.0769 7.21964 42.9
    endloop
  endfacet
  facet normal -0.956948 -0.290259 0
    outer loop
      vertex 13.0769 7.21964 45.9
      vertex 13.3045 6.46927 42.9
      vertex 13.3045 6.46927 45.9
    endloop
  endfacet
  facet normal 0 0 -1
    outer loop
      vertex 65 53 42.9
      vertex 67 54 42.9
      vertex 67 37.6 42.9
    endloop
  endfacet
  facet normal 0 0 -1
    outer loop
      vertex 64.9424 53.5853 42.9
      vertex 67 54 42.9
      vertex 65 53 42.9
    endloop
  endfacet
  facet normal 0 0 -1
    outer loop
      vertex 64.7716 54.1481 42.9
      vertex 67 54 42.9
      vertex 64.9424 53.5853 42.9
    endloop
  endfacet
  facet normal 0 0 -1
    outer loop
      vertex 67 54 42.9
      vertex 64.7716 54.1481 42.9
      vertex 66.9231 54.7804 42.9
    endloop
  endfacet
  facet normal -0 0 -1
    outer loop
      vertex 66.9231 54.7804 42.9
      vertex 64.7716 54.1481 42.9
      vertex 66.6955 55.5307 42.9
    endloop
  endfacet
  facet normal 0 0 -1
    outer loop
      vertex 65 53 42.9
      vertex 67 37.6 42.9
      vertex 65 37.6 42.9
    endloop
  endfacet
  facet normal 0 0 -1
    outer loop
      vertex 64.4944 54.6667 42.9
      vertex 66.6955 55.5307 42.9
      vertex 64.7716 54.1481 42.9
    endloop
  endfacet
  facet normal -0 0 -1
    outer loop
      vertex 66.6955 55.5307 42.9
      vertex 64.4944 54.6667 42.9
      vertex 66.3259 56.2223 42.9
    endloop
  endfacet
  facet normal 0 0 -1
    outer loop
      vertex 64.1213 55.1213 42.9
      vertex 66.3259 56.2223 42.9
      vertex 64.4944 54.6667 42.9
    endloop
  endfacet
  facet normal -0 0 -1
    outer loop
      vertex 66.3259 56.2223 42.9
      vertex 64.1213 55.1213 42.9
      vertex 65.8284 56.8284 42.9
    endloop
  endfacet
  facet normal -0 0 -1
    outer loop
      vertex 65.8284 56.8284 42.9
      vertex 64.1213 55.1213 42.9
      vertex 65.2223 57.3259 42.9
    endloop
  endfacet
  facet normal 0 0 -1
    outer loop
      vertex 63.6667 55.4944 42.9
      vertex 65.2223 57.3259 42.9
      vertex 64.1213 55.1213 42.9
    endloop
  endfacet
  facet normal -0 0 -1
    outer loop
      vertex 65.2223 57.3259 42.9
      vertex 63.6667 55.4944 42.9
      vertex 64.5307 57.6955 42.9
    endloop
  endfacet
  facet normal 0 0 -1
    outer loop
      vertex 63.1481 55.7716 42.9
      vertex 64.5307 57.6955 42.9
      vertex 63.6667 55.4944 42.9
    endloop
  endfacet
  facet normal -0 0 -1
    outer loop
      vertex 64.5307 57.6955 42.9
      vertex 63.1481 55.7716 42.9
      vertex 63.7804 57.9231 42.9
    endloop
  endfacet
  facet normal 0 0 -1
    outer loop
      vertex 63.1481 55.7716 42.9
      vertex 63 58 42.9
      vertex 63.7804 57.9231 42.9
    endloop
  endfacet
  facet normal 0 0 -1
    outer loop
      vertex 62.5853 55.9424 42.9
      vertex 63 58 42.9
      vertex 63.1481 55.7716 42.9
    endloop
  endfacet
  facet normal 0 0 -1
    outer loop
      vertex 62 56 42.9
      vertex 63 58 42.9
      vertex 62.5853 55.9424 42.9
    endloop
  endfacet
  facet normal 0 0 -1
    outer loop
      vertex 46.6 58 42.9
      vertex 62 56 42.9
      vertex 46.6 56 42.9
    endloop
  endfacet
  facet normal 0 0 -1
    outer loop
      vertex 62 56 42.9
      vertex 46.6 58 42.9
      vertex 63 58 42.9
    endloop
  endfacet
  facet normal 0 0 -1
    outer loop
      vertex 33.4 4 42.9
      vertex 18 6 42.9
      vertex 33.4 6 42.9
    endloop
  endfacet
  facet normal 0 0 -1
    outer loop
      vertex 17 4 42.9
      vertex 18 6 42.9
      vertex 33.4 4 42.9
    endloop
  endfacet
  facet normal -0 0 -1
    outer loop
      vertex 18 6 42.9
      vertex 17 4 42.9
      vertex 17.4147 6.05765 42.9
    endloop
  endfacet
  facet normal 0 0 -1
    outer loop
      vertex 17 4 42.9
      vertex 16.8519 6.22836 42.9
      vertex 17.4147 6.05765 42.9
    endloop
  endfacet
  facet normal 0 0 -1
    outer loop
      vertex 16.2196 4.07686 42.9
      vertex 16.8519 6.22836 42.9
      vertex 17 4 42.9
    endloop
  endfacet
  facet normal 0 0 -1
    outer loop
      vertex 15.4693 4.30449 42.9
      vertex 16.8519 6.22836 42.9
      vertex 16.2196 4.07686 42.9
    endloop
  endfacet
  facet normal -0 0 -1
    outer loop
      vertex 16.8519 6.22836 42.9
      vertex 15.4693 4.30449 42.9
      vertex 16.3333 6.50558 42.9
    endloop
  endfacet
  facet normal 0 0 -1
    outer loop
      vertex 14.7777 4.67412 42.9
      vertex 16.3333 6.50558 42.9
      vertex 15.4693 4.30449 42.9
    endloop
  endfacet
  facet normal -0 0 -1
    outer loop
      vertex 16.3333 6.50558 42.9
      vertex 14.7777 4.67412 42.9
      vertex 15.8787 6.87868 42.9
    endloop
  endfacet
  facet normal 0 0 -1
    outer loop
      vertex 14.1716 5.17157 42.9
      vertex 15.8787 6.87868 42.9
      vertex 14.7777 4.67412 42.9
    endloop
  endfacet
  facet normal 0 0 -1
    outer loop
      vertex 13.6741 5.77773 42.9
      vertex 15.8787 6.87868 42.9
      vertex 14.1716 5.17157 42.9
    endloop
  endfacet
  facet normal -0 0 -1
    outer loop
      vertex 15.8787 6.87868 42.9
      vertex 13.6741 5.77773 42.9
      vertex 15.5056 7.33328 42.9
    endloop
  endfacet
  facet normal 0 0 -1
    outer loop
      vertex 13.3045 6.46927 42.9
      vertex 15.5056 7.33328 42.9
      vertex 13.6741 5.77773 42.9
    endloop
  endfacet
  facet normal -0 0 -1
    outer loop
      vertex 15.5056 7.33328 42.9
      vertex 13.3045 6.46927 42.9
      vertex 15.2284 7.85194 42.9
    endloop
  endfacet
  facet normal 0 0 -1
    outer loop
      vertex 13.0769 7.21964 42.9
      vertex 15.2284 7.85194 42.9
      vertex 13.3045 6.46927 42.9
    endloop
  endfacet
  facet normal 0 0 -1
    outer loop
      vertex 13 8 42.9
      vertex 15.2284 7.85194 42.9
      vertex 13.0769 7.21964 42.9
    endloop
  endfacet
  facet normal 0 0 -1
    outer loop
      vertex 15.2284 7.85194 42.9
      vertex 13 8 42.9
      vertex 15.0576 8.41473 42.9
    endloop
  endfacet
  facet normal -0 0 -1
    outer loop
      vertex 15.0576 8.41473 42.9
      vertex 13 8 42.9
      vertex 15 9 42.9
    endloop
  endfacet
  facet normal 0 0 -1
    outer loop
      vertex 13 24.4 42.9
      vertex 15 9 42.9
      vertex 13 8 42.9
    endloop
  endfacet
  facet normal 0 0 -1
    outer loop
      vertex 15 9 42.9
      vertex 13 24.4 42.9
      vertex 15 24.4 42.9
    endloop
  endfacet
  facet normal 0 0 -1
    outer loop
      vertex 67 8 42.9
      vertex 64.9424 8.41473 42.9
      vertex 65 9 42.9
    endloop
  endfacet
  facet normal 0 0 -1
    outer loop
      vertex 65.8284 5.17157 42.9
      vertex 64.7716 7.85194 42.9
      vertex 64.9424 8.41473 42.9
    endloop
  endfacet
  facet normal 0 0 -1
    outer loop
      vertex 63.6667 6.50558 42.9
      vertex 65.2223 4.67412 42.9
      vertex 64.5307 4.30449 42.9
    endloop
  endfacet
  facet normal 0 0 -1
    outer loop
      vertex 65.8284 5.17157 42.9
      vertex 64.4944 7.33328 42.9
      vertex 64.7716 7.85194 42.9
    endloop
  endfacet
  facet normal 0 0 -1
    outer loop
      vertex 65.8284 5.17157 42.9
      vertex 64.1213 6.87868 42.9
      vertex 64.4944 7.33328 42.9
    endloop
  endfacet
  facet normal 0 0 -1
    outer loop
      vertex 63.1481 6.22836 42.9
      vertex 64.5307 4.30449 42.9
      vertex 63.7804 4.07686 42.9
    endloop
  endfacet
  facet normal 0 0 -1
    outer loop
      vertex 65.2223 4.67412 42.9
      vertex 63.6667 6.50558 42.9
      vertex 64.1213 6.87868 42.9
    endloop
  endfacet
  facet normal 0 0 -1
    outer loop
      vertex 64.5307 4.30449 42.9
      vertex 63.1481 6.22836 42.9
      vertex 63.6667 6.50558 42.9
    endloop
  endfacet
  facet normal 0 0 -1
    outer loop
      vertex 63 4 42.9
      vertex 63.1481 6.22836 42.9
      vertex 63.7804 4.07686 42.9
    endloop
  endfacet
  facet normal 0 0 -1
    outer loop
      vertex 63 4 42.9
      vertex 62.5853 6.05765 42.9
      vertex 63.1481 6.22836 42.9
    endloop
  endfacet
  facet normal 0 0 -1
    outer loop
      vertex 63 4 42.9
      vertex 62 6 42.9
      vertex 62.5853 6.05765 42.9
    endloop
  endfacet
  facet normal 0 0 -1
    outer loop
      vertex 46.6 4 42.9
      vertex 62 6 42.9
      vertex 63 4 42.9
    endloop
  endfacet
  facet normal -0 0 -1
    outer loop
      vertex 62 6 42.9
      vertex 46.6 4 42.9
      vertex 46.6 6 42.9
    endloop
  endfacet
  facet normal 0 0 -1
    outer loop
      vertex 64.9424 8.41473 42.9
      vertex 67 8 42.9
      vertex 66.9231 7.21964 42.9
    endloop
  endfacet
  facet normal 0 0 -1
    outer loop
      vertex 64.9424 8.41473 42.9
      vertex 66.9231 7.21964 42.9
      vertex 66.6955 6.46927 42.9
    endloop
  endfacet
  facet normal 0 0 -1
    outer loop
      vertex 64.9424 8.41473 42.9
      vertex 66.6955 6.46927 42.9
      vertex 66.3259 5.77773 42.9
    endloop
  endfacet
  facet normal 0 0 -1
    outer loop
      vertex 64.9424 8.41473 42.9
      vertex 66.3259 5.77773 42.9
      vertex 65.8284 5.17157 42.9
    endloop
  endfacet
  facet normal 0 0 -1
    outer loop
      vertex 64.1213 6.87868 42.9
      vertex 65.8284 5.17157 42.9
      vertex 65.2223 4.67412 42.9
    endloop
  endfacet
  facet normal 0 0 -1
    outer loop
      vertex 67 8 42.9
      vertex 65 9 42.9
      vertex 67 24.4 42.9
    endloop
  endfacet
  facet normal -0 0 -1
    outer loop
      vertex 67 24.4 42.9
      vertex 65 9 42.9
      vertex 65 24.4 42.9
    endloop
  endfacet
  facet normal 0 0 -1
    outer loop
      vertex 18 56 42.9
      vertex 33.4 58 42.9
      vertex 33.4 56 42.9
    endloop
  endfacet
  facet normal 0 0 -1
    outer loop
      vertex 17 58 42.9
      vertex 18 56 42.9
      vertex 17.4147 55.9424 42.9
    endloop
  endfacet
  facet normal 0 0 -1
    outer loop
      vertex 18 56 42.9
      vertex 17 58 42.9
      vertex 33.4 58 42.9
    endloop
  endfacet
  facet normal 0 0 -1
    outer loop
      vertex 16.8519 55.7716 42.9
      vertex 17 58 42.9
      vertex 17.4147 55.9424 42.9
    endloop
  endfacet
  facet normal 0 0 -1
    outer loop
      vertex 16 57.8565 42.9
      vertex 16.8519 55.7716 42.9
      vertex 16.3333 55.4944 42.9
    endloop
  endfacet
  facet normal 0 0 -1
    outer loop
      vertex 16.8519 55.7716 42.9
      vertex 16.2196 57.9231 42.9
      vertex 17 58 42.9
    endloop
  endfacet
  facet normal 0 0 -1
    outer loop
      vertex 16 57.8565 42.9
      vertex 16.3333 55.4944 42.9
      vertex 16 55.2209 42.9
    endloop
  endfacet
  facet normal 0 0 -1
    outer loop
      vertex 16.8519 55.7716 42.9
      vertex 16 57.8565 42.9
      vertex 16.2196 57.9231 42.9
    endloop
  endfacet
  facet normal 0 0 -1
    outer loop
      vertex 13 37.6 42.9
      vertex 15 50 42.9
      vertex 15 37.6 42.9
    endloop
  endfacet
  facet normal -0 0 -1
    outer loop
      vertex 15 50 42.9
      vertex 13 37.6 42.9
      vertex 13 50 42.9
    endloop
  endfacet
  facet normal 0.881957 0.471329 0
    outer loop
      vertex 66.6955 55.5307 45.9
      vertex 66.3259 56.2223 42.9
      vertex 66.3259 56.2223 45.9
    endloop
  endfacet
  facet normal 0.881957 0.471329 0
    outer loop
      vertex 66.3259 56.2223 42.9
      vertex 66.6955 55.5307 45.9
      vertex 66.6955 55.5307 42.9
    endloop
  endfacet
  facet normal 0.956941 0.290283 0
    outer loop
      vertex 66.9231 54.7804 45.9
      vertex 66.6955 55.5307 42.9
      vertex 66.6955 55.5307 45.9
    endloop
  endfacet
  facet normal 0.956941 0.290283 0
    outer loop
      vertex 66.6955 55.5307 42.9
      vertex 66.9231 54.7804 45.9
      vertex 66.9231 54.7804 42.9
    endloop
  endfacet
  facet normal 0.88194 -0.471361 0
    outer loop
      vertex 66.3259 5.77773 45.9
      vertex 66.6955 6.46927 42.9
      vertex 66.6955 6.46927 45.9
    endloop
  endfacet
  facet normal 0.88194 -0.471361 0
    outer loop
      vertex 66.6955 6.46927 42.9
      vertex 66.3259 5.77773 45.9
      vertex 66.3259 5.77773 42.9
    endloop
  endfacet
  facet normal 0.471359 -0.881941 0
    outer loop
      vertex 64.5307 4.30449 42.9
      vertex 65.2223 4.67412 45.9
      vertex 64.5307 4.30449 45.9
    endloop
  endfacet
  facet normal 0.471359 -0.881941 0
    outer loop
      vertex 65.2223 4.67412 45.9
      vertex 64.5307 4.30449 42.9
      vertex 65.2223 4.67412 42.9
    endloop
  endfacet
  facet normal 0.772956 0.634459 0
    outer loop
      vertex 66.3259 56.2223 45.9
      vertex 65.8284 56.8284 42.9
      vertex 65.8284 56.8284 45.9
    endloop
  endfacet
  facet normal 0.772956 0.634459 0
    outer loop
      vertex 65.8284 56.8284 42.9
      vertex 66.3259 56.2223 45.9
      vertex 66.3259 56.2223 42.9
    endloop
  endfacet
  facet normal 0.99518 -0.0980692 0
    outer loop
      vertex 66.9231 7.21964 45.9
      vertex 67 8 42.9
      vertex 67 8 45.9
    endloop
  endfacet
  facet normal 0.99518 -0.0980692 0
    outer loop
      vertex 67 8 42.9
      vertex 66.9231 7.21964 45.9
      vertex 66.9231 7.21964 42.9
    endloop
  endfacet
  facet normal -0.471427 0.881905 0
    outer loop
      vertex 63.6667 6.50558 42.9
      vertex 63.1481 6.22836 45.9
      vertex 63.6667 6.50558 45.9
    endloop
  endfacet
  facet normal -0.471427 0.881905 0
    outer loop
      vertex 63.1481 6.22836 45.9
      vertex 63.6667 6.50558 42.9
      vertex 63.1481 6.22836 42.9
    endloop
  endfacet
  facet normal -0.956904 -0.290404 0
    outer loop
      vertex 64.9424 53.5853 42.9
      vertex 64.7716 54.1481 45.9
      vertex 64.7716 54.1481 42.9
    endloop
  endfacet
  facet normal -0.956904 -0.290404 0
    outer loop
      vertex 64.7716 54.1481 45.9
      vertex 64.9424 53.5853 42.9
      vertex 64.9424 53.5853 45.9
    endloop
  endfacet
  facet normal -0.995192 0.0979429 0
    outer loop
      vertex 64.9424 8.41473 42.9
      vertex 65 9 45.9
      vertex 65 9 42.9
    endloop
  endfacet
  facet normal -0.995192 0.0979429 0
    outer loop
      vertex 65 9 45.9
      vertex 64.9424 8.41473 42.9
      vertex 64.9424 8.41473 45.9
    endloop
  endfacet
  facet normal -0.772994 -0.634413 0
    outer loop
      vertex 64.4944 54.6667 42.9
      vertex 64.1213 55.1213 45.9
      vertex 64.1213 55.1213 42.9
    endloop
  endfacet
  facet normal -0.772994 -0.634413 0
    outer loop
      vertex 64.1213 55.1213 45.9
      vertex 64.4944 54.6667 42.9
      vertex 64.4944 54.6667 45.9
    endloop
  endfacet
  facet normal 0.290404 -0.956904 0
    outer loop
      vertex 16.8519 55.7716 42.9
      vertex 17.4147 55.9424 45.9
      vertex 16.8519 55.7716 45.9
    endloop
  endfacet
  facet normal 0.290404 -0.956904 0
    outer loop
      vertex 17.4147 55.9424 45.9
      vertex 16.8519 55.7716 42.9
      vertex 17.4147 55.9424 42.9
    endloop
  endfacet
  facet normal 1 -0 0
    outer loop
      vertex 15 9 45.9
      vertex 15 24.4 42.9
      vertex 15 24.4 45.9
    endloop
  endfacet
  facet normal 1 0 0
    outer loop
      vertex 15 24.4 42.9
      vertex 15 9 45.9
      vertex 15 9 42.9
    endloop
  endfacet
  facet normal 1 -0 0
    outer loop
      vertex 15 37.6 45.9
      vertex 15 50 42.9
      vertex 15 50 45.9
    endloop
  endfacet
  facet normal 1 0 0
    outer loop
      vertex 15 50 42.9
      vertex 15 37.6 45.9
      vertex 15 37.6 42.9
    endloop
  endfacet
  facet normal -0.0980222 0.995184 0
    outer loop
      vertex 62.5853 6.05765 42.9
      vertex 62 6 45.9
      vertex 62.5853 6.05765 45.9
    endloop
  endfacet
  facet normal -0.0980222 0.995184 0
    outer loop
      vertex 62 6 45.9
      vertex 62.5853 6.05765 42.9
      vertex 62 6 42.9
    endloop
  endfacet
  facet normal 0.956903 0.290408 0
    outer loop
      vertex 15.2284 7.85194 45.9
      vertex 15.0576 8.41473 42.9
      vertex 15.0576 8.41473 45.9
    endloop
  endfacet
  facet normal 0.956903 0.290408 0
    outer loop
      vertex 15.0576 8.41473 42.9
      vertex 15.2284 7.85194 45.9
      vertex 15.2284 7.85194 42.9
    endloop
  endfacet
  facet normal -0.290404 -0.956904 0
    outer loop
      vertex 62.5853 55.9424 42.9
      vertex 63.1481 55.7716 45.9
      vertex 62.5853 55.9424 45.9
    endloop
  endfacet
  facet normal -0.290404 -0.956904 -0
    outer loop
      vertex 63.1481 55.7716 45.9
      vertex 62.5853 55.9424 42.9
      vertex 63.1481 55.7716 42.9
    endloop
  endfacet
  facet normal 0 1 -0
    outer loop
      vertex 33.4 6 42.9
      vertex 18 6 45.9
      vertex 33.4 6 45.9
    endloop
  endfacet
  facet normal 0 1 0
    outer loop
      vertex 18 6 45.9
      vertex 33.4 6 42.9
      vertex 18 6 42.9
    endloop
  endfacet
  facet normal 0 1 -0
    outer loop
      vertex 62 6 42.9
      vertex 46.6 6 45.9
      vertex 62 6 45.9
    endloop
  endfacet
  facet normal 0 1 0
    outer loop
      vertex 46.6 6 45.9
      vertex 62 6 42.9
      vertex 46.6 6 42.9
    endloop
  endfacet
  facet normal 0.097938 -0.995193 0
    outer loop
      vertex 17.4147 55.9424 42.9
      vertex 18 56 45.9
      vertex 17.4147 55.9424 45.9
    endloop
  endfacet
  facet normal 0.097938 -0.995193 0
    outer loop
      vertex 18 56 45.9
      vertex 17.4147 55.9424 42.9
      vertex 18 56 42.9
    endloop
  endfacet
  facet normal -0.634413 0.772994 0
    outer loop
      vertex 64.1213 6.87868 42.9
      vertex 63.6667 6.50558 45.9
      vertex 64.1213 6.87868 45.9
    endloop
  endfacet
  facet normal -0.634413 0.772994 0
    outer loop
      vertex 63.6667 6.50558 45.9
      vertex 64.1213 6.87868 42.9
      vertex 63.6667 6.50558 42.9
    endloop
  endfacet
  facet normal 0.290264 0.956947 -0
    outer loop
      vertex 17.4147 6.05765 42.9
      vertex 16.8519 6.22836 45.9
      vertex 17.4147 6.05765 45.9
    endloop
  endfacet
  facet normal 0.290264 0.956947 0
    outer loop
      vertex 16.8519 6.22836 45.9
      vertex 17.4147 6.05765 42.9
      vertex 16.8519 6.22836 42.9
    endloop
  endfacet
  facet normal -1 0 0
    outer loop
      vertex 65 37.6 42.9
      vertex 65 53 45.9
      vertex 65 53 42.9
    endloop
  endfacet
  facet normal -1 -0 0
    outer loop
      vertex 65 53 45.9
      vertex 65 37.6 42.9
      vertex 65 37.6 45.9
    endloop
  endfacet
  facet normal -1 0 0
    outer loop
      vertex 65 9 42.9
      vertex 65 24.4 45.9
      vertex 65 24.4 42.9
    endloop
  endfacet
  facet normal -1 -0 0
    outer loop
      vertex 65 24.4 45.9
      vertex 65 9 42.9
      vertex 65 9 45.9
    endloop
  endfacet
  facet normal 0 -1 0
    outer loop
      vertex 18 56 42.9
      vertex 33.4 56 45.9
      vertex 18 56 45.9
    endloop
  endfacet
  facet normal 0 -1 -0
    outer loop
      vertex 33.4 56 45.9
      vertex 18 56 42.9
      vertex 33.4 56 42.9
    endloop
  endfacet
  facet normal 0 -1 0
    outer loop
      vertex 46.6 56 42.9
      vertex 62 56 45.9
      vertex 46.6 56 45.9
    endloop
  endfacet
  facet normal 0 -1 -0
    outer loop
      vertex 62 56 45.9
      vertex 46.6 56 42.9
      vertex 62 56 42.9
    endloop
  endfacet
  facet normal -0.995193 -0.097938 0
    outer loop
      vertex 65 53 42.9
      vertex 64.9424 53.5853 45.9
      vertex 64.9424 53.5853 42.9
    endloop
  endfacet
  facet normal -0.995193 -0.097938 0
    outer loop
      vertex 64.9424 53.5853 45.9
      vertex 65 53 42.9
      vertex 65 53 45.9
    endloop
  endfacet
  facet normal -0.097938 -0.995193 0
    outer loop
      vertex 62 56 42.9
      vertex 62.5853 55.9424 45.9
      vertex 62 56 45.9
    endloop
  endfacet
  facet normal -0.097938 -0.995193 -0
    outer loop
      vertex 62.5853 55.9424 45.9
      vertex 62 56 42.9
      vertex 62.5853 55.9424 42.9
    endloop
  endfacet
  facet normal 0.634349 -0.773047 0
    outer loop
      vertex 16 55.2209 42.9
      vertex 16.3333 55.4944 45.9
      vertex 16 55.2209 45.9
    endloop
  endfacet
  facet normal 0.634349 -0.773047 0
    outer loop
      vertex 16.3333 55.4944 45.9
      vertex 16 55.2209 42.9
      vertex 16.3333 55.4944 42.9
    endloop
  endfacet
  facet normal -0.956903 0.290408 0
    outer loop
      vertex 64.7716 7.85194 42.9
      vertex 64.9424 8.41473 45.9
      vertex 64.9424 8.41473 42.9
    endloop
  endfacet
  facet normal -0.956903 0.290408 0
    outer loop
      vertex 64.9424 8.41473 45.9
      vertex 64.7716 7.85194 42.9
      vertex 64.7716 7.85194 45.9
    endloop
  endfacet
  facet normal -0.881919 -0.4714 0
    outer loop
      vertex 64.7716 54.1481 42.9
      vertex 64.4944 54.6667 45.9
      vertex 64.4944 54.6667 42.9
    endloop
  endfacet
  facet normal -0.881919 -0.4714 0
    outer loop
      vertex 64.4944 54.6667 45.9
      vertex 64.7716 54.1481 42.9
      vertex 64.7716 54.1481 45.9
    endloop
  endfacet
  facet normal 0.0980222 0.995184 -0
    outer loop
      vertex 18 6 42.9
      vertex 17.4147 6.05765 45.9
      vertex 18 6 45.9
    endloop
  endfacet
  facet normal 0.0980222 0.995184 0
    outer loop
      vertex 17.4147 6.05765 45.9
      vertex 18 6 42.9
      vertex 17.4147 6.05765 42.9
    endloop
  endfacet
  facet normal 0.881942 0.471358 0
    outer loop
      vertex 15.5056 7.33328 45.9
      vertex 15.2284 7.85194 42.9
      vertex 15.2284 7.85194 45.9
    endloop
  endfacet
  facet normal 0.881942 0.471358 0
    outer loop
      vertex 15.2284 7.85194 42.9
      vertex 15.5056 7.33328 45.9
      vertex 15.5056 7.33328 42.9
    endloop
  endfacet
  facet normal -0.4714 -0.881919 0
    outer loop
      vertex 63.1481 55.7716 42.9
      vertex 63.6667 55.4944 45.9
      vertex 63.1481 55.7716 45.9
    endloop
  endfacet
  facet normal -0.4714 -0.881919 -0
    outer loop
      vertex 63.6667 55.4944 45.9
      vertex 63.1481 55.7716 42.9
      vertex 63.6667 55.4944 42.9
    endloop
  endfacet
  facet normal 0.4714 -0.881919 0
    outer loop
      vertex 16.3333 55.4944 42.9
      vertex 16.8519 55.7716 45.9
      vertex 16.3333 55.4944 45.9
    endloop
  endfacet
  facet normal 0.4714 -0.881919 0
    outer loop
      vertex 16.8519 55.7716 45.9
      vertex 16.3333 55.4944 42.9
      vertex 16.8519 55.7716 42.9
    endloop
  endfacet
  facet normal 0.634413 0.772994 -0
    outer loop
      vertex 16.3333 6.50558 42.9
      vertex 15.8787 6.87868 45.9
      vertex 16.3333 6.50558 45.9
    endloop
  endfacet
  facet normal 0.634413 0.772994 0
    outer loop
      vertex 15.8787 6.87868 45.9
      vertex 16.3333 6.50558 42.9
      vertex 15.8787 6.87868 42.9
    endloop
  endfacet
  facet normal -0.634413 -0.772994 0
    outer loop
      vertex 63.6667 55.4944 42.9
      vertex 64.1213 55.1213 45.9
      vertex 63.6667 55.4944 45.9
    endloop
  endfacet
  facet normal -0.634413 -0.772994 -0
    outer loop
      vertex 64.1213 55.1213 45.9
      vertex 63.6667 55.4944 42.9
      vertex 64.1213 55.1213 42.9
    endloop
  endfacet
  facet normal -0.290264 0.956947 0
    outer loop
      vertex 63.1481 6.22836 42.9
      vertex 62.5853 6.05765 45.9
      vertex 63.1481 6.22836 45.9
    endloop
  endfacet
  facet normal -0.290264 0.956947 0
    outer loop
      vertex 62.5853 6.05765 45.9
      vertex 63.1481 6.22836 42.9
      vertex 62.5853 6.05765 42.9
    endloop
  endfacet
  facet normal 0.772994 0.634413 0
    outer loop
      vertex 15.8787 6.87868 45.9
      vertex 15.5056 7.33328 42.9
      vertex 15.5056 7.33328 45.9
    endloop
  endfacet
  facet normal 0.772994 0.634413 0
    outer loop
      vertex 15.5056 7.33328 42.9
      vertex 15.8787 6.87868 45.9
      vertex 15.8787 6.87868 42.9
    endloop
  endfacet
  facet normal 0.471427 0.881905 -0
    outer loop
      vertex 16.8519 6.22836 42.9
      vertex 16.3333 6.50558 45.9
      vertex 16.8519 6.22836 45.9
    endloop
  endfacet
  facet normal 0.471427 0.881905 0
    outer loop
      vertex 16.3333 6.50558 45.9
      vertex 16.8519 6.22836 42.9
      vertex 16.3333 6.50558 42.9
    endloop
  endfacet
  facet normal -0.881942 0.471358 0
    outer loop
      vertex 64.4944 7.33328 42.9
      vertex 64.7716 7.85194 45.9
      vertex 64.7716 7.85194 42.9
    endloop
  endfacet
  facet normal -0.881942 0.471358 0
    outer loop
      vertex 64.7716 7.85194 45.9
      vertex 64.4944 7.33328 42.9
      vertex 64.4944 7.33328 45.9
    endloop
  endfacet
  facet normal 0.995192 0.0979429 0
    outer loop
      vertex 15.0576 8.41473 45.9
      vertex 15 9 42.9
      vertex 15 9 45.9
    endloop
  endfacet
  facet normal 0.995192 0.0979429 0
    outer loop
      vertex 15 9 42.9
      vertex 15.0576 8.41473 45.9
      vertex 15.0576 8.41473 42.9
    endloop
  endfacet
  facet normal -0.772994 0.634413 0
    outer loop
      vertex 64.1213 6.87868 42.9
      vertex 64.4944 7.33328 45.9
      vertex 64.4944 7.33328 42.9
    endloop
  endfacet
  facet normal -0.772994 0.634413 0
    outer loop
      vertex 64.4944 7.33328 45.9
      vertex 64.1213 6.87868 42.9
      vertex 64.1213 6.87868 45.9
    endloop
  endfacet
  facet normal -1 0 0
    outer loop
      vertex 16 55.2209 42.9
      vertex 16 57.8565 45.9
      vertex 16 57.8565 42.9
    endloop
  endfacet
  facet normal -1 -0 0
    outer loop
      vertex 16 57.8565 45.9
      vertex 16 55.2209 42.9
      vertex 16 55.2209 45.9
    endloop
  endfacet
  facet normal 0 1 -0
    outer loop
      vertex 15 50 42.9
      vertex 13 50 45.9
      vertex 15 50 45.9
    endloop
  endfacet
  facet normal 0 1 0
    outer loop
      vertex 13 50 45.9
      vertex 15 50 42.9
      vertex 13 50 42.9
    endloop
  endfacet
  facet normal 1 -0 0
    outer loop
      vertex 15 25 45.9
      vertex 15 37 35.9
      vertex 15 37 45.9
    endloop
  endfacet
  facet normal 1 0 0
    outer loop
      vertex 15 37 35.9
      vertex 15 25 45.9
      vertex 15 25 35.9
    endloop
  endfacet
  facet normal 0 0 -1
    outer loop
      vertex 13.8 25 33.7144
      vertex 15 37 33.7144
      vertex 15 25 33.7144
    endloop
  endfacet
  facet normal -0 0 -1
    outer loop
      vertex 15 37 33.7144
      vertex 13.8 25 33.7144
      vertex 13.8 37 33.7144
    endloop
  endfacet
  facet normal -1 0 0
    outer loop
      vertex 13.8 25 33.7144
      vertex 13.8 37 45.9
      vertex 13.8 37 33.7144
    endloop
  endfacet
  facet normal -1 -0 0
    outer loop
      vertex 13.8 37 45.9
      vertex 13.8 25 33.7144
      vertex 13.8 25 45.9
    endloop
  endfacet
  facet normal 0 1 -0
    outer loop
      vertex 15 37 35.9
      vertex 13.8 37 45.9
      vertex 15 37 45.9
    endloop
  endfacet
  facet normal 0 1 0
    outer loop
      vertex 15 37 33.7144
      vertex 15 37 35.9
      vertex 15.8 37 35.1
    endloop
  endfacet
  facet normal 0 1 0
    outer loop
      vertex 13.8 37 33.7144
      vertex 15 37 35.9
      vertex 15 37 33.7144
    endloop
  endfacet
  facet normal 0 1 0
    outer loop
      vertex 15 37 35.9
      vertex 13.8 37 33.7144
      vertex 13.8 37 45.9
    endloop
  endfacet
  facet normal 0 -1 0
    outer loop
      vertex 13.8 25 45.9
      vertex 15 25 35.9
      vertex 15 25 45.9
    endloop
  endfacet
  facet normal 0 -1 0
    outer loop
      vertex 15 25 35.9
      vertex 15 25 33.7144
      vertex 15.8 25 35.1
    endloop
  endfacet
  facet normal 0 -1 0
    outer loop
      vertex 13.8 25 33.7144
      vertex 15 25 35.9
      vertex 13.8 25 45.9
    endloop
  endfacet
  facet normal 0 -1 -0
    outer loop
      vertex 15 25 35.9
      vertex 13.8 25 33.7144
      vertex 15 25 33.7144
    endloop
  endfacet
  facet normal 0.866019 0 -0.500011
    outer loop
      vertex 15.8 25 35.1
      vertex 15 37 33.7144
      vertex 15.8 37 35.1
    endloop
  endfacet
  facet normal 0.866019 0 -0.500011
    outer loop
      vertex 15 37 33.7144
      vertex 15.8 25 35.1
      vertex 15 25 33.7144
    endloop
  endfacet
  facet normal 0.707107 0 0.707107
    outer loop
      vertex 15 37 35.9
      vertex 15.8 25 35.1
      vertex 15.8 37 35.1
    endloop
  endfacet
  facet normal 0.707107 0 0.707107
    outer loop
      vertex 15.8 25 35.1
      vertex 15 37 35.9
      vertex 15 25 35.9
    endloop
  endfacet
  facet normal 0 1 -0
    outer loop
      vertex 46 6 35.9
      vertex 34 6 45.9
      vertex 46 6 45.9
    endloop
  endfacet
  facet normal 0 1 0
    outer loop
      vertex 34 6 45.9
      vertex 46 6 35.9
      vertex 34 6 35.9
    endloop
  endfacet
  facet normal 0 0 -1
    outer loop
      vertex 34 4.8 33.7144
      vertex 46 6 33.7144
      vertex 46 4.8 33.7144
    endloop
  endfacet
  facet normal -0 0 -1
    outer loop
      vertex 46 6 33.7144
      vertex 34 4.8 33.7144
      vertex 34 6 33.7144
    endloop
  endfacet
  facet normal 0 -1 0
    outer loop
      vertex 34 4.8 33.7144
      vertex 46 4.8 45.9
      vertex 34 4.8 45.9
    endloop
  endfacet
  facet normal 0 -1 -0
    outer loop
      vertex 46 4.8 45.9
      vertex 34 4.8 33.7144
      vertex 46 4.8 33.7144
    endloop
  endfacet
  facet normal -1 0 0
    outer loop
      vertex 34 6 33.7144
      vertex 34 4.8 33.7144
      vertex 34 6 35.9
    endloop
  endfacet
  facet normal -1 0 0
    outer loop
      vertex 34 4.8 45.9
      vertex 34 6 35.9
      vertex 34 4.8 33.7144
    endloop
  endfacet
  facet normal -1 0 0
    outer loop
      vertex 34 6 35.9
      vertex 34 4.8 45.9
      vertex 34 6 45.9
    endloop
  endfacet
  facet normal -1 -0 0
    outer loop
      vertex 34 6.8 35.1
      vertex 34 6 33.7144
      vertex 34 6 35.9
    endloop
  endfacet
  facet normal 1 -0 0
    outer loop
      vertex 46 4.8 45.9
      vertex 46 6 35.9
      vertex 46 6 45.9
    endloop
  endfacet
  facet normal 1 0 0
    outer loop
      vertex 46 4.8 33.7144
      vertex 46 6 35.9
      vertex 46 4.8 45.9
    endloop
  endfacet
  facet normal 1 0 0
    outer loop
      vertex 46 6 35.9
      vertex 46 4.8 33.7144
      vertex 46 6 33.7144
    endloop
  endfacet
  facet normal 1 0 0
    outer loop
      vertex 46 6.8 35.1
      vertex 46 6 35.9
      vertex 46 6 33.7144
    endloop
  endfacet
  facet normal 0 0.866019 -0.500011
    outer loop
      vertex 46 6 33.7144
      vertex 34 6.8 35.1
      vertex 46 6.8 35.1
    endloop
  endfacet
  facet normal 0 0.866019 -0.500011
    outer loop
      vertex 34 6.8 35.1
      vertex 46 6 33.7144
      vertex 34 6 33.7144
    endloop
  endfacet
  facet normal -0 0.707107 0.707107
    outer loop
      vertex 34 6.8 35.1
      vertex 46 6 35.9
      vertex 46 6.8 35.1
    endloop
  endfacet
  facet normal 0 0.707107 0.707107
    outer loop
      vertex 46 6 35.9
      vertex 34 6.8 35.1
      vertex 34 6 35.9
    endloop
  endfacet
  facet normal -1 0 0
    outer loop
      vertex 65 25 35.9
      vertex 65 37 45.9
      vertex 65 37 35.9
    endloop
  endfacet
  facet normal -1 -0 0
    outer loop
      vertex 65 37 45.9
      vertex 65 25 35.9
      vertex 65 25 45.9
    endloop
  endfacet
  facet normal 0 0 -1
    outer loop
      vertex 65 25 33.7144
      vertex 66.2 37 33.7144
      vertex 66.2 25 33.7144
    endloop
  endfacet
  facet normal -0 0 -1
    outer loop
      vertex 66.2 37 33.7144
      vertex 65 25 33.7144
      vertex 65 37 33.7144
    endloop
  endfacet
  facet normal 1 -0 0
    outer loop
      vertex 66.2 25 45.9
      vertex 66.2 37 33.7144
      vertex 66.2 37 45.9
    endloop
  endfacet
  facet normal 1 0 0
    outer loop
      vertex 66.2 37 33.7144
      vertex 66.2 25 45.9
      vertex 66.2 25 33.7144
    endloop
  endfacet
  facet normal 0 -1 0
    outer loop
      vertex 65 25 35.9
      vertex 66.2 25 45.9
      vertex 65 25 45.9
    endloop
  endfacet
  facet normal 0 -1 0
    outer loop
      vertex 65 25 33.7144
      vertex 65 25 35.9
      vertex 64.2 25 35.1
    endloop
  endfacet
  facet normal 0 -1 0
    outer loop
      vertex 66.2 25 33.7144
      vertex 65 25 35.9
      vertex 65 25 33.7144
    endloop
  endfacet
  facet normal 0 -1 0
    outer loop
      vertex 65 25 35.9
      vertex 66.2 25 33.7144
      vertex 66.2 25 45.9
    endloop
  endfacet
  facet normal 0 1 0
    outer loop
      vertex 66.2 37 45.9
      vertex 65 37 35.9
      vertex 65 37 45.9
    endloop
  endfacet
  facet normal 0 1 0
    outer loop
      vertex 65 37 35.9
      vertex 65 37 33.7144
      vertex 64.2 37 35.1
    endloop
  endfacet
  facet normal 0 1 -0
    outer loop
      vertex 66.2 37 33.7144
      vertex 65 37 35.9
      vertex 66.2 37 45.9
    endloop
  endfacet
  facet normal 0 1 0
    outer loop
      vertex 65 37 35.9
      vertex 66.2 37 33.7144
      vertex 65 37 33.7144
    endloop
  endfacet
  facet normal -0.866019 0 -0.500011
    outer loop
      vertex 65 25 33.7144
      vertex 64.2 37 35.1
      vertex 65 37 33.7144
    endloop
  endfacet
  facet normal -0.866019 -0 -0.500011
    outer loop
      vertex 64.2 37 35.1
      vertex 65 25 33.7144
      vertex 64.2 25 35.1
    endloop
  endfacet
  facet normal -0.707107 0 0.707107
    outer loop
      vertex 64.2 37 35.1
      vertex 65 25 35.9
      vertex 65 37 35.9
    endloop
  endfacet
  facet normal -0.707107 0 0.707107
    outer loop
      vertex 65 25 35.9
      vertex 64.2 37 35.1
      vertex 64.2 25 35.1
    endloop
  endfacet
  facet normal 0 -1 0
    outer loop
      vertex 34 56 35.9
      vertex 46 56 45.9
      vertex 34 56 45.9
    endloop
  endfacet
  facet normal 0 -1 -0
    outer loop
      vertex 46 56 45.9
      vertex 34 56 35.9
      vertex 46 56 35.9
    endloop
  endfacet
  facet normal 0 0 -1
    outer loop
      vertex 34 56 33.7144
      vertex 46 57.2 33.7144
      vertex 46 56 33.7144
    endloop
  endfacet
  facet normal -0 0 -1
    outer loop
      vertex 46 57.2 33.7144
      vertex 34 56 33.7144
      vertex 34 57.2 33.7144
    endloop
  endfacet
  facet normal 0 1 -0
    outer loop
      vertex 46 57.2 33.7144
      vertex 34 57.2 45.9
      vertex 46 57.2 45.9
    endloop
  endfacet
  facet normal 0 1 0
    outer loop
      vertex 34 57.2 45.9
      vertex 46 57.2 33.7144
      vertex 34 57.2 33.7144
    endloop
  endfacet
  facet normal 1 0 0
    outer loop
      vertex 46 56 35.9
      vertex 46 55.2 35.1
      vertex 46 56 33.7144
    endloop
  endfacet
  facet normal 1 0 0
    outer loop
      vertex 46 56 35.9
      vertex 46 57.2 45.9
      vertex 46 56 45.9
    endloop
  endfacet
  facet normal 1 0 0
    outer loop
      vertex 46 57.2 45.9
      vertex 46 56 35.9
      vertex 46 57.2 33.7144
    endloop
  endfacet
  facet normal 1 0 0
    outer loop
      vertex 46 56 33.7144
      vertex 46 57.2 33.7144
      vertex 46 56 35.9
    endloop
  endfacet
  facet normal -1 0 0
    outer loop
      vertex 34 56 33.7144
      vertex 34 55.2 35.1
      vertex 34 56 35.9
    endloop
  endfacet
  facet normal -1 0 0
    outer loop
      vertex 34 56 35.9
      vertex 34 57.2 33.7144
      vertex 34 56 33.7144
    endloop
  endfacet
  facet normal -1 0 0
    outer loop
      vertex 34 57.2 33.7144
      vertex 34 56 35.9
      vertex 34 57.2 45.9
    endloop
  endfacet
  facet normal -1 -0 0
    outer loop
      vertex 34 57.2 45.9
      vertex 34 56 35.9
      vertex 34 56 45.9
    endloop
  endfacet
  facet normal 0 -0.866019 -0.500011
    outer loop
      vertex 34 56 33.7144
      vertex 46 55.2 35.1
      vertex 34 55.2 35.1
    endloop
  endfacet
  facet normal 0 -0.866019 -0.500011
    outer loop
      vertex 46 55.2 35.1
      vertex 34 56 33.7144
      vertex 46 56 33.7144
    endloop
  endfacet
  facet normal 0 -0.707107 0.707107
    outer loop
      vertex 34 56 35.9
      vertex 46 55.2 35.1
      vertex 46 56 35.9
    endloop
  endfacet
  facet normal 0 -0.707107 0.707107
    outer loop
      vertex 46 55.2 35.1
      vertex 34 56 35.9
      vertex 34 55.2 35.1
    endloop
  endfacet
  facet normal 0.471429 -0.881904 0
    outer loop
      vertex 91.1481 0.228363 45.9
      vertex 91.6667 0.505585 48.3
      vertex 91.1481 0.228363 48.3
    endloop
  endfacet
  facet normal 0.471429 -0.881904 0
    outer loop
      vertex 91.6667 0.505585 48.3
      vertex 91.1481 0.228363 45.9
      vertex 91.6667 0.505585 45.9
    endloop
  endfacet
  facet normal -0.290277 -0.956943 0
    outer loop
      vertex 1.85194 0.228363 45.9
      vertex 2.41473 0.0576477 48.3
      vertex 1.85194 0.228363 48.3
    endloop
  endfacet
  facet normal -0.290277 -0.956943 -0
    outer loop
      vertex 2.41473 0.0576477 48.3
      vertex 1.85194 0.228363 45.9
      vertex 2.41473 0.0576477 45.9
    endloop
  endfacet
  facet normal -0.881927 -0.471387 0
    outer loop
      vertex 0.505585 1.33328 45.9
      vertex 0.228363 1.85194 48.3
      vertex 0.228363 1.85194 45.9
    endloop
  endfacet
  facet normal -0.881927 -0.471387 0
    outer loop
      vertex 0.228363 1.85194 48.3
      vertex 0.505585 1.33328 45.9
      vertex 0.505585 1.33328 48.3
    endloop
  endfacet
  facet normal -0.634402 -0.773003 0
    outer loop
      vertex 0.878677 0.878677 45.9
      vertex 1.33328 0.505585 48.3
      vertex 0.878677 0.878677 48.3
    endloop
  endfacet
  facet normal -0.634402 -0.773003 -0
    outer loop
      vertex 1.33328 0.505585 48.3
      vertex 0.878677 0.878677 45.9
      vertex 1.33328 0.505585 45.9
    endloop
  endfacet
  facet normal 0.290272 -0.956944 0
    outer loop
      vertex 90.5853 0.0576477 45.9
      vertex 91.1481 0.228363 48.3
      vertex 90.5853 0.0576477 48.3
    endloop
  endfacet
  facet normal 0.290272 -0.956944 0
    outer loop
      vertex 91.1481 0.228363 48.3
      vertex 90.5853 0.0576477 45.9
      vertex 91.1481 0.228363 45.9
    endloop
  endfacet
  facet normal 0.956903 -0.290408 0
    outer loop
      vertex 92.7716 1.85194 48.3
      vertex 92.9424 2.41473 45.9
      vertex 92.9424 2.41473 48.3
    endloop
  endfacet
  facet normal 0.956903 -0.290408 0
    outer loop
      vertex 92.9424 2.41473 45.9
      vertex 92.7716 1.85194 48.3
      vertex 92.7716 1.85194 45.9
    endloop
  endfacet
  facet normal 0.0980183 -0.995185 0
    outer loop
      vertex 90 0 45.9
      vertex 90.5853 0.0576477 48.3
      vertex 90 0 48.3
    endloop
  endfacet
  facet normal 0.0980183 -0.995185 0
    outer loop
      vertex 90.5853 0.0576477 48.3
      vertex 90 0 45.9
      vertex 90.5853 0.0576477 45.9
    endloop
  endfacet
  facet normal 0.995193 0.097938 0
    outer loop
      vertex 93 61 48.3
      vertex 92.9424 61.5853 45.9
      vertex 92.9424 61.5853 48.3
    endloop
  endfacet
  facet normal 0.995193 0.097938 0
    outer loop
      vertex 92.9424 61.5853 45.9
      vertex 93 61 48.3
      vertex 93 61 45.9
    endloop
  endfacet
  facet normal 1 -0 0
    outer loop
      vertex 93 3 48.3
      vertex 93 61 45.9
      vertex 93 61 48.3
    endloop
  endfacet
  facet normal 1 0 0
    outer loop
      vertex 93 61 45.9
      vertex 93 3 48.3
      vertex 93 3 45.9
    endloop
  endfacet
  facet normal 0 -1 0
    outer loop
      vertex 3 0 45.9
      vertex 90 0 48.3
      vertex 3 0 48.3
    endloop
  endfacet
  facet normal 0 -1 -0
    outer loop
      vertex 90 0 48.3
      vertex 3 0 45.9
      vertex 90 0 45.9
    endloop
  endfacet
  facet normal 0.634405 -0.773001 0
    outer loop
      vertex 91.6667 0.505585 45.9
      vertex 92.1213 0.878677 48.3
      vertex 91.6667 0.505585 48.3
    endloop
  endfacet
  facet normal 0.634405 -0.773001 0
    outer loop
      vertex 92.1213 0.878677 48.3
      vertex 91.6667 0.505585 45.9
      vertex 92.1213 0.878677 45.9
    endloop
  endfacet
  facet normal -0.956943 -0.290277 0
    outer loop
      vertex 0.228363 1.85194 45.9
      vertex 0.0576477 2.41473 48.3
      vertex 0.0576477 2.41473 45.9
    endloop
  endfacet
  facet normal -0.956943 -0.290277 0
    outer loop
      vertex 0.0576477 2.41473 48.3
      vertex 0.228363 1.85194 45.9
      vertex 0.228363 1.85194 48.3
    endloop
  endfacet
  facet normal -0.471387 -0.881927 0
    outer loop
      vertex 1.33328 0.505585 45.9
      vertex 1.85194 0.228363 48.3
      vertex 1.33328 0.505585 48.3
    endloop
  endfacet
  facet normal -0.471387 -0.881927 -0
    outer loop
      vertex 1.85194 0.228363 48.3
      vertex 1.33328 0.505585 45.9
      vertex 1.85194 0.228363 45.9
    endloop
  endfacet
  facet normal 0.772994 0.634413 0
    outer loop
      vertex 92.4944 62.6667 48.3
      vertex 92.1213 63.1213 45.9
      vertex 92.1213 63.1213 48.3
    endloop
  endfacet
  facet normal 0.772994 0.634413 0
    outer loop
      vertex 92.1213 63.1213 45.9
      vertex 92.4944 62.6667 48.3
      vertex 92.4944 62.6667 45.9
    endloop
  endfacet
  facet normal -0.290408 0.956903 0
    outer loop
      vertex 2.41473 63.9424 45.9
      vertex 1.85194 63.7716 48.3
      vertex 2.41473 63.9424 48.3
    endloop
  endfacet
  facet normal -0.290408 0.956903 0
    outer loop
      vertex 1.85194 63.7716 48.3
      vertex 2.41473 63.9424 45.9
      vertex 1.85194 63.7716 45.9
    endloop
  endfacet
  facet normal 0 1 -0
    outer loop
      vertex 90 64 45.9
      vertex 3 64 48.3
      vertex 90 64 48.3
    endloop
  endfacet
  facet normal 0 1 0
    outer loop
      vertex 3 64 48.3
      vertex 90 64 45.9
      vertex 3 64 45.9
    endloop
  endfacet
  facet normal -0.0979429 0.995192 0
    outer loop
      vertex 3 64 45.9
      vertex 2.41473 63.9424 48.3
      vertex 3 64 48.3
    endloop
  endfacet
  facet normal -0.0979429 0.995192 0
    outer loop
      vertex 2.41473 63.9424 48.3
      vertex 3 64 45.9
      vertex 2.41473 63.9424 45.9
    endloop
  endfacet
  facet normal 0.772996 -0.634411 0
    outer loop
      vertex 92.1213 0.878677 48.3
      vertex 92.4944 1.33328 45.9
      vertex 92.4944 1.33328 48.3
    endloop
  endfacet
  facet normal 0.772996 -0.634411 0
    outer loop
      vertex 92.4944 1.33328 45.9
      vertex 92.1213 0.878677 48.3
      vertex 92.1213 0.878677 45.9
    endloop
  endfacet
  facet normal -0.471358 0.881942 0
    outer loop
      vertex 1.85194 63.7716 45.9
      vertex 1.33328 63.4944 48.3
      vertex 1.85194 63.7716 48.3
    endloop
  endfacet
  facet normal -0.471358 0.881942 0
    outer loop
      vertex 1.33328 63.4944 48.3
      vertex 1.85194 63.7716 45.9
      vertex 1.33328 63.4944 45.9
    endloop
  endfacet
  facet normal 0.634413 0.772994 -0
    outer loop
      vertex 92.1213 63.1213 45.9
      vertex 91.6667 63.4944 48.3
      vertex 92.1213 63.1213 48.3
    endloop
  endfacet
  facet normal 0.634413 0.772994 0
    outer loop
      vertex 91.6667 63.4944 48.3
      vertex 92.1213 63.1213 45.9
      vertex 91.6667 63.4944 45.9
    endloop
  endfacet
  facet normal -0.634411 0.772996 0
    outer loop
      vertex 1.33328 63.4944 45.9
      vertex 0.878677 63.1213 48.3
      vertex 1.33328 63.4944 48.3
    endloop
  endfacet
  facet normal -0.634411 0.772996 0
    outer loop
      vertex 0.878677 63.1213 48.3
      vertex 1.33328 63.4944 45.9
      vertex 0.878677 63.1213 45.9
    endloop
  endfacet
  facet normal 0.881942 -0.471358 0
    outer loop
      vertex 92.4944 1.33328 48.3
      vertex 92.7716 1.85194 45.9
      vertex 92.7716 1.85194 48.3
    endloop
  endfacet
  facet normal 0.881942 -0.471358 0
    outer loop
      vertex 92.7716 1.85194 45.9
      vertex 92.4944 1.33328 48.3
      vertex 92.4944 1.33328 45.9
    endloop
  endfacet
  facet normal -1 0 0
    outer loop
      vertex 0 3 45.9
      vertex 0 61 48.3
      vertex 0 61 45.9
    endloop
  endfacet
  facet normal -1 -0 0
    outer loop
      vertex 0 61 48.3
      vertex 0 3 45.9
      vertex 0 3 48.3
    endloop
  endfacet
  facet normal 0.995192 -0.0979429 0
    outer loop
      vertex 92.9424 2.41473 48.3
      vertex 93 3 45.9
      vertex 93 3 48.3
    endloop
  endfacet
  facet normal 0.995192 -0.0979429 0
    outer loop
      vertex 93 3 45.9
      vertex 92.9424 2.41473 48.3
      vertex 92.9424 2.41473 45.9
    endloop
  endfacet
  facet normal 0.4714 0.881919 -0
    outer loop
      vertex 91.6667 63.4944 45.9
      vertex 91.1481 63.7716 48.3
      vertex 91.6667 63.4944 48.3
    endloop
  endfacet
  facet normal 0.4714 0.881919 0
    outer loop
      vertex 91.1481 63.7716 48.3
      vertex 91.6667 63.4944 45.9
      vertex 91.1481 63.7716 45.9
    endloop
  endfacet
  facet normal 0 0 1
    outer loop
      vertex 26.8936 10.899 48.3
      vertex 26.5794 11.1031 48.3
      vertex 26.8742 10.8654 48.3
    endloop
  endfacet
  facet normal 0 0 1
    outer loop
      vertex 53.4206 11.1031 48.3
      vertex 53.1064 10.899 48.3
      vertex 53.1258 10.8654 48.3
    endloop
  endfacet
  facet normal 0 0 1
    outer loop
      vertex 90 64 48.3
      vertex 93 61 48.3
      vertex 92.9424 61.5853 48.3
    endloop
  endfacet
  facet normal 0 0 1
    outer loop
      vertex 93 61 48.3
      vertex 64 32.3 48.3
      vertex 93 3 48.3
    endloop
  endfacet
  facet normal 0 0 1
    outer loop
      vertex 90 64 48.3
      vertex 92.9424 61.5853 48.3
      vertex 92.7716 62.1481 48.3
    endloop
  endfacet
  facet normal -0 0 1
    outer loop
      vertex 64 29.7 48.3
      vertex 93 3 48.3
      vertex 64 32.3 48.3
    endloop
  endfacet
  facet normal 0 0 1
    outer loop
      vertex 90 64 48.3
      vertex 92.7716 62.1481 48.3
      vertex 92.4944 62.6667 48.3
    endloop
  endfacet
  facet normal -0 0 1
    outer loop
      vertex 63.8685 28.4913 48.3
      vertex 93 3 48.3
      vertex 64 29.7 48.3
    endloop
  endfacet
  facet normal 0 0 1
    outer loop
      vertex 90 64 48.3
      vertex 92.4944 62.6667 48.3
      vertex 92.1213 63.1213 48.3
    endloop
  endfacet
  facet normal -0 0 1
    outer loop
      vertex 63.7664 27.6598 48.3
      vertex 93 3 48.3
      vertex 63.8685 28.4913 48.3
    endloop
  endfacet
  facet normal 0 0 1
    outer loop
      vertex 90 64 48.3
      vertex 92.1213 63.1213 48.3
      vertex 91.6667 63.4944 48.3
    endloop
  endfacet
  facet normal -0 0 1
    outer loop
      vertex 63.6354 26.8324 48.3
      vertex 93 3 48.3
      vertex 63.7664 27.6598 48.3
    endloop
  endfacet
  facet normal 0 0 1
    outer loop
      vertex 90 64 48.3
      vertex 91.6667 63.4944 48.3
      vertex 91.1481 63.7716 48.3
    endloop
  endfacet
  facet normal -0 0 1
    outer loop
      vertex 63.4755 26.0101 48.3
      vertex 93 3 48.3
      vertex 63.6354 26.8324 48.3
    endloop
  endfacet
  facet normal 0 0 1
    outer loop
      vertex 90 64 48.3
      vertex 91.1481 63.7716 48.3
      vertex 90.5853 63.9424 48.3
    endloop
  endfacet
  facet normal -0 0 1
    outer loop
      vertex 63.2871 25.1939 48.3
      vertex 93 3 48.3
      vertex 63.4755 26.0101 48.3
    endloop
  endfacet
  facet normal 0 0 1
    outer loop
      vertex 61.5711 41.5209 48.3
      vertex 93 61 48.3
      vertex 90 64 48.3
    endloop
  endfacet
  facet normal -0 0 1
    outer loop
      vertex 63.0703 24.3847 48.3
      vertex 93 3 48.3
      vertex 63.2871 25.1939 48.3
    endloop
  endfacet
  facet normal -0 0 1
    outer loop
      vertex 62.8254 23.5836 48.3
      vertex 93 3 48.3
      vertex 63.0703 24.3847 48.3
    endloop
  endfacet
  facet normal 0 0 1
    outer loop
      vertex 93 61 48.3
      vertex 63.8685 33.5087 48.3
      vertex 64 32.3 48.3
    endloop
  endfacet
  facet normal 0 0 1
    outer loop
      vertex 64 32.3 48.3
      vertex 63.9415 32.6742 48.3
      vertex 63.9611 32.3 48.3
    endloop
  endfacet
  facet normal 0 0 1
    outer loop
      vertex 64 32.3 48.3
      vertex 63.8685 33.5087 48.3
      vertex 63.9415 32.6742 48.3
    endloop
  endfacet
  facet normal 0 0 1
    outer loop
      vertex 93 61 48.3
      vertex 63.7664 34.3402 48.3
      vertex 63.8685 33.5087 48.3
    endloop
  endfacet
  facet normal 0 0 1
    outer loop
      vertex 93 61 48.3
      vertex 63.6354 35.1676 48.3
      vertex 63.7664 34.3402 48.3
    endloop
  endfacet
  facet normal 0 0 1
    outer loop
      vertex 93 61 48.3
      vertex 63.4755 35.9899 48.3
      vertex 63.6354 35.1676 48.3
    endloop
  endfacet
  facet normal 0 0 1
    outer loop
      vertex 93 61 48.3
      vertex 63.2871 36.8061 48.3
      vertex 63.4755 35.9899 48.3
    endloop
  endfacet
  facet normal 0 0 1
    outer loop
      vertex 93 61 48.3
      vertex 63.0703 37.6153 48.3
      vertex 63.2871 36.8061 48.3
    endloop
  endfacet
  facet normal 0 0 1
    outer loop
      vertex 93 61 48.3
      vertex 62.8254 38.4164 48.3
      vertex 63.0703 37.6153 48.3
    endloop
  endfacet
  facet normal 0 0 1
    outer loop
      vertex 93 61 48.3
      vertex 62.5526 39.2085 48.3
      vertex 62.8254 38.4164 48.3
    endloop
  endfacet
  facet normal 0 0 1
    outer loop
      vertex 93 61 48.3
      vertex 62.2524 39.9906 48.3
      vertex 62.5526 39.2085 48.3
    endloop
  endfacet
  facet normal 0 0 1
    outer loop
      vertex 93 61 48.3
      vertex 61.9251 40.7617 48.3
      vertex 62.2524 39.9906 48.3
    endloop
  endfacet
  facet normal 0 0 1
    outer loop
      vertex 93 61 48.3
      vertex 61.5711 41.5209 48.3
      vertex 61.9251 40.7617 48.3
    endloop
  endfacet
  facet normal 0 0 1
    outer loop
      vertex 90 64 48.3
      vertex 61.1907 42.2673 48.3
      vertex 61.5711 41.5209 48.3
    endloop
  endfacet
  facet normal 0 0 1
    outer loop
      vertex 90 64 48.3
      vertex 60.7846 43 48.3
      vertex 61.1907 42.2673 48.3
    endloop
  endfacet
  facet normal 0 0 1
    outer loop
      vertex 90 64 48.3
      vertex 60.3532 43.7181 48.3
      vertex 60.7846 43 48.3
    endloop
  endfacet
  facet normal 0 0 1
    outer loop
      vertex 90 64 48.3
      vertex 59.8969 44.4206 48.3
      vertex 60.3532 43.7181 48.3
    endloop
  endfacet
  facet normal 0 0 1
    outer loop
      vertex 90 64 48.3
      vertex 59.4164 45.1068 48.3
      vertex 59.8969 44.4206 48.3
    endloop
  endfacet
  facet normal 0 0 1
    outer loop
      vertex 90 64 48.3
      vertex 58.9123 45.7759 48.3
      vertex 59.4164 45.1068 48.3
    endloop
  endfacet
  facet normal 0 0 1
    outer loop
      vertex 90 64 48.3
      vertex 58.3851 46.4269 48.3
      vertex 58.9123 45.7759 48.3
    endloop
  endfacet
  facet normal 0 0 1
    outer loop
      vertex 90 64 48.3
      vertex 57.8355 47.0591 48.3
      vertex 58.3851 46.4269 48.3
    endloop
  endfacet
  facet normal 0 0 1
    outer loop
      vertex 90 64 48.3
      vertex 57.2642 47.6718 48.3
      vertex 57.8355 47.0591 48.3
    endloop
  endfacet
  facet normal 0 0 1
    outer loop
      vertex 90 64 48.3
      vertex 56.6718 48.2642 48.3
      vertex 57.2642 47.6718 48.3
    endloop
  endfacet
  facet normal 0 0 1
    outer loop
      vertex 90 64 48.3
      vertex 56.0591 48.8355 48.3
      vertex 56.6718 48.2642 48.3
    endloop
  endfacet
  facet normal 0 0 1
    outer loop
      vertex 90 64 48.3
      vertex 55.4269 49.3851 48.3
      vertex 56.0591 48.8355 48.3
    endloop
  endfacet
  facet normal 0 0 1
    outer loop
      vertex 90 64 48.3
      vertex 54.7759 49.9123 48.3
      vertex 55.4269 49.3851 48.3
    endloop
  endfacet
  facet normal 0 0 1
    outer loop
      vertex 90 64 48.3
      vertex 54.1068 50.4164 48.3
      vertex 54.7759 49.9123 48.3
    endloop
  endfacet
  facet normal -0 0 1
    outer loop
      vertex 53.1258 51.1346 48.3
      vertex 54.1068 50.4164 48.3
      vertex 90 64 48.3
    endloop
  endfacet
  facet normal 0 0 1
    outer loop
      vertex 54.1068 50.4164 48.3
      vertex 53.1258 51.1346 48.3
      vertex 53.4206 50.8969 48.3
    endloop
  endfacet
  facet normal 0 0 1
    outer loop
      vertex 90 64 48.3
      vertex 50.8742 52.4346 48.3
      vertex 53.1258 51.1346 48.3
    endloop
  endfacet
  facet normal 0 0 1
    outer loop
      vertex 50.8742 52.4346 48.3
      vertex 50.5209 52.5711 48.3
      vertex 50.8547 52.401 48.3
    endloop
  endfacet
  facet normal -0 0 1
    outer loop
      vertex 49.7617 52.9251 48.3
      vertex 50.8742 52.4346 48.3
      vertex 90 64 48.3
    endloop
  endfacet
  facet normal 0 0 1
    outer loop
      vertex 50.8742 52.4346 48.3
      vertex 49.7617 52.9251 48.3
      vertex 50.5209 52.5711 48.3
    endloop
  endfacet
  facet normal 0 0 1
    outer loop
      vertex 90 64 48.3
      vertex 48.9906 53.2524 48.3
      vertex 49.7617 52.9251 48.3
    endloop
  endfacet
  facet normal 0 0 1
    outer loop
      vertex 90 64 48.3
      vertex 48.2085 53.5526 48.3
      vertex 48.9906 53.2524 48.3
    endloop
  endfacet
  facet normal 0 0 1
    outer loop
      vertex 90 64 48.3
      vertex 47.4164 53.8254 48.3
      vertex 48.2085 53.5526 48.3
    endloop
  endfacet
  facet normal 0 0 1
    outer loop
      vertex 90 64 48.3
      vertex 46.6153 54.0703 48.3
      vertex 47.4164 53.8254 48.3
    endloop
  endfacet
  facet normal 0 0 1
    outer loop
      vertex 90 64 48.3
      vertex 45.8061 54.2871 48.3
      vertex 46.6153 54.0703 48.3
    endloop
  endfacet
  facet normal 0 0 1
    outer loop
      vertex 90 64 48.3
      vertex 44.9899 54.4755 48.3
      vertex 45.8061 54.2871 48.3
    endloop
  endfacet
  facet normal 0 0 1
    outer loop
      vertex 90 64 48.3
      vertex 44.1676 54.6354 48.3
      vertex 44.9899 54.4755 48.3
    endloop
  endfacet
  facet normal 0 0 1
    outer loop
      vertex 90 64 48.3
      vertex 43.3402 54.7664 48.3
      vertex 44.1676 54.6354 48.3
    endloop
  endfacet
  facet normal 0 0 1
    outer loop
      vertex 90 64 48.3
      vertex 42.5087 54.8685 48.3
      vertex 43.3402 54.7664 48.3
    endloop
  endfacet
  facet normal 0 0 1
    outer loop
      vertex 90 64 48.3
      vertex 41.6742 54.9415 48.3
      vertex 42.5087 54.8685 48.3
    endloop
  endfacet
  facet normal 0 0 1
    outer loop
      vertex 90 64 48.3
      vertex 40.8376 54.9854 48.3
      vertex 41.6742 54.9415 48.3
    endloop
  endfacet
  facet normal -0 0 1
    outer loop
      vertex 3 64 48.3
      vertex 40.8376 54.9854 48.3
      vertex 90 64 48.3
    endloop
  endfacet
  facet normal 0 0 1
    outer loop
      vertex 40.8376 54.9854 48.3
      vertex 3 64 48.3
      vertex 40 55 48.3
    endloop
  endfacet
  facet normal 0 0 1
    outer loop
      vertex 40 55 48.3
      vertex 3 64 48.3
      vertex 39.1624 54.9854 48.3
    endloop
  endfacet
  facet normal 0 0 1
    outer loop
      vertex 39.1624 54.9854 48.3
      vertex 3 64 48.3
      vertex 38.3258 54.9415 48.3
    endloop
  endfacet
  facet normal 0 0 1
    outer loop
      vertex 38.3258 54.9415 48.3
      vertex 3 64 48.3
      vertex 37.4913 54.8685 48.3
    endloop
  endfacet
  facet normal 0 0 1
    outer loop
      vertex 37.4913 54.8685 48.3
      vertex 3 64 48.3
      vertex 36.6598 54.7664 48.3
    endloop
  endfacet
  facet normal 0 0 1
    outer loop
      vertex 29.4791 52.5711 48.3
      vertex 29.1258 52.4346 48.3
      vertex 29.1453 52.401 48.3
    endloop
  endfacet
  facet normal 0 0 1
    outer loop
      vertex 30.2383 52.9251 48.3
      vertex 29.1258 52.4346 48.3
      vertex 29.4791 52.5711 48.3
    endloop
  endfacet
  facet normal 0 0 1
    outer loop
      vertex 26.8742 51.1346 48.3
      vertex 25.8932 50.4164 48.3
      vertex 26.5794 50.8969 48.3
    endloop
  endfacet
  facet normal 0 0 1
    outer loop
      vertex 16.0585 32.6742 48.3
      vertex 16 32.3 48.3
      vertex 16.0389 32.3 48.3
    endloop
  endfacet
  facet normal 0 0 1
    outer loop
      vertex 16.1315 33.5087 48.3
      vertex 16 32.3 48.3
      vertex 16.0585 32.6742 48.3
    endloop
  endfacet
  facet normal 0 0 1
    outer loop
      vertex 16.1315 33.5087 48.3
      vertex 0 61 48.3
      vertex 16 32.3 48.3
    endloop
  endfacet
  facet normal 0 0 1
    outer loop
      vertex 16.2336 34.3402 48.3
      vertex 0 61 48.3
      vertex 16.1315 33.5087 48.3
    endloop
  endfacet
  facet normal 0 0 1
    outer loop
      vertex 16.3646 35.1676 48.3
      vertex 0 61 48.3
      vertex 16.2336 34.3402 48.3
    endloop
  endfacet
  facet normal 0 0 1
    outer loop
      vertex 16.5245 35.9899 48.3
      vertex 0 61 48.3
      vertex 16.3646 35.1676 48.3
    endloop
  endfacet
  facet normal 0 0 1
    outer loop
      vertex 16.7129 36.8061 48.3
      vertex 0 61 48.3
      vertex 16.5245 35.9899 48.3
    endloop
  endfacet
  facet normal 0 0 1
    outer loop
      vertex 16.9297 37.6153 48.3
      vertex 0 61 48.3
      vertex 16.7129 36.8061 48.3
    endloop
  endfacet
  facet normal 0 0 1
    outer loop
      vertex 17.1746 38.4164 48.3
      vertex 0 61 48.3
      vertex 16.9297 37.6153 48.3
    endloop
  endfacet
  facet normal 0 0 1
    outer loop
      vertex 17.4474 39.2085 48.3
      vertex 0 61 48.3
      vertex 17.1746 38.4164 48.3
    endloop
  endfacet
  facet normal 0 0 1
    outer loop
      vertex 17.7476 39.9906 48.3
      vertex 0 61 48.3
      vertex 17.4474 39.2085 48.3
    endloop
  endfacet
  facet normal 0 0 1
    outer loop
      vertex 18.0749 40.7617 48.3
      vertex 0 61 48.3
      vertex 17.7476 39.9906 48.3
    endloop
  endfacet
  facet normal 0 0 1
    outer loop
      vertex 18.4289 41.5209 48.3
      vertex 0 61 48.3
      vertex 18.0749 40.7617 48.3
    endloop
  endfacet
  facet normal 0 0 1
    outer loop
      vertex 18.8093 42.2673 48.3
      vertex 0 61 48.3
      vertex 18.4289 41.5209 48.3
    endloop
  endfacet
  facet normal 0 0 1
    outer loop
      vertex 19.2154 43 48.3
      vertex 0 61 48.3
      vertex 18.8093 42.2673 48.3
    endloop
  endfacet
  facet normal 0 0 1
    outer loop
      vertex 19.6468 43.7181 48.3
      vertex 0 61 48.3
      vertex 19.2154 43 48.3
    endloop
  endfacet
  facet normal 0 0 1
    outer loop
      vertex 20.1031 44.4206 48.3
      vertex 0 61 48.3
      vertex 19.6468 43.7181 48.3
    endloop
  endfacet
  facet normal 0 0 1
    outer loop
      vertex 20.5836 45.1068 48.3
      vertex 0 61 48.3
      vertex 20.1031 44.4206 48.3
    endloop
  endfacet
  facet normal 0 0 1
    outer loop
      vertex 21.0877 45.7759 48.3
      vertex 0 61 48.3
      vertex 20.5836 45.1068 48.3
    endloop
  endfacet
  facet normal -0 0 1
    outer loop
      vertex 0 61 48.3
      vertex 21.0877 45.7759 48.3
      vertex 3 64 48.3
    endloop
  endfacet
  facet normal 0 0 1
    outer loop
      vertex 21.6149 46.4269 48.3
      vertex 3 64 48.3
      vertex 21.0877 45.7759 48.3
    endloop
  endfacet
  facet normal 0 0 1
    outer loop
      vertex 22.1645 47.0591 48.3
      vertex 3 64 48.3
      vertex 21.6149 46.4269 48.3
    endloop
  endfacet
  facet normal 0 0 1
    outer loop
      vertex 22.7358 47.6718 48.3
      vertex 3 64 48.3
      vertex 22.1645 47.0591 48.3
    endloop
  endfacet
  facet normal 0 0 1
    outer loop
      vertex 23.3282 48.2642 48.3
      vertex 3 64 48.3
      vertex 22.7358 47.6718 48.3
    endloop
  endfacet
  facet normal 0 0 1
    outer loop
      vertex 23.9409 48.8355 48.3
      vertex 3 64 48.3
      vertex 23.3282 48.2642 48.3
    endloop
  endfacet
  facet normal 0 0 1
    outer loop
      vertex 24.5731 49.3851 48.3
      vertex 3 64 48.3
      vertex 23.9409 48.8355 48.3
    endloop
  endfacet
  facet normal 0 0 1
    outer loop
      vertex 25.2241 49.9123 48.3
      vertex 3 64 48.3
      vertex 24.5731 49.3851 48.3
    endloop
  endfacet
  facet normal 0 0 1
    outer loop
      vertex 25.8932 50.4164 48.3
      vertex 3 64 48.3
      vertex 25.2241 49.9123 48.3
    endloop
  endfacet
  facet normal 0 0 1
    outer loop
      vertex 26.8742 51.1346 48.3
      vertex 3 64 48.3
      vertex 25.8932 50.4164 48.3
    endloop
  endfacet
  facet normal 0 0 1
    outer loop
      vertex 29.1258 52.4346 48.3
      vertex 3 64 48.3
      vertex 26.8742 51.1346 48.3
    endloop
  endfacet
  facet normal 0 0 1
    outer loop
      vertex 30.2383 52.9251 48.3
      vertex 3 64 48.3
      vertex 29.1258 52.4346 48.3
    endloop
  endfacet
  facet normal 0 0 1
    outer loop
      vertex 31.0094 53.2524 48.3
      vertex 3 64 48.3
      vertex 30.2383 52.9251 48.3
    endloop
  endfacet
  facet normal 0 0 1
    outer loop
      vertex 31.7915 53.5526 48.3
      vertex 3 64 48.3
      vertex 31.0094 53.2524 48.3
    endloop
  endfacet
  facet normal 0 0 1
    outer loop
      vertex 32.5836 53.8254 48.3
      vertex 3 64 48.3
      vertex 31.7915 53.5526 48.3
    endloop
  endfacet
  facet normal 0 0 1
    outer loop
      vertex 33.3847 54.0703 48.3
      vertex 3 64 48.3
      vertex 32.5836 53.8254 48.3
    endloop
  endfacet
  facet normal 0 0 1
    outer loop
      vertex 34.1939 54.2871 48.3
      vertex 3 64 48.3
      vertex 33.3847 54.0703 48.3
    endloop
  endfacet
  facet normal 0 0 1
    outer loop
      vertex 35.0101 54.4755 48.3
      vertex 3 64 48.3
      vertex 34.1939 54.2871 48.3
    endloop
  endfacet
  facet normal 0 0 1
    outer loop
      vertex 35.8324 54.6354 48.3
      vertex 3 64 48.3
      vertex 35.0101 54.4755 48.3
    endloop
  endfacet
  facet normal 0 0 1
    outer loop
      vertex 36.6598 54.7664 48.3
      vertex 3 64 48.3
      vertex 35.8324 54.6354 48.3
    endloop
  endfacet
  facet normal -0 0 1
    outer loop
      vertex 62.5526 22.7915 48.3
      vertex 93 3 48.3
      vertex 62.8254 23.5836 48.3
    endloop
  endfacet
  facet normal 0 0 1
    outer loop
      vertex 63.9415 29.3258 48.3
      vertex 64 29.7 48.3
      vertex 63.9611 29.7 48.3
    endloop
  endfacet
  facet normal 0 0 1
    outer loop
      vertex 63.8685 28.4913 48.3
      vertex 64 29.7 48.3
      vertex 63.9415 29.3258 48.3
    endloop
  endfacet
  facet normal -0 0 1
    outer loop
      vertex 62.2524 22.0094 48.3
      vertex 93 3 48.3
      vertex 62.5526 22.7915 48.3
    endloop
  endfacet
  facet normal 0 0 1
    outer loop
      vertex 91.1481 0.228363 48.3
      vertex 90 0 48.3
      vertex 90.5853 0.0576477 48.3
    endloop
  endfacet
  facet normal 0 0 1
    outer loop
      vertex 91.6667 0.505585 48.3
      vertex 90 0 48.3
      vertex 91.1481 0.228363 48.3
    endloop
  endfacet
  facet normal 0 0 1
    outer loop
      vertex 92.1213 0.878677 48.3
      vertex 90 0 48.3
      vertex 91.6667 0.505585 48.3
    endloop
  endfacet
  facet normal 0 0 1
    outer loop
      vertex 92.4944 1.33328 48.3
      vertex 90 0 48.3
      vertex 92.1213 0.878677 48.3
    endloop
  endfacet
  facet normal 0 0 1
    outer loop
      vertex 92.7716 1.85194 48.3
      vertex 90 0 48.3
      vertex 92.4944 1.33328 48.3
    endloop
  endfacet
  facet normal 0 0 1
    outer loop
      vertex 92.9424 2.41473 48.3
      vertex 90 0 48.3
      vertex 92.7716 1.85194 48.3
    endloop
  endfacet
  facet normal -0 0 1
    outer loop
      vertex 61.9251 21.2383 48.3
      vertex 93 3 48.3
      vertex 62.2524 22.0094 48.3
    endloop
  endfacet
  facet normal 0 0 1
    outer loop
      vertex 93 3 48.3
      vertex 90 0 48.3
      vertex 92.9424 2.41473 48.3
    endloop
  endfacet
  facet normal 0 0 1
    outer loop
      vertex 93 3 48.3
      vertex 61.9251 21.2383 48.3
      vertex 90 0 48.3
    endloop
  endfacet
  facet normal -0 0 1
    outer loop
      vertex 61.5711 20.4791 48.3
      vertex 90 0 48.3
      vertex 61.9251 21.2383 48.3
    endloop
  endfacet
  facet normal -0 0 1
    outer loop
      vertex 61.1907 19.7327 48.3
      vertex 90 0 48.3
      vertex 61.5711 20.4791 48.3
    endloop
  endfacet
  facet normal -0 0 1
    outer loop
      vertex 60.7846 19 48.3
      vertex 90 0 48.3
      vertex 61.1907 19.7327 48.3
    endloop
  endfacet
  facet normal -0 0 1
    outer loop
      vertex 60.3532 18.2819 48.3
      vertex 90 0 48.3
      vertex 60.7846 19 48.3
    endloop
  endfacet
  facet normal -0 0 1
    outer loop
      vertex 59.8969 17.5794 48.3
      vertex 90 0 48.3
      vertex 60.3532 18.2819 48.3
    endloop
  endfacet
  facet normal -0 0 1
    outer loop
      vertex 59.4164 16.8932 48.3
      vertex 90 0 48.3
      vertex 59.8969 17.5794 48.3
    endloop
  endfacet
  facet normal -0 0 1
    outer loop
      vertex 58.9123 16.2241 48.3
      vertex 90 0 48.3
      vertex 59.4164 16.8932 48.3
    endloop
  endfacet
  facet normal -0 0 1
    outer loop
      vertex 58.3851 15.5731 48.3
      vertex 90 0 48.3
      vertex 58.9123 16.2241 48.3
    endloop
  endfacet
  facet normal -0 0 1
    outer loop
      vertex 57.8355 14.9409 48.3
      vertex 90 0 48.3
      vertex 58.3851 15.5731 48.3
    endloop
  endfacet
  facet normal -0 0 1
    outer loop
      vertex 57.2642 14.3282 48.3
      vertex 90 0 48.3
      vertex 57.8355 14.9409 48.3
    endloop
  endfacet
  facet normal -0 0 1
    outer loop
      vertex 56.6718 13.7358 48.3
      vertex 90 0 48.3
      vertex 57.2642 14.3282 48.3
    endloop
  endfacet
  facet normal -0 0 1
    outer loop
      vertex 56.0591 13.1645 48.3
      vertex 90 0 48.3
      vertex 56.6718 13.7358 48.3
    endloop
  endfacet
  facet normal -0 0 1
    outer loop
      vertex 55.4269 12.6149 48.3
      vertex 90 0 48.3
      vertex 56.0591 13.1645 48.3
    endloop
  endfacet
  facet normal -0 0 1
    outer loop
      vertex 54.7759 12.0877 48.3
      vertex 90 0 48.3
      vertex 55.4269 12.6149 48.3
    endloop
  endfacet
  facet normal -0 0 1
    outer loop
      vertex 54.1068 11.5836 48.3
      vertex 90 0 48.3
      vertex 54.7759 12.0877 48.3
    endloop
  endfacet
  facet normal 0 0 1
    outer loop
      vertex 53.1258 10.8654 48.3
      vertex 54.1068 11.5836 48.3
      vertex 53.4206 11.1031 48.3
    endloop
  endfacet
  facet normal 0 0 1
    outer loop
      vertex 54.1068 11.5836 48.3
      vertex 53.1258 10.8654 48.3
      vertex 90 0 48.3
    endloop
  endfacet
  facet normal 0 0 1
    outer loop
      vertex 53.1258 10.8654 48.3
      vertex 52 10.2154 48.3
      vertex 90 0 48.3
    endloop
  endfacet
  facet normal 0 0 1
    outer loop
      vertex 52 10.2154 48.3
      vertex 50.8742 9.56539 48.3
      vertex 90 0 48.3
    endloop
  endfacet
  facet normal 0 0 1
    outer loop
      vertex 50.5209 9.42894 48.3
      vertex 50.8742 9.56539 48.3
      vertex 50.8547 9.59904 48.3
    endloop
  endfacet
  facet normal 0 0 1
    outer loop
      vertex 49.7617 9.07491 48.3
      vertex 50.8742 9.56539 48.3
      vertex 50.5209 9.42894 48.3
    endloop
  endfacet
  facet normal 0 0 1
    outer loop
      vertex 50.8742 9.56539 48.3
      vertex 49.7617 9.07491 48.3
      vertex 90 0 48.3
    endloop
  endfacet
  facet normal -0 0 1
    outer loop
      vertex 48.9906 8.74759 48.3
      vertex 90 0 48.3
      vertex 49.7617 9.07491 48.3
    endloop
  endfacet
  facet normal -0 0 1
    outer loop
      vertex 48.2085 8.44738 48.3
      vertex 90 0 48.3
      vertex 48.9906 8.74759 48.3
    endloop
  endfacet
  facet normal -0 0 1
    outer loop
      vertex 47.4164 8.17464 48.3
      vertex 90 0 48.3
      vertex 48.2085 8.44738 48.3
    endloop
  endfacet
  facet normal -0 0 1
    outer loop
      vertex 46.6153 7.92972 48.3
      vertex 90 0 48.3
      vertex 47.4164 8.17464 48.3
    endloop
  endfacet
  facet normal -0 0 1
    outer loop
      vertex 45.8061 7.7129 48.3
      vertex 90 0 48.3
      vertex 46.6153 7.92972 48.3
    endloop
  endfacet
  facet normal -0 0 1
    outer loop
      vertex 44.9899 7.52446 48.3
      vertex 90 0 48.3
      vertex 45.8061 7.7129 48.3
    endloop
  endfacet
  facet normal -0 0 1
    outer loop
      vertex 44.1676 7.36461 48.3
      vertex 90 0 48.3
      vertex 44.9899 7.52446 48.3
    endloop
  endfacet
  facet normal -0 0 1
    outer loop
      vertex 43.3402 7.23357 48.3
      vertex 90 0 48.3
      vertex 44.1676 7.36461 48.3
    endloop
  endfacet
  facet normal -0 0 1
    outer loop
      vertex 42.5087 7.13147 48.3
      vertex 90 0 48.3
      vertex 43.3402 7.23357 48.3
    endloop
  endfacet
  facet normal -0 0 1
    outer loop
      vertex 41.6742 7.05846 48.3
      vertex 90 0 48.3
      vertex 42.5087 7.13147 48.3
    endloop
  endfacet
  facet normal -0 0 1
    outer loop
      vertex 40.8376 7.01462 48.3
      vertex 90 0 48.3
      vertex 41.6742 7.05846 48.3
    endloop
  endfacet
  facet normal 0 0 1
    outer loop
      vertex 3 0 48.3
      vertex 40.8376 7.01462 48.3
      vertex 40 7 48.3
    endloop
  endfacet
  facet normal 0 0 1
    outer loop
      vertex 3 0 48.3
      vertex 40 7 48.3
      vertex 39.1624 7.01462 48.3
    endloop
  endfacet
  facet normal 0 0 1
    outer loop
      vertex 3 0 48.3
      vertex 39.1624 7.01462 48.3
      vertex 38.3258 7.05846 48.3
    endloop
  endfacet
  facet normal 0 0 1
    outer loop
      vertex 3 0 48.3
      vertex 38.3258 7.05846 48.3
      vertex 37.4913 7.13147 48.3
    endloop
  endfacet
  facet normal 0 0 1
    outer loop
      vertex 3 0 48.3
      vertex 37.4913 7.13147 48.3
      vertex 36.6598 7.23357 48.3
    endloop
  endfacet
  facet normal -0 0 1
    outer loop
      vertex 29.1258 9.56539 48.3
      vertex 29.4791 9.42894 48.3
      vertex 29.1453 9.59904 48.3
    endloop
  endfacet
  facet normal 0 0 1
    outer loop
      vertex 29.1258 9.56539 48.3
      vertex 30.2383 9.07491 48.3
      vertex 29.4791 9.42894 48.3
    endloop
  endfacet
  facet normal 0 0 1
    outer loop
      vertex 3 0 48.3
      vertex 28 10.2154 48.3
      vertex 26.8742 10.8654 48.3
    endloop
  endfacet
  facet normal 0 0 1
    outer loop
      vertex 25.8932 11.5836 48.3
      vertex 26.8742 10.8654 48.3
      vertex 26.5794 11.1031 48.3
    endloop
  endfacet
  facet normal -0 0 1
    outer loop
      vertex 16 29.7 48.3
      vertex 16.0585 29.3258 48.3
      vertex 16.0389 29.7 48.3
    endloop
  endfacet
  facet normal 0 0 1
    outer loop
      vertex 16 29.7 48.3
      vertex 16.1315 28.4913 48.3
      vertex 16.0585 29.3258 48.3
    endloop
  endfacet
  facet normal 0 0 1
    outer loop
      vertex 0 3 48.3
      vertex 16 32.3 48.3
      vertex 0 61 48.3
    endloop
  endfacet
  facet normal 0 0 1
    outer loop
      vertex 16 32.3 48.3
      vertex 0 3 48.3
      vertex 16 29.7 48.3
    endloop
  endfacet
  facet normal 0 0 1
    outer loop
      vertex 16 29.7 48.3
      vertex 0 3 48.3
      vertex 16.1315 28.4913 48.3
    endloop
  endfacet
  facet normal 0 0 1
    outer loop
      vertex 16.1315 28.4913 48.3
      vertex 0 3 48.3
      vertex 16.2336 27.6598 48.3
    endloop
  endfacet
  facet normal 0 0 1
    outer loop
      vertex 16.2336 27.6598 48.3
      vertex 0 3 48.3
      vertex 16.3646 26.8324 48.3
    endloop
  endfacet
  facet normal 0 0 1
    outer loop
      vertex 16.3646 26.8324 48.3
      vertex 0 3 48.3
      vertex 16.5245 26.0101 48.3
    endloop
  endfacet
  facet normal 0 0 1
    outer loop
      vertex 16.5245 26.0101 48.3
      vertex 0 3 48.3
      vertex 16.7129 25.1939 48.3
    endloop
  endfacet
  facet normal 0 0 1
    outer loop
      vertex 16.7129 25.1939 48.3
      vertex 0 3 48.3
      vertex 16.9297 24.3847 48.3
    endloop
  endfacet
  facet normal 0 0 1
    outer loop
      vertex 40.8376 7.01462 48.3
      vertex 3 0 48.3
      vertex 90 0 48.3
    endloop
  endfacet
  facet normal 0 0 1
    outer loop
      vertex 35.8324 7.36461 48.3
      vertex 3 0 48.3
      vertex 36.6598 7.23357 48.3
    endloop
  endfacet
  facet normal 0 0 1
    outer loop
      vertex 35.0101 7.52446 48.3
      vertex 3 0 48.3
      vertex 35.8324 7.36461 48.3
    endloop
  endfacet
  facet normal 0 0 1
    outer loop
      vertex 34.1939 7.7129 48.3
      vertex 3 0 48.3
      vertex 35.0101 7.52446 48.3
    endloop
  endfacet
  facet normal 0 0 1
    outer loop
      vertex 33.3847 7.92972 48.3
      vertex 3 0 48.3
      vertex 34.1939 7.7129 48.3
    endloop
  endfacet
  facet normal 0 0 1
    outer loop
      vertex 32.5836 8.17464 48.3
      vertex 3 0 48.3
      vertex 33.3847 7.92972 48.3
    endloop
  endfacet
  facet normal 0 0 1
    outer loop
      vertex 31.7915 8.44738 48.3
      vertex 3 0 48.3
      vertex 32.5836 8.17464 48.3
    endloop
  endfacet
  facet normal 0 0 1
    outer loop
      vertex 31.0094 8.74759 48.3
      vertex 3 0 48.3
      vertex 31.7915 8.44738 48.3
    endloop
  endfacet
  facet normal 0 0 1
    outer loop
      vertex 30.2383 9.07491 48.3
      vertex 3 0 48.3
      vertex 31.0094 8.74759 48.3
    endloop
  endfacet
  facet normal 0 0 1
    outer loop
      vertex 29.1258 9.56539 48.3
      vertex 3 0 48.3
      vertex 30.2383 9.07491 48.3
    endloop
  endfacet
  facet normal 0 0 1
    outer loop
      vertex 28 10.2154 48.3
      vertex 3 0 48.3
      vertex 29.1258 9.56539 48.3
    endloop
  endfacet
  facet normal 0 0 1
    outer loop
      vertex 25.8932 11.5836 48.3
      vertex 3 0 48.3
      vertex 26.8742 10.8654 48.3
    endloop
  endfacet
  facet normal 0 0 1
    outer loop
      vertex 25.2241 12.0877 48.3
      vertex 3 0 48.3
      vertex 25.8932 11.5836 48.3
    endloop
  endfacet
  facet normal 0 0 1
    outer loop
      vertex 24.5731 12.6149 48.3
      vertex 3 0 48.3
      vertex 25.2241 12.0877 48.3
    endloop
  endfacet
  facet normal 0 0 1
    outer loop
      vertex 23.9409 13.1645 48.3
      vertex 3 0 48.3
      vertex 24.5731 12.6149 48.3
    endloop
  endfacet
  facet normal 0 0 1
    outer loop
      vertex 23.3282 13.7358 48.3
      vertex 3 0 48.3
      vertex 23.9409 13.1645 48.3
    endloop
  endfacet
  facet normal 0 0 1
    outer loop
      vertex 22.7358 14.3282 48.3
      vertex 3 0 48.3
      vertex 23.3282 13.7358 48.3
    endloop
  endfacet
  facet normal 0 0 1
    outer loop
      vertex 22.1645 14.9409 48.3
      vertex 3 0 48.3
      vertex 22.7358 14.3282 48.3
    endloop
  endfacet
  facet normal 0 0 1
    outer loop
      vertex 21.6149 15.5731 48.3
      vertex 3 0 48.3
      vertex 22.1645 14.9409 48.3
    endloop
  endfacet
  facet normal 0 0 1
    outer loop
      vertex 21.0877 16.2241 48.3
      vertex 3 0 48.3
      vertex 21.6149 15.5731 48.3
    endloop
  endfacet
  facet normal 0 0 1
    outer loop
      vertex 20.5836 16.8932 48.3
      vertex 3 0 48.3
      vertex 21.0877 16.2241 48.3
    endloop
  endfacet
  facet normal 0 0 1
    outer loop
      vertex 20.1031 17.5794 48.3
      vertex 3 0 48.3
      vertex 20.5836 16.8932 48.3
    endloop
  endfacet
  facet normal 0 0 1
    outer loop
      vertex 0 3 48.3
      vertex 20.1031 17.5794 48.3
      vertex 19.6468 18.2819 48.3
    endloop
  endfacet
  facet normal 0 0 1
    outer loop
      vertex 0 3 48.3
      vertex 19.6468 18.2819 48.3
      vertex 19.2154 19 48.3
    endloop
  endfacet
  facet normal 0 0 1
    outer loop
      vertex 0 3 48.3
      vertex 19.2154 19 48.3
      vertex 18.8093 19.7327 48.3
    endloop
  endfacet
  facet normal 0 0 1
    outer loop
      vertex 0 3 48.3
      vertex 18.8093 19.7327 48.3
      vertex 18.4289 20.4791 48.3
    endloop
  endfacet
  facet normal 0 0 1
    outer loop
      vertex 0 3 48.3
      vertex 18.4289 20.4791 48.3
      vertex 18.0749 21.2383 48.3
    endloop
  endfacet
  facet normal 0 0 1
    outer loop
      vertex 0 3 48.3
      vertex 18.0749 21.2383 48.3
      vertex 17.7476 22.0094 48.3
    endloop
  endfacet
  facet normal 0 0 1
    outer loop
      vertex 0 3 48.3
      vertex 17.7476 22.0094 48.3
      vertex 17.4474 22.7915 48.3
    endloop
  endfacet
  facet normal 0 0 1
    outer loop
      vertex 16.9297 24.3847 48.3
      vertex 0 3 48.3
      vertex 17.1746 23.5836 48.3
    endloop
  endfacet
  facet normal 0 0 1
    outer loop
      vertex 0 61 48.3
      vertex 3 64 48.3
      vertex 2.41473 63.9424 48.3
    endloop
  endfacet
  facet normal 0 0 1
    outer loop
      vertex 17.1746 23.5836 48.3
      vertex 0 3 48.3
      vertex 17.4474 22.7915 48.3
    endloop
  endfacet
  facet normal 0 0 1
    outer loop
      vertex 0 61 48.3
      vertex 2.41473 63.9424 48.3
      vertex 1.85194 63.7716 48.3
    endloop
  endfacet
  facet normal 0 0 1
    outer loop
      vertex 20.1031 17.5794 48.3
      vertex 0 3 48.3
      vertex 3 0 48.3
    endloop
  endfacet
  facet normal 0 0 1
    outer loop
      vertex 0 61 48.3
      vertex 1.85194 63.7716 48.3
      vertex 1.33328 63.4944 48.3
    endloop
  endfacet
  facet normal 0 0 1
    outer loop
      vertex 3 0 48.3
      vertex 0 3 48.3
      vertex 2.41473 0.0576477 48.3
    endloop
  endfacet
  facet normal 0 0 1
    outer loop
      vertex 0 61 48.3
      vertex 1.33328 63.4944 48.3
      vertex 0.878677 63.1213 48.3
    endloop
  endfacet
  facet normal 0 0 1
    outer loop
      vertex 2.41473 0.0576477 48.3
      vertex 0 3 48.3
      vertex 1.85194 0.228363 48.3
    endloop
  endfacet
  facet normal 0 0 1
    outer loop
      vertex 0 61 48.3
      vertex 0.878677 63.1213 48.3
      vertex 0.505585 62.6667 48.3
    endloop
  endfacet
  facet normal 0 0 1
    outer loop
      vertex 1.85194 0.228363 48.3
      vertex 0 3 48.3
      vertex 1.33328 0.505585 48.3
    endloop
  endfacet
  facet normal 0 0 1
    outer loop
      vertex 0 61 48.3
      vertex 0.505585 62.6667 48.3
      vertex 0.228363 62.1481 48.3
    endloop
  endfacet
  facet normal 0 0 1
    outer loop
      vertex 1.33328 0.505585 48.3
      vertex 0 3 48.3
      vertex 0.878677 0.878677 48.3
    endloop
  endfacet
  facet normal 0 0 1
    outer loop
      vertex 0 61 48.3
      vertex 0.228363 62.1481 48.3
      vertex 0.0576477 61.5853 48.3
    endloop
  endfacet
  facet normal 0 0 1
    outer loop
      vertex 0.878677 0.878677 48.3
      vertex 0 3 48.3
      vertex 0.505585 1.33328 48.3
    endloop
  endfacet
  facet normal 0 0 1
    outer loop
      vertex 0.505585 1.33328 48.3
      vertex 0 3 48.3
      vertex 0.228363 1.85194 48.3
    endloop
  endfacet
  facet normal 0 0 1
    outer loop
      vertex 0.228363 1.85194 48.3
      vertex 0 3 48.3
      vertex 0.0576477 2.41473 48.3
    endloop
  endfacet
  facet normal 0 0 1
    outer loop
      vertex 53.4206 50.8969 48.3
      vertex 53.1258 51.1346 48.3
      vertex 53.1064 51.101 48.3
    endloop
  endfacet
  facet normal 0 0 1
    outer loop
      vertex 26.8936 51.101 48.3
      vertex 26.8742 51.1346 48.3
      vertex 26.5794 50.8969 48.3
    endloop
  endfacet
  facet normal -0.956944 0.290272 0
    outer loop
      vertex 0.0576477 61.5853 45.9
      vertex 0.228363 62.1481 48.3
      vertex 0.228363 62.1481 45.9
    endloop
  endfacet
  facet normal -0.956944 0.290272 0
    outer loop
      vertex 0.228363 62.1481 48.3
      vertex 0.0576477 61.5853 45.9
      vertex 0.0576477 61.5853 48.3
    endloop
  endfacet
  facet normal 0.290404 0.956904 -0
    outer loop
      vertex 91.1481 63.7716 45.9
      vertex 90.5853 63.9424 48.3
      vertex 91.1481 63.7716 48.3
    endloop
  endfacet
  facet normal 0.290404 0.956904 0
    outer loop
      vertex 90.5853 63.9424 48.3
      vertex 91.1481 63.7716 45.9
      vertex 90.5853 63.9424 45.9
    endloop
  endfacet
  facet normal 0.881919 0.4714 0
    outer loop
      vertex 92.7716 62.1481 48.3
      vertex 92.4944 62.6667 45.9
      vertex 92.4944 62.6667 48.3
    endloop
  endfacet
  facet normal 0.881919 0.4714 0
    outer loop
      vertex 92.4944 62.6667 45.9
      vertex 92.7716 62.1481 48.3
      vertex 92.7716 62.1481 45.9
    endloop
  endfacet
  facet normal -0.995184 -0.0980233 0
    outer loop
      vertex 0.0576477 2.41473 45.9
      vertex 0 3 48.3
      vertex 0 3 45.9
    endloop
  endfacet
  facet normal -0.995184 -0.0980233 0
    outer loop
      vertex 0 3 48.3
      vertex 0.0576477 2.41473 45.9
      vertex 0.0576477 2.41473 48.3
    endloop
  endfacet
  facet normal 0.097938 0.995193 -0
    outer loop
      vertex 90.5853 63.9424 45.9
      vertex 90 64 48.3
      vertex 90.5853 63.9424 48.3
    endloop
  endfacet
  facet normal 0.097938 0.995193 0
    outer loop
      vertex 90 64 48.3
      vertex 90.5853 63.9424 45.9
      vertex 90 64 45.9
    endloop
  endfacet
  facet normal -0.881904 0.471429 0
    outer loop
      vertex 0.228363 62.1481 45.9
      vertex 0.505585 62.6667 48.3
      vertex 0.505585 62.6667 45.9
    endloop
  endfacet
  facet normal -0.881904 0.471429 0
    outer loop
      vertex 0.505585 62.6667 48.3
      vertex 0.228363 62.1481 45.9
      vertex 0.228363 62.1481 48.3
    endloop
  endfacet
  facet normal -0.773003 -0.634402 0
    outer loop
      vertex 0.878677 0.878677 45.9
      vertex 0.505585 1.33328 48.3
      vertex 0.505585 1.33328 45.9
    endloop
  endfacet
  facet normal -0.773003 -0.634402 0
    outer loop
      vertex 0.505585 1.33328 48.3
      vertex 0.878677 0.878677 45.9
      vertex 0.878677 0.878677 48.3
    endloop
  endfacet
  facet normal -0.0980233 -0.995184 0
    outer loop
      vertex 2.41473 0.0576477 45.9
      vertex 3 0 48.3
      vertex 2.41473 0.0576477 48.3
    endloop
  endfacet
  facet normal -0.0980233 -0.995184 -0
    outer loop
      vertex 3 0 48.3
      vertex 2.41473 0.0576477 45.9
      vertex 3 0 45.9
    endloop
  endfacet
  facet normal 0.956904 0.290404 0
    outer loop
      vertex 92.9424 61.5853 48.3
      vertex 92.7716 62.1481 45.9
      vertex 92.7716 62.1481 48.3
    endloop
  endfacet
  facet normal 0.956904 0.290404 0
    outer loop
      vertex 92.7716 62.1481 45.9
      vertex 92.9424 61.5853 48.3
      vertex 92.9424 61.5853 45.9
    endloop
  endfacet
  facet normal -0.773001 0.634405 0
    outer loop
      vertex 0.505585 62.6667 45.9
      vertex 0.878677 63.1213 48.3
      vertex 0.878677 63.1213 45.9
    endloop
  endfacet
  facet normal -0.773001 0.634405 0
    outer loop
      vertex 0.878677 63.1213 48.3
      vertex 0.505585 62.6667 45.9
      vertex 0.505585 62.6667 48.3
    endloop
  endfacet
  facet normal -0.995185 0.0980183 0
    outer loop
      vertex 0 61 45.9
      vertex 0.0576477 61.5853 48.3
      vertex 0.0576477 61.5853 45.9
    endloop
  endfacet
  facet normal -0.995185 0.0980183 0
    outer loop
      vertex 0.0576477 61.5853 48.3
      vertex 0 61 45.9
      vertex 0 61 48.3
    endloop
  endfacet
  facet normal -0.998631 -0.0523067 0
    outer loop
      vertex 63.9611 32.3 45.9
      vertex 63.9415 32.6742 48.3
      vertex 63.9415 32.6742 45.9
    endloop
  endfacet
  facet normal -0.998631 -0.0523067 0
    outer loop
      vertex 63.9415 32.6742 48.3
      vertex 63.9611 32.3 45.9
      vertex 63.9611 32.3 48.3
    endloop
  endfacet
  facet normal 0 0 -1
    outer loop
      vertex 63.9415 32.6742 45.9
      vertex 63.9854 31.8376 45.9
      vertex 63.9611 32.3 45.9
    endloop
  endfacet
  facet normal -0.996196 -0.0871447 0
    outer loop
      vertex 63.9415 32.6742 45.9
      vertex 63.8685 33.5087 48.3
      vertex 63.8685 33.5087 45.9
    endloop
  endfacet
  facet normal -0.996196 -0.0871447 0
    outer loop
      vertex 63.8685 33.5087 48.3
      vertex 63.9415 32.6742 45.9
      vertex 63.9415 32.6742 48.3
    endloop
  endfacet
  facet normal -0.956312 0.292349 0
    outer loop
      vertex 62.8254 23.5836 45.9
      vertex 63.0703 24.3847 48.3
      vertex 63.0703 24.3847 45.9
    endloop
  endfacet
  facet normal -0.956312 0.292349 0
    outer loop
      vertex 63.0703 24.3847 48.3
      vertex 62.8254 23.5836 45.9
      vertex 62.8254 23.5836 48.3
    endloop
  endfacet
  facet normal 0.92051 0.390718 0
    outer loop
      vertex 18.0749 21.2383 48.3
      vertex 17.7476 22.0094 45.9
      vertex 17.7476 22.0094 48.3
    endloop
  endfacet
  facet normal 0.92051 0.390718 0
    outer loop
      vertex 17.7476 22.0094 45.9
      vertex 18.0749 21.2383 48.3
      vertex 18.0749 21.2383 45.9
    endloop
  endfacet
  facet normal -0.422598 -0.906317 0
    outer loop
      vertex 49.7617 52.9251 45.9
      vertex 50.5209 52.5711 48.3
      vertex 49.7617 52.9251 48.3
    endloop
  endfacet
  facet normal -0.422598 -0.906317 -0
    outer loop
      vertex 50.5209 52.5711 48.3
      vertex 49.7617 52.9251 45.9
      vertex 50.5209 52.5711 45.9
    endloop
  endfacet
  facet normal -0.0871566 0.996195 0
    outer loop
      vertex 42.5087 7.13147 45.9
      vertex 41.6742 7.05846 48.3
      vertex 42.5087 7.13147 48.3
    endloop
  endfacet
  facet normal -0.0871566 0.996195 0
    outer loop
      vertex 41.6742 7.05846 48.3
      vertex 42.5087 7.13147 45.9
      vertex 41.6742 7.05846 45.9
    endloop
  endfacet
  facet normal -0.956312 -0.292349 0
    outer loop
      vertex 63.0703 37.6153 45.9
      vertex 62.8254 38.4164 48.3
      vertex 62.8254 38.4164 45.9
    endloop
  endfacet
  facet normal -0.956312 -0.292349 0
    outer loop
      vertex 62.8254 38.4164 48.3
      vertex 63.0703 37.6153 45.9
      vertex 63.0703 37.6153 48.3
    endloop
  endfacet
  facet normal -0.945497 0.32563 0
    outer loop
      vertex 62.5526 22.7915 45.9
      vertex 62.8254 23.5836 48.3
      vertex 62.8254 23.5836 45.9
    endloop
  endfacet
  facet normal -0.945497 0.32563 0
    outer loop
      vertex 62.8254 23.5836 48.3
      vertex 62.5526 22.7915 45.9
      vertex 62.5526 22.7915 48.3
    endloop
  endfacet
  facet normal 0.998631 -0.0523067 0
    outer loop
      vertex 16.0389 32.3 48.3
      vertex 16.0585 32.6742 45.9
      vertex 16.0585 32.6742 48.3
    endloop
  endfacet
  facet normal 0.998631 -0.0523067 0
    outer loop
      vertex 16.0585 32.6742 45.9
      vertex 16.0389 32.3 48.3
      vertex 16.0389 32.3 45.9
    endloop
  endfacet
  facet normal -0 0 -1
    outer loop
      vertex 16.0389 32.3 45.9
      vertex 16.0146 31.8376 45.9
      vertex 16.0585 32.6742 45.9
    endloop
  endfacet
  facet normal -0.544744 0.838602 0
    outer loop
      vertex 53.4206 11.1031 45.9
      vertex 53.1064 10.899 48.3
      vertex 53.4206 11.1031 48.3
    endloop
  endfacet
  facet normal -0.544744 0.838602 0
    outer loop
      vertex 53.1064 10.899 48.3
      vertex 53.4206 11.1031 45.9
      vertex 53.1064 10.899 45.9
    endloop
  endfacet
  facet normal 0 0 1
    outer loop
      vertex 53.4206 11.1031 45.9
      vertex 52.7181 10.6468 45.9
      vertex 53.1064 10.899 45.9
    endloop
  endfacet
  facet normal 0.857208 -0.51497 0
    outer loop
      vertex 19.2154 43 48.3
      vertex 19.6468 43.7181 45.9
      vertex 19.6468 43.7181 48.3
    endloop
  endfacet
  facet normal 0.857208 -0.51497 0
    outer loop
      vertex 19.6468 43.7181 45.9
      vertex 19.2154 43 48.3
      vertex 19.2154 43 45.9
    endloop
  endfacet
  facet normal 0.92051 -0.390718 0
    outer loop
      vertex 17.7476 39.9906 48.3
      vertex 18.0749 40.7617 45.9
      vertex 18.0749 40.7617 48.3
    endloop
  endfacet
  facet normal 0.92051 -0.390718 0
    outer loop
      vertex 18.0749 40.7617 45.9
      vertex 17.7476 39.9906 48.3
      vertex 17.7476 39.9906 45.9
    endloop
  endfacet
  facet normal -0.0174281 -0.999848 0
    outer loop
      vertex 40 55 45.9
      vertex 40.8376 54.9854 48.3
      vertex 40 55 48.3
    endloop
  endfacet
  facet normal -0.0174281 -0.999848 -0
    outer loop
      vertex 40.8376 54.9854 48.3
      vertex 40 55 45.9
      vertex 40.8376 54.9854 45.9
    endloop
  endfacet
  facet normal -0.544744 -0.838602 0
    outer loop
      vertex 53.1064 51.101 45.9
      vertex 53.4206 50.8969 48.3
      vertex 53.1064 51.101 48.3
    endloop
  endfacet
  facet normal -0.544744 -0.838602 -0
    outer loop
      vertex 53.4206 50.8969 48.3
      vertex 53.1064 51.101 45.9
      vertex 53.4206 50.8969 45.9
    endloop
  endfacet
  facet normal 0 0 1
    outer loop
      vertex 53.4206 50.8969 45.9
      vertex 53.1064 51.101 45.9
      vertex 52.7181 51.3532 45.9
    endloop
  endfacet
  facet normal 0.017452 0.999848 -0
    outer loop
      vertex 40 7 45.9
      vertex 39.1624 7.01462 48.3
      vertex 40 7 48.3
    endloop
  endfacet
  facet normal 0.017452 0.999848 0
    outer loop
      vertex 39.1624 7.01462 48.3
      vertex 40 7 45.9
      vertex 39.1624 7.01462 45.9
    endloop
  endfacet
  facet normal -0.906317 0.422598 0
    outer loop
      vertex 61.5711 20.4791 45.9
      vertex 61.9251 21.2383 48.3
      vertex 61.9251 21.2383 45.9
    endloop
  endfacet
  facet normal -0.906317 0.422598 0
    outer loop
      vertex 61.9251 21.2383 48.3
      vertex 61.5711 20.4791 45.9
      vertex 61.5711 20.4791 48.3
    endloop
  endfacet
  facet normal -0.945497 -0.32563 0
    outer loop
      vertex 62.8254 38.4164 45.9
      vertex 62.5526 39.2085 48.3
      vertex 62.5526 39.2085 45.9
    endloop
  endfacet
  facet normal -0.945497 -0.32563 0
    outer loop
      vertex 62.5526 39.2085 48.3
      vertex 62.8254 38.4164 45.9
      vertex 62.8254 38.4164 48.3
    endloop
  endfacet
  facet normal 0.981614 0.190879 0
    outer loop
      vertex 16.5245 26.0101 48.3
      vertex 16.3646 26.8324 45.9
      vertex 16.3646 26.8324 48.3
    endloop
  endfacet
  facet normal 0.981614 0.190879 0
    outer loop
      vertex 16.3646 26.8324 45.9
      vertex 16.5245 26.0101 48.3
      vertex 16.5245 26.0101 45.9
    endloop
  endfacet
  facet normal -0.156426 0.98769 0
    outer loop
      vertex 44.1676 7.36461 45.9
      vertex 43.3402 7.23357 48.3
      vertex 44.1676 7.36461 48.3
    endloop
  endfacet
  facet normal -0.156426 0.98769 0
    outer loop
      vertex 43.3402 7.23357 48.3
      vertex 44.1676 7.36461 45.9
      vertex 43.3402 7.23357 45.9
    endloop
  endfacet
  facet normal -0.0523308 0.99863 0
    outer loop
      vertex 41.6742 7.05846 45.9
      vertex 40.8376 7.01462 48.3
      vertex 41.6742 7.05846 48.3
    endloop
  endfacet
  facet normal -0.0523308 0.99863 0
    outer loop
      vertex 40.8376 7.01462 48.3
      vertex 41.6742 7.05846 45.9
      vertex 40.8376 7.01462 45.9
    endloop
  endfacet
  facet normal 0.998631 0.0523067 0
    outer loop
      vertex 16.0585 29.3258 48.3
      vertex 16.0389 29.7 45.9
      vertex 16.0389 29.7 48.3
    endloop
  endfacet
  facet normal 0.998631 0.0523067 0
    outer loop
      vertex 16.0389 29.7 45.9
      vertex 16.0585 29.3258 48.3
      vertex 16.0585 29.3258 45.9
    endloop
  endfacet
  facet normal 0 0 -1
    outer loop
      vertex 16.0585 29.3258 45.9
      vertex 16.0146 30.1624 45.9
      vertex 16.0389 29.7 45.9
    endloop
  endfacet
  facet normal -0.857208 -0.51497 0
    outer loop
      vertex 60.7846 43 45.9
      vertex 60.3532 43.7181 48.3
      vertex 60.3532 43.7181 45.9
    endloop
  endfacet
  facet normal -0.857208 -0.51497 0
    outer loop
      vertex 60.3532 43.7181 48.3
      vertex 60.7846 43 45.9
      vertex 60.7846 43 48.3
    endloop
  endfacet
  facet normal -0.996196 0.0871447 0
    outer loop
      vertex 63.8685 28.4913 45.9
      vertex 63.9415 29.3258 48.3
      vertex 63.9415 29.3258 45.9
    endloop
  endfacet
  facet normal -0.996196 0.0871447 0
    outer loop
      vertex 63.9415 29.3258 48.3
      vertex 63.8685 28.4913 45.9
      vertex 63.8685 28.4913 48.3
    endloop
  endfacet
  facet normal 0.258792 -0.965933 0
    outer loop
      vertex 33.3847 54.0703 45.9
      vertex 34.1939 54.2871 48.3
      vertex 33.3847 54.0703 48.3
    endloop
  endfacet
  facet normal 0.258792 -0.965933 0
    outer loop
      vertex 34.1939 54.2871 48.3
      vertex 33.3847 54.0703 45.9
      vertex 34.1939 54.2871 45.9
    endloop
  endfacet
  facet normal -0.987697 0.156379 0
    outer loop
      vertex 63.6354 26.8324 45.9
      vertex 63.7664 27.6598 48.3
      vertex 63.7664 27.6598 45.9
    endloop
  endfacet
  facet normal -0.987697 0.156379 0
    outer loop
      vertex 63.7664 27.6598 48.3
      vertex 63.6354 26.8324 45.9
      vertex 63.6354 26.8324 48.3
    endloop
  endfacet
  facet normal 0.0524022 -0.998626 0
    outer loop
      vertex 38.3258 54.9415 45.9
      vertex 39.1624 54.9854 48.3
      vertex 38.3258 54.9415 48.3
    endloop
  endfacet
  facet normal 0.0524022 -0.998626 0
    outer loop
      vertex 39.1624 54.9854 48.3
      vertex 38.3258 54.9415 45.9
      vertex 39.1624 54.9854 45.9
    endloop
  endfacet
  facet normal 0.454034 0.890984 -0
    outer loop
      vertex 29.4791 9.42894 45.9
      vertex 29.1453 9.59904 48.3
      vertex 29.4791 9.42894 48.3
    endloop
  endfacet
  facet normal 0.454034 0.890984 0
    outer loop
      vertex 29.1453 9.59904 48.3
      vertex 29.4791 9.42894 45.9
      vertex 29.1453 9.59904 45.9
    endloop
  endfacet
  facet normal 0 0 -1
    outer loop
      vertex 29.4791 9.42894 45.9
      vertex 28.7327 9.80926 45.9
      vertex 29.1453 9.59904 45.9
    endloop
  endfacet
  facet normal 0.422598 -0.906317 0
    outer loop
      vertex 29.4791 52.5711 45.9
      vertex 30.2383 52.9251 48.3
      vertex 29.4791 52.5711 48.3
    endloop
  endfacet
  facet normal 0.422598 -0.906317 0
    outer loop
      vertex 30.2383 52.9251 48.3
      vertex 29.4791 52.5711 45.9
      vertex 30.2383 52.9251 45.9
    endloop
  endfacet
  facet normal 0.0174281 -0.999848 0
    outer loop
      vertex 39.1624 54.9854 45.9
      vertex 40 55 48.3
      vertex 39.1624 54.9854 48.3
    endloop
  endfacet
  facet normal 0.0174281 -0.999848 0
    outer loop
      vertex 40 55 48.3
      vertex 39.1624 54.9854 45.9
      vertex 40 55 45.9
    endloop
  endfacet
  facet normal -0.965933 -0.258792 0
    outer loop
      vertex 63.2871 36.8061 45.9
      vertex 63.0703 37.6153 48.3
      vertex 63.0703 37.6153 45.9
    endloop
  endfacet
  facet normal -0.965933 -0.258792 0
    outer loop
      vertex 63.0703 37.6153 48.3
      vertex 63.2871 36.8061 45.9
      vertex 63.2871 36.8061 48.3
    endloop
  endfacet
  facet normal -0.422627 0.906304 0
    outer loop
      vertex 50.5209 9.42894 45.9
      vertex 49.7617 9.07491 48.3
      vertex 50.5209 9.42894 48.3
    endloop
  endfacet
  facet normal -0.422627 0.906304 0
    outer loop
      vertex 49.7617 9.07491 48.3
      vertex 50.5209 9.42894 45.9
      vertex 49.7617 9.07491 45.9
    endloop
  endfacet
  facet normal -0.390718 -0.92051 0
    outer loop
      vertex 48.9906 53.2524 45.9
      vertex 49.7617 52.9251 48.3
      vertex 48.9906 53.2524 48.3
    endloop
  endfacet
  facet normal -0.390718 -0.92051 -0
    outer loop
      vertex 49.7617 52.9251 48.3
      vertex 48.9906 53.2524 45.9
      vertex 49.7617 52.9251 45.9
    endloop
  endfacet
  facet normal 0.656084 -0.754688 0
    outer loop
      vertex 23.9409 48.8355 45.9
      vertex 24.5731 49.3851 48.3
      vertex 23.9409 48.8355 48.3
    endloop
  endfacet
  facet normal 0.656084 -0.754688 0
    outer loop
      vertex 24.5731 49.3851 48.3
      vertex 23.9409 48.8355 45.9
      vertex 24.5731 49.3851 45.9
    endloop
  endfacet
  facet normal -0.731385 0.681965 0
    outer loop
      vertex 57.2642 14.3282 45.9
      vertex 57.8355 14.9409 48.3
      vertex 57.8355 14.9409 45.9
    endloop
  endfacet
  facet normal -0.731385 0.681965 0
    outer loop
      vertex 57.8355 14.9409 48.3
      vertex 57.2642 14.3282 45.9
      vertex 57.2642 14.3282 48.3
    endloop
  endfacet
  facet normal -0.890963 -0.454076 0
    outer loop
      vertex 61.5711 41.5209 45.9
      vertex 61.1907 42.2673 48.3
      vertex 61.1907 42.2673 45.9
    endloop
  endfacet
  facet normal -0.890963 -0.454076 0
    outer loop
      vertex 61.1907 42.2673 48.3
      vertex 61.5711 41.5209 45.9
      vertex 61.5711 41.5209 48.3
    endloop
  endfacet
  facet normal -0.798695 -0.601737 0
    outer loop
      vertex 59.4164 45.1068 45.9
      vertex 58.9123 45.7759 48.3
      vertex 58.9123 45.7759 45.9
    endloop
  endfacet
  facet normal -0.798695 -0.601737 0
    outer loop
      vertex 58.9123 45.7759 48.3
      vertex 59.4164 45.1068 45.9
      vertex 59.4164 45.1068 48.3
    endloop
  endfacet
  facet normal -0.965933 0.258792 0
    outer loop
      vertex 63.0703 24.3847 45.9
      vertex 63.2871 25.1939 48.3
      vertex 63.2871 25.1939 45.9
    endloop
  endfacet
  facet normal -0.965933 0.258792 0
    outer loop
      vertex 63.2871 25.1939 48.3
      vertex 63.0703 24.3847 45.9
      vertex 63.0703 24.3847 48.3
    endloop
  endfacet
  facet normal 0.819142 0.573591 0
    outer loop
      vertex 20.5836 16.8932 48.3
      vertex 20.1031 17.5794 45.9
      vertex 20.1031 17.5794 48.3
    endloop
  endfacet
  facet normal 0.819142 0.573591 0
    outer loop
      vertex 20.1031 17.5794 45.9
      vertex 20.5836 16.8932 48.3
      vertex 20.5836 16.8932 45.9
    endloop
  endfacet
  facet normal -0.890963 0.454076 0
    outer loop
      vertex 61.1907 19.7327 45.9
      vertex 61.5711 20.4791 48.3
      vertex 61.5711 20.4791 45.9
    endloop
  endfacet
  facet normal -0.890963 0.454076 0
    outer loop
      vertex 61.5711 20.4791 48.3
      vertex 61.1907 19.7327 45.9
      vertex 61.1907 19.7327 48.3
    endloop
  endfacet
  facet normal 0.992545 -0.121875 0
    outer loop
      vertex 16.1315 33.5087 48.3
      vertex 16.2336 34.3402 45.9
      vertex 16.2336 34.3402 48.3
    endloop
  endfacet
  facet normal 0.992545 -0.121875 0
    outer loop
      vertex 16.2336 34.3402 45.9
      vertex 16.1315 33.5087 48.3
      vertex 16.1315 33.5087 45.9
    endloop
  endfacet
  facet normal 0.0871566 0.996195 -0
    outer loop
      vertex 38.3258 7.05846 45.9
      vertex 37.4913 7.13147 48.3
      vertex 38.3258 7.05846 48.3
    endloop
  endfacet
  facet normal 0.0871566 0.996195 0
    outer loop
      vertex 37.4913 7.13147 48.3
      vertex 38.3258 7.05846 45.9
      vertex 37.4913 7.13147 45.9
    endloop
  endfacet
  facet normal 0.945497 -0.32563 0
    outer loop
      vertex 17.1746 38.4164 48.3
      vertex 17.4474 39.2085 45.9
      vertex 17.4474 39.2085 48.3
    endloop
  endfacet
  facet normal 0.945497 -0.32563 0
    outer loop
      vertex 17.4474 39.2085 45.9
      vertex 17.1746 38.4164 48.3
      vertex 17.1746 38.4164 45.9
    endloop
  endfacet
  facet normal -0.819142 -0.573591 0
    outer loop
      vertex 59.8969 44.4206 45.9
      vertex 59.4164 45.1068 48.3
      vertex 59.4164 45.1068 45.9
    endloop
  endfacet
  facet normal -0.819142 -0.573591 0
    outer loop
      vertex 59.4164 45.1068 48.3
      vertex 59.8969 44.4206 45.9
      vertex 59.8969 44.4206 48.3
    endloop
  endfacet
  facet normal 0.707107 0.707107 0
    outer loop
      vertex 23.3282 13.7358 48.3
      vertex 22.7358 14.3282 45.9
      vertex 22.7358 14.3282 48.3
    endloop
  endfacet
  facet normal 0.707107 0.707107 0
    outer loop
      vertex 22.7358 14.3282 45.9
      vertex 23.3282 13.7358 48.3
      vertex 23.3282 13.7358 45.9
    endloop
  endfacet
  facet normal -0.656084 -0.754688 0
    outer loop
      vertex 55.4269 49.3851 45.9
      vertex 56.0591 48.8355 48.3
      vertex 55.4269 49.3851 48.3
    endloop
  endfacet
  facet normal -0.656084 -0.754688 -0
    outer loop
      vertex 56.0591 48.8355 48.3
      vertex 55.4269 49.3851 45.9
      vertex 56.0591 48.8355 45.9
    endloop
  endfacet
  facet normal -0.754688 0.656084 0
    outer loop
      vertex 57.8355 14.9409 45.9
      vertex 58.3851 15.5731 48.3
      vertex 58.3851 15.5731 45.9
    endloop
  endfacet
  facet normal -0.754688 0.656084 0
    outer loop
      vertex 58.3851 15.5731 48.3
      vertex 57.8355 14.9409 45.9
      vertex 57.8355 14.9409 48.3
    endloop
  endfacet
  facet normal -0.454034 0.890984 0
    outer loop
      vertex 50.8547 9.59904 45.9
      vertex 50.5209 9.42894 48.3
      vertex 50.8547 9.59904 48.3
    endloop
  endfacet
  facet normal -0.454034 0.890984 0
    outer loop
      vertex 50.5209 9.42894 48.3
      vertex 50.8547 9.59904 45.9
      vertex 50.5209 9.42894 45.9
    endloop
  endfacet
  facet normal 0 0 -1
    outer loop
      vertex 50.5209 9.42894 45.9
      vertex 50.8547 9.59904 45.9
      vertex 51.2673 9.80926 45.9
    endloop
  endfacet
  facet normal 0.933588 0.358347 0
    outer loop
      vertex 17.7476 22.0094 48.3
      vertex 17.4474 22.7915 45.9
      vertex 17.4474 22.7915 48.3
    endloop
  endfacet
  facet normal 0.933588 0.358347 0
    outer loop
      vertex 17.4474 22.7915 45.9
      vertex 17.7476 22.0094 48.3
      vertex 17.7476 22.0094 45.9
    endloop
  endfacet
  facet normal 0.573591 0.819142 -0
    outer loop
      vertex 26.5794 11.1031 45.9
      vertex 25.8932 11.5836 48.3
      vertex 26.5794 11.1031 48.3
    endloop
  endfacet
  facet normal 0.573591 0.819142 0
    outer loop
      vertex 25.8932 11.5836 48.3
      vertex 26.5794 11.1031 45.9
      vertex 25.8932 11.5836 45.9
    endloop
  endfacet
  facet normal -0.731385 -0.681965 0
    outer loop
      vertex 57.8355 47.0591 45.9
      vertex 57.2642 47.6718 48.3
      vertex 57.2642 47.6718 45.9
    endloop
  endfacet
  facet normal -0.731385 -0.681965 0
    outer loop
      vertex 57.2642 47.6718 48.3
      vertex 57.8355 47.0591 45.9
      vertex 57.8355 47.0591 48.3
    endloop
  endfacet
  facet normal -0.156379 -0.987697 0
    outer loop
      vertex 43.3402 54.7664 45.9
      vertex 44.1676 54.6354 48.3
      vertex 43.3402 54.7664 48.3
    endloop
  endfacet
  facet normal -0.156379 -0.987697 -0
    outer loop
      vertex 44.1676 54.6354 48.3
      vertex 43.3402 54.7664 45.9
      vertex 44.1676 54.6354 45.9
    endloop
  endfacet
  facet normal -0.707107 0.707107 0
    outer loop
      vertex 56.6718 13.7358 45.9
      vertex 57.2642 14.3282 48.3
      vertex 57.2642 14.3282 45.9
    endloop
  endfacet
  facet normal -0.707107 0.707107 0
    outer loop
      vertex 57.2642 14.3282 48.3
      vertex 56.6718 13.7358 45.9
      vertex 56.6718 13.7358 48.3
    endloop
  endfacet
  facet normal -0.121875 0.992545 0
    outer loop
      vertex 43.3402 7.23357 45.9
      vertex 42.5087 7.13147 48.3
      vertex 43.3402 7.23357 48.3
    endloop
  endfacet
  facet normal -0.121875 0.992545 0
    outer loop
      vertex 42.5087 7.13147 48.3
      vertex 43.3402 7.23357 45.9
      vertex 42.5087 7.13147 45.9
    endloop
  endfacet
  facet normal 0.544744 0.838602 -0
    outer loop
      vertex 26.8936 10.899 45.9
      vertex 26.5794 11.1031 48.3
      vertex 26.8936 10.899 48.3
    endloop
  endfacet
  facet normal 0.544744 0.838602 0
    outer loop
      vertex 26.5794 11.1031 48.3
      vertex 26.8936 10.899 45.9
      vertex 26.5794 11.1031 45.9
    endloop
  endfacet
  facet normal 0 0 1
    outer loop
      vertex 26.5794 11.1031 45.9
      vertex 26.8936 10.899 45.9
      vertex 27.2819 10.6468 45.9
    endloop
  endfacet
  facet normal 0.890963 0.454076 0
    outer loop
      vertex 18.8093 19.7327 48.3
      vertex 18.4289 20.4791 45.9
      vertex 18.4289 20.4791 48.3
    endloop
  endfacet
  facet normal 0.890963 0.454076 0
    outer loop
      vertex 18.4289 20.4791 45.9
      vertex 18.8093 19.7327 48.3
      vertex 18.8093 19.7327 45.9
    endloop
  endfacet
  facet normal 0.156379 -0.987697 0
    outer loop
      vertex 35.8324 54.6354 45.9
      vertex 36.6598 54.7664 48.3
      vertex 35.8324 54.6354 48.3
    endloop
  endfacet
  facet normal 0.156379 -0.987697 0
    outer loop
      vertex 36.6598 54.7664 48.3
      vertex 35.8324 54.6354 45.9
      vertex 36.6598 54.7664 45.9
    endloop
  endfacet
  facet normal -0.224957 0.974369 0
    outer loop
      vertex 45.8061 7.7129 45.9
      vertex 44.9899 7.52446 48.3
      vertex 45.8061 7.7129 48.3
    endloop
  endfacet
  facet normal -0.224957 0.974369 0
    outer loop
      vertex 44.9899 7.52446 48.3
      vertex 45.8061 7.7129 45.9
      vertex 44.9899 7.52446 45.9
    endloop
  endfacet
  facet normal 0.777128 -0.629342 0
    outer loop
      vertex 21.0877 45.7759 48.3
      vertex 21.6149 46.4269 45.9
      vertex 21.6149 46.4269 48.3
    endloop
  endfacet
  facet normal 0.777128 -0.629342 0
    outer loop
      vertex 21.6149 46.4269 45.9
      vertex 21.0877 45.7759 48.3
      vertex 21.0877 45.7759 45.9
    endloop
  endfacet
  facet normal 0.629342 0.777128 -0
    outer loop
      vertex 25.2241 12.0877 45.9
      vertex 24.5731 12.6149 48.3
      vertex 25.2241 12.0877 48.3
    endloop
  endfacet
  facet normal 0.629342 0.777128 0
    outer loop
      vertex 24.5731 12.6149 48.3
      vertex 25.2241 12.0877 45.9
      vertex 24.5731 12.6149 45.9
    endloop
  endfacet
  facet normal -0.258814 0.965927 0
    outer loop
      vertex 46.6153 7.92972 45.9
      vertex 45.8061 7.7129 48.3
      vertex 46.6153 7.92972 48.3
    endloop
  endfacet
  facet normal -0.258814 0.965927 0
    outer loop
      vertex 45.8061 7.7129 48.3
      vertex 46.6153 7.92972 45.9
      vertex 45.8061 7.7129 45.9
    endloop
  endfacet
  facet normal 0.629342 -0.777128 0
    outer loop
      vertex 24.5731 49.3851 45.9
      vertex 25.2241 49.9123 48.3
      vertex 24.5731 49.3851 48.3
    endloop
  endfacet
  facet normal 0.629342 -0.777128 0
    outer loop
      vertex 25.2241 49.9123 48.3
      vertex 24.5731 49.3851 45.9
      vertex 25.2241 49.9123 45.9
    endloop
  endfacet
  facet normal 0.945497 0.32563 0
    outer loop
      vertex 17.4474 22.7915 48.3
      vertex 17.1746 23.5836 45.9
      vertex 17.1746 23.5836 48.3
    endloop
  endfacet
  facet normal 0.945497 0.32563 0
    outer loop
      vertex 17.1746 23.5836 45.9
      vertex 17.4474 22.7915 48.3
      vertex 17.4474 22.7915 45.9
    endloop
  endfacet
  facet normal -0.987697 -0.156379 0
    outer loop
      vertex 63.7664 34.3402 45.9
      vertex 63.6354 35.1676 48.3
      vertex 63.6354 35.1676 45.9
    endloop
  endfacet
  facet normal -0.987697 -0.156379 0
    outer loop
      vertex 63.6354 35.1676 48.3
      vertex 63.7664 34.3402 45.9
      vertex 63.7664 34.3402 48.3
    endloop
  endfacet
  facet normal -0.974379 0.224912 0
    outer loop
      vertex 63.2871 25.1939 45.9
      vertex 63.4755 26.0101 48.3
      vertex 63.4755 26.0101 45.9
    endloop
  endfacet
  facet normal -0.974379 0.224912 0
    outer loop
      vertex 63.4755 26.0101 48.3
      vertex 63.2871 25.1939 45.9
      vertex 63.2871 25.1939 48.3
    endloop
  endfacet
  facet normal -0.981614 0.190879 0
    outer loop
      vertex 63.4755 26.0101 45.9
      vertex 63.6354 26.8324 48.3
      vertex 63.6354 26.8324 45.9
    endloop
  endfacet
  facet normal -0.981614 0.190879 0
    outer loop
      vertex 63.6354 26.8324 48.3
      vertex 63.4755 26.0101 45.9
      vertex 63.4755 26.0101 48.3
    endloop
  endfacet
  facet normal 0.996196 0.0871447 0
    outer loop
      vertex 16.1315 28.4913 48.3
      vertex 16.0585 29.3258 45.9
      vertex 16.0585 29.3258 48.3
    endloop
  endfacet
  facet normal 0.996196 0.0871447 0
    outer loop
      vertex 16.0585 29.3258 45.9
      vertex 16.1315 28.4913 48.3
      vertex 16.1315 28.4913 45.9
    endloop
  endfacet
  facet normal 0.121875 -0.992545 0
    outer loop
      vertex 36.6598 54.7664 45.9
      vertex 37.4913 54.8685 48.3
      vertex 36.6598 54.7664 48.3
    endloop
  endfacet
  facet normal 0.121875 -0.992545 0
    outer loop
      vertex 37.4913 54.8685 48.3
      vertex 36.6598 54.7664 45.9
      vertex 37.4913 54.8685 45.9
    endloop
  endfacet
  facet normal -0.906317 -0.422598 0
    outer loop
      vertex 61.9251 40.7617 45.9
      vertex 61.5711 41.5209 48.3
      vertex 61.5711 41.5209 45.9
    endloop
  endfacet
  facet normal -0.906317 -0.422598 0
    outer loop
      vertex 61.5711 41.5209 48.3
      vertex 61.9251 40.7617 45.9
      vertex 61.9251 40.7617 48.3
    endloop
  endfacet
  facet normal 0.0871447 -0.996196 0
    outer loop
      vertex 37.4913 54.8685 45.9
      vertex 38.3258 54.9415 48.3
      vertex 37.4913 54.8685 48.3
    endloop
  endfacet
  facet normal 0.0871447 -0.996196 0
    outer loop
      vertex 38.3258 54.9415 48.3
      vertex 37.4913 54.8685 45.9
      vertex 38.3258 54.9415 45.9
    endloop
  endfacet
  facet normal 0.798695 -0.601737 0
    outer loop
      vertex 20.5836 45.1068 48.3
      vertex 21.0877 45.7759 45.9
      vertex 21.0877 45.7759 48.3
    endloop
  endfacet
  facet normal 0.798695 -0.601737 0
    outer loop
      vertex 21.0877 45.7759 45.9
      vertex 20.5836 45.1068 48.3
      vertex 20.5836 45.1068 45.9
    endloop
  endfacet
  facet normal 0.819142 -0.573591 0
    outer loop
      vertex 20.1031 44.4206 48.3
      vertex 20.5836 45.1068 45.9
      vertex 20.5836 45.1068 48.3
    endloop
  endfacet
  facet normal 0.819142 -0.573591 0
    outer loop
      vertex 20.5836 45.1068 45.9
      vertex 20.1031 44.4206 48.3
      vertex 20.1031 44.4206 45.9
    endloop
  endfacet
  facet normal 0.390718 -0.92051 0
    outer loop
      vertex 30.2383 52.9251 45.9
      vertex 31.0094 53.2524 48.3
      vertex 30.2383 52.9251 48.3
    endloop
  endfacet
  facet normal 0.390718 -0.92051 0
    outer loop
      vertex 31.0094 53.2524 48.3
      vertex 30.2383 52.9251 45.9
      vertex 31.0094 53.2524 45.9
    endloop
  endfacet
  facet normal -0.629342 0.777128 0
    outer loop
      vertex 55.4269 12.6149 45.9
      vertex 54.7759 12.0877 48.3
      vertex 55.4269 12.6149 48.3
    endloop
  endfacet
  facet normal -0.629342 0.777128 0
    outer loop
      vertex 54.7759 12.0877 48.3
      vertex 55.4269 12.6149 45.9
      vertex 54.7759 12.0877 45.9
    endloop
  endfacet
  facet normal 0.965933 -0.258792 0
    outer loop
      vertex 16.7129 36.8061 48.3
      vertex 16.9297 37.6153 45.9
      vertex 16.9297 37.6153 48.3
    endloop
  endfacet
  facet normal 0.965933 -0.258792 0
    outer loop
      vertex 16.9297 37.6153 45.9
      vertex 16.7129 36.8061 48.3
      vertex 16.7129 36.8061 45.9
    endloop
  endfacet
  facet normal -0.601737 -0.798695 0
    outer loop
      vertex 54.1068 50.4164 45.9
      vertex 54.7759 49.9123 48.3
      vertex 54.1068 50.4164 48.3
    endloop
  endfacet
  facet normal -0.601737 -0.798695 -0
    outer loop
      vertex 54.7759 49.9123 48.3
      vertex 54.1068 50.4164 45.9
      vertex 54.7759 49.9123 45.9
    endloop
  endfacet
  facet normal 0.981614 -0.190879 0
    outer loop
      vertex 16.3646 35.1676 48.3
      vertex 16.5245 35.9899 45.9
      vertex 16.5245 35.9899 48.3
    endloop
  endfacet
  facet normal 0.981614 -0.190879 0
    outer loop
      vertex 16.5245 35.9899 45.9
      vertex 16.3646 35.1676 48.3
      vertex 16.3646 35.1676 45.9
    endloop
  endfacet
  facet normal -0.992545 -0.121875 0
    outer loop
      vertex 63.8685 33.5087 45.9
      vertex 63.7664 34.3402 48.3
      vertex 63.7664 34.3402 45.9
    endloop
  endfacet
  facet normal -0.992545 -0.121875 0
    outer loop
      vertex 63.7664 34.3402 48.3
      vertex 63.8685 33.5087 45.9
      vertex 63.8685 33.5087 48.3
    endloop
  endfacet
  facet normal -0.998631 0.0523067 0
    outer loop
      vertex 63.9415 29.3258 45.9
      vertex 63.9611 29.7 48.3
      vertex 63.9611 29.7 45.9
    endloop
  endfacet
  facet normal -0.998631 0.0523067 0
    outer loop
      vertex 63.9611 29.7 48.3
      vertex 63.9415 29.3258 45.9
      vertex 63.9415 29.3258 48.3
    endloop
  endfacet
  facet normal 0 0 -1
    outer loop
      vertex 63.9415 29.3258 45.9
      vertex 63.9611 29.7 45.9
      vertex 63.9854 30.1624 45.9
    endloop
  endfacet
  facet normal -0.656084 0.754688 0
    outer loop
      vertex 56.0591 13.1645 45.9
      vertex 55.4269 12.6149 48.3
      vertex 56.0591 13.1645 48.3
    endloop
  endfacet
  facet normal -0.656084 0.754688 0
    outer loop
      vertex 55.4269 12.6149 48.3
      vertex 56.0591 13.1645 45.9
      vertex 55.4269 12.6149 45.9
    endloop
  endfacet
  facet normal -0.981614 -0.190879 0
    outer loop
      vertex 63.6354 35.1676 45.9
      vertex 63.4755 35.9899 48.3
      vertex 63.4755 35.9899 45.9
    endloop
  endfacet
  facet normal -0.981614 -0.190879 0
    outer loop
      vertex 63.4755 35.9899 48.3
      vertex 63.6354 35.1676 45.9
      vertex 63.6354 35.1676 48.3
    endloop
  endfacet
  facet normal 0.987697 -0.156379 0
    outer loop
      vertex 16.2336 34.3402 48.3
      vertex 16.3646 35.1676 45.9
      vertex 16.3646 35.1676 48.3
    endloop
  endfacet
  facet normal 0.987697 -0.156379 0
    outer loop
      vertex 16.3646 35.1676 45.9
      vertex 16.2336 34.3402 48.3
      vertex 16.2336 34.3402 45.9
    endloop
  endfacet
  facet normal -0.777128 -0.629342 0
    outer loop
      vertex 58.9123 45.7759 45.9
      vertex 58.3851 46.4269 48.3
      vertex 58.3851 46.4269 45.9
    endloop
  endfacet
  facet normal -0.777128 -0.629342 0
    outer loop
      vertex 58.3851 46.4269 48.3
      vertex 58.9123 45.7759 45.9
      vertex 58.9123 45.7759 48.3
    endloop
  endfacet
  facet normal -0.798695 0.601737 0
    outer loop
      vertex 58.9123 16.2241 45.9
      vertex 59.4164 16.8932 48.3
      vertex 59.4164 16.8932 45.9
    endloop
  endfacet
  facet normal -0.798695 0.601737 0
    outer loop
      vertex 59.4164 16.8932 48.3
      vertex 58.9123 16.2241 45.9
      vertex 58.9123 16.2241 48.3
    endloop
  endfacet
  facet normal -0.681965 -0.731385 0
    outer loop
      vertex 56.0591 48.8355 45.9
      vertex 56.6718 48.2642 48.3
      vertex 56.0591 48.8355 48.3
    endloop
  endfacet
  facet normal -0.681965 -0.731385 -0
    outer loop
      vertex 56.6718 48.2642 48.3
      vertex 56.0591 48.8355 45.9
      vertex 56.6718 48.2642 45.9
    endloop
  endfacet
  facet normal -0.454034 -0.890984 0
    outer loop
      vertex 50.5209 52.5711 45.9
      vertex 50.8547 52.401 48.3
      vertex 50.5209 52.5711 48.3
    endloop
  endfacet
  facet normal -0.454034 -0.890984 -0
    outer loop
      vertex 50.8547 52.401 48.3
      vertex 50.5209 52.5711 45.9
      vertex 50.8547 52.401 45.9
    endloop
  endfacet
  facet normal 0 0 1
    outer loop
      vertex 50.5209 52.5711 45.9
      vertex 51.2673 52.1907 45.9
      vertex 50.8547 52.401 45.9
    endloop
  endfacet
  facet normal 0.933588 -0.358347 0
    outer loop
      vertex 17.4474 39.2085 48.3
      vertex 17.7476 39.9906 45.9
      vertex 17.7476 39.9906 48.3
    endloop
  endfacet
  facet normal 0.933588 -0.358347 0
    outer loop
      vertex 17.7476 39.9906 45.9
      vertex 17.4474 39.2085 48.3
      vertex 17.4474 39.2085 45.9
    endloop
  endfacet
  facet normal -0.838621 0.544716 0
    outer loop
      vertex 59.8969 17.5794 45.9
      vertex 60.3532 18.2819 48.3
      vertex 60.3532 18.2819 45.9
    endloop
  endfacet
  facet normal -0.838621 0.544716 0
    outer loop
      vertex 60.3532 18.2819 48.3
      vertex 59.8969 17.5794 45.9
      vertex 59.8969 17.5794 48.3
    endloop
  endfacet
  facet normal -0.992545 0.121875 0
    outer loop
      vertex 63.7664 27.6598 45.9
      vertex 63.8685 28.4913 48.3
      vertex 63.8685 28.4913 45.9
    endloop
  endfacet
  facet normal -0.992545 0.121875 0
    outer loop
      vertex 63.8685 28.4913 48.3
      vertex 63.7664 27.6598 45.9
      vertex 63.7664 27.6598 48.3
    endloop
  endfacet
  facet normal 0.190822 0.981625 -0
    outer loop
      vertex 35.8324 7.36461 45.9
      vertex 35.0101 7.52446 48.3
      vertex 35.8324 7.36461 48.3
    endloop
  endfacet
  facet normal 0.190822 0.981625 0
    outer loop
      vertex 35.0101 7.52446 48.3
      vertex 35.8324 7.36461 45.9
      vertex 35.0101 7.52446 45.9
    endloop
  endfacet
  facet normal 0.454034 -0.890984 0
    outer loop
      vertex 29.1453 52.401 45.9
      vertex 29.4791 52.5711 48.3
      vertex 29.1453 52.401 48.3
    endloop
  endfacet
  facet normal 0.454034 -0.890984 0
    outer loop
      vertex 29.4791 52.5711 48.3
      vertex 29.1453 52.401 45.9
      vertex 29.4791 52.5711 45.9
    endloop
  endfacet
  facet normal -0 0 1
    outer loop
      vertex 29.1453 52.401 45.9
      vertex 28.7327 52.1907 45.9
      vertex 29.4791 52.5711 45.9
    endloop
  endfacet
  facet normal 0.681965 -0.731385 0
    outer loop
      vertex 23.3282 48.2642 45.9
      vertex 23.9409 48.8355 48.3
      vertex 23.3282 48.2642 48.3
    endloop
  endfacet
  facet normal 0.681965 -0.731385 0
    outer loop
      vertex 23.9409 48.8355 48.3
      vertex 23.3282 48.2642 45.9
      vertex 23.9409 48.8355 45.9
    endloop
  endfacet
  facet normal -0.874641 0.484771 0
    outer loop
      vertex 60.7846 19 45.9
      vertex 61.1907 19.7327 48.3
      vertex 61.1907 19.7327 45.9
    endloop
  endfacet
  facet normal -0.874641 0.484771 0
    outer loop
      vertex 61.1907 19.7327 48.3
      vertex 60.7846 19 45.9
      vertex 60.7846 19 48.3
    endloop
  endfacet
  facet normal -0.573591 -0.819142 0
    outer loop
      vertex 53.4206 50.8969 45.9
      vertex 54.1068 50.4164 48.3
      vertex 53.4206 50.8969 48.3
    endloop
  endfacet
  facet normal -0.573591 -0.819142 -0
    outer loop
      vertex 54.1068 50.4164 48.3
      vertex 53.4206 50.8969 45.9
      vertex 54.1068 50.4164 45.9
    endloop
  endfacet
  facet normal 0.32563 -0.945497 0
    outer loop
      vertex 31.7915 53.5526 45.9
      vertex 32.5836 53.8254 48.3
      vertex 31.7915 53.5526 48.3
    endloop
  endfacet
  facet normal 0.32563 -0.945497 0
    outer loop
      vertex 32.5836 53.8254 48.3
      vertex 31.7915 53.5526 45.9
      vertex 32.5836 53.8254 45.9
    endloop
  endfacet
  facet normal 0.0523308 0.99863 -0
    outer loop
      vertex 39.1624 7.01462 45.9
      vertex 38.3258 7.05846 48.3
      vertex 39.1624 7.01462 48.3
    endloop
  endfacet
  facet normal 0.0523308 0.99863 0
    outer loop
      vertex 38.3258 7.05846 48.3
      vertex 39.1624 7.01462 45.9
      vertex 38.3258 7.05846 45.9
    endloop
  endfacet
  facet normal -0.0524022 -0.998626 0
    outer loop
      vertex 40.8376 54.9854 45.9
      vertex 41.6742 54.9415 48.3
      vertex 40.8376 54.9854 48.3
    endloop
  endfacet
  facet normal -0.0524022 -0.998626 -0
    outer loop
      vertex 41.6742 54.9415 48.3
      vertex 40.8376 54.9854 45.9
      vertex 41.6742 54.9415 45.9
    endloop
  endfacet
  facet normal 0.190879 -0.981614 0
    outer loop
      vertex 35.0101 54.4755 45.9
      vertex 35.8324 54.6354 48.3
      vertex 35.0101 54.4755 48.3
    endloop
  endfacet
  facet normal 0.190879 -0.981614 0
    outer loop
      vertex 35.8324 54.6354 48.3
      vertex 35.0101 54.4755 45.9
      vertex 35.8324 54.6354 45.9
    endloop
  endfacet
  facet normal -0.707107 -0.707107 0
    outer loop
      vertex 57.2642 47.6718 45.9
      vertex 56.6718 48.2642 48.3
      vertex 56.6718 48.2642 45.9
    endloop
  endfacet
  facet normal -0.707107 -0.707107 0
    outer loop
      vertex 56.6718 48.2642 48.3
      vertex 57.2642 47.6718 45.9
      vertex 57.2642 47.6718 48.3
    endloop
  endfacet
  facet normal 0.838621 -0.544716 0
    outer loop
      vertex 19.6468 43.7181 48.3
      vertex 20.1031 44.4206 45.9
      vertex 20.1031 44.4206 48.3
    endloop
  endfacet
  facet normal 0.838621 -0.544716 0
    outer loop
      vertex 20.1031 44.4206 45.9
      vertex 19.6468 43.7181 48.3
      vertex 19.6468 43.7181 45.9
    endloop
  endfacet
  facet normal 0.656084 0.754688 -0
    outer loop
      vertex 24.5731 12.6149 45.9
      vertex 23.9409 13.1645 48.3
      vertex 24.5731 12.6149 48.3
    endloop
  endfacet
  facet normal 0.656084 0.754688 0
    outer loop
      vertex 23.9409 13.1645 48.3
      vertex 24.5731 12.6149 45.9
      vertex 23.9409 13.1645 45.9
    endloop
  endfacet
  facet normal -0.258792 -0.965933 0
    outer loop
      vertex 45.8061 54.2871 45.9
      vertex 46.6153 54.0703 48.3
      vertex 45.8061 54.2871 48.3
    endloop
  endfacet
  facet normal -0.258792 -0.965933 -0
    outer loop
      vertex 46.6153 54.0703 48.3
      vertex 45.8061 54.2871 45.9
      vertex 46.6153 54.0703 45.9
    endloop
  endfacet
  facet normal 0.156426 0.98769 -0
    outer loop
      vertex 36.6598 7.23357 45.9
      vertex 35.8324 7.36461 48.3
      vertex 36.6598 7.23357 48.3
    endloop
  endfacet
  facet normal 0.156426 0.98769 0
    outer loop
      vertex 35.8324 7.36461 48.3
      vertex 36.6598 7.23357 45.9
      vertex 35.8324 7.36461 45.9
    endloop
  endfacet
  facet normal 0.681965 0.731385 -0
    outer loop
      vertex 23.9409 13.1645 45.9
      vertex 23.3282 13.7358 48.3
      vertex 23.9409 13.1645 48.3
    endloop
  endfacet
  facet normal 0.681965 0.731385 0
    outer loop
      vertex 23.3282 13.7358 48.3
      vertex 23.9409 13.1645 45.9
      vertex 23.3282 13.7358 45.9
    endloop
  endfacet
  facet normal 0.956312 0.292349 0
    outer loop
      vertex 17.1746 23.5836 48.3
      vertex 16.9297 24.3847 45.9
      vertex 16.9297 24.3847 48.3
    endloop
  endfacet
  facet normal 0.956312 0.292349 0
    outer loop
      vertex 16.9297 24.3847 45.9
      vertex 17.1746 23.5836 48.3
      vertex 17.1746 23.5836 45.9
    endloop
  endfacet
  facet normal -0.819142 0.573591 0
    outer loop
      vertex 59.4164 16.8932 45.9
      vertex 59.8969 17.5794 48.3
      vertex 59.8969 17.5794 45.9
    endloop
  endfacet
  facet normal -0.819142 0.573591 0
    outer loop
      vertex 59.8969 17.5794 48.3
      vertex 59.4164 16.8932 45.9
      vertex 59.4164 16.8932 48.3
    endloop
  endfacet
  facet normal -0.292371 0.956305 0
    outer loop
      vertex 47.4164 8.17464 45.9
      vertex 46.6153 7.92972 48.3
      vertex 47.4164 8.17464 48.3
    endloop
  endfacet
  facet normal -0.292371 0.956305 0
    outer loop
      vertex 46.6153 7.92972 48.3
      vertex 47.4164 8.17464 45.9
      vertex 46.6153 7.92972 45.9
    endloop
  endfacet
  facet normal 0.224957 0.974369 -0
    outer loop
      vertex 35.0101 7.52446 45.9
      vertex 34.1939 7.7129 48.3
      vertex 35.0101 7.52446 48.3
    endloop
  endfacet
  facet normal 0.224957 0.974369 0
    outer loop
      vertex 34.1939 7.7129 48.3
      vertex 35.0101 7.52446 45.9
      vertex 34.1939 7.7129 45.9
    endloop
  endfacet
  facet normal -0.292349 -0.956312 0
    outer loop
      vertex 46.6153 54.0703 45.9
      vertex 47.4164 53.8254 48.3
      vertex 46.6153 54.0703 48.3
    endloop
  endfacet
  facet normal -0.292349 -0.956312 -0
    outer loop
      vertex 47.4164 53.8254 48.3
      vertex 46.6153 54.0703 45.9
      vertex 47.4164 53.8254 45.9
    endloop
  endfacet
  facet normal 0.974379 -0.224912 0
    outer loop
      vertex 16.5245 35.9899 48.3
      vertex 16.7129 36.8061 45.9
      vertex 16.7129 36.8061 48.3
    endloop
  endfacet
  facet normal 0.974379 -0.224912 0
    outer loop
      vertex 16.7129 36.8061 45.9
      vertex 16.5245 35.9899 48.3
      vertex 16.5245 35.9899 45.9
    endloop
  endfacet
  facet normal -0.358347 -0.933588 0
    outer loop
      vertex 48.2085 53.5526 45.9
      vertex 48.9906 53.2524 48.3
      vertex 48.2085 53.5526 48.3
    endloop
  endfacet
  facet normal -0.358347 -0.933588 -0
    outer loop
      vertex 48.9906 53.2524 48.3
      vertex 48.2085 53.5526 45.9
      vertex 48.9906 53.2524 45.9
    endloop
  endfacet
  facet normal -0.190822 0.981625 0
    outer loop
      vertex 44.9899 7.52446 45.9
      vertex 44.1676 7.36461 48.3
      vertex 44.9899 7.52446 48.3
    endloop
  endfacet
  facet normal -0.190822 0.981625 0
    outer loop
      vertex 44.1676 7.36461 48.3
      vertex 44.9899 7.52446 45.9
      vertex 44.1676 7.36461 45.9
    endloop
  endfacet
  facet normal -0.777128 0.629342 0
    outer loop
      vertex 58.3851 15.5731 45.9
      vertex 58.9123 16.2241 48.3
      vertex 58.9123 16.2241 45.9
    endloop
  endfacet
  facet normal -0.777128 0.629342 0
    outer loop
      vertex 58.9123 16.2241 48.3
      vertex 58.3851 15.5731 45.9
      vertex 58.3851 15.5731 48.3
    endloop
  endfacet
  facet normal -0.974379 -0.224912 0
    outer loop
      vertex 63.4755 35.9899 45.9
      vertex 63.2871 36.8061 48.3
      vertex 63.2871 36.8061 45.9
    endloop
  endfacet
  facet normal -0.974379 -0.224912 0
    outer loop
      vertex 63.2871 36.8061 48.3
      vertex 63.4755 35.9899 45.9
      vertex 63.4755 35.9899 48.3
    endloop
  endfacet
  facet normal 0.874641 0.484771 0
    outer loop
      vertex 19.2154 19 48.3
      vertex 18.8093 19.7327 45.9
      vertex 18.8093 19.7327 48.3
    endloop
  endfacet
  facet normal 0.874641 0.484771 0
    outer loop
      vertex 18.8093 19.7327 45.9
      vertex 19.2154 19 48.3
      vertex 19.2154 19 45.9
    endloop
  endfacet
  facet normal 0.573591 -0.819142 0
    outer loop
      vertex 25.8932 50.4164 45.9
      vertex 26.5794 50.8969 48.3
      vertex 25.8932 50.4164 48.3
    endloop
  endfacet
  facet normal 0.573591 -0.819142 0
    outer loop
      vertex 26.5794 50.8969 48.3
      vertex 25.8932 50.4164 45.9
      vertex 26.5794 50.8969 45.9
    endloop
  endfacet
  facet normal -0.874641 -0.484771 0
    outer loop
      vertex 61.1907 42.2673 45.9
      vertex 60.7846 43 48.3
      vertex 60.7846 43 45.9
    endloop
  endfacet
  facet normal -0.874641 -0.484771 0
    outer loop
      vertex 60.7846 43 48.3
      vertex 61.1907 42.2673 45.9
      vertex 61.1907 42.2673 48.3
    endloop
  endfacet
  facet normal 0.544744 -0.838602 0
    outer loop
      vertex 26.5794 50.8969 45.9
      vertex 26.8936 51.101 48.3
      vertex 26.5794 50.8969 48.3
    endloop
  endfacet
  facet normal 0.544744 -0.838602 0
    outer loop
      vertex 26.8936 51.101 48.3
      vertex 26.5794 50.8969 45.9
      vertex 26.8936 51.101 45.9
    endloop
  endfacet
  facet normal 0 0 1
    outer loop
      vertex 26.5794 50.8969 45.9
      vertex 27.2819 51.3532 45.9
      vertex 26.8936 51.101 45.9
    endloop
  endfacet
  facet normal 0.754688 0.656084 0
    outer loop
      vertex 22.1645 14.9409 48.3
      vertex 21.6149 15.5731 45.9
      vertex 21.6149 15.5731 48.3
    endloop
  endfacet
  facet normal 0.754688 0.656084 0
    outer loop
      vertex 21.6149 15.5731 45.9
      vertex 22.1645 14.9409 48.3
      vertex 22.1645 14.9409 45.9
    endloop
  endfacet
  facet normal -0.857208 0.51497 0
    outer loop
      vertex 60.3532 18.2819 45.9
      vertex 60.7846 19 48.3
      vertex 60.7846 19 45.9
    endloop
  endfacet
  facet normal -0.857208 0.51497 0
    outer loop
      vertex 60.7846 19 48.3
      vertex 60.3532 18.2819 45.9
      vertex 60.3532 18.2819 48.3
    endloop
  endfacet
  facet normal 0.358347 -0.933588 0
    outer loop
      vertex 31.0094 53.2524 45.9
      vertex 31.7915 53.5526 48.3
      vertex 31.0094 53.2524 48.3
    endloop
  endfacet
  facet normal 0.358347 -0.933588 0
    outer loop
      vertex 31.7915 53.5526 48.3
      vertex 31.0094 53.2524 45.9
      vertex 31.7915 53.5526 45.9
    endloop
  endfacet
  facet normal 0.974379 0.224912 0
    outer loop
      vertex 16.7129 25.1939 48.3
      vertex 16.5245 26.0101 45.9
      vertex 16.5245 26.0101 48.3
    endloop
  endfacet
  facet normal 0.974379 0.224912 0
    outer loop
      vertex 16.5245 26.0101 45.9
      vertex 16.7129 25.1939 48.3
      vertex 16.7129 25.1939 45.9
    endloop
  endfacet
  facet normal -0.838621 -0.544716 0
    outer loop
      vertex 60.3532 43.7181 45.9
      vertex 59.8969 44.4206 48.3
      vertex 59.8969 44.4206 45.9
    endloop
  endfacet
  facet normal -0.838621 -0.544716 0
    outer loop
      vertex 59.8969 44.4206 48.3
      vertex 60.3532 43.7181 45.9
      vertex 60.3532 43.7181 48.3
    endloop
  endfacet
  facet normal 0.390739 0.920502 -0
    outer loop
      vertex 31.0094 8.74759 45.9
      vertex 30.2383 9.07491 48.3
      vertex 31.0094 8.74759 48.3
    endloop
  endfacet
  facet normal 0.390739 0.920502 0
    outer loop
      vertex 30.2383 9.07491 48.3
      vertex 31.0094 8.74759 45.9
      vertex 30.2383 9.07491 45.9
    endloop
  endfacet
  facet normal -0.933588 -0.358347 0
    outer loop
      vertex 62.5526 39.2085 45.9
      vertex 62.2524 39.9906 48.3
      vertex 62.2524 39.9906 45.9
    endloop
  endfacet
  facet normal -0.933588 -0.358347 0
    outer loop
      vertex 62.2524 39.9906 48.3
      vertex 62.5526 39.2085 45.9
      vertex 62.5526 39.2085 48.3
    endloop
  endfacet
  facet normal -0.629342 -0.777128 0
    outer loop
      vertex 54.7759 49.9123 45.9
      vertex 55.4269 49.3851 48.3
      vertex 54.7759 49.9123 48.3
    endloop
  endfacet
  facet normal -0.629342 -0.777128 -0
    outer loop
      vertex 55.4269 49.3851 48.3
      vertex 54.7759 49.9123 45.9
      vertex 55.4269 49.3851 45.9
    endloop
  endfacet
  facet normal -0.32563 -0.945497 0
    outer loop
      vertex 47.4164 53.8254 45.9
      vertex 48.2085 53.5526 48.3
      vertex 47.4164 53.8254 48.3
    endloop
  endfacet
  facet normal -0.32563 -0.945497 -0
    outer loop
      vertex 48.2085 53.5526 48.3
      vertex 47.4164 53.8254 45.9
      vertex 48.2085 53.5526 45.9
    endloop
  endfacet
  facet normal 0.292371 0.956305 -0
    outer loop
      vertex 33.3847 7.92972 45.9
      vertex 32.5836 8.17464 48.3
      vertex 33.3847 7.92972 48.3
    endloop
  endfacet
  facet normal 0.292371 0.956305 0
    outer loop
      vertex 32.5836 8.17464 48.3
      vertex 33.3847 7.92972 45.9
      vertex 32.5836 8.17464 45.9
    endloop
  endfacet
  facet normal 0.906317 0.422598 0
    outer loop
      vertex 18.4289 20.4791 48.3
      vertex 18.0749 21.2383 45.9
      vertex 18.0749 21.2383 48.3
    endloop
  endfacet
  facet normal 0.906317 0.422598 0
    outer loop
      vertex 18.0749 21.2383 45.9
      vertex 18.4289 20.4791 48.3
      vertex 18.4289 20.4791 45.9
    endloop
  endfacet
  facet normal -0.754688 -0.656084 0
    outer loop
      vertex 58.3851 46.4269 45.9
      vertex 57.8355 47.0591 48.3
      vertex 57.8355 47.0591 45.9
    endloop
  endfacet
  facet normal -0.754688 -0.656084 0
    outer loop
      vertex 57.8355 47.0591 48.3
      vertex 58.3851 46.4269 45.9
      vertex 58.3851 46.4269 48.3
    endloop
  endfacet
  facet normal 0.292349 -0.956312 0
    outer loop
      vertex 32.5836 53.8254 45.9
      vertex 33.3847 54.0703 48.3
      vertex 32.5836 53.8254 48.3
    endloop
  endfacet
  facet normal 0.292349 -0.956312 0
    outer loop
      vertex 33.3847 54.0703 48.3
      vertex 32.5836 53.8254 45.9
      vertex 33.3847 54.0703 45.9
    endloop
  endfacet
  facet normal 0.857208 0.51497 0
    outer loop
      vertex 19.6468 18.2819 48.3
      vertex 19.2154 19 45.9
      vertex 19.2154 19 48.3
    endloop
  endfacet
  facet normal 0.857208 0.51497 0
    outer loop
      vertex 19.2154 19 45.9
      vertex 19.6468 18.2819 48.3
      vertex 19.6468 18.2819 45.9
    endloop
  endfacet
  facet normal 0.325566 0.945519 -0
    outer loop
      vertex 32.5836 8.17464 45.9
      vertex 31.7915 8.44738 48.3
      vertex 32.5836 8.17464 48.3
    endloop
  endfacet
  facet normal 0.325566 0.945519 0
    outer loop
      vertex 31.7915 8.44738 48.3
      vertex 32.5836 8.17464 45.9
      vertex 31.7915 8.44738 45.9
    endloop
  endfacet
  facet normal -0.325566 0.945519 0
    outer loop
      vertex 48.2085 8.44738 45.9
      vertex 47.4164 8.17464 48.3
      vertex 48.2085 8.44738 48.3
    endloop
  endfacet
  facet normal -0.325566 0.945519 0
    outer loop
      vertex 47.4164 8.17464 48.3
      vertex 48.2085 8.44738 45.9
      vertex 47.4164 8.17464 45.9
    endloop
  endfacet
  facet normal -0.601737 0.798695 0
    outer loop
      vertex 54.7759 12.0877 45.9
      vertex 54.1068 11.5836 48.3
      vertex 54.7759 12.0877 48.3
    endloop
  endfacet
  facet normal -0.601737 0.798695 0
    outer loop
      vertex 54.1068 11.5836 48.3
      vertex 54.7759 12.0877 45.9
      vertex 54.1068 11.5836 45.9
    endloop
  endfacet
  facet normal 0.874641 -0.484771 0
    outer loop
      vertex 18.8093 42.2673 48.3
      vertex 19.2154 43 45.9
      vertex 19.2154 43 48.3
    endloop
  endfacet
  facet normal 0.874641 -0.484771 0
    outer loop
      vertex 19.2154 43 45.9
      vertex 18.8093 42.2673 48.3
      vertex 18.8093 42.2673 45.9
    endloop
  endfacet
  facet normal 0.258814 0.965927 -0
    outer loop
      vertex 34.1939 7.7129 45.9
      vertex 33.3847 7.92972 48.3
      vertex 34.1939 7.7129 48.3
    endloop
  endfacet
  facet normal 0.258814 0.965927 0
    outer loop
      vertex 33.3847 7.92972 48.3
      vertex 34.1939 7.7129 45.9
      vertex 33.3847 7.92972 45.9
    endloop
  endfacet
  facet normal 0.731385 0.681965 0
    outer loop
      vertex 22.7358 14.3282 48.3
      vertex 22.1645 14.9409 45.9
      vertex 22.1645 14.9409 48.3
    endloop
  endfacet
  facet normal 0.731385 0.681965 0
    outer loop
      vertex 22.1645 14.9409 45.9
      vertex 22.7358 14.3282 48.3
      vertex 22.7358 14.3282 45.9
    endloop
  endfacet
  facet normal 0.754688 -0.656084 0
    outer loop
      vertex 21.6149 46.4269 48.3
      vertex 22.1645 47.0591 45.9
      vertex 22.1645 47.0591 48.3
    endloop
  endfacet
  facet normal 0.754688 -0.656084 0
    outer loop
      vertex 22.1645 47.0591 45.9
      vertex 21.6149 46.4269 48.3
      vertex 21.6149 46.4269 45.9
    endloop
  endfacet
  facet normal -0.224912 -0.974379 0
    outer loop
      vertex 44.9899 54.4755 45.9
      vertex 45.8061 54.2871 48.3
      vertex 44.9899 54.4755 48.3
    endloop
  endfacet
  facet normal -0.224912 -0.974379 -0
    outer loop
      vertex 45.8061 54.2871 48.3
      vertex 44.9899 54.4755 45.9
      vertex 45.8061 54.2871 45.9
    endloop
  endfacet
  facet normal -0.92051 -0.390718 0
    outer loop
      vertex 62.2524 39.9906 45.9
      vertex 61.9251 40.7617 48.3
      vertex 61.9251 40.7617 45.9
    endloop
  endfacet
  facet normal -0.92051 -0.390718 0
    outer loop
      vertex 61.9251 40.7617 48.3
      vertex 62.2524 39.9906 45.9
      vertex 62.2524 39.9906 48.3
    endloop
  endfacet
  facet normal -0.573591 0.819142 0
    outer loop
      vertex 54.1068 11.5836 45.9
      vertex 53.4206 11.1031 48.3
      vertex 54.1068 11.5836 48.3
    endloop
  endfacet
  facet normal -0.573591 0.819142 0
    outer loop
      vertex 53.4206 11.1031 48.3
      vertex 54.1068 11.5836 45.9
      vertex 53.4206 11.1031 45.9
    endloop
  endfacet
  facet normal -0.681965 0.731385 0
    outer loop
      vertex 56.6718 13.7358 45.9
      vertex 56.0591 13.1645 48.3
      vertex 56.6718 13.7358 48.3
    endloop
  endfacet
  facet normal -0.681965 0.731385 0
    outer loop
      vertex 56.0591 13.1645 48.3
      vertex 56.6718 13.7358 45.9
      vertex 56.0591 13.1645 45.9
    endloop
  endfacet
  facet normal 0.601737 -0.798695 0
    outer loop
      vertex 25.2241 49.9123 45.9
      vertex 25.8932 50.4164 48.3
      vertex 25.2241 49.9123 48.3
    endloop
  endfacet
  facet normal 0.601737 -0.798695 0
    outer loop
      vertex 25.8932 50.4164 48.3
      vertex 25.2241 49.9123 45.9
      vertex 25.8932 50.4164 45.9
    endloop
  endfacet
  facet normal 0.731385 -0.681965 0
    outer loop
      vertex 22.1645 47.0591 48.3
      vertex 22.7358 47.6718 45.9
      vertex 22.7358 47.6718 48.3
    endloop
  endfacet
  facet normal 0.731385 -0.681965 0
    outer loop
      vertex 22.7358 47.6718 45.9
      vertex 22.1645 47.0591 48.3
      vertex 22.1645 47.0591 45.9
    endloop
  endfacet
  facet normal -0.0871447 -0.996196 0
    outer loop
      vertex 41.6742 54.9415 45.9
      vertex 42.5087 54.8685 48.3
      vertex 41.6742 54.9415 48.3
    endloop
  endfacet
  facet normal -0.0871447 -0.996196 -0
    outer loop
      vertex 42.5087 54.8685 48.3
      vertex 41.6742 54.9415 45.9
      vertex 42.5087 54.8685 45.9
    endloop
  endfacet
  facet normal 0.838621 0.544716 0
    outer loop
      vertex 20.1031 17.5794 48.3
      vertex 19.6468 18.2819 45.9
      vertex 19.6468 18.2819 48.3
    endloop
  endfacet
  facet normal 0.838621 0.544716 0
    outer loop
      vertex 19.6468 18.2819 45.9
      vertex 20.1031 17.5794 48.3
      vertex 20.1031 17.5794 45.9
    endloop
  endfacet
  facet normal 0.121875 0.992545 -0
    outer loop
      vertex 37.4913 7.13147 45.9
      vertex 36.6598 7.23357 48.3
      vertex 37.4913 7.13147 48.3
    endloop
  endfacet
  facet normal 0.121875 0.992545 0
    outer loop
      vertex 36.6598 7.23357 48.3
      vertex 37.4913 7.13147 45.9
      vertex 36.6598 7.23357 45.9
    endloop
  endfacet
  facet normal 0.707107 -0.707107 0
    outer loop
      vertex 22.7358 47.6718 48.3
      vertex 23.3282 48.2642 45.9
      vertex 23.3282 48.2642 48.3
    endloop
  endfacet
  facet normal 0.707107 -0.707107 0
    outer loop
      vertex 23.3282 48.2642 45.9
      vertex 22.7358 47.6718 48.3
      vertex 22.7358 47.6718 45.9
    endloop
  endfacet
  facet normal 0.992545 0.121875 0
    outer loop
      vertex 16.2336 27.6598 48.3
      vertex 16.1315 28.4913 45.9
      vertex 16.1315 28.4913 48.3
    endloop
  endfacet
  facet normal 0.992545 0.121875 0
    outer loop
      vertex 16.1315 28.4913 45.9
      vertex 16.2336 27.6598 48.3
      vertex 16.2336 27.6598 45.9
    endloop
  endfacet
  facet normal 0.996196 -0.0871447 0
    outer loop
      vertex 16.0585 32.6742 48.3
      vertex 16.1315 33.5087 45.9
      vertex 16.1315 33.5087 48.3
    endloop
  endfacet
  facet normal 0.996196 -0.0871447 0
    outer loop
      vertex 16.1315 33.5087 45.9
      vertex 16.0585 32.6742 48.3
      vertex 16.0585 32.6742 45.9
    endloop
  endfacet
  facet normal 0.956312 -0.292349 0
    outer loop
      vertex 16.9297 37.6153 48.3
      vertex 17.1746 38.4164 45.9
      vertex 17.1746 38.4164 48.3
    endloop
  endfacet
  facet normal 0.956312 -0.292349 0
    outer loop
      vertex 17.1746 38.4164 45.9
      vertex 16.9297 37.6153 48.3
      vertex 16.9297 37.6153 45.9
    endloop
  endfacet
  facet normal 0.777128 0.629342 0
    outer loop
      vertex 21.6149 15.5731 48.3
      vertex 21.0877 16.2241 45.9
      vertex 21.0877 16.2241 48.3
    endloop
  endfacet
  facet normal 0.777128 0.629342 0
    outer loop
      vertex 21.0877 16.2241 45.9
      vertex 21.6149 15.5731 48.3
      vertex 21.6149 15.5731 45.9
    endloop
  endfacet
  facet normal -0.017452 0.999848 0
    outer loop
      vertex 40.8376 7.01462 45.9
      vertex 40 7 48.3
      vertex 40.8376 7.01462 48.3
    endloop
  endfacet
  facet normal -0.017452 0.999848 0
    outer loop
      vertex 40 7 48.3
      vertex 40.8376 7.01462 45.9
      vertex 40 7 45.9
    endloop
  endfacet
  facet normal 0.987697 0.156379 0
    outer loop
      vertex 16.3646 26.8324 48.3
      vertex 16.2336 27.6598 45.9
      vertex 16.2336 27.6598 48.3
    endloop
  endfacet
  facet normal 0.987697 0.156379 0
    outer loop
      vertex 16.2336 27.6598 45.9
      vertex 16.3646 26.8324 48.3
      vertex 16.3646 26.8324 45.9
    endloop
  endfacet
  facet normal -0.190879 -0.981614 0
    outer loop
      vertex 44.1676 54.6354 45.9
      vertex 44.9899 54.4755 48.3
      vertex 44.1676 54.6354 48.3
    endloop
  endfacet
  facet normal -0.190879 -0.981614 -0
    outer loop
      vertex 44.9899 54.4755 48.3
      vertex 44.1676 54.6354 45.9
      vertex 44.9899 54.4755 45.9
    endloop
  endfacet
  facet normal 0.890963 -0.454076 0
    outer loop
      vertex 18.4289 41.5209 48.3
      vertex 18.8093 42.2673 45.9
      vertex 18.8093 42.2673 48.3
    endloop
  endfacet
  facet normal 0.890963 -0.454076 0
    outer loop
      vertex 18.8093 42.2673 45.9
      vertex 18.4289 41.5209 48.3
      vertex 18.4289 41.5209 45.9
    endloop
  endfacet
  facet normal -0.358357 0.933584 0
    outer loop
      vertex 48.9906 8.74759 45.9
      vertex 48.2085 8.44738 48.3
      vertex 48.9906 8.74759 48.3
    endloop
  endfacet
  facet normal -0.358357 0.933584 0
    outer loop
      vertex 48.2085 8.44738 48.3
      vertex 48.9906 8.74759 45.9
      vertex 48.2085 8.44738 45.9
    endloop
  endfacet
  facet normal -0.390739 0.920502 0
    outer loop
      vertex 49.7617 9.07491 45.9
      vertex 48.9906 8.74759 48.3
      vertex 49.7617 9.07491 48.3
    endloop
  endfacet
  facet normal -0.390739 0.920502 0
    outer loop
      vertex 48.9906 8.74759 48.3
      vertex 49.7617 9.07491 45.9
      vertex 48.9906 8.74759 45.9
    endloop
  endfacet
  facet normal 0.906317 -0.422598 0
    outer loop
      vertex 18.0749 40.7617 48.3
      vertex 18.4289 41.5209 45.9
      vertex 18.4289 41.5209 48.3
    endloop
  endfacet
  facet normal 0.906317 -0.422598 0
    outer loop
      vertex 18.4289 41.5209 45.9
      vertex 18.0749 40.7617 48.3
      vertex 18.0749 40.7617 45.9
    endloop
  endfacet
  facet normal -0.121875 -0.992545 0
    outer loop
      vertex 42.5087 54.8685 45.9
      vertex 43.3402 54.7664 48.3
      vertex 42.5087 54.8685 48.3
    endloop
  endfacet
  facet normal -0.121875 -0.992545 -0
    outer loop
      vertex 43.3402 54.7664 48.3
      vertex 42.5087 54.8685 45.9
      vertex 43.3402 54.7664 45.9
    endloop
  endfacet
  facet normal 0.358357 0.933584 -0
    outer loop
      vertex 31.7915 8.44738 45.9
      vertex 31.0094 8.74759 48.3
      vertex 31.7915 8.44738 48.3
    endloop
  endfacet
  facet normal 0.358357 0.933584 0
    outer loop
      vertex 31.0094 8.74759 48.3
      vertex 31.7915 8.44738 45.9
      vertex 31.0094 8.74759 45.9
    endloop
  endfacet
  facet normal -0.92051 0.390718 0
    outer loop
      vertex 61.9251 21.2383 45.9
      vertex 62.2524 22.0094 48.3
      vertex 62.2524 22.0094 45.9
    endloop
  endfacet
  facet normal -0.92051 0.390718 0
    outer loop
      vertex 62.2524 22.0094 48.3
      vertex 61.9251 21.2383 45.9
      vertex 61.9251 21.2383 48.3
    endloop
  endfacet
  facet normal -0.933588 0.358347 0
    outer loop
      vertex 62.2524 22.0094 45.9
      vertex 62.5526 22.7915 48.3
      vertex 62.5526 22.7915 45.9
    endloop
  endfacet
  facet normal -0.933588 0.358347 0
    outer loop
      vertex 62.5526 22.7915 48.3
      vertex 62.2524 22.0094 45.9
      vertex 62.2524 22.0094 48.3
    endloop
  endfacet
  facet normal 0.422627 0.906304 -0
    outer loop
      vertex 30.2383 9.07491 45.9
      vertex 29.4791 9.42894 48.3
      vertex 30.2383 9.07491 48.3
    endloop
  endfacet
  facet normal 0.422627 0.906304 0
    outer loop
      vertex 29.4791 9.42894 48.3
      vertex 30.2383 9.07491 45.9
      vertex 29.4791 9.42894 45.9
    endloop
  endfacet
  facet normal 0.965933 0.258792 0
    outer loop
      vertex 16.9297 24.3847 48.3
      vertex 16.7129 25.1939 45.9
      vertex 16.7129 25.1939 48.3
    endloop
  endfacet
  facet normal 0.965933 0.258792 0
    outer loop
      vertex 16.7129 25.1939 45.9
      vertex 16.9297 24.3847 48.3
      vertex 16.9297 24.3847 45.9
    endloop
  endfacet
  facet normal 0.224912 -0.974379 0
    outer loop
      vertex 34.1939 54.2871 45.9
      vertex 35.0101 54.4755 48.3
      vertex 34.1939 54.2871 48.3
    endloop
  endfacet
  facet normal 0.224912 -0.974379 0
    outer loop
      vertex 35.0101 54.4755 48.3
      vertex 34.1939 54.2871 45.9
      vertex 35.0101 54.4755 45.9
    endloop
  endfacet
  facet normal 0.601737 0.798695 -0
    outer loop
      vertex 25.8932 11.5836 45.9
      vertex 25.2241 12.0877 48.3
      vertex 25.8932 11.5836 48.3
    endloop
  endfacet
  facet normal 0.601737 0.798695 0
    outer loop
      vertex 25.2241 12.0877 48.3
      vertex 25.8932 11.5836 45.9
      vertex 25.2241 12.0877 45.9
    endloop
  endfacet
  facet normal 0.798695 0.601737 0
    outer loop
      vertex 21.0877 16.2241 48.3
      vertex 20.5836 16.8932 45.9
      vertex 20.5836 16.8932 48.3
    endloop
  endfacet
  facet normal 0.798695 0.601737 0
    outer loop
      vertex 20.5836 16.8932 45.9
      vertex 21.0877 16.2241 48.3
      vertex 21.0877 16.2241 45.9
    endloop
  endfacet
  facet normal 0 0 1
    outer loop
      vertex 50.8742 52.4346 48.3
      vertex 49.2589 44.4369 48.3
      vertex 53.1258 51.1346 48.3
    endloop
  endfacet
  facet normal 0 0 1
    outer loop
      vertex 50.4903 43.5018 48.3
      vertex 48.819 41.5101 48.3
      vertex 49.1805 41.1959 48.3
    endloop
  endfacet
  facet normal 0 0 1
    outer loop
      vertex 49.5927 44.2032 48.3
      vertex 48.4469 41.8115 48.3
      vertex 48.819 41.5101 48.3
    endloop
  endfacet
  facet normal -0 0 1
    outer loop
      vertex 47.0072 45.7369 48.3
      vertex 49.2589 44.4369 48.3
      vertex 50.8742 52.4346 48.3
    endloop
  endfacet
  facet normal 0 -0 1
    outer loop
      vertex 47.9541 42.1769 48.3
      vertex 49.2589 44.4369 48.3
      vertex 47.0072 45.7369 48.3
    endloop
  endfacet
  facet normal 0 0 1
    outer loop
      vertex 49.5927 44.2032 48.3
      vertex 48.0644 42.0997 48.3
      vertex 48.4469 41.8115 48.3
    endloop
  endfacet
  facet normal 0 0 1
    outer loop
      vertex 49.5927 44.2032 48.3
      vertex 47.9541 42.1769 48.3
      vertex 48.0644 42.0997 48.3
    endloop
  endfacet
  facet normal 0 0 1
    outer loop
      vertex 45.7025 43.4769 48.3
      vertex 47.0072 45.7369 48.3
      vertex 46.6379 45.9091 48.3
    endloop
  endfacet
  facet normal 0 0 1
    outer loop
      vertex 45.5804 43.5338 48.3
      vertex 46.6379 45.9091 48.3
      vertex 46.1136 46.1316 48.3
    endloop
  endfacet
  facet normal 0 0 1
    outer loop
      vertex 47.0072 45.7369 48.3
      vertex 45.7025 43.4769 48.3
      vertex 47.9541 42.1769 48.3
    endloop
  endfacet
  facet normal 0 0 1
    outer loop
      vertex 45.7025 43.4769 48.3
      vertex 42.9641 33.534 48.3
      vertex 47.9541 42.1769 48.3
    endloop
  endfacet
  facet normal 0 0 1
    outer loop
      vertex 42.9641 33.534 48.3
      vertex 40.7104 34.8304 48.3
      vertex 42.9641 28.466 48.3
    endloop
  endfacet
  facet normal -0 0 1
    outer loop
      vertex 40.7104 34.8304 48.3
      vertex 42.9641 33.534 48.3
      vertex 45.7025 43.4769 48.3
    endloop
  endfacet
  facet normal -0 0 1
    outer loop
      vertex 43.6721 32.3 48.3
      vertex 53.6566 29.7 48.3
      vertex 53.6566 32.3 48.3
    endloop
  endfacet
  facet normal 0 0 1
    outer loop
      vertex 43.6721 32.3 48.3
      vertex 43.6721 29.7 48.3
      vertex 53.6566 29.7 48.3
    endloop
  endfacet
  facet normal 0 0 1
    outer loop
      vertex 43.41 32.8927 48.3
      vertex 43.6721 32.3 48.3
      vertex 43.5839 32.538 48.3
    endloop
  endfacet
  facet normal 0 0 1
    outer loop
      vertex 43.6721 32.3 48.3
      vertex 43.41 32.8927 48.3
      vertex 43.6721 29.7 48.3
    endloop
  endfacet
  facet normal 0 0 1
    outer loop
      vertex 43.41 29.1073 48.3
      vertex 43.6721 29.7 48.3
      vertex 43.41 32.8927 48.3
    endloop
  endfacet
  facet normal 0 0 1
    outer loop
      vertex 43.6721 29.7 48.3
      vertex 43.41 29.1073 48.3
      vertex 43.5839 29.462 48.3
    endloop
  endfacet
  facet normal 0 0 1
    outer loop
      vertex 43.201 33.2279 48.3
      vertex 43.41 29.1073 48.3
      vertex 43.41 32.8927 48.3
    endloop
  endfacet
  facet normal 0 0 1
    outer loop
      vertex 43.201 33.2279 48.3
      vertex 43.201 28.7721 48.3
      vertex 43.41 29.1073 48.3
    endloop
  endfacet
  facet normal 0 0 1
    outer loop
      vertex 42.9641 33.534 48.3
      vertex 43.201 28.7721 48.3
      vertex 43.201 33.2279 48.3
    endloop
  endfacet
  facet normal 0 0 1
    outer loop
      vertex 43.201 28.7721 48.3
      vertex 42.9641 33.534 48.3
      vertex 42.9641 28.466 48.3
    endloop
  endfacet
  facet normal -0 0 1
    outer loop
      vertex 56.2661 32.3 48.3
      vertex 64 29.7 48.3
      vertex 64 32.3 48.3
    endloop
  endfacet
  facet normal 0 0 1
    outer loop
      vertex 56.2661 32.3 48.3
      vertex 56.2661 29.7 48.3
      vertex 64 29.7 48.3
    endloop
  endfacet
  facet normal 0 0 1
    outer loop
      vertex 53.6566 32.3 48.3
      vertex 56.2661 32.3 48.3
      vertex 56.2306 32.7059 48.3
    endloop
  endfacet
  facet normal 0 0 1
    outer loop
      vertex 56.2661 32.3 48.3
      vertex 53.6566 32.3 48.3
      vertex 56.2661 29.7 48.3
    endloop
  endfacet
  facet normal 0 0 1
    outer loop
      vertex 53.6448 32.4341 48.3
      vertex 56.2306 32.7059 48.3
      vertex 56.1612 33.2713 48.3
    endloop
  endfacet
  facet normal 0 0 1
    outer loop
      vertex 53.6566 29.7 48.3
      vertex 56.2661 29.7 48.3
      vertex 53.6566 32.3 48.3
    endloop
  endfacet
  facet normal 0 0 1
    outer loop
      vertex 53.5865 32.9095 48.3
      vertex 56.1612 33.2713 48.3
      vertex 56.0721 33.8339 48.3
    endloop
  endfacet
  facet normal 0 0 1
    outer loop
      vertex 56.2661 29.7 48.3
      vertex 53.6566 29.7 48.3
      vertex 56.2306 29.2941 48.3
    endloop
  endfacet
  facet normal 0 0 1
    outer loop
      vertex 53.5116 33.3825 48.3
      vertex 56.0721 33.8339 48.3
      vertex 55.9634 34.3931 48.3
    endloop
  endfacet
  facet normal -0 0 1
    outer loop
      vertex 53.6448 29.5659 48.3
      vertex 56.2306 29.2941 48.3
      vertex 53.6566 29.7 48.3
    endloop
  endfacet
  facet normal 0 0 1
    outer loop
      vertex 53.4202 33.8525 48.3
      vertex 55.9634 34.3931 48.3
      vertex 55.8352 34.9482 48.3
    endloop
  endfacet
  facet normal 0 0 1
    outer loop
      vertex 56.2306 29.2941 48.3
      vertex 53.6448 29.5659 48.3
      vertex 56.1612 28.7287 48.3
    endloop
  endfacet
  facet normal 0 0 1
    outer loop
      vertex 53.3125 34.3192 48.3
      vertex 55.8352 34.9482 48.3
      vertex 55.6878 35.4984 48.3
    endloop
  endfacet
  facet normal -0 0 1
    outer loop
      vertex 53.5865 29.0905 48.3
      vertex 56.1612 28.7287 48.3
      vertex 53.6448 29.5659 48.3
    endloop
  endfacet
  facet normal 0 0 1
    outer loop
      vertex 53.1885 34.7817 48.3
      vertex 55.6878 35.4984 48.3
      vertex 55.5212 36.0432 48.3
    endloop
  endfacet
  facet normal 0 0 1
    outer loop
      vertex 56.1612 28.7287 48.3
      vertex 53.5865 29.0905 48.3
      vertex 56.0721 28.1661 48.3
    endloop
  endfacet
  facet normal 0 0 1
    outer loop
      vertex 53.0485 35.2397 48.3
      vertex 55.5212 36.0432 48.3
      vertex 55.3358 36.5818 48.3
    endloop
  endfacet
  facet normal -0 0 1
    outer loop
      vertex 53.5116 28.6175 48.3
      vertex 56.0721 28.1661 48.3
      vertex 53.5865 29.0905 48.3
    endloop
  endfacet
  facet normal 0 0 1
    outer loop
      vertex 52.8926 35.6925 48.3
      vertex 55.3358 36.5818 48.3
      vertex 55.1316 37.1136 48.3
    endloop
  endfacet
  facet normal 0 0 1
    outer loop
      vertex 56.0721 28.1661 48.3
      vertex 53.5116 28.6175 48.3
      vertex 55.9634 27.6069 48.3
    endloop
  endfacet
  facet normal 0 0 1
    outer loop
      vertex 52.721 36.1396 48.3
      vertex 55.1316 37.1136 48.3
      vertex 54.9091 37.6379 48.3
    endloop
  endfacet
  facet normal -0 0 1
    outer loop
      vertex 53.4202 28.1475 48.3
      vertex 55.9634 27.6069 48.3
      vertex 53.5116 28.6175 48.3
    endloop
  endfacet
  facet normal 0 0 1
    outer loop
      vertex 52.5338 36.5804 48.3
      vertex 54.9091 37.6379 48.3
      vertex 54.6683 38.1542 48.3
    endloop
  endfacet
  facet normal 0 0 1
    outer loop
      vertex 55.9634 27.6069 48.3
      vertex 53.4202 28.1475 48.3
      vertex 55.8352 27.0518 48.3
    endloop
  endfacet
  facet normal 0 0 1
    outer loop
      vertex 52.3315 37.0145 48.3
      vertex 54.6683 38.1542 48.3
      vertex 54.4097 38.6618 48.3
    endloop
  endfacet
  facet normal -0 0 1
    outer loop
      vertex 53.3125 27.6808 48.3
      vertex 55.8352 27.0518 48.3
      vertex 53.4202 28.1475 48.3
    endloop
  endfacet
  facet normal 0 0 1
    outer loop
      vertex 52.114 37.4412 48.3
      vertex 54.4097 38.6618 48.3
      vertex 54.1335 39.16 48.3
    endloop
  endfacet
  facet normal 0 0 1
    outer loop
      vertex 55.8352 27.0518 48.3
      vertex 53.3125 27.6808 48.3
      vertex 55.6878 26.5016 48.3
    endloop
  endfacet
  facet normal 0 0 1
    outer loop
      vertex 51.8819 37.86 48.3
      vertex 54.1335 39.16 48.3
      vertex 53.8401 39.6483 48.3
    endloop
  endfacet
  facet normal -0 0 1
    outer loop
      vertex 53.1885 27.2183 48.3
      vertex 55.6878 26.5016 48.3
      vertex 53.3125 27.6808 48.3
    endloop
  endfacet
  facet normal 0 0 1
    outer loop
      vertex 55.6878 26.5016 48.3
      vertex 53.1885 27.2183 48.3
      vertex 55.5212 25.9568 48.3
    endloop
  endfacet
  facet normal 0 0 1
    outer loop
      vertex 56.2306 32.7059 48.3
      vertex 53.6448 32.4341 48.3
      vertex 53.6566 32.3 48.3
    endloop
  endfacet
  facet normal 0 0 1
    outer loop
      vertex 56.1612 33.2713 48.3
      vertex 53.5865 32.9095 48.3
      vertex 53.6448 32.4341 48.3
    endloop
  endfacet
  facet normal 0 0 1
    outer loop
      vertex 51.6352 38.2705 48.3
      vertex 53.8401 39.6483 48.3
      vertex 53.5299 40.126 48.3
    endloop
  endfacet
  facet normal 0 0 1
    outer loop
      vertex 56.0721 33.8339 48.3
      vertex 53.5116 33.3825 48.3
      vertex 53.5865 32.9095 48.3
    endloop
  endfacet
  facet normal 0 0 1
    outer loop
      vertex 55.9634 34.3931 48.3
      vertex 53.4202 33.8525 48.3
      vertex 53.5116 33.3825 48.3
    endloop
  endfacet
  facet normal 0 0 1
    outer loop
      vertex 55.8352 34.9482 48.3
      vertex 53.3125 34.3192 48.3
      vertex 53.4202 33.8525 48.3
    endloop
  endfacet
  facet normal 0 0 1
    outer loop
      vertex 51.3744 38.6721 48.3
      vertex 53.5299 40.126 48.3
      vertex 53.2032 40.5927 48.3
    endloop
  endfacet
  facet normal 0 0 1
    outer loop
      vertex 55.6878 35.4984 48.3
      vertex 53.1885 34.7817 48.3
      vertex 53.3125 34.3192 48.3
    endloop
  endfacet
  facet normal 0 0 1
    outer loop
      vertex 55.5212 36.0432 48.3
      vertex 53.0485 35.2397 48.3
      vertex 53.1885 34.7817 48.3
    endloop
  endfacet
  facet normal 0 0 1
    outer loop
      vertex 55.3358 36.5818 48.3
      vertex 52.8926 35.6925 48.3
      vertex 53.0485 35.2397 48.3
    endloop
  endfacet
  facet normal 0 0 1
    outer loop
      vertex 51.0997 39.0644 48.3
      vertex 53.2032 40.5927 48.3
      vertex 52.8603 41.0476 48.3
    endloop
  endfacet
  facet normal 0 0 1
    outer loop
      vertex 55.1316 37.1136 48.3
      vertex 52.721 36.1396 48.3
      vertex 52.8926 35.6925 48.3
    endloop
  endfacet
  facet normal 0 0 1
    outer loop
      vertex 54.9091 37.6379 48.3
      vertex 52.5338 36.5804 48.3
      vertex 52.721 36.1396 48.3
    endloop
  endfacet
  facet normal 0 0 1
    outer loop
      vertex 50.8115 39.4469 48.3
      vertex 52.8603 41.0476 48.3
      vertex 52.5018 41.4903 48.3
    endloop
  endfacet
  facet normal 0 0 1
    outer loop
      vertex 54.6683 38.1542 48.3
      vertex 52.3315 37.0145 48.3
      vertex 52.5338 36.5804 48.3
    endloop
  endfacet
  facet normal 0 0 1
    outer loop
      vertex 50.5101 39.819 48.3
      vertex 52.5018 41.4903 48.3
      vertex 52.1281 41.9202 48.3
    endloop
  endfacet
  facet normal 0 0 1
    outer loop
      vertex 54.4097 38.6618 48.3
      vertex 52.114 37.4412 48.3
      vertex 52.3315 37.0145 48.3
    endloop
  endfacet
  facet normal 0 0 1
    outer loop
      vertex 54.1335 39.16 48.3
      vertex 51.8819 37.86 48.3
      vertex 52.114 37.4412 48.3
    endloop
  endfacet
  facet normal 0 0 1
    outer loop
      vertex 50.1959 40.1805 48.3
      vertex 52.1281 41.9202 48.3
      vertex 51.7396 42.3368 48.3
    endloop
  endfacet
  facet normal 0 0 1
    outer loop
      vertex 53.8401 39.6483 48.3
      vertex 51.6352 38.2705 48.3
      vertex 51.8819 37.86 48.3
    endloop
  endfacet
  facet normal 0 0 1
    outer loop
      vertex 53.5299 40.126 48.3
      vertex 51.3744 38.6721 48.3
      vertex 51.6352 38.2705 48.3
    endloop
  endfacet
  facet normal 0 0 1
    outer loop
      vertex 49.8693 40.5307 48.3
      vertex 51.7396 42.3368 48.3
      vertex 51.3368 42.7396 48.3
    endloop
  endfacet
  facet normal 0 0 1
    outer loop
      vertex 53.2032 40.5927 48.3
      vertex 51.0997 39.0644 48.3
      vertex 51.3744 38.6721 48.3
    endloop
  endfacet
  facet normal 0 0 1
    outer loop
      vertex 49.5307 40.8693 48.3
      vertex 51.3368 42.7396 48.3
      vertex 50.9202 43.1281 48.3
    endloop
  endfacet
  facet normal 0 0 1
    outer loop
      vertex 52.8603 41.0476 48.3
      vertex 50.8115 39.4469 48.3
      vertex 51.0997 39.0644 48.3
    endloop
  endfacet
  facet normal 0 0 1
    outer loop
      vertex 52.5018 41.4903 48.3
      vertex 50.5101 39.819 48.3
      vertex 50.8115 39.4469 48.3
    endloop
  endfacet
  facet normal 0 0 1
    outer loop
      vertex 49.1805 41.1959 48.3
      vertex 50.9202 43.1281 48.3
      vertex 50.4903 43.5018 48.3
    endloop
  endfacet
  facet normal 0 0 1
    outer loop
      vertex 52.1281 41.9202 48.3
      vertex 50.1959 40.1805 48.3
      vertex 50.5101 39.819 48.3
    endloop
  endfacet
  facet normal 0 0 1
    outer loop
      vertex 48.819 41.5101 48.3
      vertex 50.4903 43.5018 48.3
      vertex 50.0476 43.8603 48.3
    endloop
  endfacet
  facet normal 0 0 1
    outer loop
      vertex 51.7396 42.3368 48.3
      vertex 49.8693 40.5307 48.3
      vertex 50.1959 40.1805 48.3
    endloop
  endfacet
  facet normal 0 0 1
    outer loop
      vertex 48.819 41.5101 48.3
      vertex 50.0476 43.8603 48.3
      vertex 49.5927 44.2032 48.3
    endloop
  endfacet
  facet normal 0 0 1
    outer loop
      vertex 51.3368 42.7396 48.3
      vertex 49.5307 40.8693 48.3
      vertex 49.8693 40.5307 48.3
    endloop
  endfacet
  facet normal 0 0 1
    outer loop
      vertex 47.9541 42.1769 48.3
      vertex 49.5927 44.2032 48.3
      vertex 49.2589 44.4369 48.3
    endloop
  endfacet
  facet normal 0 0 1
    outer loop
      vertex 50.9202 43.1281 48.3
      vertex 49.1805 41.1959 48.3
      vertex 49.5307 40.8693 48.3
    endloop
  endfacet
  facet normal -0 0 1
    outer loop
      vertex 53.0485 26.7603 48.3
      vertex 55.5212 25.9568 48.3
      vertex 53.1885 27.2183 48.3
    endloop
  endfacet
  facet normal 0 0 1
    outer loop
      vertex 55.5212 25.9568 48.3
      vertex 53.0485 26.7603 48.3
      vertex 55.3358 25.4182 48.3
    endloop
  endfacet
  facet normal -0 0 1
    outer loop
      vertex 52.8926 26.3075 48.3
      vertex 55.3358 25.4182 48.3
      vertex 53.0485 26.7603 48.3
    endloop
  endfacet
  facet normal 0 0 1
    outer loop
      vertex 55.3358 25.4182 48.3
      vertex 52.8926 26.3075 48.3
      vertex 55.1316 24.8864 48.3
    endloop
  endfacet
  facet normal -0 0 1
    outer loop
      vertex 52.721 25.8604 48.3
      vertex 55.1316 24.8864 48.3
      vertex 52.8926 26.3075 48.3
    endloop
  endfacet
  facet normal 0 0 1
    outer loop
      vertex 55.1316 24.8864 48.3
      vertex 52.721 25.8604 48.3
      vertex 54.9091 24.3621 48.3
    endloop
  endfacet
  facet normal -0 0 1
    outer loop
      vertex 52.5338 25.4196 48.3
      vertex 54.9091 24.3621 48.3
      vertex 52.721 25.8604 48.3
    endloop
  endfacet
  facet normal 0 0 1
    outer loop
      vertex 54.9091 24.3621 48.3
      vertex 52.5338 25.4196 48.3
      vertex 54.6683 23.8458 48.3
    endloop
  endfacet
  facet normal -0 0 1
    outer loop
      vertex 52.3315 24.9855 48.3
      vertex 54.6683 23.8458 48.3
      vertex 52.5338 25.4196 48.3
    endloop
  endfacet
  facet normal 0 0 1
    outer loop
      vertex 54.6683 23.8458 48.3
      vertex 52.3315 24.9855 48.3
      vertex 54.4097 23.3382 48.3
    endloop
  endfacet
  facet normal -0 0 1
    outer loop
      vertex 52.114 24.5588 48.3
      vertex 54.4097 23.3382 48.3
      vertex 52.3315 24.9855 48.3
    endloop
  endfacet
  facet normal 0 0 1
    outer loop
      vertex 54.4097 23.3382 48.3
      vertex 52.114 24.5588 48.3
      vertex 54.1335 22.84 48.3
    endloop
  endfacet
  facet normal -0 0 1
    outer loop
      vertex 51.8819 24.14 48.3
      vertex 54.1335 22.84 48.3
      vertex 52.114 24.5588 48.3
    endloop
  endfacet
  facet normal 0 0 1
    outer loop
      vertex 54.1335 22.84 48.3
      vertex 51.8819 24.14 48.3
      vertex 53.8401 22.3517 48.3
    endloop
  endfacet
  facet normal -0 0 1
    outer loop
      vertex 51.6352 23.7295 48.3
      vertex 53.8401 22.3517 48.3
      vertex 51.8819 24.14 48.3
    endloop
  endfacet
  facet normal 0 0 1
    outer loop
      vertex 53.8401 22.3517 48.3
      vertex 51.6352 23.7295 48.3
      vertex 53.5299 21.874 48.3
    endloop
  endfacet
  facet normal -0 0 1
    outer loop
      vertex 51.3744 23.3279 48.3
      vertex 53.5299 21.874 48.3
      vertex 51.6352 23.7295 48.3
    endloop
  endfacet
  facet normal 0 0 1
    outer loop
      vertex 53.5299 21.874 48.3
      vertex 51.3744 23.3279 48.3
      vertex 53.2032 21.4073 48.3
    endloop
  endfacet
  facet normal -0 0 1
    outer loop
      vertex 51.0997 22.9356 48.3
      vertex 53.2032 21.4073 48.3
      vertex 51.3744 23.3279 48.3
    endloop
  endfacet
  facet normal 0 0 1
    outer loop
      vertex 53.2032 21.4073 48.3
      vertex 51.0997 22.9356 48.3
      vertex 52.8603 20.9524 48.3
    endloop
  endfacet
  facet normal -0 0 1
    outer loop
      vertex 50.8115 22.5531 48.3
      vertex 52.8603 20.9524 48.3
      vertex 51.0997 22.9356 48.3
    endloop
  endfacet
  facet normal 0 0 1
    outer loop
      vertex 52.8603 20.9524 48.3
      vertex 50.8115 22.5531 48.3
      vertex 52.5018 20.5097 48.3
    endloop
  endfacet
  facet normal -0 0 1
    outer loop
      vertex 50.5101 22.181 48.3
      vertex 52.5018 20.5097 48.3
      vertex 50.8115 22.5531 48.3
    endloop
  endfacet
  facet normal 0 0 1
    outer loop
      vertex 52.5018 20.5097 48.3
      vertex 50.5101 22.181 48.3
      vertex 52.1281 20.0798 48.3
    endloop
  endfacet
  facet normal -0 0 1
    outer loop
      vertex 50.1959 21.8195 48.3
      vertex 52.1281 20.0798 48.3
      vertex 50.5101 22.181 48.3
    endloop
  endfacet
  facet normal 0 0 1
    outer loop
      vertex 52.1281 20.0798 48.3
      vertex 50.1959 21.8195 48.3
      vertex 51.7396 19.6632 48.3
    endloop
  endfacet
  facet normal -0 0 1
    outer loop
      vertex 49.8693 21.4693 48.3
      vertex 51.7396 19.6632 48.3
      vertex 50.1959 21.8195 48.3
    endloop
  endfacet
  facet normal 0 0 1
    outer loop
      vertex 51.7396 19.6632 48.3
      vertex 49.8693 21.4693 48.3
      vertex 51.3368 19.2604 48.3
    endloop
  endfacet
  facet normal -0 0 1
    outer loop
      vertex 49.5307 21.1307 48.3
      vertex 51.3368 19.2604 48.3
      vertex 49.8693 21.4693 48.3
    endloop
  endfacet
  facet normal 0 0 1
    outer loop
      vertex 51.3368 19.2604 48.3
      vertex 49.5307 21.1307 48.3
      vertex 50.9202 18.8719 48.3
    endloop
  endfacet
  facet normal -0 0 1
    outer loop
      vertex 49.1805 20.8041 48.3
      vertex 50.9202 18.8719 48.3
      vertex 49.5307 21.1307 48.3
    endloop
  endfacet
  facet normal 0 0 1
    outer loop
      vertex 50.9202 18.8719 48.3
      vertex 49.1805 20.8041 48.3
      vertex 50.4903 18.4982 48.3
    endloop
  endfacet
  facet normal -0 0 1
    outer loop
      vertex 48.819 20.4899 48.3
      vertex 50.4903 18.4982 48.3
      vertex 49.1805 20.8041 48.3
    endloop
  endfacet
  facet normal 0 0 1
    outer loop
      vertex 50.4903 18.4982 48.3
      vertex 48.819 20.4899 48.3
      vertex 50.0476 18.1397 48.3
    endloop
  endfacet
  facet normal -0 0 1
    outer loop
      vertex 48.4469 20.1885 48.3
      vertex 50.0476 18.1397 48.3
      vertex 48.819 20.4899 48.3
    endloop
  endfacet
  facet normal 0 0 1
    outer loop
      vertex 49.2589 17.5631 48.3
      vertex 50.8742 9.56539 48.3
      vertex 53.1258 10.8654 48.3
    endloop
  endfacet
  facet normal 0 0 1
    outer loop
      vertex 50.0476 18.1397 48.3
      vertex 48.4469 20.1885 48.3
      vertex 49.5927 17.7968 48.3
    endloop
  endfacet
  facet normal -0 0 1
    outer loop
      vertex 48.0644 19.9003 48.3
      vertex 49.5927 17.7968 48.3
      vertex 48.4469 20.1885 48.3
    endloop
  endfacet
  facet normal -0 0 1
    outer loop
      vertex 47.9541 19.8231 48.3
      vertex 49.5927 17.7968 48.3
      vertex 48.0644 19.9003 48.3
    endloop
  endfacet
  facet normal 0 0 1
    outer loop
      vertex 49.5927 17.7968 48.3
      vertex 47.9541 19.8231 48.3
      vertex 49.2589 17.5631 48.3
    endloop
  endfacet
  facet normal 0 0 1
    outer loop
      vertex 49.2589 17.5631 48.3
      vertex 47.9541 19.8231 48.3
      vertex 47.0072 16.2631 48.3
    endloop
  endfacet
  facet normal 0 0 1
    outer loop
      vertex 49.2589 17.5631 48.3
      vertex 47.0072 16.2631 48.3
      vertex 50.8742 9.56539 48.3
    endloop
  endfacet
  facet normal -0 0 1
    outer loop
      vertex 45.7025 18.5231 48.3
      vertex 47.0072 16.2631 48.3
      vertex 47.9541 19.8231 48.3
    endloop
  endfacet
  facet normal 0 0 1
    outer loop
      vertex 47.0072 16.2631 48.3
      vertex 45.7025 18.5231 48.3
      vertex 46.6379 16.0909 48.3
    endloop
  endfacet
  facet normal -0 0 1
    outer loop
      vertex 45.5804 18.4662 48.3
      vertex 46.6379 16.0909 48.3
      vertex 45.7025 18.5231 48.3
    endloop
  endfacet
  facet normal 0 0 1
    outer loop
      vertex 42.9641 28.466 48.3
      vertex 45.7025 18.5231 48.3
      vertex 47.9541 19.8231 48.3
    endloop
  endfacet
  facet normal 0 0 1
    outer loop
      vertex 40.7104 27.1696 48.3
      vertex 42.9641 28.466 48.3
      vertex 40.7104 34.8304 48.3
    endloop
  endfacet
  facet normal 0 0 1
    outer loop
      vertex 42.9641 28.466 48.3
      vertex 40.7104 27.1696 48.3
      vertex 45.7025 18.5231 48.3
    endloop
  endfacet
  facet normal 0 0 1
    outer loop
      vertex 40.1975 34.895 48.3
      vertex 40.7104 34.8304 48.3
      vertex 40.5906 34.855 48.3
    endloop
  endfacet
  facet normal 0 0 1
    outer loop
      vertex 40.7104 34.8304 48.3
      vertex 40.1975 34.895 48.3
      vertex 40.7104 27.1696 48.3
    endloop
  endfacet
  facet normal 0 0 1
    outer loop
      vertex 40.1975 27.105 48.3
      vertex 40.7104 27.1696 48.3
      vertex 40.1975 34.895 48.3
    endloop
  endfacet
  facet normal 0 0 1
    outer loop
      vertex 40.7104 27.1696 48.3
      vertex 40.1975 27.105 48.3
      vertex 40.5906 27.145 48.3
    endloop
  endfacet
  facet normal -0 0 1
    outer loop
      vertex 39.8025 34.895 48.3
      vertex 40.1975 27.105 48.3
      vertex 40.1975 34.895 48.3
    endloop
  endfacet
  facet normal 0 0 1
    outer loop
      vertex 39.8025 34.895 48.3
      vertex 39.8025 27.105 48.3
      vertex 40.1975 27.105 48.3
    endloop
  endfacet
  facet normal 0 0 1
    outer loop
      vertex 39.2896 34.8304 48.3
      vertex 39.8025 34.895 48.3
      vertex 39.4094 34.855 48.3
    endloop
  endfacet
  facet normal 0 0 1
    outer loop
      vertex 39.8025 34.895 48.3
      vertex 39.2896 34.8304 48.3
      vertex 39.8025 27.105 48.3
    endloop
  endfacet
  facet normal -0 0 1
    outer loop
      vertex 39.2896 27.1696 48.3
      vertex 39.8025 27.105 48.3
      vertex 39.2896 34.8304 48.3
    endloop
  endfacet
  facet normal 0 0 1
    outer loop
      vertex 39.8025 27.105 48.3
      vertex 39.2896 27.1696 48.3
      vertex 39.4094 27.145 48.3
    endloop
  endfacet
  facet normal 0 0 1
    outer loop
      vertex 39.2896 34.8304 48.3
      vertex 37.0359 33.534 48.3
      vertex 39.2896 27.1696 48.3
    endloop
  endfacet
  facet normal 0 0 1
    outer loop
      vertex 34.2975 43.4769 48.3
      vertex 37.0359 33.534 48.3
      vertex 39.2896 34.8304 48.3
    endloop
  endfacet
  facet normal 0 0 1
    outer loop
      vertex 34.4196 43.5338 48.3
      vertex 33.3621 45.9091 48.3
      vertex 34.2975 43.4769 48.3
    endloop
  endfacet
  facet normal -0 0 1
    outer loop
      vertex 32.9928 45.7369 48.3
      vertex 34.2975 43.4769 48.3
      vertex 33.3621 45.9091 48.3
    endloop
  endfacet
  facet normal 0 0 1
    outer loop
      vertex 34.2975 43.4769 48.3
      vertex 32.9928 45.7369 48.3
      vertex 32.0459 42.1769 48.3
    endloop
  endfacet
  facet normal 0 0 1
    outer loop
      vertex 34.2975 43.4769 48.3
      vertex 32.0459 42.1769 48.3
      vertex 37.0359 33.534 48.3
    endloop
  endfacet
  facet normal -0 0 1
    outer loop
      vertex 30.7411 44.4369 48.3
      vertex 32.0459 42.1769 48.3
      vertex 32.9928 45.7369 48.3
    endloop
  endfacet
  facet normal -0 0 1
    outer loop
      vertex 30.4073 44.2032 48.3
      vertex 32.0459 42.1769 48.3
      vertex 30.7411 44.4369 48.3
    endloop
  endfacet
  facet normal 0 0 1
    outer loop
      vertex 32.0459 42.1769 48.3
      vertex 30.4073 44.2032 48.3
      vertex 31.9356 42.0997 48.3
    endloop
  endfacet
  facet normal 0 0 1
    outer loop
      vertex 31.9356 42.0997 48.3
      vertex 30.4073 44.2032 48.3
      vertex 31.5531 41.8115 48.3
    endloop
  endfacet
  facet normal -0 0 1
    outer loop
      vertex 29.9524 43.8603 48.3
      vertex 31.5531 41.8115 48.3
      vertex 30.4073 44.2032 48.3
    endloop
  endfacet
  facet normal 0 0 1
    outer loop
      vertex 29.1258 52.4346 48.3
      vertex 30.7411 44.4369 48.3
      vertex 32.9928 45.7369 48.3
    endloop
  endfacet
  facet normal 0 0 1
    outer loop
      vertex 30.7411 44.4369 48.3
      vertex 29.1258 52.4346 48.3
      vertex 26.8742 51.1346 48.3
    endloop
  endfacet
  facet normal 0 0 1
    outer loop
      vertex 29.0798 18.8719 48.3
      vertex 30.8195 20.8041 48.3
      vertex 30.4693 21.1307 48.3
    endloop
  endfacet
  facet normal 0 0 1
    outer loop
      vertex 30.8195 20.8041 48.3
      vertex 30.4073 17.7968 48.3
      vertex 30.7411 17.5631 48.3
    endloop
  endfacet
  facet normal 0 0 1
    outer loop
      vertex 28.6632 19.2604 48.3
      vertex 30.4693 21.1307 48.3
      vertex 30.1307 21.4693 48.3
    endloop
  endfacet
  facet normal 0 0 1
    outer loop
      vertex 30.8195 20.8041 48.3
      vertex 29.9524 18.1397 48.3
      vertex 30.4073 17.7968 48.3
    endloop
  endfacet
  facet normal 0 0 1
    outer loop
      vertex 28.2604 19.6632 48.3
      vertex 30.1307 21.4693 48.3
      vertex 29.8041 21.8195 48.3
    endloop
  endfacet
  facet normal 0 0 1
    outer loop
      vertex 30.8195 20.8041 48.3
      vertex 29.5097 18.4982 48.3
      vertex 29.9524 18.1397 48.3
    endloop
  endfacet
  facet normal 0 0 1
    outer loop
      vertex 27.8719 20.0798 48.3
      vertex 29.8041 21.8195 48.3
      vertex 29.4899 22.181 48.3
    endloop
  endfacet
  facet normal 0 0 1
    outer loop
      vertex 27.4982 20.5097 48.3
      vertex 29.4899 22.181 48.3
      vertex 29.1885 22.5531 48.3
    endloop
  endfacet
  facet normal 0 0 1
    outer loop
      vertex 30.8195 20.8041 48.3
      vertex 29.0798 18.8719 48.3
      vertex 29.5097 18.4982 48.3
    endloop
  endfacet
  facet normal 0 0 1
    outer loop
      vertex 27.1397 20.9524 48.3
      vertex 29.1885 22.5531 48.3
      vertex 28.9003 22.9356 48.3
    endloop
  endfacet
  facet normal 0 0 1
    outer loop
      vertex 30.4693 21.1307 48.3
      vertex 28.6632 19.2604 48.3
      vertex 29.0798 18.8719 48.3
    endloop
  endfacet
  facet normal 0 0 1
    outer loop
      vertex 26.7968 21.4073 48.3
      vertex 28.9003 22.9356 48.3
      vertex 28.6256 23.3279 48.3
    endloop
  endfacet
  facet normal 0 0 1
    outer loop
      vertex 26.4701 21.874 48.3
      vertex 28.6256 23.3279 48.3
      vertex 28.3648 23.7295 48.3
    endloop
  endfacet
  facet normal 0 0 1
    outer loop
      vertex 30.1307 21.4693 48.3
      vertex 28.2604 19.6632 48.3
      vertex 28.6632 19.2604 48.3
    endloop
  endfacet
  facet normal 0 0 1
    outer loop
      vertex 26.1599 22.3517 48.3
      vertex 28.3648 23.7295 48.3
      vertex 28.1181 24.14 48.3
    endloop
  endfacet
  facet normal 0 0 1
    outer loop
      vertex 25.8665 22.84 48.3
      vertex 28.1181 24.14 48.3
      vertex 27.886 24.5588 48.3
    endloop
  endfacet
  facet normal 0 0 1
    outer loop
      vertex 29.8041 21.8195 48.3
      vertex 27.8719 20.0798 48.3
      vertex 28.2604 19.6632 48.3
    endloop
  endfacet
  facet normal 0 0 1
    outer loop
      vertex 25.5903 23.3382 48.3
      vertex 27.886 24.5588 48.3
      vertex 27.6685 24.9855 48.3
    endloop
  endfacet
  facet normal 0 0 1
    outer loop
      vertex 29.4899 22.181 48.3
      vertex 27.4982 20.5097 48.3
      vertex 27.8719 20.0798 48.3
    endloop
  endfacet
  facet normal 0 0 1
    outer loop
      vertex 25.3317 23.8458 48.3
      vertex 27.6685 24.9855 48.3
      vertex 27.4662 25.4196 48.3
    endloop
  endfacet
  facet normal 0 0 1
    outer loop
      vertex 25.0909 24.3621 48.3
      vertex 27.4662 25.4196 48.3
      vertex 27.279 25.8604 48.3
    endloop
  endfacet
  facet normal 0 0 1
    outer loop
      vertex 29.1885 22.5531 48.3
      vertex 27.1397 20.9524 48.3
      vertex 27.4982 20.5097 48.3
    endloop
  endfacet
  facet normal 0 0 1
    outer loop
      vertex 24.8684 24.8864 48.3
      vertex 27.279 25.8604 48.3
      vertex 27.1074 26.3075 48.3
    endloop
  endfacet
  facet normal 0 0 1
    outer loop
      vertex 24.6642 25.4182 48.3
      vertex 27.1074 26.3075 48.3
      vertex 26.9515 26.7603 48.3
    endloop
  endfacet
  facet normal 0 0 1
    outer loop
      vertex 24.4788 25.9568 48.3
      vertex 26.9515 26.7603 48.3
      vertex 26.8115 27.2183 48.3
    endloop
  endfacet
  facet normal 0 0 1
    outer loop
      vertex 28.9003 22.9356 48.3
      vertex 26.7968 21.4073 48.3
      vertex 27.1397 20.9524 48.3
    endloop
  endfacet
  facet normal 0 0 1
    outer loop
      vertex 24.3122 26.5016 48.3
      vertex 26.8115 27.2183 48.3
      vertex 26.6875 27.6808 48.3
    endloop
  endfacet
  facet normal 0 0 1
    outer loop
      vertex 24.1648 27.0518 48.3
      vertex 26.6875 27.6808 48.3
      vertex 26.5798 28.1475 48.3
    endloop
  endfacet
  facet normal 0 0 1
    outer loop
      vertex 24.0366 27.6069 48.3
      vertex 26.5798 28.1475 48.3
      vertex 26.4884 28.6175 48.3
    endloop
  endfacet
  facet normal 0 0 1
    outer loop
      vertex 28.6256 23.3279 48.3
      vertex 26.4701 21.874 48.3
      vertex 26.7968 21.4073 48.3
    endloop
  endfacet
  facet normal 0 0 1
    outer loop
      vertex 23.9279 28.1661 48.3
      vertex 26.4884 28.6175 48.3
      vertex 26.4135 29.0905 48.3
    endloop
  endfacet
  facet normal 0 0 1
    outer loop
      vertex 23.8388 28.7287 48.3
      vertex 26.4135 29.0905 48.3
      vertex 26.3552 29.5659 48.3
    endloop
  endfacet
  facet normal 0 0 1
    outer loop
      vertex 23.7694 29.2941 48.3
      vertex 26.3552 29.5659 48.3
      vertex 26.3434 29.7 48.3
    endloop
  endfacet
  facet normal -0 0 1
    outer loop
      vertex 24.3122 35.4984 48.3
      vertex 26.8115 34.7817 48.3
      vertex 24.4788 36.0432 48.3
    endloop
  endfacet
  facet normal 0 0 1
    outer loop
      vertex 28.3648 23.7295 48.3
      vertex 26.1599 22.3517 48.3
      vertex 26.4701 21.874 48.3
    endloop
  endfacet
  facet normal 0 0 1
    outer loop
      vertex 26.8115 34.7817 48.3
      vertex 24.3122 35.4984 48.3
      vertex 26.6875 34.3192 48.3
    endloop
  endfacet
  facet normal 0 0 1
    outer loop
      vertex 28.1181 24.14 48.3
      vertex 25.8665 22.84 48.3
      vertex 26.1599 22.3517 48.3
    endloop
  endfacet
  facet normal -0 0 1
    outer loop
      vertex 24.1648 34.9482 48.3
      vertex 26.6875 34.3192 48.3
      vertex 24.3122 35.4984 48.3
    endloop
  endfacet
  facet normal 0 0 1
    outer loop
      vertex 27.886 24.5588 48.3
      vertex 25.5903 23.3382 48.3
      vertex 25.8665 22.84 48.3
    endloop
  endfacet
  facet normal 0 0 1
    outer loop
      vertex 26.6875 34.3192 48.3
      vertex 24.1648 34.9482 48.3
      vertex 26.5798 33.8525 48.3
    endloop
  endfacet
  facet normal 0 0 1
    outer loop
      vertex 27.6685 24.9855 48.3
      vertex 25.3317 23.8458 48.3
      vertex 25.5903 23.3382 48.3
    endloop
  endfacet
  facet normal -0 0 1
    outer loop
      vertex 24.0366 34.3931 48.3
      vertex 26.5798 33.8525 48.3
      vertex 24.1648 34.9482 48.3
    endloop
  endfacet
  facet normal 0 0 1
    outer loop
      vertex 27.4662 25.4196 48.3
      vertex 25.0909 24.3621 48.3
      vertex 25.3317 23.8458 48.3
    endloop
  endfacet
  facet normal 0 0 1
    outer loop
      vertex 26.5798 33.8525 48.3
      vertex 24.0366 34.3931 48.3
      vertex 26.4884 33.3825 48.3
    endloop
  endfacet
  facet normal 0 0 1
    outer loop
      vertex 27.279 25.8604 48.3
      vertex 24.8684 24.8864 48.3
      vertex 25.0909 24.3621 48.3
    endloop
  endfacet
  facet normal -0 0 1
    outer loop
      vertex 23.9279 33.8339 48.3
      vertex 26.4884 33.3825 48.3
      vertex 24.0366 34.3931 48.3
    endloop
  endfacet
  facet normal 0 0 1
    outer loop
      vertex 27.1074 26.3075 48.3
      vertex 24.6642 25.4182 48.3
      vertex 24.8684 24.8864 48.3
    endloop
  endfacet
  facet normal 0 0 1
    outer loop
      vertex 26.4884 33.3825 48.3
      vertex 23.9279 33.8339 48.3
      vertex 26.4135 32.9095 48.3
    endloop
  endfacet
  facet normal 0 0 1
    outer loop
      vertex 26.9515 26.7603 48.3
      vertex 24.4788 25.9568 48.3
      vertex 24.6642 25.4182 48.3
    endloop
  endfacet
  facet normal -0 0 1
    outer loop
      vertex 23.8388 33.2713 48.3
      vertex 26.4135 32.9095 48.3
      vertex 23.9279 33.8339 48.3
    endloop
  endfacet
  facet normal 0 0 1
    outer loop
      vertex 26.8115 27.2183 48.3
      vertex 24.3122 26.5016 48.3
      vertex 24.4788 25.9568 48.3
    endloop
  endfacet
  facet normal 0 0 1
    outer loop
      vertex 26.4135 32.9095 48.3
      vertex 23.8388 33.2713 48.3
      vertex 26.3552 32.4341 48.3
    endloop
  endfacet
  facet normal 0 0 1
    outer loop
      vertex 26.6875 27.6808 48.3
      vertex 24.1648 27.0518 48.3
      vertex 24.3122 26.5016 48.3
    endloop
  endfacet
  facet normal -0 0 1
    outer loop
      vertex 23.7694 32.7059 48.3
      vertex 26.3552 32.4341 48.3
      vertex 23.8388 33.2713 48.3
    endloop
  endfacet
  facet normal 0 0 1
    outer loop
      vertex 26.5798 28.1475 48.3
      vertex 24.0366 27.6069 48.3
      vertex 24.1648 27.0518 48.3
    endloop
  endfacet
  facet normal 0 0 1
    outer loop
      vertex 26.3552 32.4341 48.3
      vertex 23.7694 32.7059 48.3
      vertex 26.3434 32.3 48.3
    endloop
  endfacet
  facet normal 0 0 1
    outer loop
      vertex 26.4884 28.6175 48.3
      vertex 23.9279 28.1661 48.3
      vertex 24.0366 27.6069 48.3
    endloop
  endfacet
  facet normal 0 0 1
    outer loop
      vertex 23.7339 32.3 48.3
      vertex 26.3434 32.3 48.3
      vertex 23.7694 32.7059 48.3
    endloop
  endfacet
  facet normal 0 0 1
    outer loop
      vertex 26.4135 29.0905 48.3
      vertex 23.8388 28.7287 48.3
      vertex 23.9279 28.1661 48.3
    endloop
  endfacet
  facet normal 0 0 1
    outer loop
      vertex 26.3434 32.3 48.3
      vertex 23.7339 32.3 48.3
      vertex 26.3434 29.7 48.3
    endloop
  endfacet
  facet normal 0 0 1
    outer loop
      vertex 26.3552 29.5659 48.3
      vertex 23.7694 29.2941 48.3
      vertex 23.8388 28.7287 48.3
    endloop
  endfacet
  facet normal 0 0 1
    outer loop
      vertex 23.7339 29.7 48.3
      vertex 26.3434 29.7 48.3
      vertex 23.7339 32.3 48.3
    endloop
  endfacet
  facet normal 0 0 1
    outer loop
      vertex 26.3434 29.7 48.3
      vertex 23.7339 29.7 48.3
      vertex 23.7694 29.2941 48.3
    endloop
  endfacet
  facet normal -0 0 1
    outer loop
      vertex 16 32.3 48.3
      vertex 23.7339 29.7 48.3
      vertex 23.7339 32.3 48.3
    endloop
  endfacet
  facet normal 0 0 1
    outer loop
      vertex 23.7339 29.7 48.3
      vertex 16 32.3 48.3
      vertex 16 29.7 48.3
    endloop
  endfacet
  facet normal 0 0 1
    outer loop
      vertex 31.5531 41.8115 48.3
      vertex 29.9524 43.8603 48.3
      vertex 31.181 41.5101 48.3
    endloop
  endfacet
  facet normal -0 0 1
    outer loop
      vertex 29.5097 43.5018 48.3
      vertex 31.181 41.5101 48.3
      vertex 29.9524 43.8603 48.3
    endloop
  endfacet
  facet normal 0 0 1
    outer loop
      vertex 31.181 41.5101 48.3
      vertex 29.5097 43.5018 48.3
      vertex 30.8195 41.1959 48.3
    endloop
  endfacet
  facet normal -0 0 1
    outer loop
      vertex 29.0798 43.1281 48.3
      vertex 30.8195 41.1959 48.3
      vertex 29.5097 43.5018 48.3
    endloop
  endfacet
  facet normal 0 0 1
    outer loop
      vertex 30.8195 41.1959 48.3
      vertex 29.0798 43.1281 48.3
      vertex 30.4693 40.8693 48.3
    endloop
  endfacet
  facet normal -0 0 1
    outer loop
      vertex 28.6632 42.7396 48.3
      vertex 30.4693 40.8693 48.3
      vertex 29.0798 43.1281 48.3
    endloop
  endfacet
  facet normal 0 0 1
    outer loop
      vertex 30.4693 40.8693 48.3
      vertex 28.6632 42.7396 48.3
      vertex 30.1307 40.5307 48.3
    endloop
  endfacet
  facet normal -0 0 1
    outer loop
      vertex 28.2604 42.3368 48.3
      vertex 30.1307 40.5307 48.3
      vertex 28.6632 42.7396 48.3
    endloop
  endfacet
  facet normal 0 0 1
    outer loop
      vertex 30.1307 40.5307 48.3
      vertex 28.2604 42.3368 48.3
      vertex 29.8041 40.1805 48.3
    endloop
  endfacet
  facet normal -0 0 1
    outer loop
      vertex 27.8719 41.9202 48.3
      vertex 29.8041 40.1805 48.3
      vertex 28.2604 42.3368 48.3
    endloop
  endfacet
  facet normal 0 0 1
    outer loop
      vertex 29.8041 40.1805 48.3
      vertex 27.8719 41.9202 48.3
      vertex 29.4899 39.819 48.3
    endloop
  endfacet
  facet normal -0 0 1
    outer loop
      vertex 27.4982 41.4903 48.3
      vertex 29.4899 39.819 48.3
      vertex 27.8719 41.9202 48.3
    endloop
  endfacet
  facet normal 0 0 1
    outer loop
      vertex 29.4899 39.819 48.3
      vertex 27.4982 41.4903 48.3
      vertex 29.1885 39.4469 48.3
    endloop
  endfacet
  facet normal -0 0 1
    outer loop
      vertex 27.1397 41.0476 48.3
      vertex 29.1885 39.4469 48.3
      vertex 27.4982 41.4903 48.3
    endloop
  endfacet
  facet normal 0 0 1
    outer loop
      vertex 29.1885 39.4469 48.3
      vertex 27.1397 41.0476 48.3
      vertex 28.9003 39.0644 48.3
    endloop
  endfacet
  facet normal -0 0 1
    outer loop
      vertex 26.7968 40.5927 48.3
      vertex 28.9003 39.0644 48.3
      vertex 27.1397 41.0476 48.3
    endloop
  endfacet
  facet normal 0 0 1
    outer loop
      vertex 28.9003 39.0644 48.3
      vertex 26.7968 40.5927 48.3
      vertex 28.6256 38.6721 48.3
    endloop
  endfacet
  facet normal -0 0 1
    outer loop
      vertex 26.4701 40.126 48.3
      vertex 28.6256 38.6721 48.3
      vertex 26.7968 40.5927 48.3
    endloop
  endfacet
  facet normal 0 0 1
    outer loop
      vertex 28.6256 38.6721 48.3
      vertex 26.4701 40.126 48.3
      vertex 28.3648 38.2705 48.3
    endloop
  endfacet
  facet normal -0 0 1
    outer loop
      vertex 26.1599 39.6483 48.3
      vertex 28.3648 38.2705 48.3
      vertex 26.4701 40.126 48.3
    endloop
  endfacet
  facet normal 0 0 1
    outer loop
      vertex 28.3648 38.2705 48.3
      vertex 26.1599 39.6483 48.3
      vertex 28.1181 37.86 48.3
    endloop
  endfacet
  facet normal -0 0 1
    outer loop
      vertex 25.8665 39.16 48.3
      vertex 28.1181 37.86 48.3
      vertex 26.1599 39.6483 48.3
    endloop
  endfacet
  facet normal 0 0 1
    outer loop
      vertex 28.1181 37.86 48.3
      vertex 25.8665 39.16 48.3
      vertex 27.886 37.4412 48.3
    endloop
  endfacet
  facet normal -0 0 1
    outer loop
      vertex 25.5903 38.6618 48.3
      vertex 27.886 37.4412 48.3
      vertex 25.8665 39.16 48.3
    endloop
  endfacet
  facet normal 0 0 1
    outer loop
      vertex 27.886 37.4412 48.3
      vertex 25.5903 38.6618 48.3
      vertex 27.6685 37.0145 48.3
    endloop
  endfacet
  facet normal -0 0 1
    outer loop
      vertex 25.3317 38.1542 48.3
      vertex 27.6685 37.0145 48.3
      vertex 25.5903 38.6618 48.3
    endloop
  endfacet
  facet normal 0 0 1
    outer loop
      vertex 27.6685 37.0145 48.3
      vertex 25.3317 38.1542 48.3
      vertex 27.4662 36.5804 48.3
    endloop
  endfacet
  facet normal -0 0 1
    outer loop
      vertex 25.0909 37.6379 48.3
      vertex 27.4662 36.5804 48.3
      vertex 25.3317 38.1542 48.3
    endloop
  endfacet
  facet normal 0 0 1
    outer loop
      vertex 27.4662 36.5804 48.3
      vertex 25.0909 37.6379 48.3
      vertex 27.279 36.1396 48.3
    endloop
  endfacet
  facet normal -0 0 1
    outer loop
      vertex 24.8684 37.1136 48.3
      vertex 27.279 36.1396 48.3
      vertex 25.0909 37.6379 48.3
    endloop
  endfacet
  facet normal 0 0 1
    outer loop
      vertex 27.279 36.1396 48.3
      vertex 24.8684 37.1136 48.3
      vertex 27.1074 35.6925 48.3
    endloop
  endfacet
  facet normal -0 0 1
    outer loop
      vertex 24.6642 36.5818 48.3
      vertex 27.1074 35.6925 48.3
      vertex 24.8684 37.1136 48.3
    endloop
  endfacet
  facet normal 0 0 1
    outer loop
      vertex 27.1074 35.6925 48.3
      vertex 24.6642 36.5818 48.3
      vertex 26.9515 35.2397 48.3
    endloop
  endfacet
  facet normal 0 0 1
    outer loop
      vertex 26.9515 35.2397 48.3
      vertex 24.4788 36.0432 48.3
      vertex 26.8115 34.7817 48.3
    endloop
  endfacet
  facet normal -0 0 1
    outer loop
      vertex 24.4788 36.0432 48.3
      vertex 26.9515 35.2397 48.3
      vertex 24.6642 36.5818 48.3
    endloop
  endfacet
  facet normal -0 0 1
    outer loop
      vertex 36.799 33.2279 48.3
      vertex 37.0359 28.466 48.3
      vertex 37.0359 33.534 48.3
    endloop
  endfacet
  facet normal 0 0 1
    outer loop
      vertex 36.799 33.2279 48.3
      vertex 36.799 28.7721 48.3
      vertex 37.0359 28.466 48.3
    endloop
  endfacet
  facet normal -0 0 1
    outer loop
      vertex 36.59 32.8927 48.3
      vertex 36.799 28.7721 48.3
      vertex 36.799 33.2279 48.3
    endloop
  endfacet
  facet normal 0 0 1
    outer loop
      vertex 36.59 32.8927 48.3
      vertex 36.59 29.1073 48.3
      vertex 36.799 28.7721 48.3
    endloop
  endfacet
  facet normal 0 0 1
    outer loop
      vertex 36.3279 32.3 48.3
      vertex 36.59 32.8927 48.3
      vertex 36.4161 32.538 48.3
    endloop
  endfacet
  facet normal 0 0 1
    outer loop
      vertex 36.59 32.8927 48.3
      vertex 36.3279 32.3 48.3
      vertex 36.59 29.1073 48.3
    endloop
  endfacet
  facet normal -0 0 1
    outer loop
      vertex 36.3279 29.7 48.3
      vertex 36.59 29.1073 48.3
      vertex 36.3279 32.3 48.3
    endloop
  endfacet
  facet normal 0 0 1
    outer loop
      vertex 36.59 29.1073 48.3
      vertex 36.3279 29.7 48.3
      vertex 36.4161 29.462 48.3
    endloop
  endfacet
  facet normal -0 0 1
    outer loop
      vertex 26.3434 32.3 48.3
      vertex 36.3279 29.7 48.3
      vertex 36.3279 32.3 48.3
    endloop
  endfacet
  facet normal 0 0 1
    outer loop
      vertex 36.3279 29.7 48.3
      vertex 26.3434 32.3 48.3
      vertex 26.3434 29.7 48.3
    endloop
  endfacet
  facet normal -0 0 1
    outer loop
      vertex 37.0359 28.466 48.3
      vertex 39.2896 27.1696 48.3
      vertex 37.0359 33.534 48.3
    endloop
  endfacet
  facet normal 0 0 1
    outer loop
      vertex 37.0359 28.466 48.3
      vertex 34.2975 18.5231 48.3
      vertex 39.2896 27.1696 48.3
    endloop
  endfacet
  facet normal 0 0 1
    outer loop
      vertex 34.4196 18.4662 48.3
      vertex 33.3621 16.0909 48.3
      vertex 33.8864 15.8684 48.3
    endloop
  endfacet
  facet normal -0 0 1
    outer loop
      vertex 32.0459 19.8231 48.3
      vertex 34.2975 18.5231 48.3
      vertex 37.0359 28.466 48.3
    endloop
  endfacet
  facet normal 0 -0 1
    outer loop
      vertex 32.9928 16.2631 48.3
      vertex 34.2975 18.5231 48.3
      vertex 32.0459 19.8231 48.3
    endloop
  endfacet
  facet normal 0 0 1
    outer loop
      vertex 34.2975 18.5231 48.3
      vertex 32.9928 16.2631 48.3
      vertex 33.3621 16.0909 48.3
    endloop
  endfacet
  facet normal 0 0 1
    outer loop
      vertex 30.7411 17.5631 48.3
      vertex 32.0459 19.8231 48.3
      vertex 31.9356 19.9003 48.3
    endloop
  endfacet
  facet normal 0 0 1
    outer loop
      vertex 30.7411 17.5631 48.3
      vertex 31.9356 19.9003 48.3
      vertex 31.5531 20.1885 48.3
    endloop
  endfacet
  facet normal 0 0 1
    outer loop
      vertex 30.7411 17.5631 48.3
      vertex 31.5531 20.1885 48.3
      vertex 31.181 20.4899 48.3
    endloop
  endfacet
  facet normal 0 0 1
    outer loop
      vertex 30.7411 17.5631 48.3
      vertex 31.181 20.4899 48.3
      vertex 30.8195 20.8041 48.3
    endloop
  endfacet
  facet normal 0 0 1
    outer loop
      vertex 32.0459 19.8231 48.3
      vertex 30.7411 17.5631 48.3
      vertex 32.9928 16.2631 48.3
    endloop
  endfacet
  facet normal 0 0 1
    outer loop
      vertex 30.7411 17.5631 48.3
      vertex 29.1258 9.56539 48.3
      vertex 32.9928 16.2631 48.3
    endloop
  endfacet
  facet normal 0 -0 1
    outer loop
      vertex 29.1258 9.56539 48.3
      vertex 30.7411 17.5631 48.3
      vertex 26.8742 10.8654 48.3
    endloop
  endfacet
  facet normal 0 0 1
    outer loop
      vertex 45.1396 43.721 48.3
      vertex 46.1136 46.1316 48.3
      vertex 45.5818 46.3358 48.3
    endloop
  endfacet
  facet normal 0 0 1
    outer loop
      vertex 46.6379 45.9091 48.3
      vertex 45.5804 43.5338 48.3
      vertex 45.7025 43.4769 48.3
    endloop
  endfacet
  facet normal 0 0 1
    outer loop
      vertex 46.1136 46.1316 48.3
      vertex 45.1396 43.721 48.3
      vertex 45.5804 43.5338 48.3
    endloop
  endfacet
  facet normal 0 0 1
    outer loop
      vertex 44.6925 43.8926 48.3
      vertex 45.5818 46.3358 48.3
      vertex 45.0432 46.5212 48.3
    endloop
  endfacet
  facet normal 0 0 1
    outer loop
      vertex 45.5818 46.3358 48.3
      vertex 44.6925 43.8926 48.3
      vertex 45.1396 43.721 48.3
    endloop
  endfacet
  facet normal 0 0 1
    outer loop
      vertex 44.2397 44.0485 48.3
      vertex 45.0432 46.5212 48.3
      vertex 44.4984 46.6878 48.3
    endloop
  endfacet
  facet normal 0 0 1
    outer loop
      vertex 45.0432 46.5212 48.3
      vertex 44.2397 44.0485 48.3
      vertex 44.6925 43.8926 48.3
    endloop
  endfacet
  facet normal 0 0 1
    outer loop
      vertex 43.7817 44.1885 48.3
      vertex 44.4984 46.6878 48.3
      vertex 43.9482 46.8352 48.3
    endloop
  endfacet
  facet normal 0 0 1
    outer loop
      vertex 44.4984 46.6878 48.3
      vertex 43.7817 44.1885 48.3
      vertex 44.2397 44.0485 48.3
    endloop
  endfacet
  facet normal 0 0 1
    outer loop
      vertex 43.3192 44.3125 48.3
      vertex 43.9482 46.8352 48.3
      vertex 43.3931 46.9634 48.3
    endloop
  endfacet
  facet normal 0 0 1
    outer loop
      vertex 43.9482 46.8352 48.3
      vertex 43.3192 44.3125 48.3
      vertex 43.7817 44.1885 48.3
    endloop
  endfacet
  facet normal 0 0 1
    outer loop
      vertex 43.3931 46.9634 48.3
      vertex 42.8525 44.4202 48.3
      vertex 43.3192 44.3125 48.3
    endloop
  endfacet
  facet normal 0 0 1
    outer loop
      vertex 42.8339 47.0721 48.3
      vertex 42.8525 44.4202 48.3
      vertex 43.3931 46.9634 48.3
    endloop
  endfacet
  facet normal 0 0 1
    outer loop
      vertex 42.8339 47.0721 48.3
      vertex 42.3825 44.5116 48.3
      vertex 42.8525 44.4202 48.3
    endloop
  endfacet
  facet normal 0 0 1
    outer loop
      vertex 42.2713 47.1612 48.3
      vertex 42.3825 44.5116 48.3
      vertex 42.8339 47.0721 48.3
    endloop
  endfacet
  facet normal 0 0 1
    outer loop
      vertex 42.2713 47.1612 48.3
      vertex 41.9095 44.5865 48.3
      vertex 42.3825 44.5116 48.3
    endloop
  endfacet
  facet normal 0 0 1
    outer loop
      vertex 41.7059 47.2306 48.3
      vertex 41.9095 44.5865 48.3
      vertex 42.2713 47.1612 48.3
    endloop
  endfacet
  facet normal 0 0 1
    outer loop
      vertex 41.7059 47.2306 48.3
      vertex 41.4341 44.6448 48.3
      vertex 41.9095 44.5865 48.3
    endloop
  endfacet
  facet normal 0 0 1
    outer loop
      vertex 41.1384 47.2802 48.3
      vertex 41.4341 44.6448 48.3
      vertex 41.7059 47.2306 48.3
    endloop
  endfacet
  facet normal 0 0 1
    outer loop
      vertex 41.1384 47.2802 48.3
      vertex 40.9571 44.6866 48.3
      vertex 41.4341 44.6448 48.3
    endloop
  endfacet
  facet normal 0 0 1
    outer loop
      vertex 40.5696 47.3101 48.3
      vertex 40.9571 44.6866 48.3
      vertex 41.1384 47.2802 48.3
    endloop
  endfacet
  facet normal 0 0 1
    outer loop
      vertex 40.5696 47.3101 48.3
      vertex 40.4788 44.7116 48.3
      vertex 40.9571 44.6866 48.3
    endloop
  endfacet
  facet normal 0 0 1
    outer loop
      vertex 40 47.32 48.3
      vertex 40.4788 44.7116 48.3
      vertex 40.5696 47.3101 48.3
    endloop
  endfacet
  facet normal 0 0 1
    outer loop
      vertex 40 47.32 48.3
      vertex 40 44.72 48.3
      vertex 40.4788 44.7116 48.3
    endloop
  endfacet
  facet normal 0 0 1
    outer loop
      vertex 40 47.32 48.3
      vertex 39.5212 44.7116 48.3
      vertex 40 44.72 48.3
    endloop
  endfacet
  facet normal -0 0 1
    outer loop
      vertex 39.4304 47.3101 48.3
      vertex 39.5212 44.7116 48.3
      vertex 40 47.32 48.3
    endloop
  endfacet
  facet normal 0 0 1
    outer loop
      vertex 39.4304 47.3101 48.3
      vertex 39.0429 44.6866 48.3
      vertex 39.5212 44.7116 48.3
    endloop
  endfacet
  facet normal -0 0 1
    outer loop
      vertex 38.8616 47.2802 48.3
      vertex 39.0429 44.6866 48.3
      vertex 39.4304 47.3101 48.3
    endloop
  endfacet
  facet normal 0 0 1
    outer loop
      vertex 38.8616 47.2802 48.3
      vertex 38.5659 44.6448 48.3
      vertex 39.0429 44.6866 48.3
    endloop
  endfacet
  facet normal -0 0 1
    outer loop
      vertex 38.2941 47.2306 48.3
      vertex 38.5659 44.6448 48.3
      vertex 38.8616 47.2802 48.3
    endloop
  endfacet
  facet normal 0 0 1
    outer loop
      vertex 38.2941 47.2306 48.3
      vertex 38.0905 44.5865 48.3
      vertex 38.5659 44.6448 48.3
    endloop
  endfacet
  facet normal -0 0 1
    outer loop
      vertex 37.7287 47.1612 48.3
      vertex 38.0905 44.5865 48.3
      vertex 38.2941 47.2306 48.3
    endloop
  endfacet
  facet normal 0 0 1
    outer loop
      vertex 37.7287 47.1612 48.3
      vertex 37.6175 44.5116 48.3
      vertex 38.0905 44.5865 48.3
    endloop
  endfacet
  facet normal -0 0 1
    outer loop
      vertex 37.1661 47.0721 48.3
      vertex 37.6175 44.5116 48.3
      vertex 37.7287 47.1612 48.3
    endloop
  endfacet
  facet normal 0 0 1
    outer loop
      vertex 37.1661 47.0721 48.3
      vertex 37.1475 44.4202 48.3
      vertex 37.6175 44.5116 48.3
    endloop
  endfacet
  facet normal -0 0 1
    outer loop
      vertex 36.6069 46.9634 48.3
      vertex 37.1475 44.4202 48.3
      vertex 37.1661 47.0721 48.3
    endloop
  endfacet
  facet normal 0 0 1
    outer loop
      vertex 37.1475 44.4202 48.3
      vertex 36.6069 46.9634 48.3
      vertex 36.6808 44.3125 48.3
    endloop
  endfacet
  facet normal -0 0 1
    outer loop
      vertex 36.0518 46.8352 48.3
      vertex 36.6808 44.3125 48.3
      vertex 36.6069 46.9634 48.3
    endloop
  endfacet
  facet normal 0 0 1
    outer loop
      vertex 36.6808 44.3125 48.3
      vertex 36.0518 46.8352 48.3
      vertex 36.2183 44.1885 48.3
    endloop
  endfacet
  facet normal -0 0 1
    outer loop
      vertex 35.5016 46.6878 48.3
      vertex 36.2183 44.1885 48.3
      vertex 36.0518 46.8352 48.3
    endloop
  endfacet
  facet normal 0 0 1
    outer loop
      vertex 36.2183 44.1885 48.3
      vertex 35.5016 46.6878 48.3
      vertex 35.7603 44.0485 48.3
    endloop
  endfacet
  facet normal -0 0 1
    outer loop
      vertex 34.9568 46.5212 48.3
      vertex 35.7603 44.0485 48.3
      vertex 35.5016 46.6878 48.3
    endloop
  endfacet
  facet normal 0 0 1
    outer loop
      vertex 35.7603 44.0485 48.3
      vertex 34.9568 46.5212 48.3
      vertex 35.3075 43.8926 48.3
    endloop
  endfacet
  facet normal -0 0 1
    outer loop
      vertex 34.4182 46.3358 48.3
      vertex 35.3075 43.8926 48.3
      vertex 34.9568 46.5212 48.3
    endloop
  endfacet
  facet normal 0 0 1
    outer loop
      vertex 35.3075 43.8926 48.3
      vertex 34.4182 46.3358 48.3
      vertex 34.8604 43.721 48.3
    endloop
  endfacet
  facet normal -0 0 1
    outer loop
      vertex 33.8864 46.1316 48.3
      vertex 34.8604 43.721 48.3
      vertex 34.4182 46.3358 48.3
    endloop
  endfacet
  facet normal 0 0 1
    outer loop
      vertex 34.8604 43.721 48.3
      vertex 33.8864 46.1316 48.3
      vertex 34.4196 43.5338 48.3
    endloop
  endfacet
  facet normal -0 0 1
    outer loop
      vertex 33.3621 45.9091 48.3
      vertex 34.4196 43.5338 48.3
      vertex 33.8864 46.1316 48.3
    endloop
  endfacet
  facet normal 0 0 1
    outer loop
      vertex 46.6379 16.0909 48.3
      vertex 45.5804 18.4662 48.3
      vertex 46.1136 15.8684 48.3
    endloop
  endfacet
  facet normal -0 0 1
    outer loop
      vertex 45.1396 18.279 48.3
      vertex 46.1136 15.8684 48.3
      vertex 45.5804 18.4662 48.3
    endloop
  endfacet
  facet normal 0 0 1
    outer loop
      vertex 46.1136 15.8684 48.3
      vertex 45.1396 18.279 48.3
      vertex 45.5818 15.6642 48.3
    endloop
  endfacet
  facet normal -0 0 1
    outer loop
      vertex 44.6925 18.1074 48.3
      vertex 45.5818 15.6642 48.3
      vertex 45.1396 18.279 48.3
    endloop
  endfacet
  facet normal 0 0 1
    outer loop
      vertex 45.5818 15.6642 48.3
      vertex 44.6925 18.1074 48.3
      vertex 45.0432 15.4788 48.3
    endloop
  endfacet
  facet normal -0 0 1
    outer loop
      vertex 44.2397 17.9515 48.3
      vertex 45.0432 15.4788 48.3
      vertex 44.6925 18.1074 48.3
    endloop
  endfacet
  facet normal 0 0 1
    outer loop
      vertex 45.0432 15.4788 48.3
      vertex 44.2397 17.9515 48.3
      vertex 44.4984 15.3122 48.3
    endloop
  endfacet
  facet normal -0 0 1
    outer loop
      vertex 43.7817 17.8115 48.3
      vertex 44.4984 15.3122 48.3
      vertex 44.2397 17.9515 48.3
    endloop
  endfacet
  facet normal 0 0 1
    outer loop
      vertex 44.4984 15.3122 48.3
      vertex 43.7817 17.8115 48.3
      vertex 43.9482 15.1648 48.3
    endloop
  endfacet
  facet normal -0 0 1
    outer loop
      vertex 43.3192 17.6875 48.3
      vertex 43.9482 15.1648 48.3
      vertex 43.7817 17.8115 48.3
    endloop
  endfacet
  facet normal 0 0 1
    outer loop
      vertex 43.9482 15.1648 48.3
      vertex 43.3192 17.6875 48.3
      vertex 43.3931 15.0366 48.3
    endloop
  endfacet
  facet normal -0 0 1
    outer loop
      vertex 42.8525 17.5798 48.3
      vertex 43.3931 15.0366 48.3
      vertex 43.3192 17.6875 48.3
    endloop
  endfacet
  facet normal 0 0 1
    outer loop
      vertex 42.8525 17.5798 48.3
      vertex 42.8339 14.9279 48.3
      vertex 43.3931 15.0366 48.3
    endloop
  endfacet
  facet normal -0 0 1
    outer loop
      vertex 42.3825 17.4884 48.3
      vertex 42.8339 14.9279 48.3
      vertex 42.8525 17.5798 48.3
    endloop
  endfacet
  facet normal 0 0 1
    outer loop
      vertex 42.3825 17.4884 48.3
      vertex 42.2713 14.8388 48.3
      vertex 42.8339 14.9279 48.3
    endloop
  endfacet
  facet normal -0 0 1
    outer loop
      vertex 41.9095 17.4135 48.3
      vertex 42.2713 14.8388 48.3
      vertex 42.3825 17.4884 48.3
    endloop
  endfacet
  facet normal 0 0 1
    outer loop
      vertex 41.9095 17.4135 48.3
      vertex 41.7059 14.7694 48.3
      vertex 42.2713 14.8388 48.3
    endloop
  endfacet
  facet normal -0 0 1
    outer loop
      vertex 41.4341 17.3552 48.3
      vertex 41.7059 14.7694 48.3
      vertex 41.9095 17.4135 48.3
    endloop
  endfacet
  facet normal 0 0 1
    outer loop
      vertex 41.4341 17.3552 48.3
      vertex 41.1384 14.7198 48.3
      vertex 41.7059 14.7694 48.3
    endloop
  endfacet
  facet normal -0 0 1
    outer loop
      vertex 40.9571 17.3134 48.3
      vertex 41.1384 14.7198 48.3
      vertex 41.4341 17.3552 48.3
    endloop
  endfacet
  facet normal 0 0 1
    outer loop
      vertex 40.9571 17.3134 48.3
      vertex 40.5696 14.6899 48.3
      vertex 41.1384 14.7198 48.3
    endloop
  endfacet
  facet normal -0 0 1
    outer loop
      vertex 40.4788 17.2884 48.3
      vertex 40.5696 14.6899 48.3
      vertex 40.9571 17.3134 48.3
    endloop
  endfacet
  facet normal -0 0 1
    outer loop
      vertex 40 17.28 48.3
      vertex 40.5696 14.6899 48.3
      vertex 40.4788 17.2884 48.3
    endloop
  endfacet
  facet normal 0 0 1
    outer loop
      vertex 40 17.28 48.3
      vertex 40 14.68 48.3
      vertex 40.5696 14.6899 48.3
    endloop
  endfacet
  facet normal 0 0 1
    outer loop
      vertex 39.5212 17.2884 48.3
      vertex 40 14.68 48.3
      vertex 40 17.28 48.3
    endloop
  endfacet
  facet normal 0 0 1
    outer loop
      vertex 39.5212 17.2884 48.3
      vertex 39.4304 14.6899 48.3
      vertex 40 14.68 48.3
    endloop
  endfacet
  facet normal 0 0 1
    outer loop
      vertex 39.0429 17.3134 48.3
      vertex 39.4304 14.6899 48.3
      vertex 39.5212 17.2884 48.3
    endloop
  endfacet
  facet normal 0 0 1
    outer loop
      vertex 39.0429 17.3134 48.3
      vertex 38.8616 14.7198 48.3
      vertex 39.4304 14.6899 48.3
    endloop
  endfacet
  facet normal 0 0 1
    outer loop
      vertex 38.5659 17.3552 48.3
      vertex 38.8616 14.7198 48.3
      vertex 39.0429 17.3134 48.3
    endloop
  endfacet
  facet normal 0 0 1
    outer loop
      vertex 38.5659 17.3552 48.3
      vertex 38.2941 14.7694 48.3
      vertex 38.8616 14.7198 48.3
    endloop
  endfacet
  facet normal 0 0 1
    outer loop
      vertex 38.0905 17.4135 48.3
      vertex 38.2941 14.7694 48.3
      vertex 38.5659 17.3552 48.3
    endloop
  endfacet
  facet normal 0 0 1
    outer loop
      vertex 38.0905 17.4135 48.3
      vertex 37.7287 14.8388 48.3
      vertex 38.2941 14.7694 48.3
    endloop
  endfacet
  facet normal 0 0 1
    outer loop
      vertex 37.6175 17.4884 48.3
      vertex 37.7287 14.8388 48.3
      vertex 38.0905 17.4135 48.3
    endloop
  endfacet
  facet normal 0 0 1
    outer loop
      vertex 37.6175 17.4884 48.3
      vertex 37.1661 14.9279 48.3
      vertex 37.7287 14.8388 48.3
    endloop
  endfacet
  facet normal 0 0 1
    outer loop
      vertex 37.1475 17.5798 48.3
      vertex 37.1661 14.9279 48.3
      vertex 37.6175 17.4884 48.3
    endloop
  endfacet
  facet normal 0 0 1
    outer loop
      vertex 36.6069 15.0366 48.3
      vertex 37.1475 17.5798 48.3
      vertex 36.6808 17.6875 48.3
    endloop
  endfacet
  facet normal 0 0 1
    outer loop
      vertex 37.1475 17.5798 48.3
      vertex 36.6069 15.0366 48.3
      vertex 37.1661 14.9279 48.3
    endloop
  endfacet
  facet normal 0 0 1
    outer loop
      vertex 36.0518 15.1648 48.3
      vertex 36.6808 17.6875 48.3
      vertex 36.2183 17.8115 48.3
    endloop
  endfacet
  facet normal 0 0 1
    outer loop
      vertex 36.6808 17.6875 48.3
      vertex 36.0518 15.1648 48.3
      vertex 36.6069 15.0366 48.3
    endloop
  endfacet
  facet normal 0 0 1
    outer loop
      vertex 35.5016 15.3122 48.3
      vertex 36.2183 17.8115 48.3
      vertex 35.7603 17.9515 48.3
    endloop
  endfacet
  facet normal 0 0 1
    outer loop
      vertex 36.2183 17.8115 48.3
      vertex 35.5016 15.3122 48.3
      vertex 36.0518 15.1648 48.3
    endloop
  endfacet
  facet normal 0 0 1
    outer loop
      vertex 34.9568 15.4788 48.3
      vertex 35.7603 17.9515 48.3
      vertex 35.3075 18.1074 48.3
    endloop
  endfacet
  facet normal 0 0 1
    outer loop
      vertex 35.7603 17.9515 48.3
      vertex 34.9568 15.4788 48.3
      vertex 35.5016 15.3122 48.3
    endloop
  endfacet
  facet normal 0 0 1
    outer loop
      vertex 34.4182 15.6642 48.3
      vertex 35.3075 18.1074 48.3
      vertex 34.8604 18.279 48.3
    endloop
  endfacet
  facet normal 0 0 1
    outer loop
      vertex 33.8864 15.8684 48.3
      vertex 34.8604 18.279 48.3
      vertex 34.4196 18.4662 48.3
    endloop
  endfacet
  facet normal 0 0 1
    outer loop
      vertex 35.3075 18.1074 48.3
      vertex 34.4182 15.6642 48.3
      vertex 34.9568 15.4788 48.3
    endloop
  endfacet
  facet normal 0 0 1
    outer loop
      vertex 33.3621 16.0909 48.3
      vertex 34.4196 18.4662 48.3
      vertex 34.2975 18.5231 48.3
    endloop
  endfacet
  facet normal 0 0 1
    outer loop
      vertex 34.8604 18.279 48.3
      vertex 33.8864 15.8684 48.3
      vertex 34.4182 15.6642 48.3
    endloop
  endfacet
  facet normal 0 0 -1
    outer loop
      vertex 49.2589 17.5631 45.9
      vertex 52.7181 10.6468 45.9
      vertex 52 10.2154 45.9
    endloop
  endfacet
  facet normal 0 0 -1
    outer loop
      vertex 47.0072 16.2631 45.9
      vertex 52 10.2154 45.9
      vertex 51.2673 9.80926 45.9
    endloop
  endfacet
  facet normal 0 0 -1
    outer loop
      vertex 47.0072 16.2631 45.9
      vertex 51.2673 9.80926 45.9
      vertex 50.8547 9.59904 45.9
    endloop
  endfacet
  facet normal 0 0 -1
    outer loop
      vertex 52.7181 10.6468 45.9
      vertex 49.2589 17.5631 45.9
      vertex 53.1064 10.899 45.9
    endloop
  endfacet
  facet normal 0 0 -1
    outer loop
      vertex 50.4903 18.4982 45.9
      vertex 48.819 20.4899 45.9
      vertex 49.1805 20.8041 45.9
    endloop
  endfacet
  facet normal 0 0 -1
    outer loop
      vertex 49.5927 17.7968 45.9
      vertex 48.4469 20.1885 45.9
      vertex 48.819 20.4899 45.9
    endloop
  endfacet
  facet normal 0 0 -1
    outer loop
      vertex 52 10.2154 45.9
      vertex 47.0072 16.2631 45.9
      vertex 49.2589 17.5631 45.9
    endloop
  endfacet
  facet normal 0 -0 -1
    outer loop
      vertex 47.9541 19.8231 45.9
      vertex 49.2589 17.5631 45.9
      vertex 47.0072 16.2631 45.9
    endloop
  endfacet
  facet normal 0 0 -1
    outer loop
      vertex 49.5927 17.7968 45.9
      vertex 48.0644 19.9003 45.9
      vertex 48.4469 20.1885 45.9
    endloop
  endfacet
  facet normal 0 0 -1
    outer loop
      vertex 49.5927 17.7968 45.9
      vertex 47.9541 19.8231 45.9
      vertex 48.0644 19.9003 45.9
    endloop
  endfacet
  facet normal 0 0 -1
    outer loop
      vertex 45.7025 18.5231 45.9
      vertex 47.0072 16.2631 45.9
      vertex 46.6379 16.0909 45.9
    endloop
  endfacet
  facet normal 0 0 -1
    outer loop
      vertex 45.5804 18.4662 45.9
      vertex 46.6379 16.0909 45.9
      vertex 46.1136 15.8684 45.9
    endloop
  endfacet
  facet normal 0 0 -1
    outer loop
      vertex 47.0072 16.2631 45.9
      vertex 45.7025 18.5231 45.9
      vertex 47.9541 19.8231 45.9
    endloop
  endfacet
  facet normal 0 0 -1
    outer loop
      vertex 45.7025 18.5231 45.9
      vertex 42.9641 28.466 45.9
      vertex 47.9541 19.8231 45.9
    endloop
  endfacet
  facet normal -0 0 -1
    outer loop
      vertex 42.9641 28.466 45.9
      vertex 40.7104 27.1696 45.9
      vertex 42.9641 33.534 45.9
    endloop
  endfacet
  facet normal 0 0 -1
    outer loop
      vertex 40.7104 27.1696 45.9
      vertex 42.9641 28.466 45.9
      vertex 45.7025 18.5231 45.9
    endloop
  endfacet
  facet normal 0 0 -1
    outer loop
      vertex 43.6721 29.7 45.9
      vertex 53.6566 32.3 45.9
      vertex 53.6566 29.7 45.9
    endloop
  endfacet
  facet normal 0 0 -1
    outer loop
      vertex 43.6721 29.7 45.9
      vertex 43.6721 32.3 45.9
      vertex 53.6566 32.3 45.9
    endloop
  endfacet
  facet normal 0 0 -1
    outer loop
      vertex 43.41 29.1073 45.9
      vertex 43.6721 29.7 45.9
      vertex 43.5839 29.462 45.9
    endloop
  endfacet
  facet normal -0 0 -1
    outer loop
      vertex 43.6721 29.7 45.9
      vertex 43.41 29.1073 45.9
      vertex 43.6721 32.3 45.9
    endloop
  endfacet
  facet normal 0 0 -1
    outer loop
      vertex 43.41 32.8927 45.9
      vertex 43.6721 32.3 45.9
      vertex 43.41 29.1073 45.9
    endloop
  endfacet
  facet normal 0 0 -1
    outer loop
      vertex 43.6721 32.3 45.9
      vertex 43.41 32.8927 45.9
      vertex 43.5839 32.538 45.9
    endloop
  endfacet
  facet normal 0 0 -1
    outer loop
      vertex 43.201 28.7721 45.9
      vertex 43.41 32.8927 45.9
      vertex 43.41 29.1073 45.9
    endloop
  endfacet
  facet normal 0 0 -1
    outer loop
      vertex 43.201 28.7721 45.9
      vertex 43.201 33.2279 45.9
      vertex 43.41 32.8927 45.9
    endloop
  endfacet
  facet normal 0 0 -1
    outer loop
      vertex 42.9641 28.466 45.9
      vertex 43.201 33.2279 45.9
      vertex 43.201 28.7721 45.9
    endloop
  endfacet
  facet normal -0 0 -1
    outer loop
      vertex 43.201 33.2279 45.9
      vertex 42.9641 28.466 45.9
      vertex 42.9641 33.534 45.9
    endloop
  endfacet
  facet normal 0 0 -1
    outer loop
      vertex 56.2661 29.7 45.9
      vertex 64 31 45.9
      vertex 63.9854 30.1624 45.9
    endloop
  endfacet
  facet normal 0 0 -1
    outer loop
      vertex 56.2661 29.7 45.9
      vertex 63.9854 30.1624 45.9
      vertex 63.9611 29.7 45.9
    endloop
  endfacet
  facet normal 0 0 -1
    outer loop
      vertex 56.2661 32.3 45.9
      vertex 64 31 45.9
      vertex 56.2661 29.7 45.9
    endloop
  endfacet
  facet normal 0 0 -1
    outer loop
      vertex 64 31 45.9
      vertex 56.2661 32.3 45.9
      vertex 63.9854 31.8376 45.9
    endloop
  endfacet
  facet normal 0 0 -1
    outer loop
      vertex 63.9854 31.8376 45.9
      vertex 56.2661 32.3 45.9
      vertex 63.9611 32.3 45.9
    endloop
  endfacet
  facet normal 0 0 -1
    outer loop
      vertex 53.6566 29.7 45.9
      vertex 56.2661 29.7 45.9
      vertex 56.2306 29.2941 45.9
    endloop
  endfacet
  facet normal 0 0 -1
    outer loop
      vertex 56.2661 29.7 45.9
      vertex 53.6566 29.7 45.9
      vertex 56.2661 32.3 45.9
    endloop
  endfacet
  facet normal 0 0 -1
    outer loop
      vertex 53.6448 29.5659 45.9
      vertex 56.2306 29.2941 45.9
      vertex 56.1612 28.7287 45.9
    endloop
  endfacet
  facet normal 0 0 -1
    outer loop
      vertex 53.6566 32.3 45.9
      vertex 56.2661 32.3 45.9
      vertex 53.6566 29.7 45.9
    endloop
  endfacet
  facet normal 0 0 -1
    outer loop
      vertex 53.5865 29.0905 45.9
      vertex 56.1612 28.7287 45.9
      vertex 56.0721 28.1661 45.9
    endloop
  endfacet
  facet normal 0 0 -1
    outer loop
      vertex 56.2661 32.3 45.9
      vertex 53.6566 32.3 45.9
      vertex 56.2306 32.7059 45.9
    endloop
  endfacet
  facet normal 0 0 -1
    outer loop
      vertex 53.5116 28.6175 45.9
      vertex 56.0721 28.1661 45.9
      vertex 55.9634 27.6069 45.9
    endloop
  endfacet
  facet normal 0 0 -1
    outer loop
      vertex 53.6448 32.4341 45.9
      vertex 56.2306 32.7059 45.9
      vertex 53.6566 32.3 45.9
    endloop
  endfacet
  facet normal 0 0 -1
    outer loop
      vertex 53.4202 28.1475 45.9
      vertex 55.9634 27.6069 45.9
      vertex 55.8352 27.0518 45.9
    endloop
  endfacet
  facet normal -0 0 -1
    outer loop
      vertex 56.2306 32.7059 45.9
      vertex 53.6448 32.4341 45.9
      vertex 56.1612 33.2713 45.9
    endloop
  endfacet
  facet normal 0 0 -1
    outer loop
      vertex 53.3125 27.6808 45.9
      vertex 55.8352 27.0518 45.9
      vertex 55.6878 26.5016 45.9
    endloop
  endfacet
  facet normal 0 0 -1
    outer loop
      vertex 53.5865 32.9095 45.9
      vertex 56.1612 33.2713 45.9
      vertex 53.6448 32.4341 45.9
    endloop
  endfacet
  facet normal 0 0 -1
    outer loop
      vertex 53.1885 27.2183 45.9
      vertex 55.6878 26.5016 45.9
      vertex 55.5212 25.9568 45.9
    endloop
  endfacet
  facet normal -0 0 -1
    outer loop
      vertex 56.1612 33.2713 45.9
      vertex 53.5865 32.9095 45.9
      vertex 56.0721 33.8339 45.9
    endloop
  endfacet
  facet normal 0 0 -1
    outer loop
      vertex 53.0485 26.7603 45.9
      vertex 55.5212 25.9568 45.9
      vertex 55.3358 25.4182 45.9
    endloop
  endfacet
  facet normal 0 0 -1
    outer loop
      vertex 53.5116 33.3825 45.9
      vertex 56.0721 33.8339 45.9
      vertex 53.5865 32.9095 45.9
    endloop
  endfacet
  facet normal 0 0 -1
    outer loop
      vertex 52.8926 26.3075 45.9
      vertex 55.3358 25.4182 45.9
      vertex 55.1316 24.8864 45.9
    endloop
  endfacet
  facet normal -0 0 -1
    outer loop
      vertex 56.0721 33.8339 45.9
      vertex 53.5116 33.3825 45.9
      vertex 55.9634 34.3931 45.9
    endloop
  endfacet
  facet normal 0 0 -1
    outer loop
      vertex 52.721 25.8604 45.9
      vertex 55.1316 24.8864 45.9
      vertex 54.9091 24.3621 45.9
    endloop
  endfacet
  facet normal 0 0 -1
    outer loop
      vertex 53.4202 33.8525 45.9
      vertex 55.9634 34.3931 45.9
      vertex 53.5116 33.3825 45.9
    endloop
  endfacet
  facet normal 0 0 -1
    outer loop
      vertex 52.5338 25.4196 45.9
      vertex 54.9091 24.3621 45.9
      vertex 54.6683 23.8458 45.9
    endloop
  endfacet
  facet normal -0 0 -1
    outer loop
      vertex 55.9634 34.3931 45.9
      vertex 53.4202 33.8525 45.9
      vertex 55.8352 34.9482 45.9
    endloop
  endfacet
  facet normal 0 0 -1
    outer loop
      vertex 52.3315 24.9855 45.9
      vertex 54.6683 23.8458 45.9
      vertex 54.4097 23.3382 45.9
    endloop
  endfacet
  facet normal 0 0 -1
    outer loop
      vertex 53.3125 34.3192 45.9
      vertex 55.8352 34.9482 45.9
      vertex 53.4202 33.8525 45.9
    endloop
  endfacet
  facet normal 0 0 -1
    outer loop
      vertex 52.114 24.5588 45.9
      vertex 54.4097 23.3382 45.9
      vertex 54.1335 22.84 45.9
    endloop
  endfacet
  facet normal -0 0 -1
    outer loop
      vertex 55.8352 34.9482 45.9
      vertex 53.3125 34.3192 45.9
      vertex 55.6878 35.4984 45.9
    endloop
  endfacet
  facet normal 0 0 -1
    outer loop
      vertex 51.8819 24.14 45.9
      vertex 54.1335 22.84 45.9
      vertex 53.8401 22.3517 45.9
    endloop
  endfacet
  facet normal 0 0 -1
    outer loop
      vertex 53.1885 34.7817 45.9
      vertex 55.6878 35.4984 45.9
      vertex 53.3125 34.3192 45.9
    endloop
  endfacet
  facet normal -0 0 -1
    outer loop
      vertex 55.6878 35.4984 45.9
      vertex 53.1885 34.7817 45.9
      vertex 55.5212 36.0432 45.9
    endloop
  endfacet
  facet normal 0 0 -1
    outer loop
      vertex 56.2306 29.2941 45.9
      vertex 53.6448 29.5659 45.9
      vertex 53.6566 29.7 45.9
    endloop
  endfacet
  facet normal 0 0 -1
    outer loop
      vertex 56.1612 28.7287 45.9
      vertex 53.5865 29.0905 45.9
      vertex 53.6448 29.5659 45.9
    endloop
  endfacet
  facet normal 0 0 -1
    outer loop
      vertex 51.6352 23.7295 45.9
      vertex 53.8401 22.3517 45.9
      vertex 53.5299 21.874 45.9
    endloop
  endfacet
  facet normal 0 0 -1
    outer loop
      vertex 56.0721 28.1661 45.9
      vertex 53.5116 28.6175 45.9
      vertex 53.5865 29.0905 45.9
    endloop
  endfacet
  facet normal 0 0 -1
    outer loop
      vertex 55.9634 27.6069 45.9
      vertex 53.4202 28.1475 45.9
      vertex 53.5116 28.6175 45.9
    endloop
  endfacet
  facet normal 0 0 -1
    outer loop
      vertex 55.8352 27.0518 45.9
      vertex 53.3125 27.6808 45.9
      vertex 53.4202 28.1475 45.9
    endloop
  endfacet
  facet normal 0 0 -1
    outer loop
      vertex 51.3744 23.3279 45.9
      vertex 53.5299 21.874 45.9
      vertex 53.2032 21.4073 45.9
    endloop
  endfacet
  facet normal 0 0 -1
    outer loop
      vertex 55.6878 26.5016 45.9
      vertex 53.1885 27.2183 45.9
      vertex 53.3125 27.6808 45.9
    endloop
  endfacet
  facet normal 0 0 -1
    outer loop
      vertex 55.5212 25.9568 45.9
      vertex 53.0485 26.7603 45.9
      vertex 53.1885 27.2183 45.9
    endloop
  endfacet
  facet normal 0 0 -1
    outer loop
      vertex 55.3358 25.4182 45.9
      vertex 52.8926 26.3075 45.9
      vertex 53.0485 26.7603 45.9
    endloop
  endfacet
  facet normal 0 0 -1
    outer loop
      vertex 51.0997 22.9356 45.9
      vertex 53.2032 21.4073 45.9
      vertex 52.8603 20.9524 45.9
    endloop
  endfacet
  facet normal 0 0 -1
    outer loop
      vertex 55.1316 24.8864 45.9
      vertex 52.721 25.8604 45.9
      vertex 52.8926 26.3075 45.9
    endloop
  endfacet
  facet normal 0 0 -1
    outer loop
      vertex 54.9091 24.3621 45.9
      vertex 52.5338 25.4196 45.9
      vertex 52.721 25.8604 45.9
    endloop
  endfacet
  facet normal 0 0 -1
    outer loop
      vertex 50.8115 22.5531 45.9
      vertex 52.8603 20.9524 45.9
      vertex 52.5018 20.5097 45.9
    endloop
  endfacet
  facet normal 0 0 -1
    outer loop
      vertex 54.6683 23.8458 45.9
      vertex 52.3315 24.9855 45.9
      vertex 52.5338 25.4196 45.9
    endloop
  endfacet
  facet normal 0 0 -1
    outer loop
      vertex 50.5101 22.181 45.9
      vertex 52.5018 20.5097 45.9
      vertex 52.1281 20.0798 45.9
    endloop
  endfacet
  facet normal 0 0 -1
    outer loop
      vertex 54.4097 23.3382 45.9
      vertex 52.114 24.5588 45.9
      vertex 52.3315 24.9855 45.9
    endloop
  endfacet
  facet normal 0 0 -1
    outer loop
      vertex 54.1335 22.84 45.9
      vertex 51.8819 24.14 45.9
      vertex 52.114 24.5588 45.9
    endloop
  endfacet
  facet normal 0 0 -1
    outer loop
      vertex 50.1959 21.8195 45.9
      vertex 52.1281 20.0798 45.9
      vertex 51.7396 19.6632 45.9
    endloop
  endfacet
  facet normal 0 0 -1
    outer loop
      vertex 53.8401 22.3517 45.9
      vertex 51.6352 23.7295 45.9
      vertex 51.8819 24.14 45.9
    endloop
  endfacet
  facet normal 0 0 -1
    outer loop
      vertex 53.5299 21.874 45.9
      vertex 51.3744 23.3279 45.9
      vertex 51.6352 23.7295 45.9
    endloop
  endfacet
  facet normal 0 0 -1
    outer loop
      vertex 49.8693 21.4693 45.9
      vertex 51.7396 19.6632 45.9
      vertex 51.3368 19.2604 45.9
    endloop
  endfacet
  facet normal 0 0 -1
    outer loop
      vertex 53.2032 21.4073 45.9
      vertex 51.0997 22.9356 45.9
      vertex 51.3744 23.3279 45.9
    endloop
  endfacet
  facet normal 0 0 -1
    outer loop
      vertex 49.5307 21.1307 45.9
      vertex 51.3368 19.2604 45.9
      vertex 50.9202 18.8719 45.9
    endloop
  endfacet
  facet normal 0 0 -1
    outer loop
      vertex 52.8603 20.9524 45.9
      vertex 50.8115 22.5531 45.9
      vertex 51.0997 22.9356 45.9
    endloop
  endfacet
  facet normal 0 0 -1
    outer loop
      vertex 52.5018 20.5097 45.9
      vertex 50.5101 22.181 45.9
      vertex 50.8115 22.5531 45.9
    endloop
  endfacet
  facet normal 0 0 -1
    outer loop
      vertex 49.1805 20.8041 45.9
      vertex 50.9202 18.8719 45.9
      vertex 50.4903 18.4982 45.9
    endloop
  endfacet
  facet normal 0 0 -1
    outer loop
      vertex 52.1281 20.0798 45.9
      vertex 50.1959 21.8195 45.9
      vertex 50.5101 22.181 45.9
    endloop
  endfacet
  facet normal 0 0 -1
    outer loop
      vertex 48.819 20.4899 45.9
      vertex 50.4903 18.4982 45.9
      vertex 50.0476 18.1397 45.9
    endloop
  endfacet
  facet normal 0 0 -1
    outer loop
      vertex 51.7396 19.6632 45.9
      vertex 49.8693 21.4693 45.9
      vertex 50.1959 21.8195 45.9
    endloop
  endfacet
  facet normal 0 0 -1
    outer loop
      vertex 48.819 20.4899 45.9
      vertex 50.0476 18.1397 45.9
      vertex 49.5927 17.7968 45.9
    endloop
  endfacet
  facet normal 0 0 -1
    outer loop
      vertex 51.3368 19.2604 45.9
      vertex 49.5307 21.1307 45.9
      vertex 49.8693 21.4693 45.9
    endloop
  endfacet
  facet normal 0 0 -1
    outer loop
      vertex 47.9541 19.8231 45.9
      vertex 49.5927 17.7968 45.9
      vertex 49.2589 17.5631 45.9
    endloop
  endfacet
  facet normal 0 0 -1
    outer loop
      vertex 50.9202 18.8719 45.9
      vertex 49.1805 20.8041 45.9
      vertex 49.5307 21.1307 45.9
    endloop
  endfacet
  facet normal 0 0 -1
    outer loop
      vertex 53.0485 35.2397 45.9
      vertex 55.5212 36.0432 45.9
      vertex 53.1885 34.7817 45.9
    endloop
  endfacet
  facet normal -0 0 -1
    outer loop
      vertex 55.5212 36.0432 45.9
      vertex 53.0485 35.2397 45.9
      vertex 55.3358 36.5818 45.9
    endloop
  endfacet
  facet normal 0 0 -1
    outer loop
      vertex 52.8926 35.6925 45.9
      vertex 55.3358 36.5818 45.9
      vertex 53.0485 35.2397 45.9
    endloop
  endfacet
  facet normal -0 0 -1
    outer loop
      vertex 55.3358 36.5818 45.9
      vertex 52.8926 35.6925 45.9
      vertex 55.1316 37.1136 45.9
    endloop
  endfacet
  facet normal 0 0 -1
    outer loop
      vertex 52.721 36.1396 45.9
      vertex 55.1316 37.1136 45.9
      vertex 52.8926 35.6925 45.9
    endloop
  endfacet
  facet normal -0 0 -1
    outer loop
      vertex 55.1316 37.1136 45.9
      vertex 52.721 36.1396 45.9
      vertex 54.9091 37.6379 45.9
    endloop
  endfacet
  facet normal 0 0 -1
    outer loop
      vertex 52.5338 36.5804 45.9
      vertex 54.9091 37.6379 45.9
      vertex 52.721 36.1396 45.9
    endloop
  endfacet
  facet normal -0 0 -1
    outer loop
      vertex 54.9091 37.6379 45.9
      vertex 52.5338 36.5804 45.9
      vertex 54.6683 38.1542 45.9
    endloop
  endfacet
  facet normal 0 0 -1
    outer loop
      vertex 52.3315 37.0145 45.9
      vertex 54.6683 38.1542 45.9
      vertex 52.5338 36.5804 45.9
    endloop
  endfacet
  facet normal -0 0 -1
    outer loop
      vertex 54.6683 38.1542 45.9
      vertex 52.3315 37.0145 45.9
      vertex 54.4097 38.6618 45.9
    endloop
  endfacet
  facet normal 0 0 -1
    outer loop
      vertex 52.114 37.4412 45.9
      vertex 54.4097 38.6618 45.9
      vertex 52.3315 37.0145 45.9
    endloop
  endfacet
  facet normal -0 0 -1
    outer loop
      vertex 54.4097 38.6618 45.9
      vertex 52.114 37.4412 45.9
      vertex 54.1335 39.16 45.9
    endloop
  endfacet
  facet normal 0 0 -1
    outer loop
      vertex 51.8819 37.86 45.9
      vertex 54.1335 39.16 45.9
      vertex 52.114 37.4412 45.9
    endloop
  endfacet
  facet normal -0 0 -1
    outer loop
      vertex 54.1335 39.16 45.9
      vertex 51.8819 37.86 45.9
      vertex 53.8401 39.6483 45.9
    endloop
  endfacet
  facet normal 0 0 -1
    outer loop
      vertex 51.6352 38.2705 45.9
      vertex 53.8401 39.6483 45.9
      vertex 51.8819 37.86 45.9
    endloop
  endfacet
  facet normal -0 0 -1
    outer loop
      vertex 53.8401 39.6483 45.9
      vertex 51.6352 38.2705 45.9
      vertex 53.5299 40.126 45.9
    endloop
  endfacet
  facet normal 0 0 -1
    outer loop
      vertex 51.3744 38.6721 45.9
      vertex 53.5299 40.126 45.9
      vertex 51.6352 38.2705 45.9
    endloop
  endfacet
  facet normal -0 0 -1
    outer loop
      vertex 53.5299 40.126 45.9
      vertex 51.3744 38.6721 45.9
      vertex 53.2032 40.5927 45.9
    endloop
  endfacet
  facet normal 0 0 -1
    outer loop
      vertex 51.0997 39.0644 45.9
      vertex 53.2032 40.5927 45.9
      vertex 51.3744 38.6721 45.9
    endloop
  endfacet
  facet normal -0 0 -1
    outer loop
      vertex 53.2032 40.5927 45.9
      vertex 51.0997 39.0644 45.9
      vertex 52.8603 41.0476 45.9
    endloop
  endfacet
  facet normal 0 0 -1
    outer loop
      vertex 50.8115 39.4469 45.9
      vertex 52.8603 41.0476 45.9
      vertex 51.0997 39.0644 45.9
    endloop
  endfacet
  facet normal -0 0 -1
    outer loop
      vertex 52.8603 41.0476 45.9
      vertex 50.8115 39.4469 45.9
      vertex 52.5018 41.4903 45.9
    endloop
  endfacet
  facet normal 0 0 -1
    outer loop
      vertex 50.5101 39.819 45.9
      vertex 52.5018 41.4903 45.9
      vertex 50.8115 39.4469 45.9
    endloop
  endfacet
  facet normal -0 0 -1
    outer loop
      vertex 52.5018 41.4903 45.9
      vertex 50.5101 39.819 45.9
      vertex 52.1281 41.9202 45.9
    endloop
  endfacet
  facet normal 0 0 -1
    outer loop
      vertex 50.1959 40.1805 45.9
      vertex 52.1281 41.9202 45.9
      vertex 50.5101 39.819 45.9
    endloop
  endfacet
  facet normal -0 0 -1
    outer loop
      vertex 52.1281 41.9202 45.9
      vertex 50.1959 40.1805 45.9
      vertex 51.7396 42.3368 45.9
    endloop
  endfacet
  facet normal 0 0 -1
    outer loop
      vertex 49.8693 40.5307 45.9
      vertex 51.7396 42.3368 45.9
      vertex 50.1959 40.1805 45.9
    endloop
  endfacet
  facet normal -0 0 -1
    outer loop
      vertex 51.7396 42.3368 45.9
      vertex 49.8693 40.5307 45.9
      vertex 51.3368 42.7396 45.9
    endloop
  endfacet
  facet normal 0 0 -1
    outer loop
      vertex 49.5307 40.8693 45.9
      vertex 51.3368 42.7396 45.9
      vertex 49.8693 40.5307 45.9
    endloop
  endfacet
  facet normal -0 0 -1
    outer loop
      vertex 51.3368 42.7396 45.9
      vertex 49.5307 40.8693 45.9
      vertex 50.9202 43.1281 45.9
    endloop
  endfacet
  facet normal 0 0 -1
    outer loop
      vertex 49.1805 41.1959 45.9
      vertex 50.9202 43.1281 45.9
      vertex 49.5307 40.8693 45.9
    endloop
  endfacet
  facet normal -0 0 -1
    outer loop
      vertex 50.9202 43.1281 45.9
      vertex 49.1805 41.1959 45.9
      vertex 50.4903 43.5018 45.9
    endloop
  endfacet
  facet normal 0 0 -1
    outer loop
      vertex 48.819 41.5101 45.9
      vertex 50.4903 43.5018 45.9
      vertex 49.1805 41.1959 45.9
    endloop
  endfacet
  facet normal -0 0 -1
    outer loop
      vertex 50.4903 43.5018 45.9
      vertex 48.819 41.5101 45.9
      vertex 50.0476 43.8603 45.9
    endloop
  endfacet
  facet normal 0 0 -1
    outer loop
      vertex 48.4469 41.8115 45.9
      vertex 50.0476 43.8603 45.9
      vertex 48.819 41.5101 45.9
    endloop
  endfacet
  facet normal 0 0 -1
    outer loop
      vertex 49.2589 44.4369 45.9
      vertex 52.7181 51.3532 45.9
      vertex 53.1064 51.101 45.9
    endloop
  endfacet
  facet normal -0 0 -1
    outer loop
      vertex 52.7181 51.3532 45.9
      vertex 49.2589 44.4369 45.9
      vertex 52 51.7846 45.9
    endloop
  endfacet
  facet normal 0 0 -1
    outer loop
      vertex 47.0072 45.7369 45.9
      vertex 52 51.7846 45.9
      vertex 49.2589 44.4369 45.9
    endloop
  endfacet
  facet normal -0 0 -1
    outer loop
      vertex 52 51.7846 45.9
      vertex 47.0072 45.7369 45.9
      vertex 51.2673 52.1907 45.9
    endloop
  endfacet
  facet normal -0 0 -1
    outer loop
      vertex 50.0476 43.8603 45.9
      vertex 48.4469 41.8115 45.9
      vertex 49.5927 44.2032 45.9
    endloop
  endfacet
  facet normal 0 0 -1
    outer loop
      vertex 48.0644 42.0997 45.9
      vertex 49.5927 44.2032 45.9
      vertex 48.4469 41.8115 45.9
    endloop
  endfacet
  facet normal 0 0 -1
    outer loop
      vertex 47.9541 42.1769 45.9
      vertex 49.5927 44.2032 45.9
      vertex 48.0644 42.0997 45.9
    endloop
  endfacet
  facet normal -0 0 -1
    outer loop
      vertex 49.5927 44.2032 45.9
      vertex 47.9541 42.1769 45.9
      vertex 49.2589 44.4369 45.9
    endloop
  endfacet
  facet normal -0 0 -1
    outer loop
      vertex 49.2589 44.4369 45.9
      vertex 47.9541 42.1769 45.9
      vertex 47.0072 45.7369 45.9
    endloop
  endfacet
  facet normal -0 0 -1
    outer loop
      vertex 51.2673 52.1907 45.9
      vertex 47.0072 45.7369 45.9
      vertex 50.8547 52.401 45.9
    endloop
  endfacet
  facet normal 0 0 -1
    outer loop
      vertex 45.7025 43.4769 45.9
      vertex 47.0072 45.7369 45.9
      vertex 47.9541 42.1769 45.9
    endloop
  endfacet
  facet normal -0 0 -1
    outer loop
      vertex 47.0072 45.7369 45.9
      vertex 45.7025 43.4769 45.9
      vertex 46.6379 45.9091 45.9
    endloop
  endfacet
  facet normal 0 0 -1
    outer loop
      vertex 45.5804 43.5338 45.9
      vertex 46.6379 45.9091 45.9
      vertex 45.7025 43.4769 45.9
    endloop
  endfacet
  facet normal 0 0 -1
    outer loop
      vertex 42.9641 33.534 45.9
      vertex 45.7025 43.4769 45.9
      vertex 47.9541 42.1769 45.9
    endloop
  endfacet
  facet normal 0 0 -1
    outer loop
      vertex 40.7104 34.8304 45.9
      vertex 42.9641 33.534 45.9
      vertex 40.7104 27.1696 45.9
    endloop
  endfacet
  facet normal 0 0 -1
    outer loop
      vertex 42.9641 33.534 45.9
      vertex 40.7104 34.8304 45.9
      vertex 45.7025 43.4769 45.9
    endloop
  endfacet
  facet normal 0 0 -1
    outer loop
      vertex 40.1975 27.105 45.9
      vertex 40.7104 27.1696 45.9
      vertex 40.5906 27.145 45.9
    endloop
  endfacet
  facet normal -0 0 -1
    outer loop
      vertex 40.7104 27.1696 45.9
      vertex 40.1975 27.105 45.9
      vertex 40.7104 34.8304 45.9
    endloop
  endfacet
  facet normal 0 0 -1
    outer loop
      vertex 40.1975 34.895 45.9
      vertex 40.7104 34.8304 45.9
      vertex 40.1975 27.105 45.9
    endloop
  endfacet
  facet normal 0 0 -1
    outer loop
      vertex 40.7104 34.8304 45.9
      vertex 40.1975 34.895 45.9
      vertex 40.5906 34.855 45.9
    endloop
  endfacet
  facet normal 0 0 -1
    outer loop
      vertex 39.8025 27.105 45.9
      vertex 40.1975 34.895 45.9
      vertex 40.1975 27.105 45.9
    endloop
  endfacet
  facet normal 0 0 -1
    outer loop
      vertex 39.8025 27.105 45.9
      vertex 39.8025 34.895 45.9
      vertex 40.1975 34.895 45.9
    endloop
  endfacet
  facet normal 0 0 -1
    outer loop
      vertex 39.2896 27.1696 45.9
      vertex 39.8025 27.105 45.9
      vertex 39.4094 27.145 45.9
    endloop
  endfacet
  facet normal 0 0 -1
    outer loop
      vertex 39.8025 27.105 45.9
      vertex 39.2896 27.1696 45.9
      vertex 39.8025 34.895 45.9
    endloop
  endfacet
  facet normal 0 0 -1
    outer loop
      vertex 39.2896 34.8304 45.9
      vertex 39.8025 34.895 45.9
      vertex 39.2896 27.1696 45.9
    endloop
  endfacet
  facet normal 0 0 -1
    outer loop
      vertex 39.8025 34.895 45.9
      vertex 39.2896 34.8304 45.9
      vertex 39.4094 34.855 45.9
    endloop
  endfacet
  facet normal 0 0 -1
    outer loop
      vertex 39.2896 27.1696 45.9
      vertex 37.0359 28.466 45.9
      vertex 39.2896 34.8304 45.9
    endloop
  endfacet
  facet normal 0 0 -1
    outer loop
      vertex 34.2975 18.5231 45.9
      vertex 37.0359 28.466 45.9
      vertex 39.2896 27.1696 45.9
    endloop
  endfacet
  facet normal -0 0 -1
    outer loop
      vertex 34.4196 18.4662 45.9
      vertex 33.3621 16.0909 45.9
      vertex 34.2975 18.5231 45.9
    endloop
  endfacet
  facet normal 0 0 -1
    outer loop
      vertex 32.9928 16.2631 45.9
      vertex 34.2975 18.5231 45.9
      vertex 33.3621 16.0909 45.9
    endloop
  endfacet
  facet normal -0 0 -1
    outer loop
      vertex 34.2975 18.5231 45.9
      vertex 32.9928 16.2631 45.9
      vertex 32.0459 19.8231 45.9
    endloop
  endfacet
  facet normal 0 0 -1
    outer loop
      vertex 34.2975 18.5231 45.9
      vertex 32.0459 19.8231 45.9
      vertex 37.0359 28.466 45.9
    endloop
  endfacet
  facet normal 0 0 -1
    outer loop
      vertex 30.7411 17.5631 45.9
      vertex 32.0459 19.8231 45.9
      vertex 32.9928 16.2631 45.9
    endloop
  endfacet
  facet normal 0 0 -1
    outer loop
      vertex 30.4073 17.7968 45.9
      vertex 32.0459 19.8231 45.9
      vertex 30.7411 17.5631 45.9
    endloop
  endfacet
  facet normal -0 0 -1
    outer loop
      vertex 32.0459 19.8231 45.9
      vertex 30.4073 17.7968 45.9
      vertex 31.9356 19.9003 45.9
    endloop
  endfacet
  facet normal -0 0 -1
    outer loop
      vertex 31.9356 19.9003 45.9
      vertex 30.4073 17.7968 45.9
      vertex 31.5531 20.1885 45.9
    endloop
  endfacet
  facet normal 0 0 -1
    outer loop
      vertex 29.9524 18.1397 45.9
      vertex 31.5531 20.1885 45.9
      vertex 30.4073 17.7968 45.9
    endloop
  endfacet
  facet normal 0 0 -1
    outer loop
      vertex 28.7327 9.80926 45.9
      vertex 32.9928 16.2631 45.9
      vertex 29.1453 9.59904 45.9
    endloop
  endfacet
  facet normal 0 0 -1
    outer loop
      vertex 28 10.2154 45.9
      vertex 32.9928 16.2631 45.9
      vertex 28.7327 9.80926 45.9
    endloop
  endfacet
  facet normal -0 0 -1
    outer loop
      vertex 32.9928 16.2631 45.9
      vertex 28 10.2154 45.9
      vertex 30.7411 17.5631 45.9
    endloop
  endfacet
  facet normal 0 0 -1
    outer loop
      vertex 27.2819 10.6468 45.9
      vertex 30.7411 17.5631 45.9
      vertex 28 10.2154 45.9
    endloop
  endfacet
  facet normal 0 0 -1
    outer loop
      vertex 30.7411 17.5631 45.9
      vertex 27.2819 10.6468 45.9
      vertex 26.8936 10.899 45.9
    endloop
  endfacet
  facet normal 0 0 -1
    outer loop
      vertex 29.0798 43.1281 45.9
      vertex 30.8195 41.1959 45.9
      vertex 30.4693 40.8693 45.9
    endloop
  endfacet
  facet normal 0 0 -1
    outer loop
      vertex 30.8195 41.1959 45.9
      vertex 30.4073 44.2032 45.9
      vertex 30.7411 44.4369 45.9
    endloop
  endfacet
  facet normal 0 0 -1
    outer loop
      vertex 28.6632 42.7396 45.9
      vertex 30.4693 40.8693 45.9
      vertex 30.1307 40.5307 45.9
    endloop
  endfacet
  facet normal 0 0 -1
    outer loop
      vertex 30.8195 41.1959 45.9
      vertex 29.9524 43.8603 45.9
      vertex 30.4073 44.2032 45.9
    endloop
  endfacet
  facet normal 0 0 -1
    outer loop
      vertex 28.2604 42.3368 45.9
      vertex 30.1307 40.5307 45.9
      vertex 29.8041 40.1805 45.9
    endloop
  endfacet
  facet normal 0 0 -1
    outer loop
      vertex 30.8195 41.1959 45.9
      vertex 29.5097 43.5018 45.9
      vertex 29.9524 43.8603 45.9
    endloop
  endfacet
  facet normal 0 0 -1
    outer loop
      vertex 27.8719 41.9202 45.9
      vertex 29.8041 40.1805 45.9
      vertex 29.4899 39.819 45.9
    endloop
  endfacet
  facet normal 0 0 -1
    outer loop
      vertex 27.4982 41.4903 45.9
      vertex 29.4899 39.819 45.9
      vertex 29.1885 39.4469 45.9
    endloop
  endfacet
  facet normal 0 0 -1
    outer loop
      vertex 30.8195 41.1959 45.9
      vertex 29.0798 43.1281 45.9
      vertex 29.5097 43.5018 45.9
    endloop
  endfacet
  facet normal 0 0 -1
    outer loop
      vertex 27.1397 41.0476 45.9
      vertex 29.1885 39.4469 45.9
      vertex 28.9003 39.0644 45.9
    endloop
  endfacet
  facet normal 0 0 -1
    outer loop
      vertex 30.4693 40.8693 45.9
      vertex 28.6632 42.7396 45.9
      vertex 29.0798 43.1281 45.9
    endloop
  endfacet
  facet normal 0 0 -1
    outer loop
      vertex 26.7968 40.5927 45.9
      vertex 28.9003 39.0644 45.9
      vertex 28.6256 38.6721 45.9
    endloop
  endfacet
  facet normal 0 0 -1
    outer loop
      vertex 26.4701 40.126 45.9
      vertex 28.6256 38.6721 45.9
      vertex 28.3648 38.2705 45.9
    endloop
  endfacet
  facet normal 0 0 -1
    outer loop
      vertex 30.1307 40.5307 45.9
      vertex 28.2604 42.3368 45.9
      vertex 28.6632 42.7396 45.9
    endloop
  endfacet
  facet normal 0 0 -1
    outer loop
      vertex 26.1599 39.6483 45.9
      vertex 28.3648 38.2705 45.9
      vertex 28.1181 37.86 45.9
    endloop
  endfacet
  facet normal 0 0 -1
    outer loop
      vertex 25.8665 39.16 45.9
      vertex 28.1181 37.86 45.9
      vertex 27.886 37.4412 45.9
    endloop
  endfacet
  facet normal 0 0 -1
    outer loop
      vertex 29.8041 40.1805 45.9
      vertex 27.8719 41.9202 45.9
      vertex 28.2604 42.3368 45.9
    endloop
  endfacet
  facet normal 0 0 -1
    outer loop
      vertex 25.5903 38.6618 45.9
      vertex 27.886 37.4412 45.9
      vertex 27.6685 37.0145 45.9
    endloop
  endfacet
  facet normal 0 0 -1
    outer loop
      vertex 29.4899 39.819 45.9
      vertex 27.4982 41.4903 45.9
      vertex 27.8719 41.9202 45.9
    endloop
  endfacet
  facet normal 0 0 -1
    outer loop
      vertex 25.3317 38.1542 45.9
      vertex 27.6685 37.0145 45.9
      vertex 27.4662 36.5804 45.9
    endloop
  endfacet
  facet normal 0 0 -1
    outer loop
      vertex 25.0909 37.6379 45.9
      vertex 27.4662 36.5804 45.9
      vertex 27.279 36.1396 45.9
    endloop
  endfacet
  facet normal 0 0 -1
    outer loop
      vertex 29.1885 39.4469 45.9
      vertex 27.1397 41.0476 45.9
      vertex 27.4982 41.4903 45.9
    endloop
  endfacet
  facet normal 0 0 -1
    outer loop
      vertex 24.8684 37.1136 45.9
      vertex 27.279 36.1396 45.9
      vertex 27.1074 35.6925 45.9
    endloop
  endfacet
  facet normal 0 0 -1
    outer loop
      vertex 24.6642 36.5818 45.9
      vertex 27.1074 35.6925 45.9
      vertex 26.9515 35.2397 45.9
    endloop
  endfacet
  facet normal 0 0 -1
    outer loop
      vertex 24.4788 36.0432 45.9
      vertex 26.9515 35.2397 45.9
      vertex 26.8115 34.7817 45.9
    endloop
  endfacet
  facet normal 0 0 -1
    outer loop
      vertex 28.9003 39.0644 45.9
      vertex 26.7968 40.5927 45.9
      vertex 27.1397 41.0476 45.9
    endloop
  endfacet
  facet normal 0 0 -1
    outer loop
      vertex 24.3122 35.4984 45.9
      vertex 26.8115 34.7817 45.9
      vertex 26.6875 34.3192 45.9
    endloop
  endfacet
  facet normal 0 0 -1
    outer loop
      vertex 24.1648 34.9482 45.9
      vertex 26.6875 34.3192 45.9
      vertex 26.5798 33.8525 45.9
    endloop
  endfacet
  facet normal 0 0 -1
    outer loop
      vertex 24.0366 34.3931 45.9
      vertex 26.5798 33.8525 45.9
      vertex 26.4884 33.3825 45.9
    endloop
  endfacet
  facet normal 0 0 -1
    outer loop
      vertex 28.6256 38.6721 45.9
      vertex 26.4701 40.126 45.9
      vertex 26.7968 40.5927 45.9
    endloop
  endfacet
  facet normal 0 0 -1
    outer loop
      vertex 23.9279 33.8339 45.9
      vertex 26.4884 33.3825 45.9
      vertex 26.4135 32.9095 45.9
    endloop
  endfacet
  facet normal 0 0 -1
    outer loop
      vertex 23.8388 33.2713 45.9
      vertex 26.4135 32.9095 45.9
      vertex 26.3552 32.4341 45.9
    endloop
  endfacet
  facet normal 0 0 -1
    outer loop
      vertex 23.7694 32.7059 45.9
      vertex 26.3552 32.4341 45.9
      vertex 26.3434 32.3 45.9
    endloop
  endfacet
  facet normal 0 0 -1
    outer loop
      vertex 24.3122 26.5016 45.9
      vertex 26.8115 27.2183 45.9
      vertex 24.4788 25.9568 45.9
    endloop
  endfacet
  facet normal 0 0 -1
    outer loop
      vertex 28.3648 38.2705 45.9
      vertex 26.1599 39.6483 45.9
      vertex 26.4701 40.126 45.9
    endloop
  endfacet
  facet normal -0 0 -1
    outer loop
      vertex 26.8115 27.2183 45.9
      vertex 24.3122 26.5016 45.9
      vertex 26.6875 27.6808 45.9
    endloop
  endfacet
  facet normal 0 0 -1
    outer loop
      vertex 28.1181 37.86 45.9
      vertex 25.8665 39.16 45.9
      vertex 26.1599 39.6483 45.9
    endloop
  endfacet
  facet normal 0 0 -1
    outer loop
      vertex 24.1648 27.0518 45.9
      vertex 26.6875 27.6808 45.9
      vertex 24.3122 26.5016 45.9
    endloop
  endfacet
  facet normal 0 0 -1
    outer loop
      vertex 27.886 37.4412 45.9
      vertex 25.5903 38.6618 45.9
      vertex 25.8665 39.16 45.9
    endloop
  endfacet
  facet normal -0 0 -1
    outer loop
      vertex 26.6875 27.6808 45.9
      vertex 24.1648 27.0518 45.9
      vertex 26.5798 28.1475 45.9
    endloop
  endfacet
  facet normal 0 0 -1
    outer loop
      vertex 27.6685 37.0145 45.9
      vertex 25.3317 38.1542 45.9
      vertex 25.5903 38.6618 45.9
    endloop
  endfacet
  facet normal 0 0 -1
    outer loop
      vertex 24.0366 27.6069 45.9
      vertex 26.5798 28.1475 45.9
      vertex 24.1648 27.0518 45.9
    endloop
  endfacet
  facet normal 0 0 -1
    outer loop
      vertex 27.4662 36.5804 45.9
      vertex 25.0909 37.6379 45.9
      vertex 25.3317 38.1542 45.9
    endloop
  endfacet
  facet normal -0 0 -1
    outer loop
      vertex 26.5798 28.1475 45.9
      vertex 24.0366 27.6069 45.9
      vertex 26.4884 28.6175 45.9
    endloop
  endfacet
  facet normal 0 0 -1
    outer loop
      vertex 27.279 36.1396 45.9
      vertex 24.8684 37.1136 45.9
      vertex 25.0909 37.6379 45.9
    endloop
  endfacet
  facet normal 0 0 -1
    outer loop
      vertex 23.9279 28.1661 45.9
      vertex 26.4884 28.6175 45.9
      vertex 24.0366 27.6069 45.9
    endloop
  endfacet
  facet normal 0 0 -1
    outer loop
      vertex 27.1074 35.6925 45.9
      vertex 24.6642 36.5818 45.9
      vertex 24.8684 37.1136 45.9
    endloop
  endfacet
  facet normal -0 0 -1
    outer loop
      vertex 26.4884 28.6175 45.9
      vertex 23.9279 28.1661 45.9
      vertex 26.4135 29.0905 45.9
    endloop
  endfacet
  facet normal 0 0 -1
    outer loop
      vertex 26.9515 35.2397 45.9
      vertex 24.4788 36.0432 45.9
      vertex 24.6642 36.5818 45.9
    endloop
  endfacet
  facet normal 0 0 -1
    outer loop
      vertex 23.8388 28.7287 45.9
      vertex 26.4135 29.0905 45.9
      vertex 23.9279 28.1661 45.9
    endloop
  endfacet
  facet normal 0 0 -1
    outer loop
      vertex 26.8115 34.7817 45.9
      vertex 24.3122 35.4984 45.9
      vertex 24.4788 36.0432 45.9
    endloop
  endfacet
  facet normal -0 0 -1
    outer loop
      vertex 26.4135 29.0905 45.9
      vertex 23.8388 28.7287 45.9
      vertex 26.3552 29.5659 45.9
    endloop
  endfacet
  facet normal 0 0 -1
    outer loop
      vertex 26.6875 34.3192 45.9
      vertex 24.1648 34.9482 45.9
      vertex 24.3122 35.4984 45.9
    endloop
  endfacet
  facet normal 0 0 -1
    outer loop
      vertex 23.7694 29.2941 45.9
      vertex 26.3552 29.5659 45.9
      vertex 23.8388 28.7287 45.9
    endloop
  endfacet
  facet normal 0 0 -1
    outer loop
      vertex 26.5798 33.8525 45.9
      vertex 24.0366 34.3931 45.9
      vertex 24.1648 34.9482 45.9
    endloop
  endfacet
  facet normal -0 0 -1
    outer loop
      vertex 26.3552 29.5659 45.9
      vertex 23.7694 29.2941 45.9
      vertex 26.3434 29.7 45.9
    endloop
  endfacet
  facet normal 0 0 -1
    outer loop
      vertex 26.4884 33.3825 45.9
      vertex 23.9279 33.8339 45.9
      vertex 24.0366 34.3931 45.9
    endloop
  endfacet
  facet normal 0 0 -1
    outer loop
      vertex 23.7339 29.7 45.9
      vertex 26.3434 29.7 45.9
      vertex 23.7694 29.2941 45.9
    endloop
  endfacet
  facet normal 0 0 -1
    outer loop
      vertex 26.4135 32.9095 45.9
      vertex 23.8388 33.2713 45.9
      vertex 23.9279 33.8339 45.9
    endloop
  endfacet
  facet normal 0 0 -1
    outer loop
      vertex 26.3434 29.7 45.9
      vertex 23.7339 29.7 45.9
      vertex 26.3434 32.3 45.9
    endloop
  endfacet
  facet normal 0 0 -1
    outer loop
      vertex 26.3552 32.4341 45.9
      vertex 23.7694 32.7059 45.9
      vertex 23.8388 33.2713 45.9
    endloop
  endfacet
  facet normal 0 0 -1
    outer loop
      vertex 23.7339 32.3 45.9
      vertex 26.3434 32.3 45.9
      vertex 23.7339 29.7 45.9
    endloop
  endfacet
  facet normal 0 0 -1
    outer loop
      vertex 26.3434 32.3 45.9
      vertex 23.7339 32.3 45.9
      vertex 23.7694 32.7059 45.9
    endloop
  endfacet
  facet normal 0 0 -1
    outer loop
      vertex 16.0146 30.1624 45.9
      vertex 23.7339 29.7 45.9
      vertex 16.0389 29.7 45.9
    endloop
  endfacet
  facet normal 0 0 -1
    outer loop
      vertex 16 31 45.9
      vertex 23.7339 29.7 45.9
      vertex 16.0146 30.1624 45.9
    endloop
  endfacet
  facet normal 0 0 -1
    outer loop
      vertex 23.7339 29.7 45.9
      vertex 16 31 45.9
      vertex 23.7339 32.3 45.9
    endloop
  endfacet
  facet normal -0 0 -1
    outer loop
      vertex 23.7339 32.3 45.9
      vertex 16.0146 31.8376 45.9
      vertex 16.0389 32.3 45.9
    endloop
  endfacet
  facet normal 0 0 -1
    outer loop
      vertex 23.7339 32.3 45.9
      vertex 16 31 45.9
      vertex 16.0146 31.8376 45.9
    endloop
  endfacet
  facet normal -0 0 -1
    outer loop
      vertex 31.5531 20.1885 45.9
      vertex 29.9524 18.1397 45.9
      vertex 31.181 20.4899 45.9
    endloop
  endfacet
  facet normal 0 0 -1
    outer loop
      vertex 29.5097 18.4982 45.9
      vertex 31.181 20.4899 45.9
      vertex 29.9524 18.1397 45.9
    endloop
  endfacet
  facet normal -0 0 -1
    outer loop
      vertex 31.181 20.4899 45.9
      vertex 29.5097 18.4982 45.9
      vertex 30.8195 20.8041 45.9
    endloop
  endfacet
  facet normal 0 0 -1
    outer loop
      vertex 29.0798 18.8719 45.9
      vertex 30.8195 20.8041 45.9
      vertex 29.5097 18.4982 45.9
    endloop
  endfacet
  facet normal -0 0 -1
    outer loop
      vertex 30.8195 20.8041 45.9
      vertex 29.0798 18.8719 45.9
      vertex 30.4693 21.1307 45.9
    endloop
  endfacet
  facet normal 0 0 -1
    outer loop
      vertex 28.6632 19.2604 45.9
      vertex 30.4693 21.1307 45.9
      vertex 29.0798 18.8719 45.9
    endloop
  endfacet
  facet normal -0 0 -1
    outer loop
      vertex 30.4693 21.1307 45.9
      vertex 28.6632 19.2604 45.9
      vertex 30.1307 21.4693 45.9
    endloop
  endfacet
  facet normal 0 0 -1
    outer loop
      vertex 28.2604 19.6632 45.9
      vertex 30.1307 21.4693 45.9
      vertex 28.6632 19.2604 45.9
    endloop
  endfacet
  facet normal -0 0 -1
    outer loop
      vertex 30.1307 21.4693 45.9
      vertex 28.2604 19.6632 45.9
      vertex 29.8041 21.8195 45.9
    endloop
  endfacet
  facet normal 0 0 -1
    outer loop
      vertex 27.8719 20.0798 45.9
      vertex 29.8041 21.8195 45.9
      vertex 28.2604 19.6632 45.9
    endloop
  endfacet
  facet normal -0 0 -1
    outer loop
      vertex 29.8041 21.8195 45.9
      vertex 27.8719 20.0798 45.9
      vertex 29.4899 22.181 45.9
    endloop
  endfacet
  facet normal 0 0 -1
    outer loop
      vertex 27.4982 20.5097 45.9
      vertex 29.4899 22.181 45.9
      vertex 27.8719 20.0798 45.9
    endloop
  endfacet
  facet normal -0 0 -1
    outer loop
      vertex 29.4899 22.181 45.9
      vertex 27.4982 20.5097 45.9
      vertex 29.1885 22.5531 45.9
    endloop
  endfacet
  facet normal 0 0 -1
    outer loop
      vertex 27.1397 20.9524 45.9
      vertex 29.1885 22.5531 45.9
      vertex 27.4982 20.5097 45.9
    endloop
  endfacet
  facet normal -0 0 -1
    outer loop
      vertex 29.1885 22.5531 45.9
      vertex 27.1397 20.9524 45.9
      vertex 28.9003 22.9356 45.9
    endloop
  endfacet
  facet normal 0 0 -1
    outer loop
      vertex 26.7968 21.4073 45.9
      vertex 28.9003 22.9356 45.9
      vertex 27.1397 20.9524 45.9
    endloop
  endfacet
  facet normal -0 0 -1
    outer loop
      vertex 28.9003 22.9356 45.9
      vertex 26.7968 21.4073 45.9
      vertex 28.6256 23.3279 45.9
    endloop
  endfacet
  facet normal 0 0 -1
    outer loop
      vertex 26.4701 21.874 45.9
      vertex 28.6256 23.3279 45.9
      vertex 26.7968 21.4073 45.9
    endloop
  endfacet
  facet normal -0 0 -1
    outer loop
      vertex 28.6256 23.3279 45.9
      vertex 26.4701 21.874 45.9
      vertex 28.3648 23.7295 45.9
    endloop
  endfacet
  facet normal 0 0 -1
    outer loop
      vertex 26.1599 22.3517 45.9
      vertex 28.3648 23.7295 45.9
      vertex 26.4701 21.874 45.9
    endloop
  endfacet
  facet normal -0 0 -1
    outer loop
      vertex 28.3648 23.7295 45.9
      vertex 26.1599 22.3517 45.9
      vertex 28.1181 24.14 45.9
    endloop
  endfacet
  facet normal 0 0 -1
    outer loop
      vertex 25.8665 22.84 45.9
      vertex 28.1181 24.14 45.9
      vertex 26.1599 22.3517 45.9
    endloop
  endfacet
  facet normal -0 0 -1
    outer loop
      vertex 28.1181 24.14 45.9
      vertex 25.8665 22.84 45.9
      vertex 27.886 24.5588 45.9
    endloop
  endfacet
  facet normal 0 0 -1
    outer loop
      vertex 25.5903 23.3382 45.9
      vertex 27.886 24.5588 45.9
      vertex 25.8665 22.84 45.9
    endloop
  endfacet
  facet normal -0 0 -1
    outer loop
      vertex 27.886 24.5588 45.9
      vertex 25.5903 23.3382 45.9
      vertex 27.6685 24.9855 45.9
    endloop
  endfacet
  facet normal 0 0 -1
    outer loop
      vertex 25.3317 23.8458 45.9
      vertex 27.6685 24.9855 45.9
      vertex 25.5903 23.3382 45.9
    endloop
  endfacet
  facet normal -0 0 -1
    outer loop
      vertex 27.6685 24.9855 45.9
      vertex 25.3317 23.8458 45.9
      vertex 27.4662 25.4196 45.9
    endloop
  endfacet
  facet normal 0 0 -1
    outer loop
      vertex 25.0909 24.3621 45.9
      vertex 27.4662 25.4196 45.9
      vertex 25.3317 23.8458 45.9
    endloop
  endfacet
  facet normal -0 0 -1
    outer loop
      vertex 27.4662 25.4196 45.9
      vertex 25.0909 24.3621 45.9
      vertex 27.279 25.8604 45.9
    endloop
  endfacet
  facet normal 0 0 -1
    outer loop
      vertex 24.8684 24.8864 45.9
      vertex 27.279 25.8604 45.9
      vertex 25.0909 24.3621 45.9
    endloop
  endfacet
  facet normal -0 0 -1
    outer loop
      vertex 27.279 25.8604 45.9
      vertex 24.8684 24.8864 45.9
      vertex 27.1074 26.3075 45.9
    endloop
  endfacet
  facet normal 0 0 -1
    outer loop
      vertex 24.6642 25.4182 45.9
      vertex 27.1074 26.3075 45.9
      vertex 24.8684 24.8864 45.9
    endloop
  endfacet
  facet normal -0 0 -1
    outer loop
      vertex 27.1074 26.3075 45.9
      vertex 24.6642 25.4182 45.9
      vertex 26.9515 26.7603 45.9
    endloop
  endfacet
  facet normal -0 0 -1
    outer loop
      vertex 26.9515 26.7603 45.9
      vertex 24.4788 25.9568 45.9
      vertex 26.8115 27.2183 45.9
    endloop
  endfacet
  facet normal 0 0 -1
    outer loop
      vertex 24.4788 25.9568 45.9
      vertex 26.9515 26.7603 45.9
      vertex 24.6642 25.4182 45.9
    endloop
  endfacet
  facet normal 0 0 -1
    outer loop
      vertex 36.799 28.7721 45.9
      vertex 37.0359 33.534 45.9
      vertex 37.0359 28.466 45.9
    endloop
  endfacet
  facet normal 0 0 -1
    outer loop
      vertex 36.799 28.7721 45.9
      vertex 36.799 33.2279 45.9
      vertex 37.0359 33.534 45.9
    endloop
  endfacet
  facet normal 0 0 -1
    outer loop
      vertex 36.59 29.1073 45.9
      vertex 36.799 33.2279 45.9
      vertex 36.799 28.7721 45.9
    endloop
  endfacet
  facet normal 0 0 -1
    outer loop
      vertex 36.59 29.1073 45.9
      vertex 36.59 32.8927 45.9
      vertex 36.799 33.2279 45.9
    endloop
  endfacet
  facet normal 0 0 -1
    outer loop
      vertex 36.3279 29.7 45.9
      vertex 36.59 29.1073 45.9
      vertex 36.4161 29.462 45.9
    endloop
  endfacet
  facet normal 0 0 -1
    outer loop
      vertex 36.59 29.1073 45.9
      vertex 36.3279 29.7 45.9
      vertex 36.59 32.8927 45.9
    endloop
  endfacet
  facet normal 0 0 -1
    outer loop
      vertex 36.3279 32.3 45.9
      vertex 36.59 32.8927 45.9
      vertex 36.3279 29.7 45.9
    endloop
  endfacet
  facet normal 0 0 -1
    outer loop
      vertex 36.59 32.8927 45.9
      vertex 36.3279 32.3 45.9
      vertex 36.4161 32.538 45.9
    endloop
  endfacet
  facet normal 0 0 -1
    outer loop
      vertex 26.3434 29.7 45.9
      vertex 36.3279 32.3 45.9
      vertex 36.3279 29.7 45.9
    endloop
  endfacet
  facet normal -0 0 -1
    outer loop
      vertex 36.3279 32.3 45.9
      vertex 26.3434 29.7 45.9
      vertex 26.3434 32.3 45.9
    endloop
  endfacet
  facet normal 0 0 -1
    outer loop
      vertex 37.0359 33.534 45.9
      vertex 39.2896 34.8304 45.9
      vertex 37.0359 28.466 45.9
    endloop
  endfacet
  facet normal 0 0 -1
    outer loop
      vertex 37.0359 33.534 45.9
      vertex 34.2975 43.4769 45.9
      vertex 39.2896 34.8304 45.9
    endloop
  endfacet
  facet normal 0 0 -1
    outer loop
      vertex 34.4196 43.5338 45.9
      vertex 33.3621 45.9091 45.9
      vertex 33.8864 46.1316 45.9
    endloop
  endfacet
  facet normal 0 0 -1
    outer loop
      vertex 32.0459 42.1769 45.9
      vertex 34.2975 43.4769 45.9
      vertex 37.0359 33.534 45.9
    endloop
  endfacet
  facet normal 0 -0 -1
    outer loop
      vertex 32.9928 45.7369 45.9
      vertex 34.2975 43.4769 45.9
      vertex 32.0459 42.1769 45.9
    endloop
  endfacet
  facet normal 0 0 -1
    outer loop
      vertex 34.2975 43.4769 45.9
      vertex 32.9928 45.7369 45.9
      vertex 33.3621 45.9091 45.9
    endloop
  endfacet
  facet normal 0 0 -1
    outer loop
      vertex 30.7411 44.4369 45.9
      vertex 32.0459 42.1769 45.9
      vertex 31.9356 42.0997 45.9
    endloop
  endfacet
  facet normal 0 0 -1
    outer loop
      vertex 30.7411 44.4369 45.9
      vertex 31.9356 42.0997 45.9
      vertex 31.5531 41.8115 45.9
    endloop
  endfacet
  facet normal 0 0 -1
    outer loop
      vertex 30.7411 44.4369 45.9
      vertex 31.5531 41.8115 45.9
      vertex 31.181 41.5101 45.9
    endloop
  endfacet
  facet normal 0 0 -1
    outer loop
      vertex 30.7411 44.4369 45.9
      vertex 31.181 41.5101 45.9
      vertex 30.8195 41.1959 45.9
    endloop
  endfacet
  facet normal 0 0 -1
    outer loop
      vertex 32.0459 42.1769 45.9
      vertex 30.7411 44.4369 45.9
      vertex 32.9928 45.7369 45.9
    endloop
  endfacet
  facet normal 0 0 -1
    outer loop
      vertex 28 51.7846 45.9
      vertex 32.9928 45.7369 45.9
      vertex 30.7411 44.4369 45.9
    endloop
  endfacet
  facet normal 0 0 -1
    outer loop
      vertex 32.9928 45.7369 45.9
      vertex 28.7327 52.1907 45.9
      vertex 29.1453 52.401 45.9
    endloop
  endfacet
  facet normal 0 0 -1
    outer loop
      vertex 32.9928 45.7369 45.9
      vertex 28 51.7846 45.9
      vertex 28.7327 52.1907 45.9
    endloop
  endfacet
  facet normal 0 0 -1
    outer loop
      vertex 30.7411 44.4369 45.9
      vertex 27.2819 51.3532 45.9
      vertex 28 51.7846 45.9
    endloop
  endfacet
  facet normal 0 -0 -1
    outer loop
      vertex 27.2819 51.3532 45.9
      vertex 30.7411 44.4369 45.9
      vertex 26.8936 51.101 45.9
    endloop
  endfacet
  facet normal 0 0 -1
    outer loop
      vertex 45.1396 18.279 45.9
      vertex 46.1136 15.8684 45.9
      vertex 45.5818 15.6642 45.9
    endloop
  endfacet
  facet normal 0 0 -1
    outer loop
      vertex 46.6379 16.0909 45.9
      vertex 45.5804 18.4662 45.9
      vertex 45.7025 18.5231 45.9
    endloop
  endfacet
  facet normal 0 0 -1
    outer loop
      vertex 46.1136 15.8684 45.9
      vertex 45.1396 18.279 45.9
      vertex 45.5804 18.4662 45.9
    endloop
  endfacet
  facet normal 0 0 -1
    outer loop
      vertex 44.6925 18.1074 45.9
      vertex 45.5818 15.6642 45.9
      vertex 45.0432 15.4788 45.9
    endloop
  endfacet
  facet normal 0 0 -1
    outer loop
      vertex 45.5818 15.6642 45.9
      vertex 44.6925 18.1074 45.9
      vertex 45.1396 18.279 45.9
    endloop
  endfacet
  facet normal 0 0 -1
    outer loop
      vertex 44.2397 17.9515 45.9
      vertex 45.0432 15.4788 45.9
      vertex 44.4984 15.3122 45.9
    endloop
  endfacet
  facet normal 0 0 -1
    outer loop
      vertex 45.0432 15.4788 45.9
      vertex 44.2397 17.9515 45.9
      vertex 44.6925 18.1074 45.9
    endloop
  endfacet
  facet normal 0 0 -1
    outer loop
      vertex 43.7817 17.8115 45.9
      vertex 44.4984 15.3122 45.9
      vertex 43.9482 15.1648 45.9
    endloop
  endfacet
  facet normal 0 0 -1
    outer loop
      vertex 44.4984 15.3122 45.9
      vertex 43.7817 17.8115 45.9
      vertex 44.2397 17.9515 45.9
    endloop
  endfacet
  facet normal 0 0 -1
    outer loop
      vertex 43.3192 17.6875 45.9
      vertex 43.9482 15.1648 45.9
      vertex 43.3931 15.0366 45.9
    endloop
  endfacet
  facet normal 0 0 -1
    outer loop
      vertex 43.9482 15.1648 45.9
      vertex 43.3192 17.6875 45.9
      vertex 43.7817 17.8115 45.9
    endloop
  endfacet
  facet normal 0 0 -1
    outer loop
      vertex 43.3931 15.0366 45.9
      vertex 42.8525 17.5798 45.9
      vertex 43.3192 17.6875 45.9
    endloop
  endfacet
  facet normal 0 0 -1
    outer loop
      vertex 42.8339 14.9279 45.9
      vertex 42.8525 17.5798 45.9
      vertex 43.3931 15.0366 45.9
    endloop
  endfacet
  facet normal 0 0 -1
    outer loop
      vertex 42.8339 14.9279 45.9
      vertex 42.3825 17.4884 45.9
      vertex 42.8525 17.5798 45.9
    endloop
  endfacet
  facet normal 0 0 -1
    outer loop
      vertex 42.2713 14.8388 45.9
      vertex 42.3825 17.4884 45.9
      vertex 42.8339 14.9279 45.9
    endloop
  endfacet
  facet normal 0 0 -1
    outer loop
      vertex 42.2713 14.8388 45.9
      vertex 41.9095 17.4135 45.9
      vertex 42.3825 17.4884 45.9
    endloop
  endfacet
  facet normal 0 0 -1
    outer loop
      vertex 41.7059 14.7694 45.9
      vertex 41.9095 17.4135 45.9
      vertex 42.2713 14.8388 45.9
    endloop
  endfacet
  facet normal 0 0 -1
    outer loop
      vertex 41.7059 14.7694 45.9
      vertex 41.4341 17.3552 45.9
      vertex 41.9095 17.4135 45.9
    endloop
  endfacet
  facet normal 0 0 -1
    outer loop
      vertex 41.1384 14.7198 45.9
      vertex 41.4341 17.3552 45.9
      vertex 41.7059 14.7694 45.9
    endloop
  endfacet
  facet normal 0 0 -1
    outer loop
      vertex 41.1384 14.7198 45.9
      vertex 40.9571 17.3134 45.9
      vertex 41.4341 17.3552 45.9
    endloop
  endfacet
  facet normal 0 0 -1
    outer loop
      vertex 40.5696 14.6899 45.9
      vertex 40.9571 17.3134 45.9
      vertex 41.1384 14.7198 45.9
    endloop
  endfacet
  facet normal 0 0 -1
    outer loop
      vertex 40.5696 14.6899 45.9
      vertex 40.4788 17.2884 45.9
      vertex 40.9571 17.3134 45.9
    endloop
  endfacet
  facet normal 0 0 -1
    outer loop
      vertex 40 14.68 45.9
      vertex 40.4788 17.2884 45.9
      vertex 40.5696 14.6899 45.9
    endloop
  endfacet
  facet normal 0 0 -1
    outer loop
      vertex 40 14.68 45.9
      vertex 40 17.28 45.9
      vertex 40.4788 17.2884 45.9
    endloop
  endfacet
  facet normal 0 0 -1
    outer loop
      vertex 40 14.68 45.9
      vertex 39.5212 17.2884 45.9
      vertex 40 17.28 45.9
    endloop
  endfacet
  facet normal 0 0 -1
    outer loop
      vertex 39.4304 14.6899 45.9
      vertex 39.5212 17.2884 45.9
      vertex 40 14.68 45.9
    endloop
  endfacet
  facet normal 0 0 -1
    outer loop
      vertex 39.4304 14.6899 45.9
      vertex 39.0429 17.3134 45.9
      vertex 39.5212 17.2884 45.9
    endloop
  endfacet
  facet normal 0 0 -1
    outer loop
      vertex 38.8616 14.7198 45.9
      vertex 39.0429 17.3134 45.9
      vertex 39.4304 14.6899 45.9
    endloop
  endfacet
  facet normal 0 0 -1
    outer loop
      vertex 38.8616 14.7198 45.9
      vertex 38.5659 17.3552 45.9
      vertex 39.0429 17.3134 45.9
    endloop
  endfacet
  facet normal 0 0 -1
    outer loop
      vertex 38.2941 14.7694 45.9
      vertex 38.5659 17.3552 45.9
      vertex 38.8616 14.7198 45.9
    endloop
  endfacet
  facet normal 0 0 -1
    outer loop
      vertex 38.2941 14.7694 45.9
      vertex 38.0905 17.4135 45.9
      vertex 38.5659 17.3552 45.9
    endloop
  endfacet
  facet normal 0 0 -1
    outer loop
      vertex 37.7287 14.8388 45.9
      vertex 38.0905 17.4135 45.9
      vertex 38.2941 14.7694 45.9
    endloop
  endfacet
  facet normal 0 0 -1
    outer loop
      vertex 37.7287 14.8388 45.9
      vertex 37.6175 17.4884 45.9
      vertex 38.0905 17.4135 45.9
    endloop
  endfacet
  facet normal 0 0 -1
    outer loop
      vertex 37.1661 14.9279 45.9
      vertex 37.6175 17.4884 45.9
      vertex 37.7287 14.8388 45.9
    endloop
  endfacet
  facet normal 0 0 -1
    outer loop
      vertex 37.1661 14.9279 45.9
      vertex 37.1475 17.5798 45.9
      vertex 37.6175 17.4884 45.9
    endloop
  endfacet
  facet normal 0 0 -1
    outer loop
      vertex 36.6069 15.0366 45.9
      vertex 37.1475 17.5798 45.9
      vertex 37.1661 14.9279 45.9
    endloop
  endfacet
  facet normal -0 0 -1
    outer loop
      vertex 37.1475 17.5798 45.9
      vertex 36.6069 15.0366 45.9
      vertex 36.6808 17.6875 45.9
    endloop
  endfacet
  facet normal 0 0 -1
    outer loop
      vertex 36.0518 15.1648 45.9
      vertex 36.6808 17.6875 45.9
      vertex 36.6069 15.0366 45.9
    endloop
  endfacet
  facet normal -0 0 -1
    outer loop
      vertex 36.6808 17.6875 45.9
      vertex 36.0518 15.1648 45.9
      vertex 36.2183 17.8115 45.9
    endloop
  endfacet
  facet normal 0 0 -1
    outer loop
      vertex 35.5016 15.3122 45.9
      vertex 36.2183 17.8115 45.9
      vertex 36.0518 15.1648 45.9
    endloop
  endfacet
  facet normal -0 0 -1
    outer loop
      vertex 36.2183 17.8115 45.9
      vertex 35.5016 15.3122 45.9
      vertex 35.7603 17.9515 45.9
    endloop
  endfacet
  facet normal 0 0 -1
    outer loop
      vertex 34.9568 15.4788 45.9
      vertex 35.7603 17.9515 45.9
      vertex 35.5016 15.3122 45.9
    endloop
  endfacet
  facet normal -0 0 -1
    outer loop
      vertex 35.7603 17.9515 45.9
      vertex 34.9568 15.4788 45.9
      vertex 35.3075 18.1074 45.9
    endloop
  endfacet
  facet normal 0 0 -1
    outer loop
      vertex 34.4182 15.6642 45.9
      vertex 35.3075 18.1074 45.9
      vertex 34.9568 15.4788 45.9
    endloop
  endfacet
  facet normal -0 0 -1
    outer loop
      vertex 35.3075 18.1074 45.9
      vertex 34.4182 15.6642 45.9
      vertex 34.8604 18.279 45.9
    endloop
  endfacet
  facet normal 0 0 -1
    outer loop
      vertex 33.8864 15.8684 45.9
      vertex 34.8604 18.279 45.9
      vertex 34.4182 15.6642 45.9
    endloop
  endfacet
  facet normal -0 0 -1
    outer loop
      vertex 34.8604 18.279 45.9
      vertex 33.8864 15.8684 45.9
      vertex 34.4196 18.4662 45.9
    endloop
  endfacet
  facet normal 0 0 -1
    outer loop
      vertex 33.3621 16.0909 45.9
      vertex 34.4196 18.4662 45.9
      vertex 33.8864 15.8684 45.9
    endloop
  endfacet
  facet normal -0 0 -1
    outer loop
      vertex 46.6379 45.9091 45.9
      vertex 45.5804 43.5338 45.9
      vertex 46.1136 46.1316 45.9
    endloop
  endfacet
  facet normal 0 0 -1
    outer loop
      vertex 45.1396 43.721 45.9
      vertex 46.1136 46.1316 45.9
      vertex 45.5804 43.5338 45.9
    endloop
  endfacet
  facet normal -0 0 -1
    outer loop
      vertex 46.1136 46.1316 45.9
      vertex 45.1396 43.721 45.9
      vertex 45.5818 46.3358 45.9
    endloop
  endfacet
  facet normal 0 0 -1
    outer loop
      vertex 44.6925 43.8926 45.9
      vertex 45.5818 46.3358 45.9
      vertex 45.1396 43.721 45.9
    endloop
  endfacet
  facet normal -0 0 -1
    outer loop
      vertex 45.5818 46.3358 45.9
      vertex 44.6925 43.8926 45.9
      vertex 45.0432 46.5212 45.9
    endloop
  endfacet
  facet normal 0 0 -1
    outer loop
      vertex 44.2397 44.0485 45.9
      vertex 45.0432 46.5212 45.9
      vertex 44.6925 43.8926 45.9
    endloop
  endfacet
  facet normal -0 0 -1
    outer loop
      vertex 45.0432 46.5212 45.9
      vertex 44.2397 44.0485 45.9
      vertex 44.4984 46.6878 45.9
    endloop
  endfacet
  facet normal 0 0 -1
    outer loop
      vertex 43.7817 44.1885 45.9
      vertex 44.4984 46.6878 45.9
      vertex 44.2397 44.0485 45.9
    endloop
  endfacet
  facet normal -0 0 -1
    outer loop
      vertex 44.4984 46.6878 45.9
      vertex 43.7817 44.1885 45.9
      vertex 43.9482 46.8352 45.9
    endloop
  endfacet
  facet normal 0 0 -1
    outer loop
      vertex 43.3192 44.3125 45.9
      vertex 43.9482 46.8352 45.9
      vertex 43.7817 44.1885 45.9
    endloop
  endfacet
  facet normal -0 0 -1
    outer loop
      vertex 43.9482 46.8352 45.9
      vertex 43.3192 44.3125 45.9
      vertex 43.3931 46.9634 45.9
    endloop
  endfacet
  facet normal 0 0 -1
    outer loop
      vertex 42.8525 44.4202 45.9
      vertex 43.3931 46.9634 45.9
      vertex 43.3192 44.3125 45.9
    endloop
  endfacet
  facet normal 0 0 -1
    outer loop
      vertex 42.8525 44.4202 45.9
      vertex 42.8339 47.0721 45.9
      vertex 43.3931 46.9634 45.9
    endloop
  endfacet
  facet normal 0 0 -1
    outer loop
      vertex 42.3825 44.5116 45.9
      vertex 42.8339 47.0721 45.9
      vertex 42.8525 44.4202 45.9
    endloop
  endfacet
  facet normal 0 0 -1
    outer loop
      vertex 42.3825 44.5116 45.9
      vertex 42.2713 47.1612 45.9
      vertex 42.8339 47.0721 45.9
    endloop
  endfacet
  facet normal 0 0 -1
    outer loop
      vertex 41.9095 44.5865 45.9
      vertex 42.2713 47.1612 45.9
      vertex 42.3825 44.5116 45.9
    endloop
  endfacet
  facet normal 0 0 -1
    outer loop
      vertex 41.9095 44.5865 45.9
      vertex 41.7059 47.2306 45.9
      vertex 42.2713 47.1612 45.9
    endloop
  endfacet
  facet normal 0 0 -1
    outer loop
      vertex 41.4341 44.6448 45.9
      vertex 41.7059 47.2306 45.9
      vertex 41.9095 44.5865 45.9
    endloop
  endfacet
  facet normal 0 0 -1
    outer loop
      vertex 41.4341 44.6448 45.9
      vertex 41.1384 47.2802 45.9
      vertex 41.7059 47.2306 45.9
    endloop
  endfacet
  facet normal 0 0 -1
    outer loop
      vertex 40.9571 44.6866 45.9
      vertex 41.1384 47.2802 45.9
      vertex 41.4341 44.6448 45.9
    endloop
  endfacet
  facet normal 0 0 -1
    outer loop
      vertex 40.9571 44.6866 45.9
      vertex 40.5696 47.3101 45.9
      vertex 41.1384 47.2802 45.9
    endloop
  endfacet
  facet normal 0 0 -1
    outer loop
      vertex 40.4788 44.7116 45.9
      vertex 40.5696 47.3101 45.9
      vertex 40.9571 44.6866 45.9
    endloop
  endfacet
  facet normal 0 0 -1
    outer loop
      vertex 40 44.72 45.9
      vertex 40.5696 47.3101 45.9
      vertex 40.4788 44.7116 45.9
    endloop
  endfacet
  facet normal 0 0 -1
    outer loop
      vertex 40 44.72 45.9
      vertex 40 47.32 45.9
      vertex 40.5696 47.3101 45.9
    endloop
  endfacet
  facet normal 0 0 -1
    outer loop
      vertex 39.5212 44.7116 45.9
      vertex 40 47.32 45.9
      vertex 40 44.72 45.9
    endloop
  endfacet
  facet normal 0 0 -1
    outer loop
      vertex 39.5212 44.7116 45.9
      vertex 39.4304 47.3101 45.9
      vertex 40 47.32 45.9
    endloop
  endfacet
  facet normal 0 0 -1
    outer loop
      vertex 39.0429 44.6866 45.9
      vertex 39.4304 47.3101 45.9
      vertex 39.5212 44.7116 45.9
    endloop
  endfacet
  facet normal 0 0 -1
    outer loop
      vertex 39.0429 44.6866 45.9
      vertex 38.8616 47.2802 45.9
      vertex 39.4304 47.3101 45.9
    endloop
  endfacet
  facet normal 0 0 -1
    outer loop
      vertex 38.5659 44.6448 45.9
      vertex 38.8616 47.2802 45.9
      vertex 39.0429 44.6866 45.9
    endloop
  endfacet
  facet normal 0 0 -1
    outer loop
      vertex 38.5659 44.6448 45.9
      vertex 38.2941 47.2306 45.9
      vertex 38.8616 47.2802 45.9
    endloop
  endfacet
  facet normal 0 0 -1
    outer loop
      vertex 38.0905 44.5865 45.9
      vertex 38.2941 47.2306 45.9
      vertex 38.5659 44.6448 45.9
    endloop
  endfacet
  facet normal 0 0 -1
    outer loop
      vertex 38.0905 44.5865 45.9
      vertex 37.7287 47.1612 45.9
      vertex 38.2941 47.2306 45.9
    endloop
  endfacet
  facet normal 0 0 -1
    outer loop
      vertex 37.6175 44.5116 45.9
      vertex 37.7287 47.1612 45.9
      vertex 38.0905 44.5865 45.9
    endloop
  endfacet
  facet normal 0 0 -1
    outer loop
      vertex 37.6175 44.5116 45.9
      vertex 37.1661 47.0721 45.9
      vertex 37.7287 47.1612 45.9
    endloop
  endfacet
  facet normal 0 0 -1
    outer loop
      vertex 37.1475 44.4202 45.9
      vertex 37.1661 47.0721 45.9
      vertex 37.6175 44.5116 45.9
    endloop
  endfacet
  facet normal 0 0 -1
    outer loop
      vertex 36.6069 46.9634 45.9
      vertex 37.1475 44.4202 45.9
      vertex 36.6808 44.3125 45.9
    endloop
  endfacet
  facet normal 0 0 -1
    outer loop
      vertex 37.1475 44.4202 45.9
      vertex 36.6069 46.9634 45.9
      vertex 37.1661 47.0721 45.9
    endloop
  endfacet
  facet normal 0 0 -1
    outer loop
      vertex 36.0518 46.8352 45.9
      vertex 36.6808 44.3125 45.9
      vertex 36.2183 44.1885 45.9
    endloop
  endfacet
  facet normal 0 0 -1
    outer loop
      vertex 36.6808 44.3125 45.9
      vertex 36.0518 46.8352 45.9
      vertex 36.6069 46.9634 45.9
    endloop
  endfacet
  facet normal 0 0 -1
    outer loop
      vertex 35.5016 46.6878 45.9
      vertex 36.2183 44.1885 45.9
      vertex 35.7603 44.0485 45.9
    endloop
  endfacet
  facet normal 0 0 -1
    outer loop
      vertex 36.2183 44.1885 45.9
      vertex 35.5016 46.6878 45.9
      vertex 36.0518 46.8352 45.9
    endloop
  endfacet
  facet normal 0 0 -1
    outer loop
      vertex 34.9568 46.5212 45.9
      vertex 35.7603 44.0485 45.9
      vertex 35.3075 43.8926 45.9
    endloop
  endfacet
  facet normal 0 0 -1
    outer loop
      vertex 35.7603 44.0485 45.9
      vertex 34.9568 46.5212 45.9
      vertex 35.5016 46.6878 45.9
    endloop
  endfacet
  facet normal 0 0 -1
    outer loop
      vertex 34.4182 46.3358 45.9
      vertex 35.3075 43.8926 45.9
      vertex 34.8604 43.721 45.9
    endloop
  endfacet
  facet normal 0 0 -1
    outer loop
      vertex 33.8864 46.1316 45.9
      vertex 34.8604 43.721 45.9
      vertex 34.4196 43.5338 45.9
    endloop
  endfacet
  facet normal 0 0 -1
    outer loop
      vertex 35.3075 43.8926 45.9
      vertex 34.4182 46.3358 45.9
      vertex 34.9568 46.5212 45.9
    endloop
  endfacet
  facet normal 0 0 -1
    outer loop
      vertex 33.3621 45.9091 45.9
      vertex 34.4196 43.5338 45.9
      vertex 34.2975 43.4769 45.9
    endloop
  endfacet
  facet normal 0 0 -1
    outer loop
      vertex 34.8604 43.721 45.9
      vertex 33.8864 46.1316 45.9
      vertex 34.4182 46.3358 45.9
    endloop
  endfacet
  facet normal 0 1 -0
    outer loop
      vertex 23.7339 32.3 45.9
      vertex 16.0389 32.3 48.3
      vertex 23.7339 32.3 48.3
    endloop
  endfacet
  facet normal 0 1 0
    outer loop
      vertex 16.0389 32.3 48.3
      vertex 23.7339 32.3 45.9
      vertex 16.0389 32.3 45.9
    endloop
  endfacet
  facet normal 0 0 0
    outer loop
      vertex 23.7339 32.3 48.3
      vertex 16.0389 32.3 48.3
      vertex 16 32.3 48.3
    endloop
  endfacet
  facet normal 0 1 -0
    outer loop
      vertex 63.9611 32.3 45.9
      vertex 56.2661 32.3 48.3
      vertex 63.9611 32.3 48.3
    endloop
  endfacet
  facet normal 0 1 0
    outer loop
      vertex 56.2661 32.3 48.3
      vertex 63.9611 32.3 45.9
      vertex 56.2661 32.3 45.9
    endloop
  endfacet
  facet normal 0 0 -0
    outer loop
      vertex 63.9611 32.3 48.3
      vertex 56.2661 32.3 48.3
      vertex 64 32.3 48.3
    endloop
  endfacet
  facet normal 0 1 -0
    outer loop
      vertex 36.3279 32.3 45.9
      vertex 26.3434 32.3 48.3
      vertex 36.3279 32.3 48.3
    endloop
  endfacet
  facet normal 0 1 0
    outer loop
      vertex 26.3434 32.3 48.3
      vertex 36.3279 32.3 45.9
      vertex 26.3434 32.3 45.9
    endloop
  endfacet
  facet normal 0 1 -0
    outer loop
      vertex 53.6566 32.3 45.9
      vertex 43.6721 32.3 48.3
      vertex 53.6566 32.3 48.3
    endloop
  endfacet
  facet normal 0 1 0
    outer loop
      vertex 43.6721 32.3 48.3
      vertex 53.6566 32.3 45.9
      vertex 43.6721 32.3 45.9
    endloop
  endfacet
  facet normal 0 -1 0
    outer loop
      vertex 16.0389 29.7 45.9
      vertex 23.7339 29.7 48.3
      vertex 16.0389 29.7 48.3
    endloop
  endfacet
  facet normal 0 -1 -0
    outer loop
      vertex 23.7339 29.7 48.3
      vertex 16.0389 29.7 45.9
      vertex 23.7339 29.7 45.9
    endloop
  endfacet
  facet normal 0 0 0
    outer loop
      vertex 23.7339 29.7 48.3
      vertex 16 29.7 48.3
      vertex 16.0389 29.7 48.3
    endloop
  endfacet
  facet normal 0 -1 0
    outer loop
      vertex 56.2661 29.7 45.9
      vertex 63.9611 29.7 48.3
      vertex 56.2661 29.7 48.3
    endloop
  endfacet
  facet normal 0 -1 -0
    outer loop
      vertex 63.9611 29.7 48.3
      vertex 56.2661 29.7 45.9
      vertex 63.9611 29.7 45.9
    endloop
  endfacet
  facet normal 0 -0 0
    outer loop
      vertex 63.9611 29.7 48.3
      vertex 64 29.7 48.3
      vertex 56.2661 29.7 48.3
    endloop
  endfacet
  facet normal 0 -1 0
    outer loop
      vertex 26.3434 29.7 45.9
      vertex 36.3279 29.7 48.3
      vertex 26.3434 29.7 48.3
    endloop
  endfacet
  facet normal 0 -1 -0
    outer loop
      vertex 36.3279 29.7 48.3
      vertex 26.3434 29.7 45.9
      vertex 36.3279 29.7 45.9
    endloop
  endfacet
  facet normal 0 -1 0
    outer loop
      vertex 43.6721 29.7 45.9
      vertex 53.6566 29.7 48.3
      vertex 43.6721 29.7 48.3
    endloop
  endfacet
  facet normal 0 -1 -0
    outer loop
      vertex 53.6566 29.7 48.3
      vertex 43.6721 29.7 45.9
      vertex 53.6566 29.7 45.9
    endloop
  endfacet
  facet normal 0 0 -1
    outer loop
      vertex 29.1258 9.56539 48.3
      vertex 26.8742 10.8654 48.3
      vertex 28 10.2154 48.3
    endloop
  endfacet
  facet normal -0.866027 0.499998 0
    outer loop
      vertex 26.8936 10.899 45.9
      vertex 30.7411 17.5631 48.3
      vertex 30.7411 17.5631 45.9
    endloop
  endfacet
  facet normal -0.866027 0.499998 0
    outer loop
      vertex 30.7411 17.5631 48.3
      vertex 26.8936 10.899 45.9
      vertex 26.8936 10.899 48.3
    endloop
  endfacet
  facet normal 0 0 -1
    outer loop
      vertex 30.7411 17.5631 48.3
      vertex 26.8936 10.899 48.3
      vertex 26.8742 10.8654 48.3
    endloop
  endfacet
  facet normal -0.866027 0.499998 0
    outer loop
      vertex 47.0072 45.7369 45.9
      vertex 50.8547 52.401 48.3
      vertex 50.8547 52.401 45.9
    endloop
  endfacet
  facet normal -0.866027 0.499998 0
    outer loop
      vertex 50.8547 52.401 48.3
      vertex 47.0072 45.7369 45.9
      vertex 47.0072 45.7369 48.3
    endloop
  endfacet
  facet normal -0 0 1
    outer loop
      vertex 50.8547 52.401 48.3
      vertex 47.0072 45.7369 48.3
      vertex 50.8742 52.4346 48.3
    endloop
  endfacet
  facet normal -0.866025 0.500001 0
    outer loop
      vertex 32.0459 19.8231 45.9
      vertex 37.0359 28.466 48.3
      vertex 37.0359 28.466 45.9
    endloop
  endfacet
  facet normal -0.866025 0.500001 0
    outer loop
      vertex 37.0359 28.466 48.3
      vertex 32.0459 19.8231 45.9
      vertex 32.0459 19.8231 48.3
    endloop
  endfacet
  facet normal -0.866024 0.500003 0
    outer loop
      vertex 40.7104 34.8304 45.9
      vertex 45.7025 43.4769 48.3
      vertex 45.7025 43.4769 45.9
    endloop
  endfacet
  facet normal -0.866024 0.500003 0
    outer loop
      vertex 45.7025 43.4769 48.3
      vertex 40.7104 34.8304 45.9
      vertex 40.7104 34.8304 48.3
    endloop
  endfacet
  facet normal 0.866025 -0.5 0
    outer loop
      vertex 29.1453 9.59904 48.3
      vertex 32.9928 16.2631 45.9
      vertex 32.9928 16.2631 48.3
    endloop
  endfacet
  facet normal 0.866025 -0.5 0
    outer loop
      vertex 32.9928 16.2631 45.9
      vertex 29.1453 9.59904 48.3
      vertex 29.1453 9.59904 45.9
    endloop
  endfacet
  facet normal 0 0 1
    outer loop
      vertex 32.9928 16.2631 48.3
      vertex 29.1258 9.56539 48.3
      vertex 29.1453 9.59904 48.3
    endloop
  endfacet
  facet normal 0.866027 -0.499998 0
    outer loop
      vertex 49.2589 44.4369 48.3
      vertex 53.1064 51.101 45.9
      vertex 53.1064 51.101 48.3
    endloop
  endfacet
  facet normal 0.866027 -0.499998 0
    outer loop
      vertex 53.1064 51.101 45.9
      vertex 49.2589 44.4369 48.3
      vertex 49.2589 44.4369 45.9
    endloop
  endfacet
  facet normal 0 0 -1
    outer loop
      vertex 49.2589 44.4369 48.3
      vertex 53.1064 51.101 48.3
      vertex 53.1258 51.1346 48.3
    endloop
  endfacet
  facet normal 0.866024 -0.500003 0
    outer loop
      vertex 34.2975 18.5231 48.3
      vertex 39.2896 27.1696 45.9
      vertex 39.2896 27.1696 48.3
    endloop
  endfacet
  facet normal 0.866024 -0.500003 0
    outer loop
      vertex 39.2896 27.1696 45.9
      vertex 34.2975 18.5231 48.3
      vertex 34.2975 18.5231 45.9
    endloop
  endfacet
  facet normal 0.866025 -0.500001 0
    outer loop
      vertex 42.9641 33.534 48.3
      vertex 47.9541 42.1769 45.9
      vertex 47.9541 42.1769 48.3
    endloop
  endfacet
  facet normal 0.866025 -0.500001 0
    outer loop
      vertex 47.9541 42.1769 45.9
      vertex 42.9641 33.534 48.3
      vertex 42.9641 33.534 45.9
    endloop
  endfacet
  facet normal 0 0 -1
    outer loop
      vertex 53.1258 10.8654 48.3
      vertex 50.8742 9.56539 48.3
      vertex 52 10.2154 48.3
    endloop
  endfacet
  facet normal 0.866027 0.499998 0
    outer loop
      vertex 53.1064 10.899 48.3
      vertex 49.2589 17.5631 45.9
      vertex 49.2589 17.5631 48.3
    endloop
  endfacet
  facet normal 0.866027 0.499998 0
    outer loop
      vertex 49.2589 17.5631 45.9
      vertex 53.1064 10.899 48.3
      vertex 53.1064 10.899 45.9
    endloop
  endfacet
  facet normal 0 0 -1
    outer loop
      vertex 53.1064 10.899 48.3
      vertex 49.2589 17.5631 48.3
      vertex 53.1258 10.8654 48.3
    endloop
  endfacet
  facet normal 0.866027 0.499998 0
    outer loop
      vertex 32.9928 45.7369 48.3
      vertex 29.1453 52.401 45.9
      vertex 29.1453 52.401 48.3
    endloop
  endfacet
  facet normal 0.866027 0.499998 0
    outer loop
      vertex 29.1453 52.401 45.9
      vertex 32.9928 45.7369 48.3
      vertex 32.9928 45.7369 45.9
    endloop
  endfacet
  facet normal 0 0 1
    outer loop
      vertex 32.9928 45.7369 48.3
      vertex 29.1453 52.401 48.3
      vertex 29.1258 52.4346 48.3
    endloop
  endfacet
  facet normal 0.866024 0.500003 0
    outer loop
      vertex 39.2896 34.8304 48.3
      vertex 34.2975 43.4769 45.9
      vertex 34.2975 43.4769 48.3
    endloop
  endfacet
  facet normal 0.866024 0.500003 0
    outer loop
      vertex 34.2975 43.4769 45.9
      vertex 39.2896 34.8304 48.3
      vertex 39.2896 34.8304 45.9
    endloop
  endfacet
  facet normal 0.866025 0.500001 0
    outer loop
      vertex 47.9541 19.8231 48.3
      vertex 42.9641 28.466 45.9
      vertex 42.9641 28.466 48.3
    endloop
  endfacet
  facet normal 0.866025 0.500001 0
    outer loop
      vertex 42.9641 28.466 45.9
      vertex 47.9541 19.8231 48.3
      vertex 47.9541 19.8231 45.9
    endloop
  endfacet
  facet normal -0.866025 -0.5 0
    outer loop
      vertex 50.8547 9.59904 45.9
      vertex 47.0072 16.2631 48.3
      vertex 47.0072 16.2631 45.9
    endloop
  endfacet
  facet normal -0.866025 -0.5 0
    outer loop
      vertex 47.0072 16.2631 48.3
      vertex 50.8547 9.59904 45.9
      vertex 50.8547 9.59904 48.3
    endloop
  endfacet
  facet normal 0 0 1
    outer loop
      vertex 47.0072 16.2631 48.3
      vertex 50.8547 9.59904 48.3
      vertex 50.8742 9.56539 48.3
    endloop
  endfacet
  facet normal -0.866027 -0.499998 0
    outer loop
      vertex 30.7411 44.4369 45.9
      vertex 26.8936 51.101 48.3
      vertex 26.8936 51.101 45.9
    endloop
  endfacet
  facet normal -0.866027 -0.499998 0
    outer loop
      vertex 26.8936 51.101 48.3
      vertex 30.7411 44.4369 45.9
      vertex 30.7411 44.4369 48.3
    endloop
  endfacet
  facet normal 0 0 -1
    outer loop
      vertex 26.8742 51.1346 48.3
      vertex 26.8936 51.101 48.3
      vertex 30.7411 44.4369 48.3
    endloop
  endfacet
  facet normal -0.866025 -0.500001 0
    outer loop
      vertex 37.0359 33.534 45.9
      vertex 32.0459 42.1769 48.3
      vertex 32.0459 42.1769 45.9
    endloop
  endfacet
  facet normal -0.866025 -0.500001 0
    outer loop
      vertex 32.0459 42.1769 48.3
      vertex 37.0359 33.534 45.9
      vertex 37.0359 33.534 48.3
    endloop
  endfacet
  facet normal -0.866024 -0.500003 0
    outer loop
      vertex 45.7025 18.5231 45.9
      vertex 40.7104 27.1696 48.3
      vertex 40.7104 27.1696 45.9
    endloop
  endfacet
  facet normal -0.866024 -0.500003 0
    outer loop
      vertex 40.7104 27.1696 48.3
      vertex 45.7025 18.5231 45.9
      vertex 45.7025 18.5231 48.3
    endloop
  endfacet
  facet normal -0.121831 -0.992551 0
    outer loop
      vertex 37.7287 14.8388 45.9
      vertex 38.2941 14.7694 48.3
      vertex 37.7287 14.8388 48.3
    endloop
  endfacet
  facet normal -0.121831 -0.992551 -0
    outer loop
      vertex 38.2941 14.7694 48.3
      vertex 37.7287 14.8388 45.9
      vertex 38.2941 14.7694 45.9
    endloop
  endfacet
  facet normal 0.422603 0.906315 -0
    outer loop
      vertex 47.0072 45.7369 45.9
      vertex 46.6379 45.9091 48.3
      vertex 47.0072 45.7369 48.3
    endloop
  endfacet
  facet normal 0.422603 0.906315 0
    outer loop
      vertex 46.6379 45.9091 48.3
      vertex 47.0072 45.7369 45.9
      vertex 46.6379 45.9091 45.9
    endloop
  endfacet
  facet normal 0.325482 0.945548 -0
    outer loop
      vertex 45.5818 46.3358 45.9
      vertex 45.0432 46.5212 48.3
      vertex 45.5818 46.3358 48.3
    endloop
  endfacet
  facet normal 0.325482 0.945548 0
    outer loop
      vertex 45.0432 46.5212 48.3
      vertex 45.5818 46.3358 45.9
      vertex 45.0432 46.5212 45.9
    endloop
  endfacet
  facet normal 0.0524943 -0.998621 0
    outer loop
      vertex 40.5696 14.6899 45.9
      vertex 41.1384 14.7198 48.3
      vertex 40.5696 14.6899 48.3
    endloop
  endfacet
  facet normal 0.0524943 -0.998621 0
    outer loop
      vertex 41.1384 14.7198 48.3
      vertex 40.5696 14.6899 45.9
      vertex 41.1384 14.7198 45.9
    endloop
  endfacet
  facet normal 0.956286 0.292433 0
    outer loop
      vertex 55.6878 35.4984 48.3
      vertex 55.5212 36.0432 45.9
      vertex 55.5212 36.0432 48.3
    endloop
  endfacet
  facet normal 0.956286 0.292433 0
    outer loop
      vertex 55.5212 36.0432 45.9
      vertex 55.6878 35.4984 48.3
      vertex 55.6878 35.4984 45.9
    endloop
  endfacet
  facet normal 0.156422 0.98769 -0
    outer loop
      vertex 42.8339 47.0721 45.9
      vertex 42.2713 47.1612 48.3
      vertex 42.8339 47.0721 48.3
    endloop
  endfacet
  facet normal 0.156422 0.98769 0
    outer loop
      vertex 42.2713 47.1612 48.3
      vertex 42.8339 47.0721 45.9
      vertex 42.2713 47.1612 45.9
    endloop
  endfacet
  facet normal 0.358461 0.933545 -0
    outer loop
      vertex 46.1136 46.1316 45.9
      vertex 45.5818 46.3358 48.3
      vertex 46.1136 46.1316 48.3
    endloop
  endfacet
  facet normal 0.358461 0.933545 0
    outer loop
      vertex 45.5818 46.3358 48.3
      vertex 46.1136 46.1316 45.9
      vertex 45.5818 46.3358 45.9
    endloop
  endfacet
  facet normal -0.965937 -0.258777 0
    outer loop
      vertex 24.3122 26.5016 45.9
      vertex 24.1648 27.0518 48.3
      vertex 24.1648 27.0518 45.9
    endloop
  endfacet
  facet normal -0.965937 -0.258777 0
    outer loop
      vertex 24.1648 27.0518 48.3
      vertex 24.3122 26.5016 45.9
      vertex 24.3122 26.5016 48.3
    endloop
  endfacet
  facet normal -0.121831 0.992551 0
    outer loop
      vertex 38.2941 47.2306 45.9
      vertex 37.7287 47.1612 48.3
      vertex 38.2941 47.2306 48.3
    endloop
  endfacet
  facet normal -0.121831 0.992551 0
    outer loop
      vertex 37.7287 47.1612 48.3
      vertex 38.2941 47.2306 45.9
      vertex 37.7287 47.1612 45.9
    endloop
  endfacet
  facet normal 0.121831 -0.992551 0
    outer loop
      vertex 41.7059 14.7694 45.9
      vertex 42.2713 14.8388 48.3
      vertex 41.7059 14.7694 48.3
    endloop
  endfacet
  facet normal 0.121831 -0.992551 0
    outer loop
      vertex 42.2713 14.8388 48.3
      vertex 41.7059 14.7694 45.9
      vertex 42.2713 14.8388 45.9
    endloop
  endfacet
  facet normal -0.874588 -0.484868 0
    outer loop
      vertex 25.8665 22.84 45.9
      vertex 25.5903 23.3382 48.3
      vertex 25.5903 23.3382 45.9
    endloop
  endfacet
  facet normal -0.874588 -0.484868 0
    outer loop
      vertex 25.5903 23.3382 48.3
      vertex 25.8665 22.84 45.9
      vertex 25.8665 22.84 48.3
    endloop
  endfacet
  facet normal -0.156422 0.98769 0
    outer loop
      vertex 37.7287 47.1612 45.9
      vertex 37.1661 47.0721 48.3
      vertex 37.7287 47.1612 48.3
    endloop
  endfacet
  facet normal -0.156422 0.98769 0
    outer loop
      vertex 37.1661 47.0721 48.3
      vertex 37.7287 47.1612 45.9
      vertex 37.1661 47.0721 45.9
    endloop
  endfacet
  facet normal 0.017378 -0.999849 0
    outer loop
      vertex 40 14.68 45.9
      vertex 40.5696 14.6899 48.3
      vertex 40 14.68 48.3
    endloop
  endfacet
  facet normal 0.017378 -0.999849 0
    outer loop
      vertex 40.5696 14.6899 48.3
      vertex 40 14.68 45.9
      vertex 40.5696 14.6899 45.9
    endloop
  endfacet
  facet normal -0.087069 0.996202 0
    outer loop
      vertex 38.8616 47.2802 45.9
      vertex 38.2941 47.2306 48.3
      vertex 38.8616 47.2802 48.3
    endloop
  endfacet
  facet normal -0.087069 0.996202 0
    outer loop
      vertex 38.2941 47.2306 48.3
      vertex 38.8616 47.2802 45.9
      vertex 38.2941 47.2306 45.9
    endloop
  endfacet
  facet normal 0.777139 -0.62933 0
    outer loop
      vertex 52.5018 20.5097 48.3
      vertex 52.8603 20.9524 45.9
      vertex 52.8603 20.9524 48.3
    endloop
  endfacet
  facet normal 0.777139 -0.62933 0
    outer loop
      vertex 52.8603 20.9524 45.9
      vertex 52.5018 20.5097 48.3
      vertex 52.5018 20.5097 45.9
    endloop
  endfacet
  facet normal 0.601936 0.798544 -0
    outer loop
      vertex 50.0476 43.8603 45.9
      vertex 49.5927 44.2032 48.3
      vertex 50.0476 43.8603 48.3
    endloop
  endfacet
  facet normal 0.601936 0.798544 0
    outer loop
      vertex 49.5927 44.2032 48.3
      vertex 50.0476 43.8603 45.9
      vertex 49.5927 44.2032 45.9
    endloop
  endfacet
  facet normal -0.965937 0.258777 0
    outer loop
      vertex 24.1648 34.9482 45.9
      vertex 24.3122 35.4984 48.3
      vertex 24.3122 35.4984 45.9
    endloop
  endfacet
  facet normal -0.965937 0.258777 0
    outer loop
      vertex 24.3122 35.4984 48.3
      vertex 24.1648 34.9482 45.9
      vertex 24.1648 34.9482 48.3
    endloop
  endfacet
  facet normal -0.945548 0.325482 0
    outer loop
      vertex 24.4788 36.0432 45.9
      vertex 24.6642 36.5818 48.3
      vertex 24.6642 36.5818 45.9
    endloop
  endfacet
  facet normal -0.945548 0.325482 0
    outer loop
      vertex 24.6642 36.5818 48.3
      vertex 24.4788 36.0432 45.9
      vertex 24.4788 36.0432 48.3
    endloop
  endfacet
  facet normal 0.857167 -0.515038 0
    outer loop
      vertex 53.8401 22.3517 48.3
      vertex 54.1335 22.84 45.9
      vertex 54.1335 22.84 48.3
    endloop
  endfacet
  facet normal 0.857167 -0.515038 0
    outer loop
      vertex 54.1335 22.84 45.9
      vertex 53.8401 22.3517 48.3
      vertex 53.8401 22.3517 45.9
    endloop
  endfacet
  facet normal 0.838688 0.544612 0
    outer loop
      vertex 53.8401 39.6483 48.3
      vertex 53.5299 40.126 45.9
      vertex 53.5299 40.126 48.3
    endloop
  endfacet
  facet normal 0.838688 0.544612 0
    outer loop
      vertex 53.5299 40.126 45.9
      vertex 53.8401 39.6483 48.3
      vertex 53.8401 39.6483 45.9
    endloop
  endfacet
  facet normal 0.98769 -0.156422 0
    outer loop
      vertex 56.0721 28.1661 48.3
      vertex 56.1612 28.7287 45.9
      vertex 56.1612 28.7287 48.3
    endloop
  endfacet
  facet normal 0.98769 -0.156422 0
    outer loop
      vertex 56.1612 28.7287 45.9
      vertex 56.0721 28.1661 48.3
      vertex 56.0721 28.1661 45.9
    endloop
  endfacet
  facet normal -0.857167 0.515038 0
    outer loop
      vertex 25.8665 39.16 45.9
      vertex 26.1599 39.6483 48.3
      vertex 26.1599 39.6483 45.9
    endloop
  endfacet
  facet normal -0.857167 0.515038 0
    outer loop
      vertex 26.1599 39.6483 48.3
      vertex 25.8665 39.16 45.9
      vertex 25.8665 39.16 48.3
    endloop
  endfacet
  facet normal -0.358461 0.933545 0
    outer loop
      vertex 34.4182 46.3358 45.9
      vertex 33.8864 46.1316 48.3
      vertex 34.4182 46.3358 48.3
    endloop
  endfacet
  facet normal -0.358461 0.933545 0
    outer loop
      vertex 33.8864 46.1316 48.3
      vertex 34.4182 46.3358 45.9
      vertex 33.8864 46.1316 45.9
    endloop
  endfacet
  facet normal 0.390654 -0.920538 0
    outer loop
      vertex 46.1136 15.8684 45.9
      vertex 46.6379 16.0909 48.3
      vertex 46.1136 15.8684 48.3
    endloop
  endfacet
  facet normal 0.390654 -0.920538 0
    outer loop
      vertex 46.6379 16.0909 48.3
      vertex 46.1136 15.8684 45.9
      vertex 46.6379 16.0909 45.9
    endloop
  endfacet
  facet normal 0.754715 0.656053 0
    outer loop
      vertex 52.5018 41.4903 48.3
      vertex 52.1281 41.9202 45.9
      vertex 52.1281 41.9202 48.3
    endloop
  endfacet
  facet normal 0.754715 0.656053 0
    outer loop
      vertex 52.1281 41.9202 45.9
      vertex 52.5018 41.4903 48.3
      vertex 52.5018 41.4903 45.9
    endloop
  endfacet
  facet normal 0.258777 0.965937 -0
    outer loop
      vertex 44.4984 46.6878 45.9
      vertex 43.9482 46.8352 48.3
      vertex 44.4984 46.6878 48.3
    endloop
  endfacet
  facet normal 0.258777 0.965937 0
    outer loop
      vertex 43.9482 46.8352 48.3
      vertex 44.4984 46.6878 45.9
      vertex 43.9482 46.8352 45.9
    endloop
  endfacet
  facet normal 0.874588 -0.484868 0
    outer loop
      vertex 54.1335 22.84 48.3
      vertex 54.4097 23.3382 45.9
      vertex 54.4097 23.3382 48.3
    endloop
  endfacet
  facet normal 0.874588 -0.484868 0
    outer loop
      vertex 54.4097 23.3382 45.9
      vertex 54.1335 22.84 48.3
      vertex 54.1335 22.84 45.9
    endloop
  endfacet
  facet normal 0.62933 -0.777139 0
    outer loop
      vertex 50.0476 18.1397 45.9
      vertex 50.4903 18.4982 48.3
      vertex 50.0476 18.1397 48.3
    endloop
  endfacet
  facet normal 0.62933 -0.777139 0
    outer loop
      vertex 50.4903 18.4982 48.3
      vertex 50.0476 18.1397 45.9
      vertex 50.4903 18.4982 45.9
    endloop
  endfacet
  facet normal -0.422603 -0.906315 0
    outer loop
      vertex 32.9928 16.2631 45.9
      vertex 33.3621 16.0909 48.3
      vertex 32.9928 16.2631 48.3
    endloop
  endfacet
  facet normal -0.422603 -0.906315 -0
    outer loop
      vertex 33.3621 16.0909 48.3
      vertex 32.9928 16.2631 45.9
      vertex 33.3621 16.0909 45.9
    endloop
  endfacet
  facet normal 0.956286 -0.292433 0
    outer loop
      vertex 55.5212 25.9568 48.3
      vertex 55.6878 26.5016 45.9
      vertex 55.6878 26.5016 48.3
    endloop
  endfacet
  facet normal 0.956286 -0.292433 0
    outer loop
      vertex 55.6878 26.5016 45.9
      vertex 55.5212 25.9568 48.3
      vertex 55.5212 25.9568 45.9
    endloop
  endfacet
  facet normal -0.98769 -0.156422 0
    outer loop
      vertex 23.9279 28.1661 45.9
      vertex 23.8388 28.7287 48.3
      vertex 23.8388 28.7287 45.9
    endloop
  endfacet
  facet normal -0.98769 -0.156422 0
    outer loop
      vertex 23.8388 28.7287 48.3
      vertex 23.9279 28.1661 45.9
      vertex 23.9279 28.1661 48.3
    endloop
  endfacet
  facet normal 0.225026 -0.974353 0
    outer loop
      vertex 43.3931 15.0366 45.9
      vertex 43.9482 15.1648 48.3
      vertex 43.3931 15.0366 48.3
    endloop
  endfacet
  facet normal 0.225026 -0.974353 0
    outer loop
      vertex 43.9482 15.1648 48.3
      vertex 43.3931 15.0366 45.9
      vertex 43.9482 15.1648 45.9
    endloop
  endfacet
  facet normal -0.258777 0.965937 0
    outer loop
      vertex 36.0518 46.8352 45.9
      vertex 35.5016 46.6878 48.3
      vertex 36.0518 46.8352 48.3
    endloop
  endfacet
  facet normal -0.258777 0.965937 0
    outer loop
      vertex 35.5016 46.6878 48.3
      vertex 36.0518 46.8352 45.9
      vertex 35.5016 46.6878 45.9
    endloop
  endfacet
  facet normal -0.996197 -0.0871274 0
    outer loop
      vertex 23.7694 29.2941 45.9
      vertex 23.7339 29.7 48.3
      vertex 23.7339 29.7 45.9
    endloop
  endfacet
  facet normal -0.996197 -0.0871274 0
    outer loop
      vertex 23.7339 29.7 48.3
      vertex 23.7694 29.2941 45.9
      vertex 23.7694 29.2941 48.3
    endloop
  endfacet
  facet normal 0.292433 -0.956286 0
    outer loop
      vertex 44.4984 15.3122 45.9
      vertex 45.0432 15.4788 48.3
      vertex 44.4984 15.3122 48.3
    endloop
  endfacet
  facet normal 0.292433 -0.956286 0
    outer loop
      vertex 45.0432 15.4788 48.3
      vertex 44.4984 15.3122 45.9
      vertex 45.0432 15.4788 45.9
    endloop
  endfacet
  facet normal 0.819224 -0.573474 0
    outer loop
      vertex 53.2032 21.4073 48.3
      vertex 53.5299 21.874 45.9
      vertex 53.5299 21.874 48.3
    endloop
  endfacet
  facet normal 0.819224 -0.573474 0
    outer loop
      vertex 53.5299 21.874 45.9
      vertex 53.2032 21.4073 48.3
      vertex 53.2032 21.4073 45.9
    endloop
  endfacet
  facet normal 0.707107 -0.707107 0
    outer loop
      vertex 51.3368 19.2604 45.9
      vertex 51.7396 19.6632 48.3
      vertex 51.3368 19.2604 48.3
    endloop
  endfacet
  facet normal 0.707107 -0.707107 0
    outer loop
      vertex 51.7396 19.6632 48.3
      vertex 51.3368 19.2604 45.9
      vertex 51.7396 19.6632 45.9
    endloop
  endfacet
  facet normal 0.601936 -0.798544 0
    outer loop
      vertex 49.5927 17.7968 45.9
      vertex 50.0476 18.1397 48.3
      vertex 49.5927 17.7968 48.3
    endloop
  endfacet
  facet normal 0.601936 -0.798544 0
    outer loop
      vertex 50.0476 18.1397 48.3
      vertex 49.5927 17.7968 45.9
      vertex 50.0476 18.1397 45.9
    endloop
  endfacet
  facet normal 0.325482 -0.945548 0
    outer loop
      vertex 45.0432 15.4788 45.9
      vertex 45.5818 15.6642 48.3
      vertex 45.0432 15.4788 48.3
    endloop
  endfacet
  facet normal 0.325482 -0.945548 0
    outer loop
      vertex 45.5818 15.6642 48.3
      vertex 45.0432 15.4788 45.9
      vertex 45.5818 15.6642 45.9
    endloop
  endfacet
  facet normal -0.798544 0.601936 0
    outer loop
      vertex 26.7968 40.5927 45.9
      vertex 27.1397 41.0476 48.3
      vertex 27.1397 41.0476 45.9
    endloop
  endfacet
  facet normal -0.798544 0.601936 0
    outer loop
      vertex 27.1397 41.0476 48.3
      vertex 26.7968 40.5927 45.9
      vertex 26.7968 40.5927 48.3
    endloop
  endfacet
  facet normal 0.682012 0.731341 -0
    outer loop
      vertex 51.3368 42.7396 45.9
      vertex 50.9202 43.1281 48.3
      vertex 51.3368 42.7396 48.3
    endloop
  endfacet
  facet normal 0.682012 0.731341 0
    outer loop
      vertex 50.9202 43.1281 48.3
      vertex 51.3368 42.7396 45.9
      vertex 50.9202 43.1281 45.9
    endloop
  endfacet
  facet normal -0.798544 -0.601936 0
    outer loop
      vertex 27.1397 20.9524 45.9
      vertex 26.7968 21.4073 48.3
      vertex 26.7968 21.4073 45.9
    endloop
  endfacet
  facet normal -0.798544 -0.601936 0
    outer loop
      vertex 26.7968 21.4073 48.3
      vertex 27.1397 20.9524 45.9
      vertex 27.1397 20.9524 48.3
    endloop
  endfacet
  facet normal -0.656053 -0.754715 0
    outer loop
      vertex 29.0798 18.8719 45.9
      vertex 29.5097 18.4982 48.3
      vertex 29.0798 18.8719 48.3
    endloop
  endfacet
  facet normal -0.656053 -0.754715 -0
    outer loop
      vertex 29.5097 18.4982 48.3
      vertex 29.0798 18.8719 45.9
      vertex 29.5097 18.4982 45.9
    endloop
  endfacet
  facet normal 0.996197 -0.0871274 0
    outer loop
      vertex 56.2306 29.2941 48.3
      vertex 56.2661 29.7 45.9
      vertex 56.2661 29.7 48.3
    endloop
  endfacet
  facet normal 0.996197 -0.0871274 0
    outer loop
      vertex 56.2661 29.7 45.9
      vertex 56.2306 29.2941 48.3
      vertex 56.2306 29.2941 45.9
    endloop
  endfacet
  facet normal 0.731341 -0.682012 0
    outer loop
      vertex 51.7396 19.6632 48.3
      vertex 52.1281 20.0798 45.9
      vertex 52.1281 20.0798 48.3
    endloop
  endfacet
  facet normal 0.731341 -0.682012 0
    outer loop
      vertex 52.1281 20.0798 45.9
      vertex 51.7396 19.6632 48.3
      vertex 51.7396 19.6632 45.9
    endloop
  endfacet
  facet normal 0.573528 0.819186 -0
    outer loop
      vertex 49.5927 44.2032 45.9
      vertex 49.2589 44.4369 48.3
      vertex 49.5927 44.2032 48.3
    endloop
  endfacet
  facet normal 0.573528 0.819186 0
    outer loop
      vertex 49.2589 44.4369 48.3
      vertex 49.5927 44.2032 45.9
      vertex 49.2589 44.4369 45.9
    endloop
  endfacet
  facet normal -0.292433 0.956286 0
    outer loop
      vertex 35.5016 46.6878 45.9
      vertex 34.9568 46.5212 48.3
      vertex 35.5016 46.6878 48.3
    endloop
  endfacet
  facet normal -0.292433 0.956286 0
    outer loop
      vertex 34.9568 46.5212 48.3
      vertex 35.5016 46.6878 45.9
      vertex 34.9568 46.5212 45.9
    endloop
  endfacet
  facet normal -0.819224 0.573474 0
    outer loop
      vertex 26.4701 40.126 45.9
      vertex 26.7968 40.5927 48.3
      vertex 26.7968 40.5927 45.9
    endloop
  endfacet
  facet normal -0.819224 0.573474 0
    outer loop
      vertex 26.7968 40.5927 48.3
      vertex 26.4701 40.126 45.9
      vertex 26.4701 40.126 48.3
    endloop
  endfacet
  facet normal 0.225026 0.974353 -0
    outer loop
      vertex 43.9482 46.8352 45.9
      vertex 43.3931 46.9634 48.3
      vertex 43.9482 46.8352 48.3
    endloop
  endfacet
  facet normal 0.225026 0.974353 0
    outer loop
      vertex 43.3931 46.9634 48.3
      vertex 43.9482 46.8352 45.9
      vertex 43.3931 46.9634 45.9
    endloop
  endfacet
  facet normal 0.933545 -0.358461 0
    outer loop
      vertex 55.1316 24.8864 48.3
      vertex 55.3358 25.4182 45.9
      vertex 55.3358 25.4182 48.3
    endloop
  endfacet
  facet normal 0.933545 -0.358461 0
    outer loop
      vertex 55.3358 25.4182 45.9
      vertex 55.1316 24.8864 48.3
      vertex 55.1316 24.8864 45.9
    endloop
  endfacet
  facet normal -0.0524943 -0.998621 0
    outer loop
      vertex 38.8616 14.7198 45.9
      vertex 39.4304 14.6899 48.3
      vertex 38.8616 14.7198 48.3
    endloop
  endfacet
  facet normal -0.0524943 -0.998621 -0
    outer loop
      vertex 39.4304 14.6899 48.3
      vertex 38.8616 14.7198 45.9
      vertex 39.4304 14.6899 45.9
    endloop
  endfacet
  facet normal 0.62933 0.777139 -0
    outer loop
      vertex 50.4903 43.5018 45.9
      vertex 50.0476 43.8603 48.3
      vertex 50.4903 43.5018 48.3
    endloop
  endfacet
  facet normal 0.62933 0.777139 0
    outer loop
      vertex 50.0476 43.8603 48.3
      vertex 50.4903 43.5018 45.9
      vertex 50.0476 43.8603 45.9
    endloop
  endfacet
  facet normal -0.601936 0.798544 0
    outer loop
      vertex 30.4073 44.2032 45.9
      vertex 29.9524 43.8603 48.3
      vertex 30.4073 44.2032 48.3
    endloop
  endfacet
  facet normal -0.601936 0.798544 0
    outer loop
      vertex 29.9524 43.8603 48.3
      vertex 30.4073 44.2032 45.9
      vertex 29.9524 43.8603 45.9
    endloop
  endfacet
  facet normal 0.358461 -0.933545 0
    outer loop
      vertex 45.5818 15.6642 45.9
      vertex 46.1136 15.8684 48.3
      vertex 45.5818 15.6642 48.3
    endloop
  endfacet
  facet normal 0.358461 -0.933545 0
    outer loop
      vertex 46.1136 15.8684 48.3
      vertex 45.5818 15.6642 45.9
      vertex 46.1136 15.8684 45.9
    endloop
  endfacet
  facet normal -0.390654 0.920538 0
    outer loop
      vertex 33.8864 46.1316 45.9
      vertex 33.3621 45.9091 48.3
      vertex 33.8864 46.1316 48.3
    endloop
  endfacet
  facet normal -0.390654 0.920538 0
    outer loop
      vertex 33.3621 45.9091 48.3
      vertex 33.8864 46.1316 45.9
      vertex 33.3621 45.9091 45.9
    endloop
  endfacet
  facet normal -0.974353 -0.225026 0
    outer loop
      vertex 24.1648 27.0518 45.9
      vertex 24.0366 27.6069 48.3
      vertex 24.0366 27.6069 45.9
    endloop
  endfacet
  facet normal -0.974353 -0.225026 0
    outer loop
      vertex 24.0366 27.6069 48.3
      vertex 24.1648 27.0518 45.9
      vertex 24.1648 27.0518 48.3
    endloop
  endfacet
  facet normal 0.98769 0.156422 0
    outer loop
      vertex 56.1612 33.2713 48.3
      vertex 56.0721 33.8339 45.9
      vertex 56.0721 33.8339 48.3
    endloop
  endfacet
  facet normal 0.98769 0.156422 0
    outer loop
      vertex 56.0721 33.8339 45.9
      vertex 56.1612 33.2713 48.3
      vertex 56.1612 33.2713 45.9
    endloop
  endfacet
  facet normal 0.965937 -0.258777 0
    outer loop
      vertex 55.6878 26.5016 48.3
      vertex 55.8352 27.0518 45.9
      vertex 55.8352 27.0518 48.3
    endloop
  endfacet
  facet normal 0.965937 -0.258777 0
    outer loop
      vertex 55.8352 27.0518 45.9
      vertex 55.6878 26.5016 48.3
      vertex 55.6878 26.5016 45.9
    endloop
  endfacet
  facet normal -0.906277 -0.422684 0
    outer loop
      vertex 25.3317 23.8458 45.9
      vertex 25.0909 24.3621 48.3
      vertex 25.0909 24.3621 45.9
    endloop
  endfacet
  facet normal -0.906277 -0.422684 0
    outer loop
      vertex 25.0909 24.3621 48.3
      vertex 25.3317 23.8458 45.9
      vertex 25.3317 23.8458 48.3
    endloop
  endfacet
  facet normal -0.017378 0.999849 0
    outer loop
      vertex 40 47.32 45.9
      vertex 39.4304 47.3101 48.3
      vertex 40 47.32 48.3
    endloop
  endfacet
  facet normal -0.017378 0.999849 0
    outer loop
      vertex 39.4304 47.3101 48.3
      vertex 40 47.32 45.9
      vertex 39.4304 47.3101 45.9
    endloop
  endfacet
  facet normal 0.992551 0.121831 0
    outer loop
      vertex 56.2306 32.7059 48.3
      vertex 56.1612 33.2713 45.9
      vertex 56.1612 33.2713 48.3
    endloop
  endfacet
  facet normal 0.992551 0.121831 0
    outer loop
      vertex 56.1612 33.2713 45.9
      vertex 56.2306 32.7059 48.3
      vertex 56.2306 32.7059 45.9
    endloop
  endfacet
  facet normal 0.906277 0.422684 0
    outer loop
      vertex 54.9091 37.6379 48.3
      vertex 54.6683 38.1542 45.9
      vertex 54.6683 38.1542 48.3
    endloop
  endfacet
  facet normal 0.906277 0.422684 0
    outer loop
      vertex 54.6683 38.1542 45.9
      vertex 54.9091 37.6379 48.3
      vertex 54.9091 37.6379 45.9
    endloop
  endfacet
  facet normal 0.891031 0.453942 0
    outer loop
      vertex 54.6683 38.1542 48.3
      vertex 54.4097 38.6618 45.9
      vertex 54.4097 38.6618 48.3
    endloop
  endfacet
  facet normal 0.891031 0.453942 0
    outer loop
      vertex 54.4097 38.6618 45.9
      vertex 54.6683 38.1542 48.3
      vertex 54.6683 38.1542 45.9
    endloop
  endfacet
  facet normal -0.945548 -0.325482 0
    outer loop
      vertex 24.6642 25.4182 45.9
      vertex 24.4788 25.9568 48.3
      vertex 24.4788 25.9568 45.9
    endloop
  endfacet
  facet normal -0.945548 -0.325482 0
    outer loop
      vertex 24.4788 25.9568 48.3
      vertex 24.6642 25.4182 45.9
      vertex 24.6642 25.4182 48.3
    endloop
  endfacet
  facet normal -0.754715 -0.656053 0
    outer loop
      vertex 27.8719 20.0798 45.9
      vertex 27.4982 20.5097 48.3
      vertex 27.4982 20.5097 45.9
    endloop
  endfacet
  facet normal -0.754715 -0.656053 0
    outer loop
      vertex 27.4982 20.5097 48.3
      vertex 27.8719 20.0798 45.9
      vertex 27.8719 20.0798 48.3
    endloop
  endfacet
  facet normal 0.974353 0.225026 0
    outer loop
      vertex 55.9634 34.3931 48.3
      vertex 55.8352 34.9482 45.9
      vertex 55.8352 34.9482 48.3
    endloop
  endfacet
  facet normal 0.974353 0.225026 0
    outer loop
      vertex 55.8352 34.9482 45.9
      vertex 55.9634 34.3931 48.3
      vertex 55.9634 34.3931 45.9
    endloop
  endfacet
  facet normal -0.731341 -0.682012 0
    outer loop
      vertex 28.2604 19.6632 45.9
      vertex 27.8719 20.0798 48.3
      vertex 27.8719 20.0798 45.9
    endloop
  endfacet
  facet normal -0.731341 -0.682012 0
    outer loop
      vertex 27.8719 20.0798 48.3
      vertex 28.2604 19.6632 45.9
      vertex 28.2604 19.6632 48.3
    endloop
  endfacet
  facet normal 0.857167 0.515038 0
    outer loop
      vertex 54.1335 39.16 48.3
      vertex 53.8401 39.6483 45.9
      vertex 53.8401 39.6483 48.3
    endloop
  endfacet
  facet normal 0.857167 0.515038 0
    outer loop
      vertex 53.8401 39.6483 45.9
      vertex 54.1335 39.16 48.3
      vertex 54.1335 39.16 45.9
    endloop
  endfacet
  facet normal 0.422603 -0.906315 0
    outer loop
      vertex 46.6379 16.0909 45.9
      vertex 47.0072 16.2631 48.3
      vertex 46.6379 16.0909 48.3
    endloop
  endfacet
  facet normal 0.422603 -0.906315 0
    outer loop
      vertex 47.0072 16.2631 48.3
      vertex 46.6379 16.0909 45.9
      vertex 47.0072 16.2631 45.9
    endloop
  endfacet
  facet normal -0.992551 0.121831 0
    outer loop
      vertex 23.7694 32.7059 45.9
      vertex 23.8388 33.2713 48.3
      vertex 23.8388 33.2713 45.9
    endloop
  endfacet
  facet normal -0.992551 0.121831 0
    outer loop
      vertex 23.8388 33.2713 48.3
      vertex 23.7694 32.7059 45.9
      vertex 23.7694 32.7059 48.3
    endloop
  endfacet
  facet normal -0.656053 0.754715 0
    outer loop
      vertex 29.5097 43.5018 45.9
      vertex 29.0798 43.1281 48.3
      vertex 29.5097 43.5018 48.3
    endloop
  endfacet
  facet normal -0.656053 0.754715 0
    outer loop
      vertex 29.0798 43.1281 48.3
      vertex 29.5097 43.5018 45.9
      vertex 29.0798 43.1281 45.9
    endloop
  endfacet
  facet normal 0.965937 0.258777 0
    outer loop
      vertex 55.8352 34.9482 48.3
      vertex 55.6878 35.4984 45.9
      vertex 55.6878 35.4984 48.3
    endloop
  endfacet
  facet normal 0.965937 0.258777 0
    outer loop
      vertex 55.6878 35.4984 45.9
      vertex 55.8352 34.9482 48.3
      vertex 55.8352 34.9482 45.9
    endloop
  endfacet
  facet normal 0.087069 0.996202 -0
    outer loop
      vertex 41.7059 47.2306 45.9
      vertex 41.1384 47.2802 48.3
      vertex 41.7059 47.2306 48.3
    endloop
  endfacet
  facet normal 0.087069 0.996202 0
    outer loop
      vertex 41.1384 47.2802 48.3
      vertex 41.7059 47.2306 45.9
      vertex 41.1384 47.2802 45.9
    endloop
  endfacet
  facet normal 0.798544 -0.601936 0
    outer loop
      vertex 52.8603 20.9524 48.3
      vertex 53.2032 21.4073 45.9
      vertex 53.2032 21.4073 48.3
    endloop
  endfacet
  facet normal 0.798544 -0.601936 0
    outer loop
      vertex 53.2032 21.4073 45.9
      vertex 52.8603 20.9524 48.3
      vertex 52.8603 20.9524 45.9
    endloop
  endfacet
  facet normal -0.754715 0.656053 0
    outer loop
      vertex 27.4982 41.4903 45.9
      vertex 27.8719 41.9202 48.3
      vertex 27.8719 41.9202 45.9
    endloop
  endfacet
  facet normal -0.754715 0.656053 0
    outer loop
      vertex 27.8719 41.9202 48.3
      vertex 27.4982 41.4903 45.9
      vertex 27.4982 41.4903 48.3
    endloop
  endfacet
  facet normal 0.707107 0.707107 0
    outer loop
      vertex 51.7396 42.3368 48.3
      vertex 51.3368 42.7396 45.9
      vertex 51.3368 42.7396 48.3
    endloop
  endfacet
  facet normal 0.707107 0.707107 0
    outer loop
      vertex 51.3368 42.7396 45.9
      vertex 51.7396 42.3368 48.3
      vertex 51.7396 42.3368 45.9
    endloop
  endfacet
  facet normal -0.933545 0.358461 0
    outer loop
      vertex 24.6642 36.5818 45.9
      vertex 24.8684 37.1136 48.3
      vertex 24.8684 37.1136 45.9
    endloop
  endfacet
  facet normal -0.933545 0.358461 0
    outer loop
      vertex 24.8684 37.1136 48.3
      vertex 24.6642 36.5818 45.9
      vertex 24.6642 36.5818 48.3
    endloop
  endfacet
  facet normal -0.682012 0.731341 0
    outer loop
      vertex 29.0798 43.1281 45.9
      vertex 28.6632 42.7396 48.3
      vertex 29.0798 43.1281 48.3
    endloop
  endfacet
  facet normal -0.682012 0.731341 0
    outer loop
      vertex 28.6632 42.7396 48.3
      vertex 29.0798 43.1281 45.9
      vertex 28.6632 42.7396 45.9
    endloop
  endfacet
  facet normal -0.0524943 0.998621 0
    outer loop
      vertex 39.4304 47.3101 45.9
      vertex 38.8616 47.2802 48.3
      vertex 39.4304 47.3101 48.3
    endloop
  endfacet
  facet normal -0.0524943 0.998621 0
    outer loop
      vertex 38.8616 47.2802 48.3
      vertex 39.4304 47.3101 45.9
      vertex 38.8616 47.2802 45.9
    endloop
  endfacet
  facet normal 0.731341 0.682012 0
    outer loop
      vertex 52.1281 41.9202 48.3
      vertex 51.7396 42.3368 45.9
      vertex 51.7396 42.3368 48.3
    endloop
  endfacet
  facet normal 0.731341 0.682012 0
    outer loop
      vertex 51.7396 42.3368 45.9
      vertex 52.1281 41.9202 48.3
      vertex 52.1281 41.9202 45.9
    endloop
  endfacet
  facet normal -0.62933 -0.777139 0
    outer loop
      vertex 29.5097 18.4982 45.9
      vertex 29.9524 18.1397 48.3
      vertex 29.5097 18.4982 48.3
    endloop
  endfacet
  facet normal -0.62933 -0.777139 -0
    outer loop
      vertex 29.9524 18.1397 48.3
      vertex 29.5097 18.4982 45.9
      vertex 29.9524 18.1397 45.9
    endloop
  endfacet
  facet normal 0.258777 -0.965937 0
    outer loop
      vertex 43.9482 15.1648 45.9
      vertex 44.4984 15.3122 48.3
      vertex 43.9482 15.1648 48.3
    endloop
  endfacet
  facet normal 0.258777 -0.965937 0
    outer loop
      vertex 44.4984 15.3122 48.3
      vertex 43.9482 15.1648 45.9
      vertex 44.4984 15.3122 45.9
    endloop
  endfacet
  facet normal -0.956286 0.292433 0
    outer loop
      vertex 24.3122 35.4984 45.9
      vertex 24.4788 36.0432 48.3
      vertex 24.4788 36.0432 45.9
    endloop
  endfacet
  facet normal -0.956286 0.292433 0
    outer loop
      vertex 24.4788 36.0432 48.3
      vertex 24.3122 35.4984 45.9
      vertex 24.3122 35.4984 48.3
    endloop
  endfacet
  facet normal -0.956286 -0.292433 0
    outer loop
      vertex 24.4788 25.9568 45.9
      vertex 24.3122 26.5016 48.3
      vertex 24.3122 26.5016 45.9
    endloop
  endfacet
  facet normal -0.956286 -0.292433 0
    outer loop
      vertex 24.3122 26.5016 48.3
      vertex 24.4788 25.9568 45.9
      vertex 24.4788 25.9568 48.3
    endloop
  endfacet
  facet normal 0.390654 0.920538 -0
    outer loop
      vertex 46.6379 45.9091 45.9
      vertex 46.1136 46.1316 48.3
      vertex 46.6379 45.9091 48.3
    endloop
  endfacet
  facet normal 0.390654 0.920538 0
    outer loop
      vertex 46.1136 46.1316 48.3
      vertex 46.6379 45.9091 45.9
      vertex 46.1136 46.1316 45.9
    endloop
  endfacet
  facet normal 0.656053 -0.754715 0
    outer loop
      vertex 50.4903 18.4982 45.9
      vertex 50.9202 18.8719 48.3
      vertex 50.4903 18.4982 48.3
    endloop
  endfacet
  facet normal 0.656053 -0.754715 0
    outer loop
      vertex 50.9202 18.8719 48.3
      vertex 50.4903 18.4982 45.9
      vertex 50.9202 18.8719 45.9
    endloop
  endfacet
  facet normal 0.573528 -0.819186 0
    outer loop
      vertex 49.2589 17.5631 45.9
      vertex 49.5927 17.7968 48.3
      vertex 49.2589 17.5631 48.3
    endloop
  endfacet
  facet normal 0.573528 -0.819186 0
    outer loop
      vertex 49.5927 17.7968 48.3
      vertex 49.2589 17.5631 45.9
      vertex 49.5927 17.7968 45.9
    endloop
  endfacet
  facet normal -0.974353 0.225026 0
    outer loop
      vertex 24.0366 34.3931 45.9
      vertex 24.1648 34.9482 48.3
      vertex 24.1648 34.9482 45.9
    endloop
  endfacet
  facet normal -0.974353 0.225026 0
    outer loop
      vertex 24.1648 34.9482 48.3
      vertex 24.0366 34.3931 45.9
      vertex 24.0366 34.3931 48.3
    endloop
  endfacet
  facet normal 0.017378 0.999849 -0
    outer loop
      vertex 40.5696 47.3101 45.9
      vertex 40 47.32 48.3
      vertex 40.5696 47.3101 48.3
    endloop
  endfacet
  facet normal 0.017378 0.999849 0
    outer loop
      vertex 40 47.32 48.3
      vertex 40.5696 47.3101 45.9
      vertex 40 47.32 45.9
    endloop
  endfacet
  facet normal 0.992551 -0.121831 0
    outer loop
      vertex 56.1612 28.7287 48.3
      vertex 56.2306 29.2941 45.9
      vertex 56.2306 29.2941 48.3
    endloop
  endfacet
  facet normal 0.992551 -0.121831 0
    outer loop
      vertex 56.2306 29.2941 45.9
      vertex 56.1612 28.7287 48.3
      vertex 56.1612 28.7287 45.9
    endloop
  endfacet
  facet normal 0.121831 0.992551 -0
    outer loop
      vertex 42.2713 47.1612 45.9
      vertex 41.7059 47.2306 48.3
      vertex 42.2713 47.1612 48.3
    endloop
  endfacet
  facet normal 0.121831 0.992551 0
    outer loop
      vertex 41.7059 47.2306 48.3
      vertex 42.2713 47.1612 45.9
      vertex 41.7059 47.2306 45.9
    endloop
  endfacet
  facet normal -0.707107 0.707107 0
    outer loop
      vertex 28.2604 42.3368 45.9
      vertex 28.6632 42.7396 48.3
      vertex 28.6632 42.7396 45.9
    endloop
  endfacet
  facet normal -0.707107 0.707107 0
    outer loop
      vertex 28.6632 42.7396 48.3
      vertex 28.2604 42.3368 45.9
      vertex 28.2604 42.3368 48.3
    endloop
  endfacet
  facet normal -0.682012 -0.731341 0
    outer loop
      vertex 28.6632 19.2604 45.9
      vertex 29.0798 18.8719 48.3
      vertex 28.6632 19.2604 48.3
    endloop
  endfacet
  facet normal -0.682012 -0.731341 -0
    outer loop
      vertex 29.0798 18.8719 48.3
      vertex 28.6632 19.2604 45.9
      vertex 29.0798 18.8719 45.9
    endloop
  endfacet
  facet normal -0.156422 -0.98769 0
    outer loop
      vertex 37.1661 14.9279 45.9
      vertex 37.7287 14.8388 48.3
      vertex 37.1661 14.9279 48.3
    endloop
  endfacet
  facet normal -0.156422 -0.98769 -0
    outer loop
      vertex 37.7287 14.8388 48.3
      vertex 37.1661 14.9279 45.9
      vertex 37.7287 14.8388 45.9
    endloop
  endfacet
  facet normal 0.945548 -0.325482 0
    outer loop
      vertex 55.3358 25.4182 48.3
      vertex 55.5212 25.9568 45.9
      vertex 55.5212 25.9568 48.3
    endloop
  endfacet
  facet normal 0.945548 -0.325482 0
    outer loop
      vertex 55.5212 25.9568 45.9
      vertex 55.3358 25.4182 48.3
      vertex 55.3358 25.4182 45.9
    endloop
  endfacet
  facet normal -0.017378 -0.999849 0
    outer loop
      vertex 39.4304 14.6899 45.9
      vertex 40 14.68 48.3
      vertex 39.4304 14.6899 48.3
    endloop
  endfacet
  facet normal -0.017378 -0.999849 -0
    outer loop
      vertex 40 14.68 48.3
      vertex 39.4304 14.6899 45.9
      vertex 40 14.68 45.9
    endloop
  endfacet
  facet normal -0.325482 0.945548 0
    outer loop
      vertex 34.9568 46.5212 45.9
      vertex 34.4182 46.3358 48.3
      vertex 34.9568 46.5212 48.3
    endloop
  endfacet
  facet normal -0.325482 0.945548 0
    outer loop
      vertex 34.4182 46.3358 48.3
      vertex 34.9568 46.5212 45.9
      vertex 34.4182 46.3358 45.9
    endloop
  endfacet
  facet normal -0.819224 -0.573474 0
    outer loop
      vertex 26.7968 21.4073 45.9
      vertex 26.4701 21.874 48.3
      vertex 26.4701 21.874 45.9
    endloop
  endfacet
  facet normal -0.819224 -0.573474 0
    outer loop
      vertex 26.4701 21.874 48.3
      vertex 26.7968 21.4073 45.9
      vertex 26.7968 21.4073 48.3
    endloop
  endfacet
  facet normal 0.156422 -0.98769 0
    outer loop
      vertex 42.2713 14.8388 45.9
      vertex 42.8339 14.9279 48.3
      vertex 42.2713 14.8388 48.3
    endloop
  endfacet
  facet normal 0.156422 -0.98769 0
    outer loop
      vertex 42.8339 14.9279 48.3
      vertex 42.2713 14.8388 45.9
      vertex 42.8339 14.9279 45.9
    endloop
  endfacet
  facet normal 0.754715 -0.656053 0
    outer loop
      vertex 52.1281 20.0798 48.3
      vertex 52.5018 20.5097 45.9
      vertex 52.5018 20.5097 48.3
    endloop
  endfacet
  facet normal 0.754715 -0.656053 0
    outer loop
      vertex 52.5018 20.5097 45.9
      vertex 52.1281 20.0798 48.3
      vertex 52.1281 20.0798 45.9
    endloop
  endfacet
  facet normal 0.945548 0.325482 0
    outer loop
      vertex 55.5212 36.0432 48.3
      vertex 55.3358 36.5818 45.9
      vertex 55.3358 36.5818 48.3
    endloop
  endfacet
  facet normal 0.945548 0.325482 0
    outer loop
      vertex 55.3358 36.5818 45.9
      vertex 55.5212 36.0432 48.3
      vertex 55.5212 36.0432 45.9
    endloop
  endfacet
  facet normal 0.838688 -0.544612 0
    outer loop
      vertex 53.5299 21.874 48.3
      vertex 53.8401 22.3517 45.9
      vertex 53.8401 22.3517 48.3
    endloop
  endfacet
  facet normal 0.838688 -0.544612 0
    outer loop
      vertex 53.8401 22.3517 45.9
      vertex 53.5299 21.874 48.3
      vertex 53.5299 21.874 45.9
    endloop
  endfacet
  facet normal -0.62933 0.777139 0
    outer loop
      vertex 29.9524 43.8603 45.9
      vertex 29.5097 43.5018 48.3
      vertex 29.9524 43.8603 48.3
    endloop
  endfacet
  facet normal -0.62933 0.777139 0
    outer loop
      vertex 29.5097 43.5018 48.3
      vertex 29.9524 43.8603 45.9
      vertex 29.5097 43.5018 45.9
    endloop
  endfacet
  facet normal 0.190813 -0.981626 0
    outer loop
      vertex 42.8339 14.9279 45.9
      vertex 43.3931 15.0366 48.3
      vertex 42.8339 14.9279 48.3
    endloop
  endfacet
  facet normal 0.190813 -0.981626 0
    outer loop
      vertex 43.3931 15.0366 48.3
      vertex 42.8339 14.9279 45.9
      vertex 43.3931 15.0366 45.9
    endloop
  endfacet
  facet normal 0.656053 0.754715 -0
    outer loop
      vertex 50.9202 43.1281 45.9
      vertex 50.4903 43.5018 48.3
      vertex 50.9202 43.1281 48.3
    endloop
  endfacet
  facet normal 0.656053 0.754715 0
    outer loop
      vertex 50.4903 43.5018 48.3
      vertex 50.9202 43.1281 45.9
      vertex 50.4903 43.5018 45.9
    endloop
  endfacet
  facet normal -0.891031 0.453942 0
    outer loop
      vertex 25.3317 38.1542 45.9
      vertex 25.5903 38.6618 48.3
      vertex 25.5903 38.6618 45.9
    endloop
  endfacet
  facet normal -0.891031 0.453942 0
    outer loop
      vertex 25.5903 38.6618 48.3
      vertex 25.3317 38.1542 45.9
      vertex 25.3317 38.1542 48.3
    endloop
  endfacet
  facet normal 0.874588 0.484868 0
    outer loop
      vertex 54.4097 38.6618 48.3
      vertex 54.1335 39.16 45.9
      vertex 54.1335 39.16 48.3
    endloop
  endfacet
  facet normal 0.874588 0.484868 0
    outer loop
      vertex 54.1335 39.16 45.9
      vertex 54.4097 38.6618 48.3
      vertex 54.4097 38.6618 45.9
    endloop
  endfacet
  facet normal -0.573528 0.819186 0
    outer loop
      vertex 30.7411 44.4369 45.9
      vertex 30.4073 44.2032 48.3
      vertex 30.7411 44.4369 48.3
    endloop
  endfacet
  facet normal -0.573528 0.819186 0
    outer loop
      vertex 30.4073 44.2032 48.3
      vertex 30.7411 44.4369 45.9
      vertex 30.4073 44.2032 45.9
    endloop
  endfacet
  facet normal -0.325482 -0.945548 0
    outer loop
      vertex 34.4182 15.6642 45.9
      vertex 34.9568 15.4788 48.3
      vertex 34.4182 15.6642 48.3
    endloop
  endfacet
  facet normal -0.325482 -0.945548 -0
    outer loop
      vertex 34.9568 15.4788 48.3
      vertex 34.4182 15.6642 45.9
      vertex 34.9568 15.4788 45.9
    endloop
  endfacet
  facet normal -0.225026 0.974353 0
    outer loop
      vertex 36.6069 46.9634 45.9
      vertex 36.0518 46.8352 48.3
      vertex 36.6069 46.9634 48.3
    endloop
  endfacet
  facet normal -0.225026 0.974353 0
    outer loop
      vertex 36.0518 46.8352 48.3
      vertex 36.6069 46.9634 45.9
      vertex 36.0518 46.8352 45.9
    endloop
  endfacet
  facet normal -0.707107 -0.707107 0
    outer loop
      vertex 28.6632 19.2604 45.9
      vertex 28.2604 19.6632 48.3
      vertex 28.2604 19.6632 45.9
    endloop
  endfacet
  facet normal -0.707107 -0.707107 0
    outer loop
      vertex 28.2604 19.6632 48.3
      vertex 28.6632 19.2604 45.9
      vertex 28.6632 19.2604 48.3
    endloop
  endfacet
  facet normal 0.974353 -0.225026 0
    outer loop
      vertex 55.8352 27.0518 48.3
      vertex 55.9634 27.6069 45.9
      vertex 55.9634 27.6069 48.3
    endloop
  endfacet
  facet normal 0.974353 -0.225026 0
    outer loop
      vertex 55.9634 27.6069 45.9
      vertex 55.8352 27.0518 48.3
      vertex 55.8352 27.0518 45.9
    endloop
  endfacet
  facet normal -0.981626 0.190813 0
    outer loop
      vertex 23.9279 33.8339 45.9
      vertex 24.0366 34.3931 48.3
      vertex 24.0366 34.3931 45.9
    endloop
  endfacet
  facet normal -0.981626 0.190813 0
    outer loop
      vertex 24.0366 34.3931 48.3
      vertex 23.9279 33.8339 45.9
      vertex 23.9279 33.8339 48.3
    endloop
  endfacet
  facet normal 0.920538 0.390654 0
    outer loop
      vertex 55.1316 37.1136 48.3
      vertex 54.9091 37.6379 45.9
      vertex 54.9091 37.6379 48.3
    endloop
  endfacet
  facet normal 0.920538 0.390654 0
    outer loop
      vertex 54.9091 37.6379 45.9
      vertex 55.1316 37.1136 48.3
      vertex 55.1316 37.1136 45.9
    endloop
  endfacet
  facet normal 0.798544 0.601936 0
    outer loop
      vertex 53.2032 40.5927 48.3
      vertex 52.8603 41.0476 45.9
      vertex 52.8603 41.0476 48.3
    endloop
  endfacet
  facet normal 0.798544 0.601936 0
    outer loop
      vertex 52.8603 41.0476 45.9
      vertex 53.2032 40.5927 48.3
      vertex 53.2032 40.5927 45.9
    endloop
  endfacet
  facet normal 0.996197 0.0871274 0
    outer loop
      vertex 56.2661 32.3 48.3
      vertex 56.2306 32.7059 45.9
      vertex 56.2306 32.7059 48.3
    endloop
  endfacet
  facet normal 0.996197 0.0871274 0
    outer loop
      vertex 56.2306 32.7059 45.9
      vertex 56.2661 32.3 48.3
      vertex 56.2661 32.3 45.9
    endloop
  endfacet
  facet normal -0.087069 -0.996202 0
    outer loop
      vertex 38.2941 14.7694 45.9
      vertex 38.8616 14.7198 48.3
      vertex 38.2941 14.7694 48.3
    endloop
  endfacet
  facet normal -0.087069 -0.996202 -0
    outer loop
      vertex 38.8616 14.7198 48.3
      vertex 38.2941 14.7694 45.9
      vertex 38.8616 14.7198 45.9
    endloop
  endfacet
  facet normal 0.819224 0.573474 0
    outer loop
      vertex 53.5299 40.126 48.3
      vertex 53.2032 40.5927 45.9
      vertex 53.2032 40.5927 48.3
    endloop
  endfacet
  facet normal 0.819224 0.573474 0
    outer loop
      vertex 53.2032 40.5927 45.9
      vertex 53.5299 40.126 48.3
      vertex 53.5299 40.126 45.9
    endloop
  endfacet
  facet normal 0.0524943 0.998621 -0
    outer loop
      vertex 41.1384 47.2802 45.9
      vertex 40.5696 47.3101 48.3
      vertex 41.1384 47.2802 48.3
    endloop
  endfacet
  facet normal 0.0524943 0.998621 0
    outer loop
      vertex 40.5696 47.3101 48.3
      vertex 41.1384 47.2802 45.9
      vertex 40.5696 47.3101 45.9
    endloop
  endfacet
  facet normal -0.258777 -0.965937 0
    outer loop
      vertex 35.5016 15.3122 45.9
      vertex 36.0518 15.1648 48.3
      vertex 35.5016 15.3122 48.3
    endloop
  endfacet
  facet normal -0.258777 -0.965937 -0
    outer loop
      vertex 36.0518 15.1648 48.3
      vertex 35.5016 15.3122 45.9
      vertex 36.0518 15.1648 45.9
    endloop
  endfacet
  facet normal -0.933545 -0.358461 0
    outer loop
      vertex 24.8684 24.8864 45.9
      vertex 24.6642 25.4182 48.3
      vertex 24.6642 25.4182 45.9
    endloop
  endfacet
  facet normal -0.933545 -0.358461 0
    outer loop
      vertex 24.6642 25.4182 48.3
      vertex 24.8684 24.8864 45.9
      vertex 24.8684 24.8864 48.3
    endloop
  endfacet
  facet normal -0.98769 0.156422 0
    outer loop
      vertex 23.8388 33.2713 45.9
      vertex 23.9279 33.8339 48.3
      vertex 23.9279 33.8339 45.9
    endloop
  endfacet
  facet normal -0.98769 0.156422 0
    outer loop
      vertex 23.9279 33.8339 48.3
      vertex 23.8388 33.2713 45.9
      vertex 23.8388 33.2713 48.3
    endloop
  endfacet
  facet normal 0.777139 0.62933 0
    outer loop
      vertex 52.8603 41.0476 48.3
      vertex 52.5018 41.4903 45.9
      vertex 52.5018 41.4903 48.3
    endloop
  endfacet
  facet normal 0.777139 0.62933 0
    outer loop
      vertex 52.5018 41.4903 45.9
      vertex 52.8603 41.0476 48.3
      vertex 52.8603 41.0476 45.9
    endloop
  endfacet
  facet normal 0.682012 -0.731341 0
    outer loop
      vertex 50.9202 18.8719 45.9
      vertex 51.3368 19.2604 48.3
      vertex 50.9202 18.8719 48.3
    endloop
  endfacet
  facet normal 0.682012 -0.731341 0
    outer loop
      vertex 51.3368 19.2604 48.3
      vertex 50.9202 18.8719 45.9
      vertex 51.3368 19.2604 45.9
    endloop
  endfacet
  facet normal 0.920538 -0.390654 0
    outer loop
      vertex 54.9091 24.3621 48.3
      vertex 55.1316 24.8864 45.9
      vertex 55.1316 24.8864 48.3
    endloop
  endfacet
  facet normal 0.920538 -0.390654 0
    outer loop
      vertex 55.1316 24.8864 45.9
      vertex 54.9091 24.3621 48.3
      vertex 54.9091 24.3621 45.9
    endloop
  endfacet
  facet normal -0.292433 -0.956286 0
    outer loop
      vertex 34.9568 15.4788 45.9
      vertex 35.5016 15.3122 48.3
      vertex 34.9568 15.4788 48.3
    endloop
  endfacet
  facet normal -0.292433 -0.956286 -0
    outer loop
      vertex 35.5016 15.3122 48.3
      vertex 34.9568 15.4788 45.9
      vertex 35.5016 15.3122 45.9
    endloop
  endfacet
  facet normal -0.920538 0.390654 0
    outer loop
      vertex 24.8684 37.1136 45.9
      vertex 25.0909 37.6379 48.3
      vertex 25.0909 37.6379 45.9
    endloop
  endfacet
  facet normal -0.920538 0.390654 0
    outer loop
      vertex 25.0909 37.6379 48.3
      vertex 24.8684 37.1136 45.9
      vertex 24.8684 37.1136 48.3
    endloop
  endfacet
  facet normal 0.981626 0.190813 0
    outer loop
      vertex 56.0721 33.8339 48.3
      vertex 55.9634 34.3931 45.9
      vertex 55.9634 34.3931 48.3
    endloop
  endfacet
  facet normal 0.981626 0.190813 0
    outer loop
      vertex 55.9634 34.3931 45.9
      vertex 56.0721 33.8339 48.3
      vertex 56.0721 33.8339 45.9
    endloop
  endfacet
  facet normal 0.087069 -0.996202 0
    outer loop
      vertex 41.1384 14.7198 45.9
      vertex 41.7059 14.7694 48.3
      vertex 41.1384 14.7198 48.3
    endloop
  endfacet
  facet normal 0.087069 -0.996202 0
    outer loop
      vertex 41.7059 14.7694 48.3
      vertex 41.1384 14.7198 45.9
      vertex 41.7059 14.7694 45.9
    endloop
  endfacet
  facet normal -0.190813 -0.981626 0
    outer loop
      vertex 36.6069 15.0366 45.9
      vertex 37.1661 14.9279 48.3
      vertex 36.6069 15.0366 48.3
    endloop
  endfacet
  facet normal -0.190813 -0.981626 -0
    outer loop
      vertex 37.1661 14.9279 48.3
      vertex 36.6069 15.0366 45.9
      vertex 37.1661 14.9279 45.9
    endloop
  endfacet
  facet normal 0.891031 -0.453942 0
    outer loop
      vertex 54.4097 23.3382 48.3
      vertex 54.6683 23.8458 45.9
      vertex 54.6683 23.8458 48.3
    endloop
  endfacet
  facet normal 0.891031 -0.453942 0
    outer loop
      vertex 54.6683 23.8458 45.9
      vertex 54.4097 23.3382 48.3
      vertex 54.4097 23.3382 45.9
    endloop
  endfacet
  facet normal 0.981626 -0.190813 0
    outer loop
      vertex 55.9634 27.6069 48.3
      vertex 56.0721 28.1661 45.9
      vertex 56.0721 28.1661 48.3
    endloop
  endfacet
  facet normal 0.981626 -0.190813 0
    outer loop
      vertex 56.0721 28.1661 45.9
      vertex 55.9634 27.6069 48.3
      vertex 55.9634 27.6069 45.9
    endloop
  endfacet
  facet normal -0.996197 0.0871274 0
    outer loop
      vertex 23.7339 32.3 45.9
      vertex 23.7694 32.7059 48.3
      vertex 23.7694 32.7059 45.9
    endloop
  endfacet
  facet normal -0.996197 0.0871274 0
    outer loop
      vertex 23.7694 32.7059 48.3
      vertex 23.7339 32.3 45.9
      vertex 23.7339 32.3 48.3
    endloop
  endfacet
  facet normal -0.777139 -0.62933 0
    outer loop
      vertex 27.4982 20.5097 45.9
      vertex 27.1397 20.9524 48.3
      vertex 27.1397 20.9524 45.9
    endloop
  endfacet
  facet normal -0.777139 -0.62933 0
    outer loop
      vertex 27.1397 20.9524 48.3
      vertex 27.4982 20.5097 45.9
      vertex 27.4982 20.5097 48.3
    endloop
  endfacet
  facet normal -0.981626 -0.190813 0
    outer loop
      vertex 24.0366 27.6069 45.9
      vertex 23.9279 28.1661 48.3
      vertex 23.9279 28.1661 45.9
    endloop
  endfacet
  facet normal -0.981626 -0.190813 0
    outer loop
      vertex 23.9279 28.1661 48.3
      vertex 24.0366 27.6069 45.9
      vertex 24.0366 27.6069 48.3
    endloop
  endfacet
  facet normal 0.292433 0.956286 -0
    outer loop
      vertex 45.0432 46.5212 45.9
      vertex 44.4984 46.6878 48.3
      vertex 45.0432 46.5212 48.3
    endloop
  endfacet
  facet normal 0.292433 0.956286 0
    outer loop
      vertex 44.4984 46.6878 48.3
      vertex 45.0432 46.5212 45.9
      vertex 44.4984 46.6878 45.9
    endloop
  endfacet
  facet normal 0.933545 0.358461 0
    outer loop
      vertex 55.3358 36.5818 48.3
      vertex 55.1316 37.1136 45.9
      vertex 55.1316 37.1136 48.3
    endloop
  endfacet
  facet normal 0.933545 0.358461 0
    outer loop
      vertex 55.1316 37.1136 45.9
      vertex 55.3358 36.5818 48.3
      vertex 55.3358 36.5818 45.9
    endloop
  endfacet
  facet normal -0.777139 0.62933 0
    outer loop
      vertex 27.1397 41.0476 45.9
      vertex 27.4982 41.4903 48.3
      vertex 27.4982 41.4903 45.9
    endloop
  endfacet
  facet normal -0.777139 0.62933 0
    outer loop
      vertex 27.4982 41.4903 48.3
      vertex 27.1397 41.0476 45.9
      vertex 27.1397 41.0476 48.3
    endloop
  endfacet
  facet normal 0.906277 -0.422684 0
    outer loop
      vertex 54.6683 23.8458 48.3
      vertex 54.9091 24.3621 45.9
      vertex 54.9091 24.3621 48.3
    endloop
  endfacet
  facet normal 0.906277 -0.422684 0
    outer loop
      vertex 54.9091 24.3621 45.9
      vertex 54.6683 23.8458 48.3
      vertex 54.6683 23.8458 45.9
    endloop
  endfacet
  facet normal -0.838688 0.544612 0
    outer loop
      vertex 26.1599 39.6483 45.9
      vertex 26.4701 40.126 48.3
      vertex 26.4701 40.126 45.9
    endloop
  endfacet
  facet normal -0.838688 0.544612 0
    outer loop
      vertex 26.4701 40.126 48.3
      vertex 26.1599 39.6483 45.9
      vertex 26.1599 39.6483 48.3
    endloop
  endfacet
  facet normal -0.358461 -0.933545 0
    outer loop
      vertex 33.8864 15.8684 45.9
      vertex 34.4182 15.6642 48.3
      vertex 33.8864 15.8684 48.3
    endloop
  endfacet
  facet normal -0.358461 -0.933545 -0
    outer loop
      vertex 34.4182 15.6642 48.3
      vertex 33.8864 15.8684 45.9
      vertex 34.4182 15.6642 45.9
    endloop
  endfacet
  facet normal -0.992551 -0.121831 0
    outer loop
      vertex 23.8388 28.7287 45.9
      vertex 23.7694 29.2941 48.3
      vertex 23.7694 29.2941 45.9
    endloop
  endfacet
  facet normal -0.992551 -0.121831 0
    outer loop
      vertex 23.7694 29.2941 48.3
      vertex 23.8388 28.7287 45.9
      vertex 23.8388 28.7287 48.3
    endloop
  endfacet
  facet normal -0.906277 0.422684 0
    outer loop
      vertex 25.0909 37.6379 45.9
      vertex 25.3317 38.1542 48.3
      vertex 25.3317 38.1542 45.9
    endloop
  endfacet
  facet normal -0.906277 0.422684 0
    outer loop
      vertex 25.3317 38.1542 48.3
      vertex 25.0909 37.6379 45.9
      vertex 25.0909 37.6379 48.3
    endloop
  endfacet
  facet normal -0.225026 -0.974353 0
    outer loop
      vertex 36.0518 15.1648 45.9
      vertex 36.6069 15.0366 48.3
      vertex 36.0518 15.1648 48.3
    endloop
  endfacet
  facet normal -0.225026 -0.974353 -0
    outer loop
      vertex 36.6069 15.0366 48.3
      vertex 36.0518 15.1648 45.9
      vertex 36.6069 15.0366 45.9
    endloop
  endfacet
  facet normal -0.838688 -0.544612 0
    outer loop
      vertex 26.4701 21.874 45.9
      vertex 26.1599 22.3517 48.3
      vertex 26.1599 22.3517 45.9
    endloop
  endfacet
  facet normal -0.838688 -0.544612 0
    outer loop
      vertex 26.1599 22.3517 48.3
      vertex 26.4701 21.874 45.9
      vertex 26.4701 21.874 48.3
    endloop
  endfacet
  facet normal -0.857167 -0.515038 0
    outer loop
      vertex 26.1599 22.3517 45.9
      vertex 25.8665 22.84 48.3
      vertex 25.8665 22.84 45.9
    endloop
  endfacet
  facet normal -0.857167 -0.515038 0
    outer loop
      vertex 25.8665 22.84 48.3
      vertex 26.1599 22.3517 45.9
      vertex 26.1599 22.3517 48.3
    endloop
  endfacet
  facet normal -0.422603 0.906315 0
    outer loop
      vertex 33.3621 45.9091 45.9
      vertex 32.9928 45.7369 48.3
      vertex 33.3621 45.9091 48.3
    endloop
  endfacet
  facet normal -0.422603 0.906315 0
    outer loop
      vertex 32.9928 45.7369 48.3
      vertex 33.3621 45.9091 45.9
      vertex 32.9928 45.7369 45.9
    endloop
  endfacet
  facet normal -0.891031 -0.453942 0
    outer loop
      vertex 25.5903 23.3382 45.9
      vertex 25.3317 23.8458 48.3
      vertex 25.3317 23.8458 45.9
    endloop
  endfacet
  facet normal -0.891031 -0.453942 0
    outer loop
      vertex 25.3317 23.8458 48.3
      vertex 25.5903 23.3382 45.9
      vertex 25.5903 23.3382 48.3
    endloop
  endfacet
  facet normal -0.601936 -0.798544 0
    outer loop
      vertex 29.9524 18.1397 45.9
      vertex 30.4073 17.7968 48.3
      vertex 29.9524 18.1397 48.3
    endloop
  endfacet
  facet normal -0.601936 -0.798544 -0
    outer loop
      vertex 30.4073 17.7968 48.3
      vertex 29.9524 18.1397 45.9
      vertex 30.4073 17.7968 45.9
    endloop
  endfacet
  facet normal -0.190813 0.981626 0
    outer loop
      vertex 37.1661 47.0721 45.9
      vertex 36.6069 46.9634 48.3
      vertex 37.1661 47.0721 48.3
    endloop
  endfacet
  facet normal -0.190813 0.981626 0
    outer loop
      vertex 36.6069 46.9634 48.3
      vertex 37.1661 47.0721 45.9
      vertex 36.6069 46.9634 45.9
    endloop
  endfacet
  facet normal -0.874588 0.484868 0
    outer loop
      vertex 25.5903 38.6618 45.9
      vertex 25.8665 39.16 48.3
      vertex 25.8665 39.16 45.9
    endloop
  endfacet
  facet normal -0.874588 0.484868 0
    outer loop
      vertex 25.8665 39.16 48.3
      vertex 25.5903 38.6618 45.9
      vertex 25.5903 38.6618 48.3
    endloop
  endfacet
  facet normal 0.190813 0.981626 -0
    outer loop
      vertex 43.3931 46.9634 45.9
      vertex 42.8339 47.0721 48.3
      vertex 43.3931 46.9634 48.3
    endloop
  endfacet
  facet normal 0.190813 0.981626 0
    outer loop
      vertex 42.8339 47.0721 48.3
      vertex 43.3931 46.9634 45.9
      vertex 42.8339 47.0721 45.9
    endloop
  endfacet
  facet normal -0.731341 0.682012 0
    outer loop
      vertex 27.8719 41.9202 45.9
      vertex 28.2604 42.3368 48.3
      vertex 28.2604 42.3368 45.9
    endloop
  endfacet
  facet normal -0.731341 0.682012 0
    outer loop
      vertex 28.2604 42.3368 48.3
      vertex 27.8719 41.9202 45.9
      vertex 27.8719 41.9202 48.3
    endloop
  endfacet
  facet normal -0.390654 -0.920538 0
    outer loop
      vertex 33.3621 16.0909 45.9
      vertex 33.8864 15.8684 48.3
      vertex 33.3621 16.0909 48.3
    endloop
  endfacet
  facet normal -0.390654 -0.920538 -0
    outer loop
      vertex 33.8864 15.8684 48.3
      vertex 33.3621 16.0909 45.9
      vertex 33.8864 15.8684 45.9
    endloop
  endfacet
  facet normal -0.920538 -0.390654 0
    outer loop
      vertex 25.0909 24.3621 45.9
      vertex 24.8684 24.8864 48.3
      vertex 24.8684 24.8864 45.9
    endloop
  endfacet
  facet normal -0.920538 -0.390654 0
    outer loop
      vertex 24.8684 24.8864 48.3
      vertex 25.0909 24.3621 45.9
      vertex 25.0909 24.3621 48.3
    endloop
  endfacet
  facet normal -0.573528 -0.819186 0
    outer loop
      vertex 30.4073 17.7968 45.9
      vertex 30.7411 17.5631 48.3
      vertex 30.4073 17.7968 48.3
    endloop
  endfacet
  facet normal -0.573528 -0.819186 -0
    outer loop
      vertex 30.7411 17.5631 48.3
      vertex 30.4073 17.7968 45.9
      vertex 30.7411 17.5631 45.9
    endloop
  endfacet
  facet normal 0.906407 -0.422405 0
    outer loop
      vertex 27.4662 36.5804 48.3
      vertex 27.6685 37.0145 45.9
      vertex 27.6685 37.0145 48.3
    endloop
  endfacet
  facet normal 0.906407 -0.422405 0
    outer loop
      vertex 27.6685 37.0145 45.9
      vertex 27.4662 36.5804 48.3
      vertex 27.4662 36.5804 45.9
    endloop
  endfacet
  facet normal 0.857124 -0.51511 0
    outer loop
      vertex 28.1181 37.86 48.3
      vertex 28.3648 38.2705 45.9
      vertex 28.3648 38.2705 48.3
    endloop
  endfacet
  facet normal 0.857124 -0.51511 0
    outer loop
      vertex 28.3648 38.2705 45.9
      vertex 28.1181 37.86 48.3
      vertex 28.1181 37.86 45.9
    endloop
  endfacet
  facet normal -0.956319 -0.292325 0
    outer loop
      vertex 53.1885 34.7817 45.9
      vertex 53.0485 35.2397 48.3
      vertex 53.0485 35.2397 45.9
    endloop
  endfacet
  facet normal -0.956319 -0.292325 0
    outer loop
      vertex 53.0485 35.2397 48.3
      vertex 53.1885 34.7817 45.9
      vertex 53.1885 34.7817 48.3
    endloop
  endfacet
  facet normal -0.62942 -0.777065 0
    outer loop
      vertex 48.4469 41.8115 45.9
      vertex 48.819 41.5101 48.3
      vertex 48.4469 41.8115 48.3
    endloop
  endfacet
  facet normal -0.62942 -0.777065 -0
    outer loop
      vertex 48.819 41.5101 48.3
      vertex 48.4469 41.8115 45.9
      vertex 48.819 41.5101 45.9
    endloop
  endfacet
  facet normal 0.956319 0.292325 0
    outer loop
      vertex 26.9515 26.7603 48.3
      vertex 26.8115 27.2183 45.9
      vertex 26.8115 27.2183 48.3
    endloop
  endfacet
  facet normal 0.956319 0.292325 0
    outer loop
      vertex 26.8115 27.2183 45.9
      vertex 26.9515 26.7603 48.3
      vertex 26.9515 26.7603 45.9
    endloop
  endfacet
  facet normal 0.422398 -0.906411 0
    outer loop
      vertex 34.2975 43.4769 45.9
      vertex 34.4196 43.5338 48.3
      vertex 34.2975 43.4769 48.3
    endloop
  endfacet
  facet normal 0.422398 -0.906411 0
    outer loop
      vertex 34.4196 43.5338 48.3
      vertex 34.2975 43.4769 45.9
      vertex 34.4196 43.5338 45.9
    endloop
  endfacet
  facet normal 0.933598 -0.358321 0
    outer loop
      vertex 27.1074 35.6925 48.3
      vertex 27.279 36.1396 45.9
      vertex 27.279 36.1396 48.3
    endloop
  endfacet
  facet normal 0.933598 -0.358321 0
    outer loop
      vertex 27.279 36.1396 45.9
      vertex 27.1074 35.6925 48.3
      vertex 27.1074 35.6925 45.9
    endloop
  endfacet
  facet normal -0.358321 0.933598 0
    outer loop
      vertex 45.1396 18.279 45.9
      vertex 44.6925 18.1074 48.3
      vertex 45.1396 18.279 48.3
    endloop
  endfacet
  facet normal -0.358321 0.933598 0
    outer loop
      vertex 44.6925 18.1074 48.3
      vertex 45.1396 18.279 45.9
      vertex 44.6925 18.1074 45.9
    endloop
  endfacet
  facet normal 0.992564 0.121722 0
    outer loop
      vertex 26.4135 29.0905 48.3
      vertex 26.3552 29.5659 45.9
      vertex 26.3552 29.5659 48.3
    endloop
  endfacet
  facet normal 0.992564 0.121722 0
    outer loop
      vertex 26.3552 29.5659 45.9
      vertex 26.4135 29.0905 48.3
      vertex 26.4135 29.0905 45.9
    endloop
  endfacet
  facet normal -0.857124 -0.51511 0
    outer loop
      vertex 51.8819 37.86 45.9
      vertex 51.6352 38.2705 48.3
      vertex 51.6352 38.2705 45.9
    endloop
  endfacet
  facet normal -0.857124 -0.51511 0
    outer loop
      vertex 51.6352 38.2705 48.3
      vertex 51.8819 37.86 45.9
      vertex 51.8819 37.86 48.3
    endloop
  endfacet
  facet normal -0.874659 0.484738 0
    outer loop
      vertex 51.8819 24.14 45.9
      vertex 52.114 24.5588 48.3
      vertex 52.114 24.5588 45.9
    endloop
  endfacet
  facet normal -0.874659 0.484738 0
    outer loop
      vertex 52.114 24.5588 48.3
      vertex 51.8819 24.14 45.9
      vertex 51.8819 24.14 48.3
    endloop
  endfacet
  facet normal 0.0521972 0.998637 -0
    outer loop
      vertex 39.5212 17.2884 45.9
      vertex 39.0429 17.3134 48.3
      vertex 39.5212 17.2884 48.3
    endloop
  endfacet
  facet normal 0.0521972 0.998637 0
    outer loop
      vertex 39.0429 17.3134 48.3
      vertex 39.5212 17.2884 45.9
      vertex 39.0429 17.3134 45.9
    endloop
  endfacet
  facet normal -0.874659 -0.484738 0
    outer loop
      vertex 52.114 37.4412 45.9
      vertex 51.8819 37.86 48.3
      vertex 51.8819 37.86 45.9
    endloop
  endfacet
  facet normal -0.874659 -0.484738 0
    outer loop
      vertex 51.8819 37.86 48.3
      vertex 52.114 37.4412 45.9
      vertex 52.114 37.4412 48.3
    endloop
  endfacet
  facet normal 0.996151 -0.0876553 0
    outer loop
      vertex 26.3434 32.3 48.3
      vertex 26.3552 32.4341 45.9
      vertex 26.3552 32.4341 48.3
    endloop
  endfacet
  facet normal 0.996151 -0.0876553 0
    outer loop
      vertex 26.3552 32.4341 45.9
      vertex 26.3434 32.3 48.3
      vertex 26.3434 32.3 45.9
    endloop
  endfacet
  facet normal 0.819144 0.573588 0
    outer loop
      vertex 28.9003 22.9356 48.3
      vertex 28.6256 23.3279 45.9
      vertex 28.6256 23.3279 48.3
    endloop
  endfacet
  facet normal 0.819144 0.573588 0
    outer loop
      vertex 28.6256 23.3279 45.9
      vertex 28.9003 22.9356 48.3
      vertex 28.9003 22.9356 45.9
    endloop
  endfacet
  facet normal -0.974391 -0.22486 0
    outer loop
      vertex 53.4202 33.8525 45.9
      vertex 53.3125 34.3192 48.3
      vertex 53.3125 34.3192 45.9
    endloop
  endfacet
  facet normal -0.974391 -0.22486 0
    outer loop
      vertex 53.3125 34.3192 48.3
      vertex 53.4202 33.8525 45.9
      vertex 53.4202 33.8525 48.3
    endloop
  endfacet
  facet normal -0.906407 0.422405 0
    outer loop
      vertex 52.3315 24.9855 45.9
      vertex 52.5338 25.4196 48.3
      vertex 52.5338 25.4196 45.9
    endloop
  endfacet
  facet normal -0.906407 0.422405 0
    outer loop
      vertex 52.5338 25.4196 48.3
      vertex 52.3315 24.9855 45.9
      vertex 52.3315 24.9855 48.3
    endloop
  endfacet
  facet normal -0.573412 0.819267 0
    outer loop
      vertex 48.0644 19.9003 45.9
      vertex 47.9541 19.8231 48.3
      vertex 48.0644 19.9003 48.3
    endloop
  endfacet
  facet normal -0.573412 0.819267 0
    outer loop
      vertex 47.9541 19.8231 48.3
      vertex 48.0644 19.9003 45.9
      vertex 47.9541 19.8231 45.9
    endloop
  endfacet
  facet normal 0.79867 0.601769 0
    outer loop
      vertex 29.1885 22.5531 48.3
      vertex 28.9003 22.9356 45.9
      vertex 28.9003 22.9356 48.3
    endloop
  endfacet
  facet normal 0.79867 0.601769 0
    outer loop
      vertex 28.9003 22.9356 45.9
      vertex 29.1885 22.5531 48.3
      vertex 29.1885 22.5531 45.9
    endloop
  endfacet
  facet normal -0.422398 0.906411 0
    outer loop
      vertex 45.7025 18.5231 45.9
      vertex 45.5804 18.4662 48.3
      vertex 45.7025 18.5231 48.3
    endloop
  endfacet
  facet normal -0.422398 0.906411 0
    outer loop
      vertex 45.5804 18.4662 48.3
      vertex 45.7025 18.5231 45.9
      vertex 45.5804 18.4662 45.9
    endloop
  endfacet
  facet normal -0.754758 -0.656003 0
    outer loop
      vertex 50.5101 39.819 45.9
      vertex 50.1959 40.1805 48.3
      vertex 50.1959 40.1805 45.9
    endloop
  endfacet
  facet normal -0.754758 -0.656003 0
    outer loop
      vertex 50.1959 40.1805 48.3
      vertex 50.5101 39.819 45.9
      vertex 50.5101 39.819 48.3
    endloop
  endfacet
  facet normal 0.79867 -0.601769 0
    outer loop
      vertex 28.9003 39.0644 48.3
      vertex 29.1885 39.4469 45.9
      vertex 29.1885 39.4469 48.3
    endloop
  endfacet
  facet normal 0.79867 -0.601769 0
    outer loop
      vertex 29.1885 39.4469 45.9
      vertex 28.9003 39.0644 48.3
      vertex 28.9003 39.0644 45.9
    endloop
  endfacet
  facet normal 0.965887 0.258962 0
    outer loop
      vertex 26.8115 27.2183 48.3
      vertex 26.6875 27.6808 45.9
      vertex 26.6875 27.6808 48.3
    endloop
  endfacet
  facet normal 0.965887 0.258962 0
    outer loop
      vertex 26.6875 27.6808 45.9
      vertex 26.8115 27.2183 48.3
      vertex 26.8115 27.2183 45.9
    endloop
  endfacet
  facet normal -0.0175412 0.999846 0
    outer loop
      vertex 40.4788 17.2884 45.9
      vertex 40 17.28 48.3
      vertex 40.4788 17.2884 48.3
    endloop
  endfacet
  facet normal -0.0175412 0.999846 0
    outer loop
      vertex 40 17.28 48.3
      vertex 40.4788 17.2884 45.9
      vertex 40 17.28 45.9
    endloop
  endfacet
  facet normal 0.933598 0.358321 0
    outer loop
      vertex 27.279 25.8604 48.3
      vertex 27.1074 26.3075 45.9
      vertex 27.1074 26.3075 48.3
    endloop
  endfacet
  facet normal 0.933598 0.358321 0
    outer loop
      vertex 27.1074 26.3075 45.9
      vertex 27.279 25.8604 48.3
      vertex 27.279 25.8604 45.9
    endloop
  endfacet
  facet normal 0.874659 -0.484738 0
    outer loop
      vertex 27.886 37.4412 48.3
      vertex 28.1181 37.86 45.9
      vertex 28.1181 37.86 48.3
    endloop
  endfacet
  facet normal 0.874659 -0.484738 0
    outer loop
      vertex 28.1181 37.86 45.9
      vertex 27.886 37.4412 48.3
      vertex 27.886 37.4412 45.9
    endloop
  endfacet
  facet normal 0.358321 -0.933598 0
    outer loop
      vertex 34.8604 43.721 45.9
      vertex 35.3075 43.8926 48.3
      vertex 34.8604 43.721 48.3
    endloop
  endfacet
  facet normal 0.358321 -0.933598 0
    outer loop
      vertex 35.3075 43.8926 48.3
      vertex 34.8604 43.721 45.9
      vertex 35.3075 43.8926 45.9
    endloop
  endfacet
  facet normal 0.731319 -0.682035 0
    outer loop
      vertex 29.8041 40.1805 48.3
      vertex 30.1307 40.5307 45.9
      vertex 30.1307 40.5307 48.3
    endloop
  endfacet
  facet normal 0.731319 -0.682035 0
    outer loop
      vertex 30.1307 40.5307 45.9
      vertex 29.8041 40.1805 48.3
      vertex 29.8041 40.1805 45.9
    endloop
  endfacet
  facet normal -0.890934 0.454132 0
    outer loop
      vertex 52.114 24.5588 45.9
      vertex 52.3315 24.9855 48.3
      vertex 52.3315 24.9855 45.9
    endloop
  endfacet
  facet normal -0.890934 0.454132 0
    outer loop
      vertex 52.3315 24.9855 48.3
      vertex 52.114 24.5588 45.9
      vertex 52.114 24.5588 48.3
    endloop
  endfacet
  facet normal 0.838673 -0.544636 0
    outer loop
      vertex 28.3648 38.2705 48.3
      vertex 28.6256 38.6721 45.9
      vertex 28.6256 38.6721 48.3
    endloop
  endfacet
  facet normal 0.838673 -0.544636 0
    outer loop
      vertex 28.6256 38.6721 45.9
      vertex 28.3648 38.2705 48.3
      vertex 28.3648 38.2705 45.9
    endloop
  endfacet
  facet normal 0.656003 -0.754758 0
    outer loop
      vertex 30.8195 41.1959 45.9
      vertex 31.181 41.5101 48.3
      vertex 30.8195 41.1959 48.3
    endloop
  endfacet
  facet normal 0.656003 -0.754758 0
    outer loop
      vertex 31.181 41.5101 48.3
      vertex 30.8195 41.1959 45.9
      vertex 31.181 41.5101 45.9
    endloop
  endfacet
  facet normal -0.981611 -0.190892 0
    outer loop
      vertex 53.5116 33.3825 45.9
      vertex 53.4202 33.8525 48.3
      vertex 53.4202 33.8525 45.9
    endloop
  endfacet
  facet normal -0.981611 -0.190892 0
    outer loop
      vertex 53.4202 33.8525 48.3
      vertex 53.5116 33.3825 45.9
      vertex 53.5116 33.3825 48.3
    endloop
  endfacet
  facet normal -0.573412 -0.819267 0
    outer loop
      vertex 47.9541 42.1769 45.9
      vertex 48.0644 42.0997 48.3
      vertex 47.9541 42.1769 48.3
    endloop
  endfacet
  facet normal -0.573412 -0.819267 -0
    outer loop
      vertex 48.0644 42.0997 48.3
      vertex 47.9541 42.1769 45.9
      vertex 48.0644 42.0997 45.9
    endloop
  endfacet
  facet normal -0.920436 0.390893 0
    outer loop
      vertex 52.5338 25.4196 45.9
      vertex 52.721 25.8604 48.3
      vertex 52.721 25.8604 45.9
    endloop
  endfacet
  facet normal -0.920436 0.390893 0
    outer loop
      vertex 52.721 25.8604 48.3
      vertex 52.5338 25.4196 45.9
      vertex 52.5338 25.4196 48.3
    endloop
  endfacet
  facet normal -0.965887 -0.258962 0
    outer loop
      vertex 53.3125 34.3192 45.9
      vertex 53.1885 34.7817 48.3
      vertex 53.1885 34.7817 45.9
    endloop
  endfacet
  facet normal -0.965887 -0.258962 0
    outer loop
      vertex 53.1885 34.7817 48.3
      vertex 53.3125 34.3192 45.9
      vertex 53.3125 34.3192 48.3
    endloop
  endfacet
  facet normal 0.190892 0.981611 -0
    outer loop
      vertex 37.6175 17.4884 45.9
      vertex 37.1475 17.5798 48.3
      vertex 37.6175 17.4884 48.3
    endloop
  endfacet
  facet normal 0.190892 0.981611 0
    outer loop
      vertex 37.1475 17.5798 48.3
      vertex 37.6175 17.4884 45.9
      vertex 37.1475 17.5798 45.9
    endloop
  endfacet
  facet normal -0.731319 0.682035 0
    outer loop
      vertex 49.8693 21.4693 45.9
      vertex 50.1959 21.8195 48.3
      vertex 50.1959 21.8195 45.9
    endloop
  endfacet
  facet normal -0.731319 0.682035 0
    outer loop
      vertex 50.1959 21.8195 48.3
      vertex 49.8693 21.4693 45.9
      vertex 49.8693 21.4693 48.3
    endloop
  endfacet
  facet normal 0.996151 0.0876553 0
    outer loop
      vertex 26.3552 29.5659 48.3
      vertex 26.3434 29.7 45.9
      vertex 26.3434 29.7 48.3
    endloop
  endfacet
  facet normal 0.996151 0.0876553 0
    outer loop
      vertex 26.3434 29.7 45.9
      vertex 26.3552 29.5659 48.3
      vertex 26.3552 29.5659 45.9
    endloop
  endfacet
  facet normal -0.838673 -0.544636 0
    outer loop
      vertex 51.6352 38.2705 45.9
      vertex 51.3744 38.6721 48.3
      vertex 51.3744 38.6721 45.9
    endloop
  endfacet
  facet normal -0.838673 -0.544636 0
    outer loop
      vertex 51.3744 38.6721 48.3
      vertex 51.6352 38.2705 45.9
      vertex 51.6352 38.2705 48.3
    endloop
  endfacet
  facet normal -0.819144 0.573588 0
    outer loop
      vertex 51.0997 22.9356 45.9
      vertex 51.3744 23.3279 48.3
      vertex 51.3744 23.3279 45.9
    endloop
  endfacet
  facet normal -0.819144 0.573588 0
    outer loop
      vertex 51.3744 23.3279 48.3
      vertex 51.0997 22.9356 45.9
      vertex 51.0997 22.9356 48.3
    endloop
  endfacet
  facet normal -0.682035 -0.731319 0
    outer loop
      vertex 49.1805 41.1959 45.9
      vertex 49.5307 40.8693 48.3
      vertex 49.1805 41.1959 48.3
    endloop
  endfacet
  facet normal -0.682035 -0.731319 -0
    outer loop
      vertex 49.5307 40.8693 48.3
      vertex 49.1805 41.1959 45.9
      vertex 49.5307 40.8693 45.9
    endloop
  endfacet
  facet normal -0.390893 -0.920436 0
    outer loop
      vertex 45.1396 43.721 45.9
      vertex 45.5804 43.5338 48.3
      vertex 45.1396 43.721 48.3
    endloop
  endfacet
  facet normal -0.390893 -0.920436 -0
    outer loop
      vertex 45.5804 43.5338 48.3
      vertex 45.1396 43.721 45.9
      vertex 45.5804 43.5338 45.9
    endloop
  endfacet
  facet normal -0.933598 0.358321 0
    outer loop
      vertex 52.721 25.8604 45.9
      vertex 52.8926 26.3075 48.3
      vertex 52.8926 26.3075 45.9
    endloop
  endfacet
  facet normal -0.933598 0.358321 0
    outer loop
      vertex 52.8926 26.3075 48.3
      vertex 52.721 25.8604 45.9
      vertex 52.721 25.8604 48.3
    endloop
  endfacet
  facet normal 0.62942 -0.777065 0
    outer loop
      vertex 31.181 41.5101 45.9
      vertex 31.5531 41.8115 48.3
      vertex 31.181 41.5101 48.3
    endloop
  endfacet
  facet normal 0.62942 -0.777065 0
    outer loop
      vertex 31.5531 41.8115 48.3
      vertex 31.181 41.5101 45.9
      vertex 31.5531 41.8115 45.9
    endloop
  endfacet
  facet normal 0.920436 -0.390893 0
    outer loop
      vertex 27.279 36.1396 48.3
      vertex 27.4662 36.5804 45.9
      vertex 27.4662 36.5804 48.3
    endloop
  endfacet
  facet normal 0.920436 -0.390893 0
    outer loop
      vertex 27.4662 36.5804 45.9
      vertex 27.279 36.1396 48.3
      vertex 27.279 36.1396 45.9
    endloop
  endfacet
  facet normal 0.121722 -0.992564 0
    outer loop
      vertex 38.0905 44.5865 45.9
      vertex 38.5659 44.6448 48.3
      vertex 38.0905 44.5865 48.3
    endloop
  endfacet
  facet normal 0.121722 -0.992564 0
    outer loop
      vertex 38.5659 44.6448 48.3
      vertex 38.0905 44.5865 45.9
      vertex 38.5659 44.6448 45.9
    endloop
  endfacet
  facet normal -0.981611 0.190892 0
    outer loop
      vertex 53.4202 28.1475 45.9
      vertex 53.5116 28.6175 48.3
      vertex 53.5116 28.6175 45.9
    endloop
  endfacet
  facet normal -0.981611 0.190892 0
    outer loop
      vertex 53.5116 28.6175 48.3
      vertex 53.4202 28.1475 45.9
      vertex 53.4202 28.1475 48.3
    endloop
  endfacet
  facet normal -0.945526 0.325547 0
    outer loop
      vertex 52.8926 26.3075 45.9
      vertex 53.0485 26.7603 48.3
      vertex 53.0485 26.7603 45.9
    endloop
  endfacet
  facet normal -0.945526 0.325547 0
    outer loop
      vertex 53.0485 26.7603 48.3
      vertex 52.8926 26.3075 45.9
      vertex 52.8926 26.3075 48.3
    endloop
  endfacet
  facet normal 0.325547 0.945526 -0
    outer loop
      vertex 35.7603 17.9515 45.9
      vertex 35.3075 18.1074 48.3
      vertex 35.7603 17.9515 48.3
    endloop
  endfacet
  facet normal 0.325547 0.945526 0
    outer loop
      vertex 35.3075 18.1074 48.3
      vertex 35.7603 17.9515 45.9
      vertex 35.3075 18.1074 45.9
    endloop
  endfacet
  facet normal 0.0872965 -0.996182 0
    outer loop
      vertex 38.5659 44.6448 45.9
      vertex 39.0429 44.6866 48.3
      vertex 38.5659 44.6448 48.3
    endloop
  endfacet
  facet normal 0.0872965 -0.996182 0
    outer loop
      vertex 39.0429 44.6866 48.3
      vertex 38.5659 44.6448 45.9
      vertex 39.0429 44.6866 45.9
    endloop
  endfacet
  facet normal 0.981611 -0.190892 0
    outer loop
      vertex 26.4884 33.3825 48.3
      vertex 26.5798 33.8525 45.9
      vertex 26.5798 33.8525 48.3
    endloop
  endfacet
  facet normal 0.981611 -0.190892 0
    outer loop
      vertex 26.5798 33.8525 45.9
      vertex 26.4884 33.3825 48.3
      vertex 26.4884 33.3825 45.9
    endloop
  endfacet
  facet normal -0.258962 0.965887 0
    outer loop
      vertex 43.7817 17.8115 45.9
      vertex 43.3192 17.6875 48.3
      vertex 43.7817 17.8115 48.3
    endloop
  endfacet
  facet normal -0.258962 0.965887 0
    outer loop
      vertex 43.3192 17.6875 48.3
      vertex 43.7817 17.8115 45.9
      vertex 43.3192 17.6875 45.9
    endloop
  endfacet
  facet normal 0.190892 -0.981611 0
    outer loop
      vertex 37.1475 44.4202 45.9
      vertex 37.6175 44.5116 48.3
      vertex 37.1475 44.4202 48.3
    endloop
  endfacet
  facet normal 0.190892 -0.981611 0
    outer loop
      vertex 37.6175 44.5116 48.3
      vertex 37.1475 44.4202 45.9
      vertex 37.6175 44.5116 45.9
    endloop
  endfacet
  facet normal -0.22486 0.974391 0
    outer loop
      vertex 43.3192 17.6875 45.9
      vertex 42.8525 17.5798 48.3
      vertex 43.3192 17.6875 48.3
    endloop
  endfacet
  facet normal -0.22486 0.974391 0
    outer loop
      vertex 42.8525 17.5798 48.3
      vertex 43.3192 17.6875 45.9
      vertex 42.8525 17.5798 45.9
    endloop
  endfacet
  facet normal 0.358321 0.933598 -0
    outer loop
      vertex 35.3075 18.1074 45.9
      vertex 34.8604 18.279 48.3
      vertex 35.3075 18.1074 48.3
    endloop
  endfacet
  facet normal 0.358321 0.933598 0
    outer loop
      vertex 34.8604 18.279 48.3
      vertex 35.3075 18.1074 45.9
      vertex 34.8604 18.279 45.9
    endloop
  endfacet
  facet normal 0.573412 0.819267 -0
    outer loop
      vertex 32.0459 19.8231 45.9
      vertex 31.9356 19.9003 48.3
      vertex 32.0459 19.8231 48.3
    endloop
  endfacet
  facet normal 0.573412 0.819267 0
    outer loop
      vertex 31.9356 19.9003 48.3
      vertex 32.0459 19.8231 45.9
      vertex 31.9356 19.9003 45.9
    endloop
  endfacet
  facet normal 0.731319 0.682035 0
    outer loop
      vertex 30.1307 21.4693 48.3
      vertex 29.8041 21.8195 45.9
      vertex 29.8041 21.8195 48.3
    endloop
  endfacet
  facet normal 0.731319 0.682035 0
    outer loop
      vertex 29.8041 21.8195 45.9
      vertex 30.1307 21.4693 48.3
      vertex 30.1307 21.4693 45.9
    endloop
  endfacet
  facet normal 0.890934 -0.454132 0
    outer loop
      vertex 27.6685 37.0145 48.3
      vertex 27.886 37.4412 45.9
      vertex 27.886 37.4412 48.3
    endloop
  endfacet
  facet normal 0.890934 -0.454132 0
    outer loop
      vertex 27.886 37.4412 45.9
      vertex 27.6685 37.0145 48.3
      vertex 27.6685 37.0145 45.9
    endloop
  endfacet
  facet normal 0.838673 0.544636 0
    outer loop
      vertex 28.6256 23.3279 48.3
      vertex 28.3648 23.7295 45.9
      vertex 28.3648 23.7295 48.3
    endloop
  endfacet
  facet normal 0.838673 0.544636 0
    outer loop
      vertex 28.3648 23.7295 45.9
      vertex 28.6256 23.3279 48.3
      vertex 28.6256 23.3279 45.9
    endloop
  endfacet
  facet normal -0.906407 -0.422405 0
    outer loop
      vertex 52.5338 36.5804 45.9
      vertex 52.3315 37.0145 48.3
      vertex 52.3315 37.0145 45.9
    endloop
  endfacet
  facet normal -0.906407 -0.422405 0
    outer loop
      vertex 52.3315 37.0145 48.3
      vertex 52.5338 36.5804 45.9
      vertex 52.5338 36.5804 48.3
    endloop
  endfacet
  facet normal 0.965887 -0.258962 0
    outer loop
      vertex 26.6875 34.3192 48.3
      vertex 26.8115 34.7817 45.9
      vertex 26.8115 34.7817 48.3
    endloop
  endfacet
  facet normal 0.965887 -0.258962 0
    outer loop
      vertex 26.8115 34.7817 45.9
      vertex 26.6875 34.3192 48.3
      vertex 26.6875 34.3192 45.9
    endloop
  endfacet
  facet normal -0.682035 0.731319 0
    outer loop
      vertex 49.5307 21.1307 45.9
      vertex 49.1805 20.8041 48.3
      vertex 49.5307 21.1307 48.3
    endloop
  endfacet
  facet normal -0.682035 0.731319 0
    outer loop
      vertex 49.1805 20.8041 48.3
      vertex 49.5307 21.1307 45.9
      vertex 49.1805 20.8041 45.9
    endloop
  endfacet
  facet normal 0.601769 -0.79867 0
    outer loop
      vertex 31.5531 41.8115 45.9
      vertex 31.9356 42.0997 48.3
      vertex 31.5531 41.8115 48.3
    endloop
  endfacet
  facet normal 0.601769 -0.79867 0
    outer loop
      vertex 31.9356 42.0997 48.3
      vertex 31.5531 41.8115 45.9
      vertex 31.9356 42.0997 45.9
    endloop
  endfacet
  facet normal 0.156402 -0.987693 0
    outer loop
      vertex 37.6175 44.5116 45.9
      vertex 38.0905 44.5865 48.3
      vertex 37.6175 44.5116 48.3
    endloop
  endfacet
  facet normal 0.156402 -0.987693 0
    outer loop
      vertex 38.0905 44.5865 48.3
      vertex 37.6175 44.5116 45.9
      vertex 38.0905 44.5865 45.9
    endloop
  endfacet
  facet normal 0.945526 0.325547 0
    outer loop
      vertex 27.1074 26.3075 48.3
      vertex 26.9515 26.7603 45.9
      vertex 26.9515 26.7603 48.3
    endloop
  endfacet
  facet normal 0.945526 0.325547 0
    outer loop
      vertex 26.9515 26.7603 45.9
      vertex 27.1074 26.3075 48.3
      vertex 27.1074 26.3075 45.9
    endloop
  endfacet
  facet normal 0.292325 -0.956319 0
    outer loop
      vertex 35.7603 44.0485 45.9
      vertex 36.2183 44.1885 48.3
      vertex 35.7603 44.0485 48.3
    endloop
  endfacet
  facet normal 0.292325 -0.956319 0
    outer loop
      vertex 36.2183 44.1885 48.3
      vertex 35.7603 44.0485 45.9
      vertex 36.2183 44.1885 45.9
    endloop
  endfacet
  facet normal -0.992564 0.121722 0
    outer loop
      vertex 53.5865 29.0905 45.9
      vertex 53.6448 29.5659 48.3
      vertex 53.6448 29.5659 45.9
    endloop
  endfacet
  facet normal -0.992564 0.121722 0
    outer loop
      vertex 53.6448 29.5659 48.3
      vertex 53.5865 29.0905 45.9
      vertex 53.5865 29.0905 48.3
    endloop
  endfacet
  facet normal -0.656003 0.754758 0
    outer loop
      vertex 49.1805 20.8041 45.9
      vertex 48.819 20.4899 48.3
      vertex 49.1805 20.8041 48.3
    endloop
  endfacet
  facet normal -0.656003 0.754758 0
    outer loop
      vertex 48.819 20.4899 48.3
      vertex 49.1805 20.8041 45.9
      vertex 48.819 20.4899 45.9
    endloop
  endfacet
  facet normal -0.933598 -0.358321 0
    outer loop
      vertex 52.8926 35.6925 45.9
      vertex 52.721 36.1396 48.3
      vertex 52.721 36.1396 45.9
    endloop
  endfacet
  facet normal -0.933598 -0.358321 0
    outer loop
      vertex 52.721 36.1396 48.3
      vertex 52.8926 35.6925 45.9
      vertex 52.8926 35.6925 48.3
    endloop
  endfacet
  facet normal -0.987693 -0.156402 0
    outer loop
      vertex 53.5865 32.9095 45.9
      vertex 53.5116 33.3825 48.3
      vertex 53.5116 33.3825 45.9
    endloop
  endfacet
  facet normal -0.987693 -0.156402 0
    outer loop
      vertex 53.5116 33.3825 48.3
      vertex 53.5865 32.9095 45.9
      vertex 53.5865 32.9095 48.3
    endloop
  endfacet
  facet normal -0.777065 -0.62942 0
    outer loop
      vertex 50.8115 39.4469 45.9
      vertex 50.5101 39.819 48.3
      vertex 50.5101 39.819 45.9
    endloop
  endfacet
  facet normal -0.777065 -0.62942 0
    outer loop
      vertex 50.5101 39.819 48.3
      vertex 50.8115 39.4469 45.9
      vertex 50.8115 39.4469 48.3
    endloop
  endfacet
  facet normal -0.996151 0.0876553 0
    outer loop
      vertex 53.6448 29.5659 45.9
      vertex 53.6566 29.7 48.3
      vertex 53.6566 29.7 45.9
    endloop
  endfacet
  facet normal -0.996151 0.0876553 0
    outer loop
      vertex 53.6566 29.7 48.3
      vertex 53.6448 29.5659 45.9
      vertex 53.6448 29.5659 48.3
    endloop
  endfacet
  facet normal 0.754758 0.656003 0
    outer loop
      vertex 29.8041 21.8195 48.3
      vertex 29.4899 22.181 45.9
      vertex 29.4899 22.181 48.3
    endloop
  endfacet
  facet normal 0.754758 0.656003 0
    outer loop
      vertex 29.4899 22.181 45.9
      vertex 29.8041 21.8195 48.3
      vertex 29.8041 21.8195 45.9
    endloop
  endfacet
  facet normal 0.292325 0.956319 -0
    outer loop
      vertex 36.2183 17.8115 45.9
      vertex 35.7603 17.9515 48.3
      vertex 36.2183 17.8115 48.3
    endloop
  endfacet
  facet normal 0.292325 0.956319 0
    outer loop
      vertex 35.7603 17.9515 48.3
      vertex 36.2183 17.8115 45.9
      vertex 35.7603 17.9515 45.9
    endloop
  endfacet
  facet normal -0.965887 0.258962 0
    outer loop
      vertex 53.1885 27.2183 45.9
      vertex 53.3125 27.6808 48.3
      vertex 53.3125 27.6808 45.9
    endloop
  endfacet
  facet normal -0.965887 0.258962 0
    outer loop
      vertex 53.3125 27.6808 48.3
      vertex 53.1885 27.2183 45.9
      vertex 53.1885 27.2183 48.3
    endloop
  endfacet
  facet normal -0.190892 0.981611 0
    outer loop
      vertex 42.8525 17.5798 45.9
      vertex 42.3825 17.4884 48.3
      vertex 42.8525 17.5798 48.3
    endloop
  endfacet
  facet normal -0.190892 0.981611 0
    outer loop
      vertex 42.3825 17.4884 48.3
      vertex 42.8525 17.5798 45.9
      vertex 42.3825 17.4884 45.9
    endloop
  endfacet
  facet normal 0.682035 0.731319 -0
    outer loop
      vertex 30.8195 20.8041 45.9
      vertex 30.4693 21.1307 48.3
      vertex 30.8195 20.8041 48.3
    endloop
  endfacet
  facet normal 0.682035 0.731319 0
    outer loop
      vertex 30.4693 21.1307 48.3
      vertex 30.8195 20.8041 45.9
      vertex 30.4693 21.1307 45.9
    endloop
  endfacet
  facet normal -0.156402 -0.987693 0
    outer loop
      vertex 41.9095 44.5865 45.9
      vertex 42.3825 44.5116 48.3
      vertex 41.9095 44.5865 48.3
    endloop
  endfacet
  facet normal -0.156402 -0.987693 -0
    outer loop
      vertex 42.3825 44.5116 48.3
      vertex 41.9095 44.5865 45.9
      vertex 42.3825 44.5116 45.9
    endloop
  endfacet
  facet normal 0.0872965 0.996182 -0
    outer loop
      vertex 39.0429 17.3134 45.9
      vertex 38.5659 17.3552 48.3
      vertex 39.0429 17.3134 48.3
    endloop
  endfacet
  facet normal 0.0872965 0.996182 0
    outer loop
      vertex 38.5659 17.3552 48.3
      vertex 39.0429 17.3134 45.9
      vertex 38.5659 17.3552 45.9
    endloop
  endfacet
  facet normal 0.390893 0.920436 -0
    outer loop
      vertex 34.8604 18.279 45.9
      vertex 34.4196 18.4662 48.3
      vertex 34.8604 18.279 48.3
    endloop
  endfacet
  facet normal 0.390893 0.920436 0
    outer loop
      vertex 34.4196 18.4662 48.3
      vertex 34.8604 18.279 45.9
      vertex 34.4196 18.4662 45.9
    endloop
  endfacet
  facet normal 0.682035 -0.731319 0
    outer loop
      vertex 30.4693 40.8693 45.9
      vertex 30.8195 41.1959 48.3
      vertex 30.4693 40.8693 48.3
    endloop
  endfacet
  facet normal 0.682035 -0.731319 0
    outer loop
      vertex 30.8195 41.1959 48.3
      vertex 30.4693 40.8693 45.9
      vertex 30.8195 41.1959 45.9
    endloop
  endfacet
  facet normal -0.996151 -0.0876553 0
    outer loop
      vertex 53.6566 32.3 45.9
      vertex 53.6448 32.4341 48.3
      vertex 53.6448 32.4341 45.9
    endloop
  endfacet
  facet normal -0.996151 -0.0876553 0
    outer loop
      vertex 53.6448 32.4341 48.3
      vertex 53.6566 32.3 45.9
      vertex 53.6566 32.3 48.3
    endloop
  endfacet
  facet normal -0.390893 0.920436 0
    outer loop
      vertex 45.5804 18.4662 45.9
      vertex 45.1396 18.279 48.3
      vertex 45.5804 18.4662 48.3
    endloop
  endfacet
  facet normal -0.390893 0.920436 0
    outer loop
      vertex 45.1396 18.279 48.3
      vertex 45.5804 18.4662 45.9
      vertex 45.1396 18.279 45.9
    endloop
  endfacet
  facet normal 0.390893 -0.920436 0
    outer loop
      vertex 34.4196 43.5338 45.9
      vertex 34.8604 43.721 48.3
      vertex 34.4196 43.5338 48.3
    endloop
  endfacet
  facet normal 0.390893 -0.920436 0
    outer loop
      vertex 34.8604 43.721 48.3
      vertex 34.4196 43.5338 45.9
      vertex 34.8604 43.721 45.9
    endloop
  endfacet
  facet normal -0.920436 -0.390893 0
    outer loop
      vertex 52.721 36.1396 45.9
      vertex 52.5338 36.5804 48.3
      vertex 52.5338 36.5804 45.9
    endloop
  endfacet
  facet normal -0.920436 -0.390893 0
    outer loop
      vertex 52.5338 36.5804 48.3
      vertex 52.721 36.1396 45.9
      vertex 52.721 36.1396 48.3
    endloop
  endfacet
  facet normal 0.920436 0.390893 0
    outer loop
      vertex 27.4662 25.4196 48.3
      vertex 27.279 25.8604 45.9
      vertex 27.279 25.8604 48.3
    endloop
  endfacet
  facet normal 0.920436 0.390893 0
    outer loop
      vertex 27.279 25.8604 45.9
      vertex 27.4662 25.4196 48.3
      vertex 27.4662 25.4196 45.9
    endloop
  endfacet
  facet normal 0.0175412 -0.999846 0
    outer loop
      vertex 39.5212 44.7116 45.9
      vertex 40 44.72 48.3
      vertex 39.5212 44.7116 48.3
    endloop
  endfacet
  facet normal 0.0175412 -0.999846 0
    outer loop
      vertex 40 44.72 48.3
      vertex 39.5212 44.7116 45.9
      vertex 40 44.72 45.9
    endloop
  endfacet
  facet normal 0.573412 -0.819267 0
    outer loop
      vertex 31.9356 42.0997 45.9
      vertex 32.0459 42.1769 48.3
      vertex 31.9356 42.0997 48.3
    endloop
  endfacet
  facet normal 0.573412 -0.819267 0
    outer loop
      vertex 32.0459 42.1769 48.3
      vertex 31.9356 42.0997 45.9
      vertex 32.0459 42.1769 45.9
    endloop
  endfacet
  facet normal 0.258962 -0.965887 0
    outer loop
      vertex 36.2183 44.1885 45.9
      vertex 36.6808 44.3125 48.3
      vertex 36.2183 44.1885 48.3
    endloop
  endfacet
  facet normal 0.258962 -0.965887 0
    outer loop
      vertex 36.6808 44.3125 48.3
      vertex 36.2183 44.1885 45.9
      vertex 36.6808 44.3125 45.9
    endloop
  endfacet
  facet normal -0.0521972 -0.998637 0
    outer loop
      vertex 40.4788 44.7116 45.9
      vertex 40.9571 44.6866 48.3
      vertex 40.4788 44.7116 48.3
    endloop
  endfacet
  facet normal -0.0521972 -0.998637 -0
    outer loop
      vertex 40.9571 44.6866 48.3
      vertex 40.4788 44.7116 45.9
      vertex 40.9571 44.6866 45.9
    endloop
  endfacet
  facet normal 0.754758 -0.656003 0
    outer loop
      vertex 29.4899 39.819 48.3
      vertex 29.8041 40.1805 45.9
      vertex 29.8041 40.1805 48.3
    endloop
  endfacet
  facet normal 0.754758 -0.656003 0
    outer loop
      vertex 29.8041 40.1805 45.9
      vertex 29.4899 39.819 48.3
      vertex 29.4899 39.819 45.9
    endloop
  endfacet
  facet normal -0.601769 -0.79867 0
    outer loop
      vertex 48.0644 42.0997 45.9
      vertex 48.4469 41.8115 48.3
      vertex 48.0644 42.0997 48.3
    endloop
  endfacet
  facet normal -0.601769 -0.79867 -0
    outer loop
      vertex 48.4469 41.8115 48.3
      vertex 48.0644 42.0997 45.9
      vertex 48.4469 41.8115 45.9
    endloop
  endfacet
  facet normal 0.981611 0.190892 0
    outer loop
      vertex 26.5798 28.1475 48.3
      vertex 26.4884 28.6175 45.9
      vertex 26.4884 28.6175 48.3
    endloop
  endfacet
  facet normal 0.981611 0.190892 0
    outer loop
      vertex 26.4884 28.6175 45.9
      vertex 26.5798 28.1475 48.3
      vertex 26.5798 28.1475 45.9
    endloop
  endfacet
  facet normal 0.987693 -0.156402 0
    outer loop
      vertex 26.4135 32.9095 48.3
      vertex 26.4884 33.3825 45.9
      vertex 26.4884 33.3825 48.3
    endloop
  endfacet
  facet normal 0.987693 -0.156402 0
    outer loop
      vertex 26.4884 33.3825 45.9
      vertex 26.4135 32.9095 48.3
      vertex 26.4135 32.9095 45.9
    endloop
  endfacet
  facet normal -0.857124 0.51511 0
    outer loop
      vertex 51.6352 23.7295 45.9
      vertex 51.8819 24.14 48.3
      vertex 51.8819 24.14 45.9
    endloop
  endfacet
  facet normal -0.857124 0.51511 0
    outer loop
      vertex 51.8819 24.14 48.3
      vertex 51.6352 23.7295 45.9
      vertex 51.6352 23.7295 48.3
    endloop
  endfacet
  facet normal -0.0872965 -0.996182 0
    outer loop
      vertex 40.9571 44.6866 45.9
      vertex 41.4341 44.6448 48.3
      vertex 40.9571 44.6866 48.3
    endloop
  endfacet
  facet normal -0.0872965 -0.996182 -0
    outer loop
      vertex 41.4341 44.6448 48.3
      vertex 40.9571 44.6866 45.9
      vertex 41.4341 44.6448 45.9
    endloop
  endfacet
  facet normal -0.190892 -0.981611 0
    outer loop
      vertex 42.3825 44.5116 45.9
      vertex 42.8525 44.4202 48.3
      vertex 42.3825 44.5116 48.3
    endloop
  endfacet
  facet normal -0.190892 -0.981611 -0
    outer loop
      vertex 42.8525 44.4202 48.3
      vertex 42.3825 44.5116 45.9
      vertex 42.8525 44.4202 45.9
    endloop
  endfacet
  facet normal 0.707107 0.707107 0
    outer loop
      vertex 30.4693 21.1307 48.3
      vertex 30.1307 21.4693 45.9
      vertex 30.1307 21.4693 48.3
    endloop
  endfacet
  facet normal 0.707107 0.707107 0
    outer loop
      vertex 30.1307 21.4693 45.9
      vertex 30.4693 21.1307 48.3
      vertex 30.4693 21.1307 45.9
    endloop
  endfacet
  facet normal 0.0521972 -0.998637 0
    outer loop
      vertex 39.0429 44.6866 45.9
      vertex 39.5212 44.7116 48.3
      vertex 39.0429 44.6866 48.3
    endloop
  endfacet
  facet normal 0.0521972 -0.998637 0
    outer loop
      vertex 39.5212 44.7116 48.3
      vertex 39.0429 44.6866 45.9
      vertex 39.5212 44.7116 45.9
    endloop
  endfacet
  facet normal -0.0175412 -0.999846 0
    outer loop
      vertex 40 44.72 45.9
      vertex 40.4788 44.7116 48.3
      vertex 40 44.72 48.3
    endloop
  endfacet
  facet normal -0.0175412 -0.999846 -0
    outer loop
      vertex 40.4788 44.7116 48.3
      vertex 40 44.72 45.9
      vertex 40.4788 44.7116 45.9
    endloop
  endfacet
  facet normal 0.156402 0.987693 -0
    outer loop
      vertex 38.0905 17.4135 45.9
      vertex 37.6175 17.4884 48.3
      vertex 38.0905 17.4135 48.3
    endloop
  endfacet
  facet normal 0.156402 0.987693 0
    outer loop
      vertex 37.6175 17.4884 48.3
      vertex 38.0905 17.4135 45.9
      vertex 37.6175 17.4884 45.9
    endloop
  endfacet
  facet normal -0.777065 0.62942 0
    outer loop
      vertex 50.5101 22.181 45.9
      vertex 50.8115 22.5531 48.3
      vertex 50.8115 22.5531 45.9
    endloop
  endfacet
  facet normal -0.777065 0.62942 0
    outer loop
      vertex 50.8115 22.5531 48.3
      vertex 50.5101 22.181 45.9
      vertex 50.5101 22.181 48.3
    endloop
  endfacet
  facet normal -0.79867 0.601769 0
    outer loop
      vertex 50.8115 22.5531 45.9
      vertex 51.0997 22.9356 48.3
      vertex 51.0997 22.9356 45.9
    endloop
  endfacet
  facet normal -0.79867 0.601769 0
    outer loop
      vertex 51.0997 22.9356 48.3
      vertex 50.8115 22.5531 45.9
      vertex 50.8115 22.5531 48.3
    endloop
  endfacet
  facet normal -0.890934 -0.454132 0
    outer loop
      vertex 52.3315 37.0145 45.9
      vertex 52.114 37.4412 48.3
      vertex 52.114 37.4412 45.9
    endloop
  endfacet
  facet normal -0.890934 -0.454132 0
    outer loop
      vertex 52.114 37.4412 48.3
      vertex 52.3315 37.0145 45.9
      vertex 52.3315 37.0145 48.3
    endloop
  endfacet
  facet normal -0.945526 -0.325547 0
    outer loop
      vertex 53.0485 35.2397 45.9
      vertex 52.8926 35.6925 48.3
      vertex 52.8926 35.6925 45.9
    endloop
  endfacet
  facet normal -0.945526 -0.325547 0
    outer loop
      vertex 52.8926 35.6925 48.3
      vertex 53.0485 35.2397 45.9
      vertex 53.0485 35.2397 48.3
    endloop
  endfacet
  facet normal -0.0521972 0.998637 0
    outer loop
      vertex 40.9571 17.3134 45.9
      vertex 40.4788 17.2884 48.3
      vertex 40.9571 17.3134 48.3
    endloop
  endfacet
  facet normal -0.0521972 0.998637 0
    outer loop
      vertex 40.4788 17.2884 48.3
      vertex 40.9571 17.3134 45.9
      vertex 40.4788 17.2884 45.9
    endloop
  endfacet
  facet normal -0.754758 0.656003 0
    outer loop
      vertex 50.1959 21.8195 45.9
      vertex 50.5101 22.181 48.3
      vertex 50.5101 22.181 45.9
    endloop
  endfacet
  facet normal -0.754758 0.656003 0
    outer loop
      vertex 50.5101 22.181 48.3
      vertex 50.1959 21.8195 45.9
      vertex 50.1959 21.8195 48.3
    endloop
  endfacet
  facet normal -0.0872965 0.996182 0
    outer loop
      vertex 41.4341 17.3552 45.9
      vertex 40.9571 17.3134 48.3
      vertex 41.4341 17.3552 48.3
    endloop
  endfacet
  facet normal -0.0872965 0.996182 0
    outer loop
      vertex 40.9571 17.3134 48.3
      vertex 41.4341 17.3552 45.9
      vertex 40.9571 17.3134 45.9
    endloop
  endfacet
  facet normal 0.974391 -0.22486 0
    outer loop
      vertex 26.5798 33.8525 48.3
      vertex 26.6875 34.3192 45.9
      vertex 26.6875 34.3192 48.3
    endloop
  endfacet
  facet normal 0.974391 -0.22486 0
    outer loop
      vertex 26.6875 34.3192 45.9
      vertex 26.5798 33.8525 48.3
      vertex 26.5798 33.8525 45.9
    endloop
  endfacet
  facet normal -0.838673 0.544636 0
    outer loop
      vertex 51.3744 23.3279 45.9
      vertex 51.6352 23.7295 48.3
      vertex 51.6352 23.7295 45.9
    endloop
  endfacet
  facet normal -0.838673 0.544636 0
    outer loop
      vertex 51.6352 23.7295 48.3
      vertex 51.3744 23.3279 45.9
      vertex 51.3744 23.3279 48.3
    endloop
  endfacet
  facet normal -0.987693 0.156402 0
    outer loop
      vertex 53.5116 28.6175 45.9
      vertex 53.5865 29.0905 48.3
      vertex 53.5865 29.0905 45.9
    endloop
  endfacet
  facet normal -0.987693 0.156402 0
    outer loop
      vertex 53.5865 29.0905 48.3
      vertex 53.5116 28.6175 45.9
      vertex 53.5116 28.6175 48.3
    endloop
  endfacet
  facet normal -0.992564 -0.121722 0
    outer loop
      vertex 53.6448 32.4341 45.9
      vertex 53.5865 32.9095 48.3
      vertex 53.5865 32.9095 45.9
    endloop
  endfacet
  facet normal -0.992564 -0.121722 0
    outer loop
      vertex 53.5865 32.9095 48.3
      vertex 53.6448 32.4341 45.9
      vertex 53.6448 32.4341 48.3
    endloop
  endfacet
  facet normal -0.974391 0.22486 0
    outer loop
      vertex 53.3125 27.6808 45.9
      vertex 53.4202 28.1475 48.3
      vertex 53.4202 28.1475 45.9
    endloop
  endfacet
  facet normal -0.974391 0.22486 0
    outer loop
      vertex 53.4202 28.1475 48.3
      vertex 53.3125 27.6808 45.9
      vertex 53.3125 27.6808 48.3
    endloop
  endfacet
  facet normal 0.325547 -0.945526 0
    outer loop
      vertex 35.3075 43.8926 45.9
      vertex 35.7603 44.0485 48.3
      vertex 35.3075 43.8926 48.3
    endloop
  endfacet
  facet normal 0.325547 -0.945526 0
    outer loop
      vertex 35.7603 44.0485 48.3
      vertex 35.3075 43.8926 45.9
      vertex 35.7603 44.0485 45.9
    endloop
  endfacet
  facet normal 0.258962 0.965887 -0
    outer loop
      vertex 36.6808 17.6875 45.9
      vertex 36.2183 17.8115 48.3
      vertex 36.6808 17.6875 48.3
    endloop
  endfacet
  facet normal 0.258962 0.965887 0
    outer loop
      vertex 36.2183 17.8115 48.3
      vertex 36.6808 17.6875 45.9
      vertex 36.2183 17.8115 45.9
    endloop
  endfacet
  facet normal 0.906407 0.422405 0
    outer loop
      vertex 27.6685 24.9855 48.3
      vertex 27.4662 25.4196 45.9
      vertex 27.4662 25.4196 48.3
    endloop
  endfacet
  facet normal 0.906407 0.422405 0
    outer loop
      vertex 27.4662 25.4196 45.9
      vertex 27.6685 24.9855 48.3
      vertex 27.6685 24.9855 45.9
    endloop
  endfacet
  facet normal -0.422398 -0.906411 0
    outer loop
      vertex 45.5804 43.5338 45.9
      vertex 45.7025 43.4769 48.3
      vertex 45.5804 43.5338 48.3
    endloop
  endfacet
  facet normal -0.422398 -0.906411 -0
    outer loop
      vertex 45.7025 43.4769 48.3
      vertex 45.5804 43.5338 45.9
      vertex 45.7025 43.4769 45.9
    endloop
  endfacet
  facet normal 0.874659 0.484738 0
    outer loop
      vertex 28.1181 24.14 48.3
      vertex 27.886 24.5588 45.9
      vertex 27.886 24.5588 48.3
    endloop
  endfacet
  facet normal 0.874659 0.484738 0
    outer loop
      vertex 27.886 24.5588 45.9
      vertex 28.1181 24.14 48.3
      vertex 28.1181 24.14 45.9
    endloop
  endfacet
  facet normal 0.945526 -0.325547 0
    outer loop
      vertex 26.9515 35.2397 48.3
      vertex 27.1074 35.6925 45.9
      vertex 27.1074 35.6925 48.3
    endloop
  endfacet
  facet normal 0.945526 -0.325547 0
    outer loop
      vertex 27.1074 35.6925 45.9
      vertex 26.9515 35.2397 48.3
      vertex 26.9515 35.2397 45.9
    endloop
  endfacet
  facet normal 0.121722 0.992564 -0
    outer loop
      vertex 38.5659 17.3552 45.9
      vertex 38.0905 17.4135 48.3
      vertex 38.5659 17.3552 48.3
    endloop
  endfacet
  facet normal 0.121722 0.992564 0
    outer loop
      vertex 38.0905 17.4135 48.3
      vertex 38.5659 17.3552 45.9
      vertex 38.0905 17.4135 45.9
    endloop
  endfacet
  facet normal -0.656003 -0.754758 0
    outer loop
      vertex 48.819 41.5101 45.9
      vertex 49.1805 41.1959 48.3
      vertex 48.819 41.5101 48.3
    endloop
  endfacet
  facet normal -0.656003 -0.754758 -0
    outer loop
      vertex 49.1805 41.1959 48.3
      vertex 48.819 41.5101 45.9
      vertex 49.1805 41.1959 45.9
    endloop
  endfacet
  facet normal -0.325547 -0.945526 0
    outer loop
      vertex 44.2397 44.0485 45.9
      vertex 44.6925 43.8926 48.3
      vertex 44.2397 44.0485 48.3
    endloop
  endfacet
  facet normal -0.325547 -0.945526 -0
    outer loop
      vertex 44.6925 43.8926 48.3
      vertex 44.2397 44.0485 45.9
      vertex 44.6925 43.8926 45.9
    endloop
  endfacet
  facet normal 0.22486 0.974391 -0
    outer loop
      vertex 37.1475 17.5798 45.9
      vertex 36.6808 17.6875 48.3
      vertex 37.1475 17.5798 48.3
    endloop
  endfacet
  facet normal 0.22486 0.974391 0
    outer loop
      vertex 36.6808 17.6875 48.3
      vertex 37.1475 17.5798 45.9
      vertex 36.6808 17.6875 45.9
    endloop
  endfacet
  facet normal -0.707107 0.707107 0
    outer loop
      vertex 49.5307 21.1307 45.9
      vertex 49.8693 21.4693 48.3
      vertex 49.8693 21.4693 45.9
    endloop
  endfacet
  facet normal -0.707107 0.707107 0
    outer loop
      vertex 49.8693 21.4693 48.3
      vertex 49.5307 21.1307 45.9
      vertex 49.5307 21.1307 48.3
    endloop
  endfacet
  facet normal -0.292325 0.956319 0
    outer loop
      vertex 44.2397 17.9515 45.9
      vertex 43.7817 17.8115 48.3
      vertex 44.2397 17.9515 48.3
    endloop
  endfacet
  facet normal -0.292325 0.956319 0
    outer loop
      vertex 43.7817 17.8115 48.3
      vertex 44.2397 17.9515 45.9
      vertex 43.7817 17.8115 45.9
    endloop
  endfacet
  facet normal -0.79867 -0.601769 0
    outer loop
      vertex 51.0997 39.0644 45.9
      vertex 50.8115 39.4469 48.3
      vertex 50.8115 39.4469 45.9
    endloop
  endfacet
  facet normal -0.79867 -0.601769 0
    outer loop
      vertex 50.8115 39.4469 48.3
      vertex 51.0997 39.0644 45.9
      vertex 51.0997 39.0644 48.3
    endloop
  endfacet
  facet normal 0.857124 0.51511 0
    outer loop
      vertex 28.3648 23.7295 48.3
      vertex 28.1181 24.14 45.9
      vertex 28.1181 24.14 48.3
    endloop
  endfacet
  facet normal 0.857124 0.51511 0
    outer loop
      vertex 28.1181 24.14 45.9
      vertex 28.3648 23.7295 48.3
      vertex 28.3648 23.7295 45.9
    endloop
  endfacet
  facet normal -0.258962 -0.965887 0
    outer loop
      vertex 43.3192 44.3125 45.9
      vertex 43.7817 44.1885 48.3
      vertex 43.3192 44.3125 48.3
    endloop
  endfacet
  facet normal -0.258962 -0.965887 -0
    outer loop
      vertex 43.7817 44.1885 48.3
      vertex 43.3192 44.3125 45.9
      vertex 43.7817 44.1885 45.9
    endloop
  endfacet
  facet normal -0.731319 -0.682035 0
    outer loop
      vertex 50.1959 40.1805 45.9
      vertex 49.8693 40.5307 48.3
      vertex 49.8693 40.5307 45.9
    endloop
  endfacet
  facet normal -0.731319 -0.682035 0
    outer loop
      vertex 49.8693 40.5307 48.3
      vertex 50.1959 40.1805 45.9
      vertex 50.1959 40.1805 48.3
    endloop
  endfacet
  facet normal -0.707107 -0.707107 0
    outer loop
      vertex 49.8693 40.5307 45.9
      vertex 49.5307 40.8693 48.3
      vertex 49.5307 40.8693 45.9
    endloop
  endfacet
  facet normal -0.707107 -0.707107 0
    outer loop
      vertex 49.5307 40.8693 48.3
      vertex 49.8693 40.5307 45.9
      vertex 49.8693 40.5307 48.3
    endloop
  endfacet
  facet normal 0.987693 0.156402 0
    outer loop
      vertex 26.4884 28.6175 48.3
      vertex 26.4135 29.0905 45.9
      vertex 26.4135 29.0905 48.3
    endloop
  endfacet
  facet normal 0.987693 0.156402 0
    outer loop
      vertex 26.4135 29.0905 45.9
      vertex 26.4884 28.6175 48.3
      vertex 26.4884 28.6175 45.9
    endloop
  endfacet
  facet normal -0.325547 0.945526 0
    outer loop
      vertex 44.6925 18.1074 45.9
      vertex 44.2397 17.9515 48.3
      vertex 44.6925 18.1074 48.3
    endloop
  endfacet
  facet normal -0.325547 0.945526 0
    outer loop
      vertex 44.2397 17.9515 48.3
      vertex 44.6925 18.1074 45.9
      vertex 44.2397 17.9515 45.9
    endloop
  endfacet
  facet normal 0.777065 -0.62942 0
    outer loop
      vertex 29.1885 39.4469 48.3
      vertex 29.4899 39.819 45.9
      vertex 29.4899 39.819 48.3
    endloop
  endfacet
  facet normal 0.777065 -0.62942 0
    outer loop
      vertex 29.4899 39.819 45.9
      vertex 29.1885 39.4469 48.3
      vertex 29.1885 39.4469 45.9
    endloop
  endfacet
  facet normal 0.0175412 0.999846 -0
    outer loop
      vertex 40 17.28 45.9
      vertex 39.5212 17.2884 48.3
      vertex 40 17.28 48.3
    endloop
  endfacet
  facet normal 0.0175412 0.999846 0
    outer loop
      vertex 39.5212 17.2884 48.3
      vertex 40 17.28 45.9
      vertex 39.5212 17.2884 45.9
    endloop
  endfacet
  facet normal -0.22486 -0.974391 0
    outer loop
      vertex 42.8525 44.4202 45.9
      vertex 43.3192 44.3125 48.3
      vertex 42.8525 44.4202 48.3
    endloop
  endfacet
  facet normal -0.22486 -0.974391 -0
    outer loop
      vertex 43.3192 44.3125 48.3
      vertex 42.8525 44.4202 45.9
      vertex 43.3192 44.3125 45.9
    endloop
  endfacet
  facet normal 0.22486 -0.974391 0
    outer loop
      vertex 36.6808 44.3125 45.9
      vertex 37.1475 44.4202 48.3
      vertex 36.6808 44.3125 48.3
    endloop
  endfacet
  facet normal 0.22486 -0.974391 0
    outer loop
      vertex 37.1475 44.4202 48.3
      vertex 36.6808 44.3125 45.9
      vertex 37.1475 44.4202 45.9
    endloop
  endfacet
  facet normal -0.156402 0.987693 0
    outer loop
      vertex 42.3825 17.4884 45.9
      vertex 41.9095 17.4135 48.3
      vertex 42.3825 17.4884 48.3
    endloop
  endfacet
  facet normal -0.156402 0.987693 0
    outer loop
      vertex 41.9095 17.4135 48.3
      vertex 42.3825 17.4884 45.9
      vertex 41.9095 17.4135 45.9
    endloop
  endfacet
  facet normal -0.121722 0.992564 0
    outer loop
      vertex 41.9095 17.4135 45.9
      vertex 41.4341 17.3552 48.3
      vertex 41.9095 17.4135 48.3
    endloop
  endfacet
  facet normal -0.121722 0.992564 0
    outer loop
      vertex 41.4341 17.3552 48.3
      vertex 41.9095 17.4135 45.9
      vertex 41.4341 17.3552 45.9
    endloop
  endfacet
  facet normal -0.956319 0.292325 0
    outer loop
      vertex 53.0485 26.7603 45.9
      vertex 53.1885 27.2183 48.3
      vertex 53.1885 27.2183 45.9
    endloop
  endfacet
  facet normal -0.956319 0.292325 0
    outer loop
      vertex 53.1885 27.2183 48.3
      vertex 53.0485 26.7603 45.9
      vertex 53.0485 26.7603 48.3
    endloop
  endfacet
  facet normal 0.890934 0.454132 0
    outer loop
      vertex 27.886 24.5588 48.3
      vertex 27.6685 24.9855 45.9
      vertex 27.6685 24.9855 48.3
    endloop
  endfacet
  facet normal 0.890934 0.454132 0
    outer loop
      vertex 27.6685 24.9855 45.9
      vertex 27.886 24.5588 48.3
      vertex 27.886 24.5588 45.9
    endloop
  endfacet
  facet normal 0.656003 0.754758 -0
    outer loop
      vertex 31.181 20.4899 45.9
      vertex 30.8195 20.8041 48.3
      vertex 31.181 20.4899 48.3
    endloop
  endfacet
  facet normal 0.656003 0.754758 0
    outer loop
      vertex 30.8195 20.8041 48.3
      vertex 31.181 20.4899 45.9
      vertex 30.8195 20.8041 45.9
    endloop
  endfacet
  facet normal -0.121722 -0.992564 0
    outer loop
      vertex 41.4341 44.6448 45.9
      vertex 41.9095 44.5865 48.3
      vertex 41.4341 44.6448 48.3
    endloop
  endfacet
  facet normal -0.121722 -0.992564 -0
    outer loop
      vertex 41.9095 44.5865 48.3
      vertex 41.4341 44.6448 45.9
      vertex 41.9095 44.5865 45.9
    endloop
  endfacet
  facet normal -0.292325 -0.956319 0
    outer loop
      vertex 43.7817 44.1885 45.9
      vertex 44.2397 44.0485 48.3
      vertex 43.7817 44.1885 48.3
    endloop
  endfacet
  facet normal -0.292325 -0.956319 -0
    outer loop
      vertex 44.2397 44.0485 48.3
      vertex 43.7817 44.1885 45.9
      vertex 44.2397 44.0485 45.9
    endloop
  endfacet
  facet normal 0.992564 -0.121722 0
    outer loop
      vertex 26.3552 32.4341 48.3
      vertex 26.4135 32.9095 45.9
      vertex 26.4135 32.9095 48.3
    endloop
  endfacet
  facet normal 0.992564 -0.121722 0
    outer loop
      vertex 26.4135 32.9095 45.9
      vertex 26.3552 32.4341 48.3
      vertex 26.3552 32.4341 45.9
    endloop
  endfacet
  facet normal -0.819144 -0.573588 0
    outer loop
      vertex 51.3744 38.6721 45.9
      vertex 51.0997 39.0644 48.3
      vertex 51.0997 39.0644 45.9
    endloop
  endfacet
  facet normal -0.819144 -0.573588 0
    outer loop
      vertex 51.0997 39.0644 48.3
      vertex 51.3744 38.6721 45.9
      vertex 51.3744 38.6721 48.3
    endloop
  endfacet
  facet normal 0.707107 -0.707107 0
    outer loop
      vertex 30.1307 40.5307 48.3
      vertex 30.4693 40.8693 45.9
      vertex 30.4693 40.8693 48.3
    endloop
  endfacet
  facet normal 0.707107 -0.707107 0
    outer loop
      vertex 30.4693 40.8693 45.9
      vertex 30.1307 40.5307 48.3
      vertex 30.1307 40.5307 45.9
    endloop
  endfacet
  facet normal 0.62942 0.777065 -0
    outer loop
      vertex 31.5531 20.1885 45.9
      vertex 31.181 20.4899 48.3
      vertex 31.5531 20.1885 48.3
    endloop
  endfacet
  facet normal 0.62942 0.777065 0
    outer loop
      vertex 31.181 20.4899 48.3
      vertex 31.5531 20.1885 45.9
      vertex 31.181 20.4899 45.9
    endloop
  endfacet
  facet normal 0.819144 -0.573588 0
    outer loop
      vertex 28.6256 38.6721 48.3
      vertex 28.9003 39.0644 45.9
      vertex 28.9003 39.0644 48.3
    endloop
  endfacet
  facet normal 0.819144 -0.573588 0
    outer loop
      vertex 28.9003 39.0644 45.9
      vertex 28.6256 38.6721 48.3
      vertex 28.6256 38.6721 45.9
    endloop
  endfacet
  facet normal -0.358321 -0.933598 0
    outer loop
      vertex 44.6925 43.8926 45.9
      vertex 45.1396 43.721 48.3
      vertex 44.6925 43.8926 48.3
    endloop
  endfacet
  facet normal -0.358321 -0.933598 -0
    outer loop
      vertex 45.1396 43.721 48.3
      vertex 44.6925 43.8926 45.9
      vertex 45.1396 43.721 45.9
    endloop
  endfacet
  facet normal 0.777065 0.62942 0
    outer loop
      vertex 29.4899 22.181 48.3
      vertex 29.1885 22.5531 45.9
      vertex 29.1885 22.5531 48.3
    endloop
  endfacet
  facet normal 0.777065 0.62942 0
    outer loop
      vertex 29.1885 22.5531 45.9
      vertex 29.4899 22.181 48.3
      vertex 29.4899 22.181 45.9
    endloop
  endfacet
  facet normal -0.62942 0.777065 0
    outer loop
      vertex 48.819 20.4899 45.9
      vertex 48.4469 20.1885 48.3
      vertex 48.819 20.4899 48.3
    endloop
  endfacet
  facet normal -0.62942 0.777065 0
    outer loop
      vertex 48.4469 20.1885 48.3
      vertex 48.819 20.4899 45.9
      vertex 48.4469 20.1885 45.9
    endloop
  endfacet
  facet normal 0.956319 -0.292325 0
    outer loop
      vertex 26.8115 34.7817 48.3
      vertex 26.9515 35.2397 45.9
      vertex 26.9515 35.2397 48.3
    endloop
  endfacet
  facet normal 0.956319 -0.292325 0
    outer loop
      vertex 26.9515 35.2397 45.9
      vertex 26.8115 34.7817 48.3
      vertex 26.8115 34.7817 45.9
    endloop
  endfacet
  facet normal 0.422398 0.906411 -0
    outer loop
      vertex 34.4196 18.4662 45.9
      vertex 34.2975 18.5231 48.3
      vertex 34.4196 18.4662 48.3
    endloop
  endfacet
  facet normal 0.422398 0.906411 0
    outer loop
      vertex 34.2975 18.5231 48.3
      vertex 34.4196 18.4662 45.9
      vertex 34.2975 18.5231 45.9
    endloop
  endfacet
  facet normal 0.601769 0.79867 -0
    outer loop
      vertex 31.9356 19.9003 45.9
      vertex 31.5531 20.1885 48.3
      vertex 31.9356 19.9003 48.3
    endloop
  endfacet
  facet normal 0.601769 0.79867 0
    outer loop
      vertex 31.5531 20.1885 48.3
      vertex 31.9356 19.9003 45.9
      vertex 31.5531 20.1885 45.9
    endloop
  endfacet
  facet normal 0.974391 0.22486 0
    outer loop
      vertex 26.6875 27.6808 48.3
      vertex 26.5798 28.1475 45.9
      vertex 26.5798 28.1475 48.3
    endloop
  endfacet
  facet normal 0.974391 0.22486 0
    outer loop
      vertex 26.5798 28.1475 45.9
      vertex 26.6875 27.6808 48.3
      vertex 26.6875 27.6808 45.9
    endloop
  endfacet
  facet normal -0.601769 0.79867 0
    outer loop
      vertex 48.4469 20.1885 45.9
      vertex 48.0644 19.9003 48.3
      vertex 48.4469 20.1885 48.3
    endloop
  endfacet
  facet normal -0.601769 0.79867 0
    outer loop
      vertex 48.0644 19.9003 48.3
      vertex 48.4469 20.1885 45.9
      vertex 48.0644 19.9003 45.9
    endloop
  endfacet
  facet normal 0.101233 0.994863 -0
    outer loop
      vertex 40.5906 34.855 45.9
      vertex 40.1975 34.895 48.3
      vertex 40.5906 34.855 48.3
    endloop
  endfacet
  facet normal 0.101233 0.994863 0
    outer loop
      vertex 40.1975 34.895 48.3
      vertex 40.5906 34.855 45.9
      vertex 40.1975 34.895 45.9
    endloop
  endfacet
  facet normal 0.937682 0.347494 0
    outer loop
      vertex 43.6721 32.3 48.3
      vertex 43.5839 32.538 45.9
      vertex 43.5839 32.538 48.3
    endloop
  endfacet
  facet normal 0.937682 0.347494 0
    outer loop
      vertex 43.5839 32.538 45.9
      vertex 43.6721 32.3 48.3
      vertex 43.6721 32.3 45.9
    endloop
  endfacet
  facet normal -0.201145 -0.979561 0
    outer loop
      vertex 39.2896 27.1696 45.9
      vertex 39.4094 27.145 48.3
      vertex 39.2896 27.1696 48.3
    endloop
  endfacet
  facet normal -0.201145 -0.979561 -0
    outer loop
      vertex 39.4094 27.145 48.3
      vertex 39.2896 27.1696 45.9
      vertex 39.4094 27.145 45.9
    endloop
  endfacet
  facet normal 0.101233 -0.994863 0
    outer loop
      vertex 40.1975 27.105 45.9
      vertex 40.5906 27.145 48.3
      vertex 40.1975 27.105 48.3
    endloop
  endfacet
  facet normal 0.101233 -0.994863 0
    outer loop
      vertex 40.5906 27.145 48.3
      vertex 40.1975 27.105 45.9
      vertex 40.5906 27.145 45.9
    endloop
  endfacet
  facet normal -0.790825 0.612043 0
    outer loop
      vertex 36.799 33.2279 45.9
      vertex 37.0359 33.534 48.3
      vertex 37.0359 33.534 45.9
    endloop
  endfacet
  facet normal -0.790825 0.612043 0
    outer loop
      vertex 37.0359 33.534 48.3
      vertex 36.799 33.2279 45.9
      vertex 36.799 33.2279 48.3
    endloop
  endfacet
  facet normal 0.897893 -0.440213 0
    outer loop
      vertex 43.41 29.1073 48.3
      vertex 43.5839 29.462 45.9
      vertex 43.5839 29.462 48.3
    endloop
  endfacet
  facet normal 0.897893 -0.440213 0
    outer loop
      vertex 43.5839 29.462 45.9
      vertex 43.41 29.1073 48.3
      vertex 43.41 29.1073 45.9
    endloop
  endfacet
  facet normal -0.101233 -0.994863 0
    outer loop
      vertex 39.4094 27.145 45.9
      vertex 39.8025 27.105 48.3
      vertex 39.4094 27.145 48.3
    endloop
  endfacet
  facet normal -0.101233 -0.994863 -0
    outer loop
      vertex 39.8025 27.105 48.3
      vertex 39.4094 27.145 45.9
      vertex 39.8025 27.105 45.9
    endloop
  endfacet
  facet normal 0 1 -0
    outer loop
      vertex 40.1975 34.895 45.9
      vertex 39.8025 34.895 48.3
      vertex 40.1975 34.895 48.3
    endloop
  endfacet
  facet normal 0 1 0
    outer loop
      vertex 39.8025 34.895 48.3
      vertex 40.1975 34.895 45.9
      vertex 39.8025 34.895 45.9
    endloop
  endfacet
  facet normal 0.790825 0.612043 0
    outer loop
      vertex 43.201 33.2279 48.3
      vertex 42.9641 33.534 45.9
      vertex 42.9641 33.534 48.3
    endloop
  endfacet
  facet normal 0.790825 0.612043 0
    outer loop
      vertex 42.9641 33.534 45.9
      vertex 43.201 33.2279 48.3
      vertex 43.201 33.2279 45.9
    endloop
  endfacet
  facet normal 0.848567 0.529088 0
    outer loop
      vertex 43.41 32.8927 48.3
      vertex 43.201 33.2279 45.9
      vertex 43.201 33.2279 48.3
    endloop
  endfacet
  facet normal 0.848567 0.529088 0
    outer loop
      vertex 43.201 33.2279 45.9
      vertex 43.41 32.8927 48.3
      vertex 43.41 32.8927 45.9
    endloop
  endfacet
  facet normal 0 -1 0
    outer loop
      vertex 39.8025 27.105 45.9
      vertex 40.1975 27.105 48.3
      vertex 39.8025 27.105 48.3
    endloop
  endfacet
  facet normal 0 -1 -0
    outer loop
      vertex 40.1975 27.105 48.3
      vertex 39.8025 27.105 45.9
      vertex 40.1975 27.105 45.9
    endloop
  endfacet
  facet normal -0.937682 -0.347494 0
    outer loop
      vertex 36.4161 29.462 45.9
      vertex 36.3279 29.7 48.3
      vertex 36.3279 29.7 45.9
    endloop
  endfacet
  facet normal -0.937682 -0.347494 0
    outer loop
      vertex 36.3279 29.7 48.3
      vertex 36.4161 29.462 45.9
      vertex 36.4161 29.462 48.3
    endloop
  endfacet
  facet normal -0.897893 -0.440213 0
    outer loop
      vertex 36.59 29.1073 45.9
      vertex 36.4161 29.462 48.3
      vertex 36.4161 29.462 45.9
    endloop
  endfacet
  facet normal -0.897893 -0.440213 0
    outer loop
      vertex 36.4161 29.462 48.3
      vertex 36.59 29.1073 45.9
      vertex 36.59 29.1073 48.3
    endloop
  endfacet
  facet normal -0.101233 0.994863 0
    outer loop
      vertex 39.8025 34.895 45.9
      vertex 39.4094 34.855 48.3
      vertex 39.8025 34.895 48.3
    endloop
  endfacet
  facet normal -0.101233 0.994863 0
    outer loop
      vertex 39.4094 34.855 48.3
      vertex 39.8025 34.895 45.9
      vertex 39.4094 34.855 45.9
    endloop
  endfacet
  facet normal 0.848567 -0.529088 0
    outer loop
      vertex 43.201 28.7721 48.3
      vertex 43.41 29.1073 45.9
      vertex 43.41 29.1073 48.3
    endloop
  endfacet
  facet normal 0.848567 -0.529088 0
    outer loop
      vertex 43.41 29.1073 45.9
      vertex 43.201 28.7721 48.3
      vertex 43.201 28.7721 45.9
    endloop
  endfacet
  facet normal 0.937682 -0.347494 0
    outer loop
      vertex 43.5839 29.462 48.3
      vertex 43.6721 29.7 45.9
      vertex 43.6721 29.7 48.3
    endloop
  endfacet
  facet normal 0.937682 -0.347494 0
    outer loop
      vertex 43.6721 29.7 45.9
      vertex 43.5839 29.462 48.3
      vertex 43.5839 29.462 45.9
    endloop
  endfacet
  facet normal -0.848567 0.529088 0
    outer loop
      vertex 36.59 32.8927 45.9
      vertex 36.799 33.2279 48.3
      vertex 36.799 33.2279 45.9
    endloop
  endfacet
  facet normal -0.848567 0.529088 0
    outer loop
      vertex 36.799 33.2279 48.3
      vertex 36.59 32.8927 45.9
      vertex 36.59 32.8927 48.3
    endloop
  endfacet
  facet normal 0.897893 0.440213 0
    outer loop
      vertex 43.5839 32.538 48.3
      vertex 43.41 32.8927 45.9
      vertex 43.41 32.8927 48.3
    endloop
  endfacet
  facet normal 0.897893 0.440213 0
    outer loop
      vertex 43.41 32.8927 45.9
      vertex 43.5839 32.538 48.3
      vertex 43.5839 32.538 45.9
    endloop
  endfacet
  facet normal 0.790825 -0.612043 0
    outer loop
      vertex 42.9641 28.466 48.3
      vertex 43.201 28.7721 45.9
      vertex 43.201 28.7721 48.3
    endloop
  endfacet
  facet normal 0.790825 -0.612043 0
    outer loop
      vertex 43.201 28.7721 45.9
      vertex 42.9641 28.466 48.3
      vertex 42.9641 28.466 45.9
    endloop
  endfacet
  facet normal -0.848567 -0.529088 0
    outer loop
      vertex 36.799 28.7721 45.9
      vertex 36.59 29.1073 48.3
      vertex 36.59 29.1073 45.9
    endloop
  endfacet
  facet normal -0.848567 -0.529088 0
    outer loop
      vertex 36.59 29.1073 48.3
      vertex 36.799 28.7721 45.9
      vertex 36.799 28.7721 48.3
    endloop
  endfacet
  facet normal -0.937682 0.347494 0
    outer loop
      vertex 36.3279 32.3 45.9
      vertex 36.4161 32.538 48.3
      vertex 36.4161 32.538 45.9
    endloop
  endfacet
  facet normal -0.937682 0.347494 0
    outer loop
      vertex 36.4161 32.538 48.3
      vertex 36.3279 32.3 45.9
      vertex 36.3279 32.3 48.3
    endloop
  endfacet
  facet normal -0.201145 0.979561 0
    outer loop
      vertex 39.4094 34.855 45.9
      vertex 39.2896 34.8304 48.3
      vertex 39.4094 34.855 48.3
    endloop
  endfacet
  facet normal -0.201145 0.979561 0
    outer loop
      vertex 39.2896 34.8304 48.3
      vertex 39.4094 34.855 45.9
      vertex 39.2896 34.8304 45.9
    endloop
  endfacet
  facet normal 0.201145 0.979561 -0
    outer loop
      vertex 40.7104 34.8304 45.9
      vertex 40.5906 34.855 48.3
      vertex 40.7104 34.8304 48.3
    endloop
  endfacet
  facet normal 0.201145 0.979561 0
    outer loop
      vertex 40.5906 34.855 48.3
      vertex 40.7104 34.8304 45.9
      vertex 40.5906 34.855 45.9
    endloop
  endfacet
  facet normal -0.790825 -0.612043 0
    outer loop
      vertex 37.0359 28.466 45.9
      vertex 36.799 28.7721 48.3
      vertex 36.799 28.7721 45.9
    endloop
  endfacet
  facet normal -0.790825 -0.612043 0
    outer loop
      vertex 36.799 28.7721 48.3
      vertex 37.0359 28.466 45.9
      vertex 37.0359 28.466 48.3
    endloop
  endfacet
  facet normal -0.897893 0.440213 0
    outer loop
      vertex 36.4161 32.538 45.9
      vertex 36.59 32.8927 48.3
      vertex 36.59 32.8927 45.9
    endloop
  endfacet
  facet normal -0.897893 0.440213 0
    outer loop
      vertex 36.59 32.8927 48.3
      vertex 36.4161 32.538 45.9
      vertex 36.4161 32.538 48.3
    endloop
  endfacet
  facet normal 0.201145 -0.979561 0
    outer loop
      vertex 40.5906 27.145 45.9
      vertex 40.7104 27.1696 48.3
      vertex 40.5906 27.145 48.3
    endloop
  endfacet
  facet normal 0.201145 -0.979561 0
    outer loop
      vertex 40.7104 27.1696 48.3
      vertex 40.5906 27.145 45.9
      vertex 40.7104 27.1696 45.9
    endloop
  endfacet
endsolid OpenSCAD_Model
