solid OpenSCAD_Model
  facet normal 0.471206 0.882023 -0
    outer loop
      vertex 90.1333 61.2989 34.4
      vertex 90.0296 61.3543 36.9
      vertex 90.1333 61.2989 36.9
    endloop
  endfacet
  facet normal 0.471206 0.882023 0
    outer loop
      vertex 90.0296 61.3543 36.9
      vertex 90.1333 61.2989 34.4
      vertex 90.0296 61.3543 34.4
    endloop
  endfacet
  facet normal 0.633978 0.773351 -0
    outer loop
      vertex 90.2243 61.2243 34.4
      vertex 90.1333 61.2989 36.9
      vertex 90.2243 61.2243 36.9
    endloop
  endfacet
  facet normal 0.633978 0.773351 0
    outer loop
      vertex 90.1333 61.2989 36.9
      vertex 90.2243 61.2243 34.4
      vertex 90.1333 61.2989 34.4
    endloop
  endfacet
  facet normal 0.634029 -0.773309 0
    outer loop
      vertex 90.1333 2.70112 34.4
      vertex 90.2243 2.77573 36.9
      vertex 90.1333 2.70112 36.9
    endloop
  endfacet
  facet normal 0.634029 -0.773309 0
    outer loop
      vertex 90.2243 2.77573 36.9
      vertex 90.1333 2.70112 34.4
      vertex 90.2243 2.77573 34.4
    endloop
  endfacet
  facet normal 0.995208 -0.0977778 0
    outer loop
      vertex 90.3885 3.08296 36.9
      vertex 90.4 3.20001 34.4
      vertex 90.4 3.20001 36.9
    endloop
  endfacet
  facet normal 0.995208 -0.0977778 0
    outer loop
      vertex 90.4 3.20001 34.4
      vertex 90.3885 3.08296 36.9
      vertex 90.3885 3.08296 34.4
    endloop
  endfacet
  facet normal -0.773309 0.634029 0
    outer loop
      vertex 2.70112 61.1333 34.4
      vertex 2.77573 61.2243 36.9
      vertex 2.77573 61.2243 34.4
    endloop
  endfacet
  facet normal -0.773309 0.634029 0
    outer loop
      vertex 2.77573 61.2243 36.9
      vertex 2.70112 61.1333 34.4
      vertex 2.70112 61.1333 36.9
    endloop
  endfacet
  facet normal 0.471471 -0.881882 0
    outer loop
      vertex 90.0296 2.64568 34.4
      vertex 90.1333 2.70112 36.9
      vertex 90.0296 2.64568 36.9
    endloop
  endfacet
  facet normal 0.471471 -0.881882 0
    outer loop
      vertex 90.1333 2.70112 36.9
      vertex 90.0296 2.64568 34.4
      vertex 90.1333 2.70112 34.4
    endloop
  endfacet
  facet normal -0.95698 0.290154 0
    outer loop
      vertex 2.61154 60.917 34.4
      vertex 2.64568 61.0296 36.9
      vertex 2.64568 61.0296 34.4
    endloop
  endfacet
  facet normal -0.95698 0.290154 0
    outer loop
      vertex 2.64568 61.0296 36.9
      vertex 2.61154 60.917 34.4
      vertex 2.61154 60.917 36.9
    endloop
  endfacet
  facet normal 0.773112 -0.63427 0
    outer loop
      vertex 90.2243 2.77573 36.9
      vertex 90.2989 2.86666 34.4
      vertex 90.2989 2.86666 36.9
    endloop
  endfacet
  facet normal 0.773112 -0.63427 0
    outer loop
      vertex 90.2989 2.86666 34.4
      vertex 90.2243 2.77573 36.9
      vertex 90.2243 2.77573 34.4
    endloop
  endfacet
  facet normal -0.956959 -0.290224 0
    outer loop
      vertex 2.64568 2.97039 34.4
      vertex 2.61154 3.08296 36.9
      vertex 2.61154 3.08296 34.4
    endloop
  endfacet
  facet normal -0.956959 -0.290224 0
    outer loop
      vertex 2.61154 3.08296 36.9
      vertex 2.64568 2.97039 34.4
      vertex 2.64568 2.97039 36.9
    endloop
  endfacet
  facet normal -0.290224 -0.956959 0
    outer loop
      vertex 2.97039 2.64568 34.4
      vertex 3.08296 2.61154 36.9
      vertex 2.97039 2.64568 36.9
    endloop
  endfacet
  facet normal -0.290224 -0.956959 -0
    outer loop
      vertex 3.08296 2.61154 36.9
      vertex 2.97039 2.64568 34.4
      vertex 3.08296 2.61154 34.4
    endloop
  endfacet
  facet normal 0 1 -0
    outer loop
      vertex 89.8 61.4 34.4
      vertex 3.20001 61.4 36.9
      vertex 89.8 61.4 36.9
    endloop
  endfacet
  facet normal 0 1 0
    outer loop
      vertex 3.20001 61.4 36.9
      vertex 89.8 61.4 34.4
      vertex 3.20001 61.4 34.4
    endloop
  endfacet
  facet normal 0.773351 0.633978 0
    outer loop
      vertex 90.2989 61.1333 36.9
      vertex 90.2243 61.2243 34.4
      vertex 90.2243 61.2243 36.9
    endloop
  endfacet
  facet normal 0.773351 0.633978 0
    outer loop
      vertex 90.2243 61.2243 34.4
      vertex 90.2989 61.1333 36.9
      vertex 90.2989 61.1333 34.4
    endloop
  endfacet
  facet normal 0 -1 0
    outer loop
      vertex 3.20001 2.6 34.4
      vertex 89.8 2.6 36.9
      vertex 3.20001 2.6 36.9
    endloop
  endfacet
  facet normal 0 -1 -0
    outer loop
      vertex 89.8 2.6 36.9
      vertex 3.20001 2.6 34.4
      vertex 89.8 2.6 34.4
    endloop
  endfacet
  facet normal -0.77307 -0.634321 0
    outer loop
      vertex 2.77573 2.77573 34.4
      vertex 2.70112 2.86666 36.9
      vertex 2.70112 2.86666 34.4
    endloop
  endfacet
  facet normal -0.77307 -0.634321 0
    outer loop
      vertex 2.70112 2.86666 36.9
      vertex 2.77573 2.77573 34.4
      vertex 2.77573 2.77573 36.9
    endloop
  endfacet
  facet normal 0 0 -1
    outer loop
      vertex 89.8 2.6 34.4
      vertex 90.4 3.20001 34.4
      vertex 90.3885 3.08296 34.4
    endloop
  endfacet
  facet normal 0 0 -1
    outer loop
      vertex 90.4 3.20001 34.4
      vertex 89.2 4.40001 34.4
      vertex 90.4 60.8 34.4
    endloop
  endfacet
  facet normal 0 0 -1
    outer loop
      vertex 89.8 2.6 34.4
      vertex 90.3885 3.08296 34.4
      vertex 90.3543 2.97039 34.4
    endloop
  endfacet
  facet normal 0 0 -1
    outer loop
      vertex 89.2 59.6 34.4
      vertex 90.4 60.8 34.4
      vertex 89.2 4.40001 34.4
    endloop
  endfacet
  facet normal 0 0 -1
    outer loop
      vertex 89.8 2.6 34.4
      vertex 90.3543 2.97039 34.4
      vertex 90.2989 2.86666 34.4
    endloop
  endfacet
  facet normal 0 0 -1
    outer loop
      vertex 89.1885 59.717 34.4
      vertex 90.4 60.8 34.4
      vertex 89.2 59.6 34.4
    endloop
  endfacet
  facet normal 0 0 -1
    outer loop
      vertex 89.8 2.6 34.4
      vertex 90.2989 2.86666 34.4
      vertex 90.2243 2.77573 34.4
    endloop
  endfacet
  facet normal 0 0 -1
    outer loop
      vertex 89.1543 59.8296 34.4
      vertex 90.4 60.8 34.4
      vertex 89.1885 59.717 34.4
    endloop
  endfacet
  facet normal 0 0 -1
    outer loop
      vertex 89.8 2.6 34.4
      vertex 90.2243 2.77573 34.4
      vertex 90.1333 2.70112 34.4
    endloop
  endfacet
  facet normal 0 0 -1
    outer loop
      vertex 89.0989 59.9333 34.4
      vertex 90.4 60.8 34.4
      vertex 89.1543 59.8296 34.4
    endloop
  endfacet
  facet normal 0 0 -1
    outer loop
      vertex 89.8 2.6 34.4
      vertex 90.1333 2.70112 34.4
      vertex 90.0296 2.64568 34.4
    endloop
  endfacet
  facet normal 0 0 -1
    outer loop
      vertex 89.0243 60.0243 34.4
      vertex 90.4 60.8 34.4
      vertex 89.0989 59.9333 34.4
    endloop
  endfacet
  facet normal 0 0 -1
    outer loop
      vertex 89.8 2.6 34.4
      vertex 90.0296 2.64568 34.4
      vertex 89.917 2.61154 34.4
    endloop
  endfacet
  facet normal 0 -0 -1
    outer loop
      vertex 89.8 61.4 34.4
      vertex 90.4 60.8 34.4
      vertex 89.0243 60.0243 34.4
    endloop
  endfacet
  facet normal -0 0 -1
    outer loop
      vertex 90.4 3.20001 34.4
      vertex 89.8 2.6 34.4
      vertex 89.0243 3.97573 34.4
    endloop
  endfacet
  facet normal 0 0 -1
    outer loop
      vertex 90.4 60.8 34.4
      vertex 89.8 61.4 34.4
      vertex 90.3885 60.917 34.4
    endloop
  endfacet
  facet normal 0 0 -1
    outer loop
      vertex 90.3885 60.917 34.4
      vertex 89.8 61.4 34.4
      vertex 90.3543 61.0296 34.4
    endloop
  endfacet
  facet normal 0 0 -1
    outer loop
      vertex 90.4 3.20001 34.4
      vertex 89.1885 4.28296 34.4
      vertex 89.2 4.40001 34.4
    endloop
  endfacet
  facet normal 0 0 -1
    outer loop
      vertex 90.4 3.20001 34.4
      vertex 89.1543 4.17039 34.4
      vertex 89.1885 4.28296 34.4
    endloop
  endfacet
  facet normal 0 0 -1
    outer loop
      vertex 90.4 3.20001 34.4
      vertex 89.0989 4.06666 34.4
      vertex 89.1543 4.17039 34.4
    endloop
  endfacet
  facet normal 0 0 -1
    outer loop
      vertex 90.4 3.20001 34.4
      vertex 89.0243 3.97573 34.4
      vertex 89.0989 4.06666 34.4
    endloop
  endfacet
  facet normal 0 0 -1
    outer loop
      vertex 89.8 2.6 34.4
      vertex 88.9333 3.90112 34.4
      vertex 89.0243 3.97573 34.4
    endloop
  endfacet
  facet normal 0 0 -1
    outer loop
      vertex 89.8 2.6 34.4
      vertex 88.8296 3.84568 34.4
      vertex 88.9333 3.90112 34.4
    endloop
  endfacet
  facet normal 0 0 -1
    outer loop
      vertex 89.8 2.6 34.4
      vertex 88.717 3.81153 34.4
      vertex 88.8296 3.84568 34.4
    endloop
  endfacet
  facet normal 0 0 -1
    outer loop
      vertex 89.8 2.6 34.4
      vertex 88.6 3.8 34.4
      vertex 88.717 3.81153 34.4
    endloop
  endfacet
  facet normal 0 0 -1
    outer loop
      vertex 89.8 2.6 34.4
      vertex 4.40001 3.8 34.4
      vertex 88.6 3.8 34.4
    endloop
  endfacet
  facet normal -0 0 -1
    outer loop
      vertex 3.81153 4.28296 34.4
      vertex 2.6 3.20001 34.4
      vertex 3.8 4.40001 34.4
    endloop
  endfacet
  facet normal -0 0 -1
    outer loop
      vertex 3.84568 4.17039 34.4
      vertex 2.6 3.20001 34.4
      vertex 3.81153 4.28296 34.4
    endloop
  endfacet
  facet normal -0 0 -1
    outer loop
      vertex 3.90112 4.06666 34.4
      vertex 2.6 3.20001 34.4
      vertex 3.84568 4.17039 34.4
    endloop
  endfacet
  facet normal -0 0 -1
    outer loop
      vertex 3.97573 3.97573 34.4
      vertex 2.6 3.20001 34.4
      vertex 3.90112 4.06666 34.4
    endloop
  endfacet
  facet normal 0 0 -1
    outer loop
      vertex 2.6 3.20001 34.4
      vertex 3.97573 3.97573 34.4
      vertex 3.20001 2.6 34.4
    endloop
  endfacet
  facet normal -0 0 -1
    outer loop
      vertex 4.06666 3.90112 34.4
      vertex 3.20001 2.6 34.4
      vertex 3.97573 3.97573 34.4
    endloop
  endfacet
  facet normal -0 0 -1
    outer loop
      vertex 4.17039 3.84568 34.4
      vertex 3.20001 2.6 34.4
      vertex 4.06666 3.90112 34.4
    endloop
  endfacet
  facet normal -0 0 -1
    outer loop
      vertex 4.28296 3.81153 34.4
      vertex 3.20001 2.6 34.4
      vertex 4.17039 3.84568 34.4
    endloop
  endfacet
  facet normal -0 0 -1
    outer loop
      vertex 4.40001 3.8 34.4
      vertex 3.20001 2.6 34.4
      vertex 4.28296 3.81153 34.4
    endloop
  endfacet
  facet normal 0 0 -1
    outer loop
      vertex 3.20001 2.6 34.4
      vertex 4.40001 3.8 34.4
      vertex 89.8 2.6 34.4
    endloop
  endfacet
  facet normal 0 0 -1
    outer loop
      vertex 90.3543 61.0296 34.4
      vertex 89.8 61.4 34.4
      vertex 90.2989 61.1333 34.4
    endloop
  endfacet
  facet normal 0 0 -1
    outer loop
      vertex 90.2989 61.1333 34.4
      vertex 89.8 61.4 34.4
      vertex 90.2243 61.2243 34.4
    endloop
  endfacet
  facet normal 0 0 -1
    outer loop
      vertex 90.1333 61.2989 34.4
      vertex 89.8 61.4 34.4
      vertex 90.0296 61.3543 34.4
    endloop
  endfacet
  facet normal 0 0 -1
    outer loop
      vertex 90.0296 61.3543 34.4
      vertex 89.8 61.4 34.4
      vertex 89.917 61.3885 34.4
    endloop
  endfacet
  facet normal 0 0 -1
    outer loop
      vertex 90.2243 61.2243 34.4
      vertex 89.8 61.4 34.4
      vertex 90.1333 61.2989 34.4
    endloop
  endfacet
  facet normal 0 0 -1
    outer loop
      vertex 88.9333 60.0989 34.4
      vertex 89.8 61.4 34.4
      vertex 89.0243 60.0243 34.4
    endloop
  endfacet
  facet normal 0 0 -1
    outer loop
      vertex 88.8296 60.1543 34.4
      vertex 89.8 61.4 34.4
      vertex 88.9333 60.0989 34.4
    endloop
  endfacet
  facet normal 0 0 -1
    outer loop
      vertex 88.717 60.1885 34.4
      vertex 89.8 61.4 34.4
      vertex 88.8296 60.1543 34.4
    endloop
  endfacet
  facet normal 0 0 -1
    outer loop
      vertex 88.6 60.2 34.4
      vertex 89.8 61.4 34.4
      vertex 88.717 60.1885 34.4
    endloop
  endfacet
  facet normal 0 0 -1
    outer loop
      vertex 4.40001 60.2 34.4
      vertex 89.8 61.4 34.4
      vertex 88.6 60.2 34.4
    endloop
  endfacet
  facet normal 0 0 -1
    outer loop
      vertex 4.40001 60.2 34.4
      vertex 3.20001 61.4 34.4
      vertex 89.8 61.4 34.4
    endloop
  endfacet
  facet normal 0 0 -1
    outer loop
      vertex 4.28296 60.1885 34.4
      vertex 3.20001 61.4 34.4
      vertex 4.40001 60.2 34.4
    endloop
  endfacet
  facet normal 0 0 -1
    outer loop
      vertex 4.17039 60.1543 34.4
      vertex 3.20001 61.4 34.4
      vertex 4.28296 60.1885 34.4
    endloop
  endfacet
  facet normal 0 0 -1
    outer loop
      vertex 4.06666 60.0989 34.4
      vertex 3.20001 61.4 34.4
      vertex 4.17039 60.1543 34.4
    endloop
  endfacet
  facet normal 0 0 -1
    outer loop
      vertex 3.97573 60.0243 34.4
      vertex 3.20001 61.4 34.4
      vertex 4.06666 60.0989 34.4
    endloop
  endfacet
  facet normal 0 0 -1
    outer loop
      vertex 2.6 60.8 34.4
      vertex 3.97573 60.0243 34.4
      vertex 3.90112 59.9333 34.4
    endloop
  endfacet
  facet normal 0 0 -1
    outer loop
      vertex 2.6 60.8 34.4
      vertex 3.90112 59.9333 34.4
      vertex 3.84568 59.8296 34.4
    endloop
  endfacet
  facet normal 0 0 -1
    outer loop
      vertex 2.6 60.8 34.4
      vertex 3.84568 59.8296 34.4
      vertex 3.81153 59.717 34.4
    endloop
  endfacet
  facet normal 0 0 -1
    outer loop
      vertex 2.6 60.8 34.4
      vertex 3.81153 59.717 34.4
      vertex 3.8 59.6 34.4
    endloop
  endfacet
  facet normal -0 0 -1
    outer loop
      vertex 3.8 4.40001 34.4
      vertex 2.6 3.20001 34.4
      vertex 3.8 59.6 34.4
    endloop
  endfacet
  facet normal 0 0 -1
    outer loop
      vertex 2.6 3.20001 34.4
      vertex 3.20001 2.6 34.4
      vertex 3.08296 2.61154 34.4
    endloop
  endfacet
  facet normal 0 0 -1
    outer loop
      vertex 2.6 60.8 34.4
      vertex 3.8 59.6 34.4
      vertex 2.6 3.20001 34.4
    endloop
  endfacet
  facet normal 0 0 -1
    outer loop
      vertex 2.6 3.20001 34.4
      vertex 3.08296 2.61154 34.4
      vertex 2.97039 2.64568 34.4
    endloop
  endfacet
  facet normal 0 0 -1
    outer loop
      vertex 3.97573 60.0243 34.4
      vertex 2.6 60.8 34.4
      vertex 3.20001 61.4 34.4
    endloop
  endfacet
  facet normal 0 0 -1
    outer loop
      vertex 2.6 3.20001 34.4
      vertex 2.97039 2.64568 34.4
      vertex 2.86666 2.70112 34.4
    endloop
  endfacet
  facet normal 0 0 -1
    outer loop
      vertex 3.20001 61.4 34.4
      vertex 2.6 60.8 34.4
      vertex 3.08296 61.3885 34.4
    endloop
  endfacet
  facet normal 0 0 -1
    outer loop
      vertex 2.6 3.20001 34.4
      vertex 2.86666 2.70112 34.4
      vertex 2.77573 2.77573 34.4
    endloop
  endfacet
  facet normal 0 0 -1
    outer loop
      vertex 3.08296 61.3885 34.4
      vertex 2.6 60.8 34.4
      vertex 2.97039 61.3543 34.4
    endloop
  endfacet
  facet normal 0 0 -1
    outer loop
      vertex 2.6 3.20001 34.4
      vertex 2.77573 2.77573 34.4
      vertex 2.70112 2.86666 34.4
    endloop
  endfacet
  facet normal 0 0 -1
    outer loop
      vertex 2.97039 61.3543 34.4
      vertex 2.6 60.8 34.4
      vertex 2.86666 61.2989 34.4
    endloop
  endfacet
  facet normal 0 0 -1
    outer loop
      vertex 2.6 3.20001 34.4
      vertex 2.70112 2.86666 34.4
      vertex 2.64568 2.97039 34.4
    endloop
  endfacet
  facet normal 0 0 -1
    outer loop
      vertex 2.86666 61.2989 34.4
      vertex 2.6 60.8 34.4
      vertex 2.77573 61.2243 34.4
    endloop
  endfacet
  facet normal 0 0 -1
    outer loop
      vertex 2.6 3.20001 34.4
      vertex 2.64568 2.97039 34.4
      vertex 2.61154 3.08296 34.4
    endloop
  endfacet
  facet normal 0 0 -1
    outer loop
      vertex 2.77573 61.2243 34.4
      vertex 2.6 60.8 34.4
      vertex 2.70112 61.1333 34.4
    endloop
  endfacet
  facet normal 0 0 -1
    outer loop
      vertex 2.70112 61.1333 34.4
      vertex 2.6 60.8 34.4
      vertex 2.64568 61.0296 34.4
    endloop
  endfacet
  facet normal 0 0 -1
    outer loop
      vertex 2.64568 61.0296 34.4
      vertex 2.6 60.8 34.4
      vertex 2.61154 60.917 34.4
    endloop
  endfacet
  facet normal -0.63427 0.773112 0
    outer loop
      vertex 2.86666 61.2989 34.4
      vertex 2.77573 61.2243 36.9
      vertex 2.86666 61.2989 36.9
    endloop
  endfacet
  facet normal -0.63427 0.773112 0
    outer loop
      vertex 2.77573 61.2243 36.9
      vertex 2.86666 61.2989 34.4
      vertex 2.77573 61.2243 34.4
    endloop
  endfacet
  facet normal -0.290691 0.956817 0
    outer loop
      vertex 3.08296 61.3885 34.4
      vertex 2.97039 61.3543 36.9
      vertex 3.08296 61.3885 36.9
    endloop
  endfacet
  facet normal -0.290691 0.956817 0
    outer loop
      vertex 2.97039 61.3543 36.9
      vertex 3.08296 61.3885 34.4
      vertex 2.97039 61.3543 34.4
    endloop
  endfacet
  facet normal 0.0981562 -0.995171 0
    outer loop
      vertex 89.8 2.6 34.4
      vertex 89.917 2.61154 36.9
      vertex 89.8 2.6 36.9
    endloop
  endfacet
  facet normal 0.0981562 -0.995171 0
    outer loop
      vertex 89.917 2.61154 36.9
      vertex 89.8 2.6 34.4
      vertex 89.917 2.61154 34.4
    endloop
  endfacet
  facet normal 0.956838 0.290621 0
    outer loop
      vertex 90.3885 60.917 36.9
      vertex 90.3543 61.0296 34.4
      vertex 90.3543 61.0296 36.9
    endloop
  endfacet
  facet normal 0.956838 0.290621 0
    outer loop
      vertex 90.3543 61.0296 34.4
      vertex 90.3885 60.917 36.9
      vertex 90.3885 60.917 34.4
    endloop
  endfacet
  facet normal 0.290154 -0.95698 0
    outer loop
      vertex 89.917 2.61154 34.4
      vertex 90.0296 2.64568 36.9
      vertex 89.917 2.61154 36.9
    endloop
  endfacet
  facet normal 0.290154 -0.95698 0
    outer loop
      vertex 90.0296 2.64568 36.9
      vertex 89.917 2.61154 34.4
      vertex 90.0296 2.64568 34.4
    endloop
  endfacet
  facet normal 0.995204 0.0978192 0
    outer loop
      vertex 90.4 60.8 36.9
      vertex 90.3885 60.917 34.4
      vertex 90.3885 60.917 36.9
    endloop
  endfacet
  facet normal 0.995204 0.0978192 0
    outer loop
      vertex 90.3885 60.917 34.4
      vertex 90.4 60.8 36.9
      vertex 90.4 60.8 34.4
    endloop
  endfacet
  facet normal -0.4711 0.88208 0
    outer loop
      vertex 2.97039 61.3543 34.4
      vertex 2.86666 61.2989 36.9
      vertex 2.97039 61.3543 36.9
    endloop
  endfacet
  facet normal -0.4711 0.88208 0
    outer loop
      vertex 2.86666 61.2989 36.9
      vertex 2.97039 61.3543 34.4
      vertex 2.86666 61.2989 34.4
    endloop
  endfacet
  facet normal 0.88208 -0.4711 0
    outer loop
      vertex 90.2989 2.86666 36.9
      vertex 90.3543 2.97039 34.4
      vertex 90.3543 2.97039 36.9
    endloop
  endfacet
  facet normal 0.88208 -0.4711 0
    outer loop
      vertex 90.3543 2.97039 34.4
      vertex 90.2989 2.86666 36.9
      vertex 90.2989 2.86666 34.4
    endloop
  endfacet
  facet normal -0.0981147 -0.995175 0
    outer loop
      vertex 3.08296 2.61154 34.4
      vertex 3.20001 2.6 36.9
      vertex 3.08296 2.61154 36.9
    endloop
  endfacet
  facet normal -0.0981147 -0.995175 -0
    outer loop
      vertex 3.20001 2.6 36.9
      vertex 3.08296 2.61154 34.4
      vertex 3.20001 2.6 34.4
    endloop
  endfacet
  facet normal 1 -0 0
    outer loop
      vertex 90.4 3.20001 36.9
      vertex 90.4 60.8 34.4
      vertex 90.4 60.8 36.9
    endloop
  endfacet
  facet normal 1 0 0
    outer loop
      vertex 90.4 60.8 34.4
      vertex 90.4 3.20001 36.9
      vertex 90.4 3.20001 34.4
    endloop
  endfacet
  facet normal -0.0977778 0.995208 0
    outer loop
      vertex 3.20001 61.4 34.4
      vertex 3.08296 61.3885 36.9
      vertex 3.20001 61.4 36.9
    endloop
  endfacet
  facet normal -0.0977778 0.995208 0
    outer loop
      vertex 3.08296 61.3885 36.9
      vertex 3.20001 61.4 34.4
      vertex 3.08296 61.3885 34.4
    endloop
  endfacet
  facet normal -0.471365 -0.881938 0
    outer loop
      vertex 2.86666 2.70112 34.4
      vertex 2.97039 2.64568 36.9
      vertex 2.86666 2.70112 36.9
    endloop
  endfacet
  facet normal -0.471365 -0.881938 -0
    outer loop
      vertex 2.97039 2.64568 36.9
      vertex 2.86666 2.70112 34.4
      vertex 2.97039 2.64568 34.4
    endloop
  endfacet
  facet normal -0.995175 -0.0981147 0
    outer loop
      vertex 2.61154 3.08296 34.4
      vertex 2.6 3.20001 36.9
      vertex 2.6 3.20001 34.4
    endloop
  endfacet
  facet normal -0.995175 -0.0981147 0
    outer loop
      vertex 2.6 3.20001 36.9
      vertex 2.61154 3.08296 34.4
      vertex 2.61154 3.08296 36.9
    endloop
  endfacet
  facet normal -1 0 0
    outer loop
      vertex 2.6 3.20001 34.4
      vertex 2.6 60.8 36.9
      vertex 2.6 60.8 34.4
    endloop
  endfacet
  facet normal -1 -0 0
    outer loop
      vertex 2.6 60.8 36.9
      vertex 2.6 3.20001 34.4
      vertex 2.6 3.20001 36.9
    endloop
  endfacet
  facet normal 0.956817 -0.290691 0
    outer loop
      vertex 90.3543 2.97039 36.9
      vertex 90.3885 3.08296 34.4
      vertex 90.3885 3.08296 36.9
    endloop
  endfacet
  facet normal 0.956817 -0.290691 0
    outer loop
      vertex 90.3885 3.08296 34.4
      vertex 90.3543 2.97039 36.9
      vertex 90.3543 2.97039 34.4
    endloop
  endfacet
  facet normal -0.634321 -0.77307 0
    outer loop
      vertex 2.77573 2.77573 34.4
      vertex 2.86666 2.70112 36.9
      vertex 2.77573 2.77573 36.9
    endloop
  endfacet
  facet normal -0.634321 -0.77307 -0
    outer loop
      vertex 2.86666 2.70112 36.9
      vertex 2.77573 2.77573 34.4
      vertex 2.86666 2.70112 34.4
    endloop
  endfacet
  facet normal -0.995171 0.0981562 0
    outer loop
      vertex 2.6 60.8 34.4
      vertex 2.61154 60.917 36.9
      vertex 2.61154 60.917 34.4
    endloop
  endfacet
  facet normal -0.995171 0.0981562 0
    outer loop
      vertex 2.61154 60.917 36.9
      vertex 2.6 60.8 34.4
      vertex 2.6 60.8 36.9
    endloop
  endfacet
  facet normal -0.881938 -0.471365 0
    outer loop
      vertex 2.70112 2.86666 34.4
      vertex 2.64568 2.97039 36.9
      vertex 2.64568 2.97039 34.4
    endloop
  endfacet
  facet normal -0.881938 -0.471365 0
    outer loop
      vertex 2.64568 2.97039 36.9
      vertex 2.70112 2.86666 34.4
      vertex 2.70112 2.86666 36.9
    endloop
  endfacet
  facet normal 0.0978192 0.995204 -0
    outer loop
      vertex 89.917 61.3885 34.4
      vertex 89.8 61.4 36.9
      vertex 89.917 61.3885 36.9
    endloop
  endfacet
  facet normal 0.0978192 0.995204 0
    outer loop
      vertex 89.8 61.4 36.9
      vertex 89.917 61.3885 34.4
      vertex 89.8 61.4 34.4
    endloop
  endfacet
  facet normal 0.882023 0.471206 0
    outer loop
      vertex 90.3543 61.0296 36.9
      vertex 90.2989 61.1333 34.4
      vertex 90.2989 61.1333 36.9
    endloop
  endfacet
  facet normal 0.882023 0.471206 0
    outer loop
      vertex 90.2989 61.1333 34.4
      vertex 90.3543 61.0296 36.9
      vertex 90.3543 61.0296 34.4
    endloop
  endfacet
  facet normal -0.881882 0.471471 0
    outer loop
      vertex 2.64568 61.0296 34.4
      vertex 2.70112 61.1333 36.9
      vertex 2.70112 61.1333 34.4
    endloop
  endfacet
  facet normal -0.881882 0.471471 0
    outer loop
      vertex 2.70112 61.1333 36.9
      vertex 2.64568 61.0296 34.4
      vertex 2.64568 61.0296 36.9
    endloop
  endfacet
  facet normal 0.290621 0.956838 -0
    outer loop
      vertex 90.0296 61.3543 34.4
      vertex 89.917 61.3885 36.9
      vertex 90.0296 61.3543 36.9
    endloop
  endfacet
  facet normal 0.290621 0.956838 0
    outer loop
      vertex 89.917 61.3885 36.9
      vertex 90.0296 61.3543 34.4
      vertex 89.917 61.3885 34.4
    endloop
  endfacet
  facet normal -0.471206 -0.882023 0
    outer loop
      vertex 88.8296 60.1543 34.4
      vertex 88.9333 60.0989 36.9
      vertex 88.8296 60.1543 36.9
    endloop
  endfacet
  facet normal -0.471206 -0.882023 -0
    outer loop
      vertex 88.9333 60.0989 36.9
      vertex 88.8296 60.1543 34.4
      vertex 88.9333 60.0989 34.4
    endloop
  endfacet
  facet normal -0.633978 -0.773351 0
    outer loop
      vertex 88.9333 60.0989 34.4
      vertex 89.0243 60.0243 36.9
      vertex 88.9333 60.0989 36.9
    endloop
  endfacet
  facet normal -0.633978 -0.773351 -0
    outer loop
      vertex 89.0243 60.0243 36.9
      vertex 88.9333 60.0989 34.4
      vertex 89.0243 60.0243 34.4
    endloop
  endfacet
  facet normal -0.634029 0.773309 0
    outer loop
      vertex 89.0243 3.97573 34.4
      vertex 88.9333 3.90112 36.9
      vertex 89.0243 3.97573 36.9
    endloop
  endfacet
  facet normal -0.634029 0.773309 0
    outer loop
      vertex 88.9333 3.90112 36.9
      vertex 89.0243 3.97573 34.4
      vertex 88.9333 3.90112 34.4
    endloop
  endfacet
  facet normal -0.995208 0.0977778 0
    outer loop
      vertex 89.1885 4.28296 34.4
      vertex 89.2 4.40001 36.9
      vertex 89.2 4.40001 34.4
    endloop
  endfacet
  facet normal -0.995208 0.0977778 0
    outer loop
      vertex 89.2 4.40001 36.9
      vertex 89.1885 4.28296 34.4
      vertex 89.1885 4.28296 36.9
    endloop
  endfacet
  facet normal 0.773309 -0.634029 0
    outer loop
      vertex 3.90112 59.9333 36.9
      vertex 3.97573 60.0243 34.4
      vertex 3.97573 60.0243 36.9
    endloop
  endfacet
  facet normal 0.773309 -0.634029 0
    outer loop
      vertex 3.97573 60.0243 34.4
      vertex 3.90112 59.9333 36.9
      vertex 3.90112 59.9333 34.4
    endloop
  endfacet
  facet normal -0.471471 0.881882 0
    outer loop
      vertex 88.9333 3.90112 34.4
      vertex 88.8296 3.84568 36.9
      vertex 88.9333 3.90112 36.9
    endloop
  endfacet
  facet normal -0.471471 0.881882 0
    outer loop
      vertex 88.8296 3.84568 36.9
      vertex 88.9333 3.90112 34.4
      vertex 88.8296 3.84568 34.4
    endloop
  endfacet
  facet normal 0.956956 -0.290231 0
    outer loop
      vertex 3.81153 59.717 36.9
      vertex 3.84568 59.8296 34.4
      vertex 3.84568 59.8296 36.9
    endloop
  endfacet
  facet normal 0.956956 -0.290231 0
    outer loop
      vertex 3.84568 59.8296 34.4
      vertex 3.81153 59.717 36.9
      vertex 3.81153 59.717 34.4
    endloop
  endfacet
  facet normal -0.773112 0.63427 0
    outer loop
      vertex 89.0243 3.97573 34.4
      vertex 89.0989 4.06666 36.9
      vertex 89.0989 4.06666 34.4
    endloop
  endfacet
  facet normal -0.773112 0.63427 0
    outer loop
      vertex 89.0989 4.06666 36.9
      vertex 89.0243 3.97573 34.4
      vertex 89.0243 3.97573 36.9
    endloop
  endfacet
  facet normal 0.956935 0.290302 0
    outer loop
      vertex 3.84568 4.17039 36.9
      vertex 3.81153 4.28296 34.4
      vertex 3.81153 4.28296 36.9
    endloop
  endfacet
  facet normal 0.956935 0.290302 0
    outer loop
      vertex 3.81153 4.28296 34.4
      vertex 3.84568 4.17039 36.9
      vertex 3.84568 4.17039 34.4
    endloop
  endfacet
  facet normal 0.290302 0.956935 -0
    outer loop
      vertex 4.28296 3.81153 34.4
      vertex 4.17039 3.84568 36.9
      vertex 4.28296 3.81153 36.9
    endloop
  endfacet
  facet normal 0.290302 0.956935 0
    outer loop
      vertex 4.17039 3.84568 36.9
      vertex 4.28296 3.81153 34.4
      vertex 4.17039 3.84568 34.4
    endloop
  endfacet
  facet normal 0 -1 0
    outer loop
      vertex 4.40001 60.2 34.4
      vertex 88.6 60.2 36.9
      vertex 4.40001 60.2 36.9
    endloop
  endfacet
  facet normal 0 -1 -0
    outer loop
      vertex 88.6 60.2 36.9
      vertex 4.40001 60.2 34.4
      vertex 88.6 60.2 34.4
    endloop
  endfacet
  facet normal -0.773351 -0.633978 0
    outer loop
      vertex 89.0989 59.9333 34.4
      vertex 89.0243 60.0243 36.9
      vertex 89.0243 60.0243 34.4
    endloop
  endfacet
  facet normal -0.773351 -0.633978 0
    outer loop
      vertex 89.0243 60.0243 36.9
      vertex 89.0989 59.9333 34.4
      vertex 89.0989 59.9333 36.9
    endloop
  endfacet
  facet normal 0 1 -0
    outer loop
      vertex 88.6 3.8 34.4
      vertex 4.40001 3.8 36.9
      vertex 88.6 3.8 36.9
    endloop
  endfacet
  facet normal 0 1 0
    outer loop
      vertex 4.40001 3.8 36.9
      vertex 88.6 3.8 34.4
      vertex 4.40001 3.8 34.4
    endloop
  endfacet
  facet normal 0.77307 0.634321 0
    outer loop
      vertex 3.97573 3.97573 36.9
      vertex 3.90112 4.06666 34.4
      vertex 3.90112 4.06666 36.9
    endloop
  endfacet
  facet normal 0.77307 0.634321 0
    outer loop
      vertex 3.90112 4.06666 34.4
      vertex 3.97573 3.97573 36.9
      vertex 3.97573 3.97573 34.4
    endloop
  endfacet
  facet normal 0.63427 -0.773112 0
    outer loop
      vertex 3.97573 60.0243 34.4
      vertex 4.06666 60.0989 36.9
      vertex 3.97573 60.0243 36.9
    endloop
  endfacet
  facet normal 0.63427 -0.773112 0
    outer loop
      vertex 4.06666 60.0989 36.9
      vertex 3.97573 60.0243 34.4
      vertex 4.06666 60.0989 34.4
    endloop
  endfacet
  facet normal 0.290691 -0.956817 0
    outer loop
      vertex 4.17039 60.1543 34.4
      vertex 4.28296 60.1885 36.9
      vertex 4.17039 60.1543 36.9
    endloop
  endfacet
  facet normal 0.290691 -0.956817 0
    outer loop
      vertex 4.28296 60.1885 36.9
      vertex 4.17039 60.1543 34.4
      vertex 4.28296 60.1885 34.4
    endloop
  endfacet
  facet normal -0.0980719 0.995179 0
    outer loop
      vertex 88.717 3.81153 34.4
      vertex 88.6 3.8 36.9
      vertex 88.717 3.81153 36.9
    endloop
  endfacet
  facet normal -0.0980719 0.995179 0
    outer loop
      vertex 88.6 3.8 36.9
      vertex 88.717 3.81153 34.4
      vertex 88.6 3.8 34.4
    endloop
  endfacet
  facet normal -0.956838 -0.290621 0
    outer loop
      vertex 89.1885 59.717 34.4
      vertex 89.1543 59.8296 36.9
      vertex 89.1543 59.8296 34.4
    endloop
  endfacet
  facet normal -0.956838 -0.290621 0
    outer loop
      vertex 89.1543 59.8296 36.9
      vertex 89.1885 59.717 34.4
      vertex 89.1885 59.717 36.9
    endloop
  endfacet
  facet normal -0.290231 0.956956 0
    outer loop
      vertex 88.8296 3.84568 34.4
      vertex 88.717 3.81153 36.9
      vertex 88.8296 3.84568 36.9
    endloop
  endfacet
  facet normal -0.290231 0.956956 0
    outer loop
      vertex 88.717 3.81153 36.9
      vertex 88.8296 3.84568 34.4
      vertex 88.717 3.81153 34.4
    endloop
  endfacet
  facet normal -0.995204 -0.0978192 0
    outer loop
      vertex 89.2 59.6 34.4
      vertex 89.1885 59.717 36.9
      vertex 89.1885 59.717 34.4
    endloop
  endfacet
  facet normal -0.995204 -0.0978192 0
    outer loop
      vertex 89.1885 59.717 36.9
      vertex 89.2 59.6 34.4
      vertex 89.2 59.6 36.9
    endloop
  endfacet
  facet normal 0.4711 -0.88208 0
    outer loop
      vertex 4.06666 60.0989 34.4
      vertex 4.17039 60.1543 36.9
      vertex 4.06666 60.0989 36.9
    endloop
  endfacet
  facet normal 0.4711 -0.88208 0
    outer loop
      vertex 4.17039 60.1543 36.9
      vertex 4.06666 60.0989 34.4
      vertex 4.17039 60.1543 34.4
    endloop
  endfacet
  facet normal -0.88208 0.4711 0
    outer loop
      vertex 89.0989 4.06666 34.4
      vertex 89.1543 4.17039 36.9
      vertex 89.1543 4.17039 34.4
    endloop
  endfacet
  facet normal -0.88208 0.4711 0
    outer loop
      vertex 89.1543 4.17039 36.9
      vertex 89.0989 4.06666 34.4
      vertex 89.0989 4.06666 36.9
    endloop
  endfacet
  facet normal 0.0980305 0.995183 -0
    outer loop
      vertex 4.40001 3.8 34.4
      vertex 4.28296 3.81153 36.9
      vertex 4.40001 3.8 36.9
    endloop
  endfacet
  facet normal 0.0980305 0.995183 0
    outer loop
      vertex 4.28296 3.81153 36.9
      vertex 4.40001 3.8 34.4
      vertex 4.28296 3.81153 34.4
    endloop
  endfacet
  facet normal -1 0 0
    outer loop
      vertex 89.2 4.40001 34.4
      vertex 89.2 59.6 36.9
      vertex 89.2 59.6 34.4
    endloop
  endfacet
  facet normal -1 -0 0
    outer loop
      vertex 89.2 59.6 36.9
      vertex 89.2 4.40001 34.4
      vertex 89.2 4.40001 36.9
    endloop
  endfacet
  facet normal 0.0977778 -0.995208 0
    outer loop
      vertex 4.28296 60.1885 34.4
      vertex 4.40001 60.2 36.9
      vertex 4.28296 60.1885 36.9
    endloop
  endfacet
  facet normal 0.0977778 -0.995208 0
    outer loop
      vertex 4.40001 60.2 36.9
      vertex 4.28296 60.1885 34.4
      vertex 4.40001 60.2 34.4
    endloop
  endfacet
  facet normal 0.471365 0.881938 -0
    outer loop
      vertex 4.17039 3.84568 34.4
      vertex 4.06666 3.90112 36.9
      vertex 4.17039 3.84568 36.9
    endloop
  endfacet
  facet normal 0.471365 0.881938 0
    outer loop
      vertex 4.06666 3.90112 36.9
      vertex 4.17039 3.84568 34.4
      vertex 4.06666 3.90112 34.4
    endloop
  endfacet
  facet normal 0.995183 0.0980305 0
    outer loop
      vertex 3.81153 4.28296 36.9
      vertex 3.8 4.40001 34.4
      vertex 3.8 4.40001 36.9
    endloop
  endfacet
  facet normal 0.995183 0.0980305 0
    outer loop
      vertex 3.8 4.40001 34.4
      vertex 3.81153 4.28296 36.9
      vertex 3.81153 4.28296 34.4
    endloop
  endfacet
  facet normal 1 -0 0
    outer loop
      vertex 3.8 4.40001 36.9
      vertex 3.8 59.6 34.4
      vertex 3.8 59.6 36.9
    endloop
  endfacet
  facet normal 1 0 0
    outer loop
      vertex 3.8 59.6 34.4
      vertex 3.8 4.40001 36.9
      vertex 3.8 4.40001 34.4
    endloop
  endfacet
  facet normal -0.956817 0.290691 0
    outer loop
      vertex 89.1543 4.17039 34.4
      vertex 89.1885 4.28296 36.9
      vertex 89.1885 4.28296 34.4
    endloop
  endfacet
  facet normal -0.956817 0.290691 0
    outer loop
      vertex 89.1885 4.28296 36.9
      vertex 89.1543 4.17039 34.4
      vertex 89.1543 4.17039 36.9
    endloop
  endfacet
  facet normal 0.634321 0.77307 -0
    outer loop
      vertex 4.06666 3.90112 34.4
      vertex 3.97573 3.97573 36.9
      vertex 4.06666 3.90112 36.9
    endloop
  endfacet
  facet normal 0.634321 0.77307 0
    outer loop
      vertex 3.97573 3.97573 36.9
      vertex 4.06666 3.90112 34.4
      vertex 3.97573 3.97573 34.4
    endloop
  endfacet
  facet normal 0.995179 -0.0980719 0
    outer loop
      vertex 3.8 59.6 36.9
      vertex 3.81153 59.717 34.4
      vertex 3.81153 59.717 36.9
    endloop
  endfacet
  facet normal 0.995179 -0.0980719 0
    outer loop
      vertex 3.81153 59.717 34.4
      vertex 3.8 59.6 36.9
      vertex 3.8 59.6 34.4
    endloop
  endfacet
  facet normal 0.881938 0.471365 0
    outer loop
      vertex 3.90112 4.06666 36.9
      vertex 3.84568 4.17039 34.4
      vertex 3.84568 4.17039 36.9
    endloop
  endfacet
  facet normal 0.881938 0.471365 0
    outer loop
      vertex 3.84568 4.17039 34.4
      vertex 3.90112 4.06666 36.9
      vertex 3.90112 4.06666 34.4
    endloop
  endfacet
  facet normal -0.0978192 -0.995204 0
    outer loop
      vertex 88.6 60.2 34.4
      vertex 88.717 60.1885 36.9
      vertex 88.6 60.2 36.9
    endloop
  endfacet
  facet normal -0.0978192 -0.995204 -0
    outer loop
      vertex 88.717 60.1885 36.9
      vertex 88.6 60.2 34.4
      vertex 88.717 60.1885 34.4
    endloop
  endfacet
  facet normal -0.882023 -0.471206 0
    outer loop
      vertex 89.1543 59.8296 34.4
      vertex 89.0989 59.9333 36.9
      vertex 89.0989 59.9333 34.4
    endloop
  endfacet
  facet normal -0.882023 -0.471206 0
    outer loop
      vertex 89.0989 59.9333 36.9
      vertex 89.1543 59.8296 34.4
      vertex 89.1543 59.8296 36.9
    endloop
  endfacet
  facet normal 0.881882 -0.471471 0
    outer loop
      vertex 3.84568 59.8296 36.9
      vertex 3.90112 59.9333 34.4
      vertex 3.90112 59.9333 36.9
    endloop
  endfacet
  facet normal 0.881882 -0.471471 0
    outer loop
      vertex 3.90112 59.9333 34.4
      vertex 3.84568 59.8296 36.9
      vertex 3.84568 59.8296 34.4
    endloop
  endfacet
  facet normal -0.290621 -0.956838 0
    outer loop
      vertex 88.717 60.1885 34.4
      vertex 88.8296 60.1543 36.9
      vertex 88.717 60.1885 36.9
    endloop
  endfacet
  facet normal -0.290621 -0.956838 -0
    outer loop
      vertex 88.8296 60.1543 36.9
      vertex 88.717 60.1885 34.4
      vertex 88.8296 60.1543 34.4
    endloop
  endfacet
  facet normal 0.23345 -0.972369 0
    outer loop
      vertex 7.89109 5.03078 12.9
      vertex 8.27254 5.12236 36.9
      vertex 7.89109 5.03078 36.9
    endloop
  endfacet
  facet normal 0.23345 -0.972369 0
    outer loop
      vertex 8.27254 5.12236 36.9
      vertex 7.89109 5.03078 12.9
      vertex 8.27254 5.12236 12.9
    endloop
  endfacet
  facet normal 0.972369 0.23345 0
    outer loop
      vertex 9.96922 7.89109 36.9
      vertex 9.87764 8.27254 12.9
      vertex 9.87764 8.27254 36.9
    endloop
  endfacet
  facet normal 0.972369 0.23345 0
    outer loop
      vertex 9.87764 8.27254 12.9
      vertex 9.96922 7.89109 36.9
      vertex 9.96922 7.89109 12.9
    endloop
  endfacet
  facet normal 0.996917 0.0784605 0
    outer loop
      vertex 10 7.5 36.9
      vertex 9.96922 7.89109 12.9
      vertex 9.96922 7.89109 36.9
    endloop
  endfacet
  facet normal 0.996917 0.0784605 0
    outer loop
      vertex 9.96922 7.89109 12.9
      vertex 10 7.5 36.9
      vertex 10 7.5 12.9
    endloop
  endfacet
  facet normal 0.923886 0.382667 0
    outer loop
      vertex 9.87764 8.27254 36.9
      vertex 9.72752 8.63498 12.9
      vertex 9.72752 8.63498 36.9
    endloop
  endfacet
  facet normal 0.923886 0.382667 0
    outer loop
      vertex 9.72752 8.63498 12.9
      vertex 9.87764 8.27254 36.9
      vertex 9.87764 8.27254 12.9
    endloop
  endfacet
  facet normal 0.0784605 -0.996917 0
    outer loop
      vertex 7.5 5 12.9
      vertex 7.89109 5.03078 36.9
      vertex 7.5 5 36.9
    endloop
  endfacet
  facet normal 0.0784605 -0.996917 0
    outer loop
      vertex 7.89109 5.03078 36.9
      vertex 7.5 5 12.9
      vertex 7.89109 5.03078 12.9
    endloop
  endfacet
  facet normal -0.76042 -0.649432 0
    outer loop
      vertex 5.73223 5.73223 12.9
      vertex 5.47746 6.03054 36.9
      vertex 5.47746 6.03054 12.9
    endloop
  endfacet
  facet normal -0.76042 -0.649432 0
    outer loop
      vertex 5.47746 6.03054 36.9
      vertex 5.73223 5.73223 12.9
      vertex 5.73223 5.73223 36.9
    endloop
  endfacet
  facet normal 0.649432 0.76042 -0
    outer loop
      vertex 9.26777 9.26777 12.9
      vertex 8.96946 9.52254 36.9
      vertex 9.26777 9.26777 36.9
    endloop
  endfacet
  facet normal 0.649432 0.76042 0
    outer loop
      vertex 8.96946 9.52254 36.9
      vertex 9.26777 9.26777 12.9
      vertex 8.96946 9.52254 12.9
    endloop
  endfacet
  facet normal 0.76042 -0.649432 0
    outer loop
      vertex 9.26777 5.73223 36.9
      vertex 9.52254 6.03054 12.9
      vertex 9.52254 6.03054 36.9
    endloop
  endfacet
  facet normal 0.76042 -0.649432 0
    outer loop
      vertex 9.52254 6.03054 12.9
      vertex 9.26777 5.73223 36.9
      vertex 9.26777 5.73223 12.9
    endloop
  endfacet
  facet normal -0.382667 -0.923886 0
    outer loop
      vertex 6.36502 5.27248 12.9
      vertex 6.72746 5.12236 36.9
      vertex 6.36502 5.27248 36.9
    endloop
  endfacet
  facet normal -0.382667 -0.923886 -0
    outer loop
      vertex 6.72746 5.12236 36.9
      vertex 6.36502 5.27248 12.9
      vertex 6.72746 5.12236 12.9
    endloop
  endfacet
  facet normal -0.522518 -0.852628 0
    outer loop
      vertex 6.03054 5.47746 12.9
      vertex 6.36502 5.27248 36.9
      vertex 6.03054 5.47746 36.9
    endloop
  endfacet
  facet normal -0.522518 -0.852628 -0
    outer loop
      vertex 6.36502 5.27248 36.9
      vertex 6.03054 5.47746 12.9
      vertex 6.36502 5.27248 12.9
    endloop
  endfacet
  facet normal 0.382667 -0.923886 0
    outer loop
      vertex 8.27254 5.12236 12.9
      vertex 8.63498 5.27248 36.9
      vertex 8.27254 5.12236 36.9
    endloop
  endfacet
  facet normal 0.382667 -0.923886 0
    outer loop
      vertex 8.63498 5.27248 36.9
      vertex 8.27254 5.12236 12.9
      vertex 8.63498 5.27248 12.9
    endloop
  endfacet
  facet normal 0.996917 -0.0784605 0
    outer loop
      vertex 9.96922 7.10891 36.9
      vertex 10 7.5 12.9
      vertex 10 7.5 36.9
    endloop
  endfacet
  facet normal 0.996917 -0.0784605 0
    outer loop
      vertex 10 7.5 12.9
      vertex 9.96922 7.10891 36.9
      vertex 9.96922 7.10891 12.9
    endloop
  endfacet
  facet normal 0.76042 0.649432 0
    outer loop
      vertex 9.52254 8.96946 36.9
      vertex 9.26777 9.26777 12.9
      vertex 9.26777 9.26777 36.9
    endloop
  endfacet
  facet normal 0.76042 0.649432 0
    outer loop
      vertex 9.26777 9.26777 12.9
      vertex 9.52254 8.96946 36.9
      vertex 9.52254 8.96946 12.9
    endloop
  endfacet
  facet normal -0.852628 -0.522518 0
    outer loop
      vertex 5.47746 6.03054 12.9
      vertex 5.27248 6.36502 36.9
      vertex 5.27248 6.36502 12.9
    endloop
  endfacet
  facet normal -0.852628 -0.522518 0
    outer loop
      vertex 5.27248 6.36502 36.9
      vertex 5.47746 6.03054 12.9
      vertex 5.47746 6.03054 36.9
    endloop
  endfacet
  facet normal 0 0 -1
    outer loop
      vertex 8.55 7.5 12.9
      vertex 10 7.5 12.9
      vertex 9.96922 7.10891 12.9
    endloop
  endfacet
  facet normal 0 0 -1
    outer loop
      vertex 8.4791 7.1207 12.9
      vertex 9.96922 7.10891 12.9
      vertex 9.87764 6.72746 12.9
    endloop
  endfacet
  facet normal 0 0 -1
    outer loop
      vertex 10 7.5 12.9
      vertex 8.55 7.5 12.9
      vertex 9.96922 7.89109 12.9
    endloop
  endfacet
  facet normal 0 0 -1
    outer loop
      vertex 8.4791 7.1207 12.9
      vertex 9.87764 6.72746 12.9
      vertex 9.72752 6.36502 12.9
    endloop
  endfacet
  facet normal 0 0 -1
    outer loop
      vertex 8.4791 7.8793 12.9
      vertex 9.96922 7.89109 12.9
      vertex 8.55 7.5 12.9
    endloop
  endfacet
  facet normal 0 0 -1
    outer loop
      vertex 8.4791 7.1207 12.9
      vertex 9.72752 6.36502 12.9
      vertex 9.52254 6.03054 12.9
    endloop
  endfacet
  facet normal -0 0 -1
    outer loop
      vertex 9.96922 7.89109 12.9
      vertex 8.4791 7.8793 12.9
      vertex 9.87764 8.27254 12.9
    endloop
  endfacet
  facet normal 0 0 -1
    outer loop
      vertex 8.27596 6.79262 12.9
      vertex 9.52254 6.03054 12.9
      vertex 9.26777 5.73223 12.9
    endloop
  endfacet
  facet normal -0 0 -1
    outer loop
      vertex 9.87764 8.27254 12.9
      vertex 8.4791 7.8793 12.9
      vertex 9.72752 8.63498 12.9
    endloop
  endfacet
  facet normal 0 0 -1
    outer loop
      vertex 8.27596 6.79262 12.9
      vertex 9.26777 5.73223 12.9
      vertex 8.96946 5.47746 12.9
    endloop
  endfacet
  facet normal -0 0 -1
    outer loop
      vertex 9.72752 8.63498 12.9
      vertex 8.4791 7.8793 12.9
      vertex 9.52254 8.96946 12.9
    endloop
  endfacet
  facet normal 0 0 -1
    outer loop
      vertex 7.96803 6.56008 12.9
      vertex 8.96946 5.47746 12.9
      vertex 8.63498 5.27248 12.9
    endloop
  endfacet
  facet normal 0 0 -1
    outer loop
      vertex 8.27596 8.20738 12.9
      vertex 9.52254 8.96946 12.9
      vertex 8.4791 7.8793 12.9
    endloop
  endfacet
  facet normal -0 0 -1
    outer loop
      vertex 9.52254 8.96946 12.9
      vertex 8.27596 8.20738 12.9
      vertex 9.26777 9.26777 12.9
    endloop
  endfacet
  facet normal 0 0 -1
    outer loop
      vertex 9.96922 7.10891 12.9
      vertex 8.4791 7.1207 12.9
      vertex 8.55 7.5 12.9
    endloop
  endfacet
  facet normal 0 0 -1
    outer loop
      vertex 9.52254 6.03054 12.9
      vertex 8.27596 6.79262 12.9
      vertex 8.4791 7.1207 12.9
    endloop
  endfacet
  facet normal 0 0 -1
    outer loop
      vertex 7.96803 6.56008 12.9
      vertex 8.63498 5.27248 12.9
      vertex 8.27254 5.12236 12.9
    endloop
  endfacet
  facet normal 0 0 -1
    outer loop
      vertex 8.96946 5.47746 12.9
      vertex 7.96803 6.56008 12.9
      vertex 8.27596 6.79262 12.9
    endloop
  endfacet
  facet normal 0 0 -1
    outer loop
      vertex 7.59688 6.45448 12.9
      vertex 8.27254 5.12236 12.9
      vertex 7.89109 5.03078 12.9
    endloop
  endfacet
  facet normal 0 0 -1
    outer loop
      vertex 8.27254 5.12236 12.9
      vertex 7.59688 6.45448 12.9
      vertex 7.96803 6.56008 12.9
    endloop
  endfacet
  facet normal 0 0 -1
    outer loop
      vertex 7.5 5 12.9
      vertex 7.59688 6.45448 12.9
      vertex 7.89109 5.03078 12.9
    endloop
  endfacet
  facet normal 0 0 -1
    outer loop
      vertex 7.10891 5.03078 12.9
      vertex 7.59688 6.45448 12.9
      vertex 7.5 5 12.9
    endloop
  endfacet
  facet normal -0 0 -1
    outer loop
      vertex 7.59688 6.45448 12.9
      vertex 7.10891 5.03078 12.9
      vertex 7.21265 6.49008 12.9
    endloop
  endfacet
  facet normal 0 0 -1
    outer loop
      vertex 6.72746 5.12236 12.9
      vertex 7.21265 6.49008 12.9
      vertex 7.10891 5.03078 12.9
    endloop
  endfacet
  facet normal 0 0 -1
    outer loop
      vertex 6.36502 5.27248 12.9
      vertex 7.21265 6.49008 12.9
      vertex 6.72746 5.12236 12.9
    endloop
  endfacet
  facet normal -0 0 -1
    outer loop
      vertex 7.21265 6.49008 12.9
      vertex 6.36502 5.27248 12.9
      vertex 6.86723 6.66208 12.9
    endloop
  endfacet
  facet normal 0 0 -1
    outer loop
      vertex 6.03054 5.47746 12.9
      vertex 6.86723 6.66208 12.9
      vertex 6.36502 5.27248 12.9
    endloop
  endfacet
  facet normal -0 0 -1
    outer loop
      vertex 6.86723 6.66208 12.9
      vertex 5.73223 5.73223 12.9
      vertex 6.60727 6.94725 12.9
    endloop
  endfacet
  facet normal 0 0 -1
    outer loop
      vertex 5.73223 5.73223 12.9
      vertex 6.86723 6.66208 12.9
      vertex 6.03054 5.47746 12.9
    endloop
  endfacet
  facet normal -0 0 -1
    outer loop
      vertex 9.26777 9.26777 12.9
      vertex 8.27596 8.20738 12.9
      vertex 8.96946 9.52254 12.9
    endloop
  endfacet
  facet normal 0 0 -1
    outer loop
      vertex 7.96803 8.43992 12.9
      vertex 8.96946 9.52254 12.9
      vertex 8.27596 8.20738 12.9
    endloop
  endfacet
  facet normal -0 0 -1
    outer loop
      vertex 8.96946 9.52254 12.9
      vertex 7.96803 8.43992 12.9
      vertex 8.63498 9.72752 12.9
    endloop
  endfacet
  facet normal -0 0 -1
    outer loop
      vertex 8.63498 9.72752 12.9
      vertex 7.96803 8.43992 12.9
      vertex 8.27254 9.87764 12.9
    endloop
  endfacet
  facet normal 0 0 -1
    outer loop
      vertex 7.59688 8.54552 12.9
      vertex 8.27254 9.87764 12.9
      vertex 7.96803 8.43992 12.9
    endloop
  endfacet
  facet normal -0 0 -1
    outer loop
      vertex 8.27254 9.87764 12.9
      vertex 7.59688 8.54552 12.9
      vertex 7.89109 9.96922 12.9
    endloop
  endfacet
  facet normal 0 0 -1
    outer loop
      vertex 7.59688 8.54552 12.9
      vertex 7.5 10 12.9
      vertex 7.89109 9.96922 12.9
    endloop
  endfacet
  facet normal 0 0 -1
    outer loop
      vertex 7.10891 9.96922 12.9
      vertex 7.59688 8.54552 12.9
      vertex 7.21265 8.50992 12.9
    endloop
  endfacet
  facet normal 0 0 -1
    outer loop
      vertex 7.59688 8.54552 12.9
      vertex 7.10891 9.96922 12.9
      vertex 7.5 10 12.9
    endloop
  endfacet
  facet normal 0 0 -1
    outer loop
      vertex 6.36502 9.72752 12.9
      vertex 7.21265 8.50992 12.9
      vertex 6.86723 8.33792 12.9
    endloop
  endfacet
  facet normal 0 0 -1
    outer loop
      vertex 7.21265 8.50992 12.9
      vertex 6.72746 9.87764 12.9
      vertex 7.10891 9.96922 12.9
    endloop
  endfacet
  facet normal 0 0 -1
    outer loop
      vertex 5.73223 9.26777 12.9
      vertex 6.86723 8.33792 12.9
      vertex 6.60727 8.05275 12.9
    endloop
  endfacet
  facet normal 0 0 -1
    outer loop
      vertex 5.12236 8.27254 12.9
      vertex 6.60727 8.05275 12.9
      vertex 6.46788 7.69294 12.9
    endloop
  endfacet
  facet normal 0 0 -1
    outer loop
      vertex 7.21265 8.50992 12.9
      vertex 6.36502 9.72752 12.9
      vertex 6.72746 9.87764 12.9
    endloop
  endfacet
  facet normal 0 0 -1
    outer loop
      vertex 5.47746 6.03054 12.9
      vertex 6.60727 6.94725 12.9
      vertex 5.73223 5.73223 12.9
    endloop
  endfacet
  facet normal 0 0 -1
    outer loop
      vertex 5.27248 6.36502 12.9
      vertex 6.60727 6.94725 12.9
      vertex 5.47746 6.03054 12.9
    endloop
  endfacet
  facet normal 0 0 -1
    outer loop
      vertex 6.86723 8.33792 12.9
      vertex 6.03054 9.52254 12.9
      vertex 6.36502 9.72752 12.9
    endloop
  endfacet
  facet normal 0 0 -1
    outer loop
      vertex 5.12236 6.72746 12.9
      vertex 6.60727 6.94725 12.9
      vertex 5.27248 6.36502 12.9
    endloop
  endfacet
  facet normal 0 0 -1
    outer loop
      vertex 6.86723 8.33792 12.9
      vertex 5.73223 9.26777 12.9
      vertex 6.03054 9.52254 12.9
    endloop
  endfacet
  facet normal -0 0 -1
    outer loop
      vertex 6.60727 6.94725 12.9
      vertex 5.12236 6.72746 12.9
      vertex 6.46788 7.30706 12.9
    endloop
  endfacet
  facet normal 0 0 -1
    outer loop
      vertex 6.60727 8.05275 12.9
      vertex 5.47746 8.96946 12.9
      vertex 5.73223 9.26777 12.9
    endloop
  endfacet
  facet normal 0 0 -1
    outer loop
      vertex 5.03078 7.10891 12.9
      vertex 6.46788 7.30706 12.9
      vertex 5.12236 6.72746 12.9
    endloop
  endfacet
  facet normal 0 0 -1
    outer loop
      vertex 6.60727 8.05275 12.9
      vertex 5.27248 8.63498 12.9
      vertex 5.47746 8.96946 12.9
    endloop
  endfacet
  facet normal 0 0 -1
    outer loop
      vertex 5 7.5 12.9
      vertex 6.46788 7.30706 12.9
      vertex 5.03078 7.10891 12.9
    endloop
  endfacet
  facet normal 0 0 -1
    outer loop
      vertex 6.60727 8.05275 12.9
      vertex 5.12236 8.27254 12.9
      vertex 5.27248 8.63498 12.9
    endloop
  endfacet
  facet normal 0 0 -1
    outer loop
      vertex 6.46788 7.30706 12.9
      vertex 5 7.5 12.9
      vertex 6.46788 7.69294 12.9
    endloop
  endfacet
  facet normal 0 0 -1
    outer loop
      vertex 6.46788 7.69294 12.9
      vertex 5.03078 7.89109 12.9
      vertex 5.12236 8.27254 12.9
    endloop
  endfacet
  facet normal -0 0 -1
    outer loop
      vertex 6.46788 7.69294 12.9
      vertex 5 7.5 12.9
      vertex 5.03078 7.89109 12.9
    endloop
  endfacet
  facet normal -0.972369 -0.23345 0
    outer loop
      vertex 5.12236 6.72746 12.9
      vertex 5.03078 7.10891 36.9
      vertex 5.03078 7.10891 12.9
    endloop
  endfacet
  facet normal -0.972369 -0.23345 0
    outer loop
      vertex 5.03078 7.10891 36.9
      vertex 5.12236 6.72746 12.9
      vertex 5.12236 6.72746 36.9
    endloop
  endfacet
  facet normal 0.852628 -0.522518 0
    outer loop
      vertex 9.52254 6.03054 36.9
      vertex 9.72752 6.36502 12.9
      vertex 9.72752 6.36502 36.9
    endloop
  endfacet
  facet normal 0.852628 -0.522518 0
    outer loop
      vertex 9.72752 6.36502 12.9
      vertex 9.52254 6.03054 36.9
      vertex 9.52254 6.03054 12.9
    endloop
  endfacet
  facet normal -0.972369 0.23345 0
    outer loop
      vertex 5.03078 7.89109 12.9
      vertex 5.12236 8.27254 36.9
      vertex 5.12236 8.27254 12.9
    endloop
  endfacet
  facet normal -0.972369 0.23345 0
    outer loop
      vertex 5.12236 8.27254 36.9
      vertex 5.03078 7.89109 12.9
      vertex 5.03078 7.89109 36.9
    endloop
  endfacet
  facet normal -0.923886 0.382667 0
    outer loop
      vertex 5.12236 8.27254 12.9
      vertex 5.27248 8.63498 36.9
      vertex 5.27248 8.63498 12.9
    endloop
  endfacet
  facet normal -0.923886 0.382667 0
    outer loop
      vertex 5.27248 8.63498 36.9
      vertex 5.12236 8.27254 12.9
      vertex 5.12236 8.27254 36.9
    endloop
  endfacet
  facet normal 0.923886 -0.382667 0
    outer loop
      vertex 9.72752 6.36502 36.9
      vertex 9.87764 6.72746 12.9
      vertex 9.87764 6.72746 36.9
    endloop
  endfacet
  facet normal 0.923886 -0.382667 0
    outer loop
      vertex 9.87764 6.72746 12.9
      vertex 9.72752 6.36502 36.9
      vertex 9.72752 6.36502 12.9
    endloop
  endfacet
  facet normal 0.382667 0.923886 -0
    outer loop
      vertex 8.63498 9.72752 12.9
      vertex 8.27254 9.87764 36.9
      vertex 8.63498 9.72752 36.9
    endloop
  endfacet
  facet normal 0.382667 0.923886 0
    outer loop
      vertex 8.27254 9.87764 36.9
      vertex 8.63498 9.72752 12.9
      vertex 8.27254 9.87764 12.9
    endloop
  endfacet
  facet normal -0.923886 -0.382667 0
    outer loop
      vertex 5.27248 6.36502 12.9
      vertex 5.12236 6.72746 36.9
      vertex 5.12236 6.72746 12.9
    endloop
  endfacet
  facet normal -0.923886 -0.382667 0
    outer loop
      vertex 5.12236 6.72746 36.9
      vertex 5.27248 6.36502 12.9
      vertex 5.27248 6.36502 36.9
    endloop
  endfacet
  facet normal 0.23345 0.972369 -0
    outer loop
      vertex 8.27254 9.87764 12.9
      vertex 7.89109 9.96922 36.9
      vertex 8.27254 9.87764 36.9
    endloop
  endfacet
  facet normal 0.23345 0.972369 0
    outer loop
      vertex 7.89109 9.96922 36.9
      vertex 8.27254 9.87764 12.9
      vertex 7.89109 9.96922 12.9
    endloop
  endfacet
  facet normal -0.996917 0.0784605 0
    outer loop
      vertex 5 7.5 12.9
      vertex 5.03078 7.89109 36.9
      vertex 5.03078 7.89109 12.9
    endloop
  endfacet
  facet normal -0.996917 0.0784605 0
    outer loop
      vertex 5.03078 7.89109 36.9
      vertex 5 7.5 12.9
      vertex 5 7.5 36.9
    endloop
  endfacet
  facet normal 0.852628 0.522518 0
    outer loop
      vertex 9.72752 8.63498 36.9
      vertex 9.52254 8.96946 12.9
      vertex 9.52254 8.96946 36.9
    endloop
  endfacet
  facet normal 0.852628 0.522518 0
    outer loop
      vertex 9.52254 8.96946 12.9
      vertex 9.72752 8.63498 36.9
      vertex 9.72752 8.63498 12.9
    endloop
  endfacet
  facet normal 0.649432 -0.76042 0
    outer loop
      vertex 8.96946 5.47746 12.9
      vertex 9.26777 5.73223 36.9
      vertex 8.96946 5.47746 36.9
    endloop
  endfacet
  facet normal 0.649432 -0.76042 0
    outer loop
      vertex 9.26777 5.73223 36.9
      vertex 8.96946 5.47746 12.9
      vertex 9.26777 5.73223 12.9
    endloop
  endfacet
  facet normal -0.76042 0.649432 0
    outer loop
      vertex 5.47746 8.96946 12.9
      vertex 5.73223 9.26777 36.9
      vertex 5.73223 9.26777 12.9
    endloop
  endfacet
  facet normal -0.76042 0.649432 0
    outer loop
      vertex 5.73223 9.26777 36.9
      vertex 5.47746 8.96946 12.9
      vertex 5.47746 8.96946 36.9
    endloop
  endfacet
  facet normal -0.649432 0.76042 0
    outer loop
      vertex 6.03054 9.52254 12.9
      vertex 5.73223 9.26777 36.9
      vertex 6.03054 9.52254 36.9
    endloop
  endfacet
  facet normal -0.649432 0.76042 0
    outer loop
      vertex 5.73223 9.26777 36.9
      vertex 6.03054 9.52254 12.9
      vertex 5.73223 9.26777 12.9
    endloop
  endfacet
  facet normal 0.522518 0.852628 -0
    outer loop
      vertex 8.96946 9.52254 12.9
      vertex 8.63498 9.72752 36.9
      vertex 8.96946 9.52254 36.9
    endloop
  endfacet
  facet normal 0.522518 0.852628 0
    outer loop
      vertex 8.63498 9.72752 36.9
      vertex 8.96946 9.52254 12.9
      vertex 8.63498 9.72752 12.9
    endloop
  endfacet
  facet normal 0.972369 -0.23345 0
    outer loop
      vertex 9.87764 6.72746 36.9
      vertex 9.96922 7.10891 12.9
      vertex 9.96922 7.10891 36.9
    endloop
  endfacet
  facet normal 0.972369 -0.23345 0
    outer loop
      vertex 9.96922 7.10891 12.9
      vertex 9.87764 6.72746 36.9
      vertex 9.87764 6.72746 12.9
    endloop
  endfacet
  facet normal -0.382667 0.923886 0
    outer loop
      vertex 6.72746 9.87764 12.9
      vertex 6.36502 9.72752 36.9
      vertex 6.72746 9.87764 36.9
    endloop
  endfacet
  facet normal -0.382667 0.923886 0
    outer loop
      vertex 6.36502 9.72752 36.9
      vertex 6.72746 9.87764 12.9
      vertex 6.36502 9.72752 12.9
    endloop
  endfacet
  facet normal -0.23345 0.972369 0
    outer loop
      vertex 7.10891 9.96922 12.9
      vertex 6.72746 9.87764 36.9
      vertex 7.10891 9.96922 36.9
    endloop
  endfacet
  facet normal -0.23345 0.972369 0
    outer loop
      vertex 6.72746 9.87764 36.9
      vertex 7.10891 9.96922 12.9
      vertex 6.72746 9.87764 12.9
    endloop
  endfacet
  facet normal -0.852628 0.522518 0
    outer loop
      vertex 5.27248 8.63498 12.9
      vertex 5.47746 8.96946 36.9
      vertex 5.47746 8.96946 12.9
    endloop
  endfacet
  facet normal -0.852628 0.522518 0
    outer loop
      vertex 5.47746 8.96946 36.9
      vertex 5.27248 8.63498 12.9
      vertex 5.27248 8.63498 36.9
    endloop
  endfacet
  facet normal -0.0784605 -0.996917 0
    outer loop
      vertex 7.10891 5.03078 12.9
      vertex 7.5 5 36.9
      vertex 7.10891 5.03078 36.9
    endloop
  endfacet
  facet normal -0.0784605 -0.996917 -0
    outer loop
      vertex 7.5 5 36.9
      vertex 7.10891 5.03078 12.9
      vertex 7.5 5 12.9
    endloop
  endfacet
  facet normal -0.649432 -0.76042 0
    outer loop
      vertex 5.73223 5.73223 12.9
      vertex 6.03054 5.47746 36.9
      vertex 5.73223 5.73223 36.9
    endloop
  endfacet
  facet normal -0.649432 -0.76042 -0
    outer loop
      vertex 6.03054 5.47746 36.9
      vertex 5.73223 5.73223 12.9
      vertex 6.03054 5.47746 12.9
    endloop
  endfacet
  facet normal 0.0784605 0.996917 -0
    outer loop
      vertex 7.89109 9.96922 12.9
      vertex 7.5 10 36.9
      vertex 7.89109 9.96922 36.9
    endloop
  endfacet
  facet normal 0.0784605 0.996917 0
    outer loop
      vertex 7.5 10 36.9
      vertex 7.89109 9.96922 12.9
      vertex 7.5 10 12.9
    endloop
  endfacet
  facet normal -0.0784605 0.996917 0
    outer loop
      vertex 7.5 10 12.9
      vertex 7.10891 9.96922 36.9
      vertex 7.5 10 36.9
    endloop
  endfacet
  facet normal -0.0784605 0.996917 0
    outer loop
      vertex 7.10891 9.96922 36.9
      vertex 7.5 10 12.9
      vertex 7.10891 9.96922 12.9
    endloop
  endfacet
  facet normal 0.522518 -0.852628 0
    outer loop
      vertex 8.63498 5.27248 12.9
      vertex 8.96946 5.47746 36.9
      vertex 8.63498 5.27248 36.9
    endloop
  endfacet
  facet normal 0.522518 -0.852628 0
    outer loop
      vertex 8.96946 5.47746 36.9
      vertex 8.63498 5.27248 12.9
      vertex 8.96946 5.47746 12.9
    endloop
  endfacet
  facet normal -0.996917 -0.0784605 0
    outer loop
      vertex 5.03078 7.10891 12.9
      vertex 5 7.5 36.9
      vertex 5 7.5 12.9
    endloop
  endfacet
  facet normal -0.996917 -0.0784605 0
    outer loop
      vertex 5 7.5 36.9
      vertex 5.03078 7.10891 12.9
      vertex 5.03078 7.10891 36.9
    endloop
  endfacet
  facet normal -0.23345 -0.972369 0
    outer loop
      vertex 6.72746 5.12236 12.9
      vertex 7.10891 5.03078 36.9
      vertex 6.72746 5.12236 36.9
    endloop
  endfacet
  facet normal -0.23345 -0.972369 -0
    outer loop
      vertex 7.10891 5.03078 36.9
      vertex 6.72746 5.12236 12.9
      vertex 7.10891 5.03078 12.9
    endloop
  endfacet
  facet normal -0.522518 0.852628 0
    outer loop
      vertex 6.36502 9.72752 12.9
      vertex 6.03054 9.52254 36.9
      vertex 6.36502 9.72752 36.9
    endloop
  endfacet
  facet normal -0.522518 0.852628 0
    outer loop
      vertex 6.03054 9.52254 36.9
      vertex 6.36502 9.72752 12.9
      vertex 6.03054 9.52254 12.9
    endloop
  endfacet
  facet normal 0.233479 -0.972362 0
    outer loop
      vertex 65.8911 5.03078 12.9
      vertex 66.2725 5.12236 36.9
      vertex 65.8911 5.03078 36.9
    endloop
  endfacet
  facet normal 0.233479 -0.972362 0
    outer loop
      vertex 66.2725 5.12236 36.9
      vertex 65.8911 5.03078 12.9
      vertex 66.2725 5.12236 12.9
    endloop
  endfacet
  facet normal 0.972357 0.233498 0
    outer loop
      vertex 67.9692 7.89109 36.9
      vertex 67.8776 8.27254 12.9
      vertex 67.8776 8.27254 36.9
    endloop
  endfacet
  facet normal 0.972357 0.233498 0
    outer loop
      vertex 67.8776 8.27254 12.9
      vertex 67.9692 7.89109 36.9
      vertex 67.9692 7.89109 12.9
    endloop
  endfacet
  facet normal 0.996913 0.0785112 0
    outer loop
      vertex 68 7.5 36.9
      vertex 67.9692 7.89109 12.9
      vertex 67.9692 7.89109 36.9
    endloop
  endfacet
  facet normal 0.996913 0.0785112 0
    outer loop
      vertex 67.9692 7.89109 12.9
      vertex 68 7.5 36.9
      vertex 68 7.5 12.9
    endloop
  endfacet
  facet normal 0.923904 0.382623 0
    outer loop
      vertex 67.8776 8.27254 36.9
      vertex 67.7275 8.63498 12.9
      vertex 67.7275 8.63498 36.9
    endloop
  endfacet
  facet normal 0.923904 0.382623 0
    outer loop
      vertex 67.7275 8.63498 12.9
      vertex 67.8776 8.27254 36.9
      vertex 67.8776 8.27254 12.9
    endloop
  endfacet
  facet normal 0.0784585 -0.996917 0
    outer loop
      vertex 65.5 5 12.9
      vertex 65.8911 5.03078 36.9
      vertex 65.5 5 36.9
    endloop
  endfacet
  facet normal 0.0784585 -0.996917 0
    outer loop
      vertex 65.8911 5.03078 36.9
      vertex 65.5 5 12.9
      vertex 65.8911 5.03078 12.9
    endloop
  endfacet
  facet normal -0.760508 -0.649329 0
    outer loop
      vertex 63.7322 5.73223 12.9
      vertex 63.4775 6.03054 36.9
      vertex 63.4775 6.03054 12.9
    endloop
  endfacet
  facet normal -0.760508 -0.649329 0
    outer loop
      vertex 63.4775 6.03054 36.9
      vertex 63.7322 5.73223 12.9
      vertex 63.7322 5.73223 36.9
    endloop
  endfacet
  facet normal 0.649445 0.760409 -0
    outer loop
      vertex 67.2678 9.26777 12.9
      vertex 66.9695 9.52254 36.9
      vertex 67.2678 9.26777 36.9
    endloop
  endfacet
  facet normal 0.649445 0.760409 0
    outer loop
      vertex 66.9695 9.52254 36.9
      vertex 67.2678 9.26777 12.9
      vertex 66.9695 9.52254 12.9
    endloop
  endfacet
  facet normal 0.760508 -0.649329 0
    outer loop
      vertex 67.2678 5.73223 36.9
      vertex 67.5225 6.03054 12.9
      vertex 67.5225 6.03054 36.9
    endloop
  endfacet
  facet normal 0.760508 -0.649329 0
    outer loop
      vertex 67.5225 6.03054 12.9
      vertex 67.2678 5.73223 36.9
      vertex 67.2678 5.73223 12.9
    endloop
  endfacet
  facet normal -0.382613 -0.923909 0
    outer loop
      vertex 64.365 5.27248 12.9
      vertex 64.7275 5.12236 36.9
      vertex 64.365 5.27248 36.9
    endloop
  endfacet
  facet normal -0.382613 -0.923909 -0
    outer loop
      vertex 64.7275 5.12236 36.9
      vertex 64.365 5.27248 12.9
      vertex 64.7275 5.12236 12.9
    endloop
  endfacet
  facet normal -0.522495 -0.852642 0
    outer loop
      vertex 64.0305 5.47746 12.9
      vertex 64.365 5.27248 36.9
      vertex 64.0305 5.47746 36.9
    endloop
  endfacet
  facet normal -0.522495 -0.852642 -0
    outer loop
      vertex 64.365 5.27248 36.9
      vertex 64.0305 5.47746 12.9
      vertex 64.365 5.27248 12.9
    endloop
  endfacet
  facet normal 0.382613 -0.923909 0
    outer loop
      vertex 66.2725 5.12236 12.9
      vertex 66.635 5.27248 36.9
      vertex 66.2725 5.12236 36.9
    endloop
  endfacet
  facet normal 0.382613 -0.923909 0
    outer loop
      vertex 66.635 5.27248 36.9
      vertex 66.2725 5.12236 12.9
      vertex 66.635 5.27248 12.9
    endloop
  endfacet
  facet normal 0.996913 -0.0785112 0
    outer loop
      vertex 67.9692 7.10891 36.9
      vertex 68 7.5 12.9
      vertex 68 7.5 36.9
    endloop
  endfacet
  facet normal 0.996913 -0.0785112 0
    outer loop
      vertex 68 7.5 12.9
      vertex 67.9692 7.10891 36.9
      vertex 67.9692 7.10891 12.9
    endloop
  endfacet
  facet normal 0.760508 0.649329 0
    outer loop
      vertex 67.5225 8.96946 36.9
      vertex 67.2678 9.26777 12.9
      vertex 67.2678 9.26777 36.9
    endloop
  endfacet
  facet normal 0.760508 0.649329 0
    outer loop
      vertex 67.2678 9.26777 12.9
      vertex 67.5225 8.96946 36.9
      vertex 67.5225 8.96946 12.9
    endloop
  endfacet
  facet normal -0.852606 -0.522555 0
    outer loop
      vertex 63.4775 6.03054 12.9
      vertex 63.2725 6.36502 36.9
      vertex 63.2725 6.36502 12.9
    endloop
  endfacet
  facet normal -0.852606 -0.522555 0
    outer loop
      vertex 63.2725 6.36502 36.9
      vertex 63.4775 6.03054 12.9
      vertex 63.4775 6.03054 36.9
    endloop
  endfacet
  facet normal 0 0 -1
    outer loop
      vertex 66.55 7.5 12.9
      vertex 68 7.5 12.9
      vertex 67.9692 7.10891 12.9
    endloop
  endfacet
  facet normal 0 0 -1
    outer loop
      vertex 66.4791 7.1207 12.9
      vertex 67.9692 7.10891 12.9
      vertex 67.8776 6.72746 12.9
    endloop
  endfacet
  facet normal 0 0 -1
    outer loop
      vertex 68 7.5 12.9
      vertex 66.55 7.5 12.9
      vertex 67.9692 7.89109 12.9
    endloop
  endfacet
  facet normal 0 0 -1
    outer loop
      vertex 66.4791 7.1207 12.9
      vertex 67.8776 6.72746 12.9
      vertex 67.7275 6.36502 12.9
    endloop
  endfacet
  facet normal 0 0 -1
    outer loop
      vertex 66.4791 7.8793 12.9
      vertex 67.9692 7.89109 12.9
      vertex 66.55 7.5 12.9
    endloop
  endfacet
  facet normal 0 0 -1
    outer loop
      vertex 66.4791 7.1207 12.9
      vertex 67.7275 6.36502 12.9
      vertex 67.5225 6.03054 12.9
    endloop
  endfacet
  facet normal -0 0 -1
    outer loop
      vertex 67.9692 7.89109 12.9
      vertex 66.4791 7.8793 12.9
      vertex 67.8776 8.27254 12.9
    endloop
  endfacet
  facet normal 0 0 -1
    outer loop
      vertex 66.276 6.79262 12.9
      vertex 67.5225 6.03054 12.9
      vertex 67.2678 5.73223 12.9
    endloop
  endfacet
  facet normal -0 0 -1
    outer loop
      vertex 67.8776 8.27254 12.9
      vertex 66.4791 7.8793 12.9
      vertex 67.7275 8.63498 12.9
    endloop
  endfacet
  facet normal 0 0 -1
    outer loop
      vertex 66.276 6.79262 12.9
      vertex 67.2678 5.73223 12.9
      vertex 66.9695 5.47746 12.9
    endloop
  endfacet
  facet normal -0 0 -1
    outer loop
      vertex 67.7275 8.63498 12.9
      vertex 66.4791 7.8793 12.9
      vertex 67.5225 8.96946 12.9
    endloop
  endfacet
  facet normal 0 0 -1
    outer loop
      vertex 65.968 6.56008 12.9
      vertex 66.9695 5.47746 12.9
      vertex 66.635 5.27248 12.9
    endloop
  endfacet
  facet normal 0 0 -1
    outer loop
      vertex 66.276 8.20738 12.9
      vertex 67.5225 8.96946 12.9
      vertex 66.4791 7.8793 12.9
    endloop
  endfacet
  facet normal -0 0 -1
    outer loop
      vertex 67.5225 8.96946 12.9
      vertex 66.276 8.20738 12.9
      vertex 67.2678 9.26777 12.9
    endloop
  endfacet
  facet normal 0 0 -1
    outer loop
      vertex 67.9692 7.10891 12.9
      vertex 66.4791 7.1207 12.9
      vertex 66.55 7.5 12.9
    endloop
  endfacet
  facet normal 0 0 -1
    outer loop
      vertex 67.5225 6.03054 12.9
      vertex 66.276 6.79262 12.9
      vertex 66.4791 7.1207 12.9
    endloop
  endfacet
  facet normal 0 0 -1
    outer loop
      vertex 65.968 6.56008 12.9
      vertex 66.635 5.27248 12.9
      vertex 66.2725 5.12236 12.9
    endloop
  endfacet
  facet normal 0 0 -1
    outer loop
      vertex 66.9695 5.47746 12.9
      vertex 65.968 6.56008 12.9
      vertex 66.276 6.79262 12.9
    endloop
  endfacet
  facet normal 0 0 -1
    outer loop
      vertex 65.5969 6.45448 12.9
      vertex 66.2725 5.12236 12.9
      vertex 65.8911 5.03078 12.9
    endloop
  endfacet
  facet normal 0 0 -1
    outer loop
      vertex 66.2725 5.12236 12.9
      vertex 65.5969 6.45448 12.9
      vertex 65.968 6.56008 12.9
    endloop
  endfacet
  facet normal 0 0 -1
    outer loop
      vertex 65.5 5 12.9
      vertex 65.5969 6.45448 12.9
      vertex 65.8911 5.03078 12.9
    endloop
  endfacet
  facet normal 0 0 -1
    outer loop
      vertex 65.1089 5.03078 12.9
      vertex 65.5969 6.45448 12.9
      vertex 65.5 5 12.9
    endloop
  endfacet
  facet normal -0 0 -1
    outer loop
      vertex 65.5969 6.45448 12.9
      vertex 65.1089 5.03078 12.9
      vertex 65.2127 6.49008 12.9
    endloop
  endfacet
  facet normal 0 0 -1
    outer loop
      vertex 64.7275 5.12236 12.9
      vertex 65.2127 6.49008 12.9
      vertex 65.1089 5.03078 12.9
    endloop
  endfacet
  facet normal 0 0 -1
    outer loop
      vertex 64.365 5.27248 12.9
      vertex 65.2127 6.49008 12.9
      vertex 64.7275 5.12236 12.9
    endloop
  endfacet
  facet normal -0 0 -1
    outer loop
      vertex 65.2127 6.49008 12.9
      vertex 64.365 5.27248 12.9
      vertex 64.8672 6.66208 12.9
    endloop
  endfacet
  facet normal 0 0 -1
    outer loop
      vertex 64.0305 5.47746 12.9
      vertex 64.8672 6.66208 12.9
      vertex 64.365 5.27248 12.9
    endloop
  endfacet
  facet normal -0 0 -1
    outer loop
      vertex 64.8672 6.66208 12.9
      vertex 63.7322 5.73223 12.9
      vertex 64.6073 6.94725 12.9
    endloop
  endfacet
  facet normal 0 0 -1
    outer loop
      vertex 63.7322 5.73223 12.9
      vertex 64.8672 6.66208 12.9
      vertex 64.0305 5.47746 12.9
    endloop
  endfacet
  facet normal -0 0 -1
    outer loop
      vertex 67.2678 9.26777 12.9
      vertex 66.276 8.20738 12.9
      vertex 66.9695 9.52254 12.9
    endloop
  endfacet
  facet normal 0 0 -1
    outer loop
      vertex 65.968 8.43992 12.9
      vertex 66.9695 9.52254 12.9
      vertex 66.276 8.20738 12.9
    endloop
  endfacet
  facet normal -0 0 -1
    outer loop
      vertex 66.9695 9.52254 12.9
      vertex 65.968 8.43992 12.9
      vertex 66.635 9.72752 12.9
    endloop
  endfacet
  facet normal -0 0 -1
    outer loop
      vertex 66.635 9.72752 12.9
      vertex 65.968 8.43992 12.9
      vertex 66.2725 9.87764 12.9
    endloop
  endfacet
  facet normal 0 0 -1
    outer loop
      vertex 65.5969 8.54552 12.9
      vertex 66.2725 9.87764 12.9
      vertex 65.968 8.43992 12.9
    endloop
  endfacet
  facet normal -0 0 -1
    outer loop
      vertex 66.2725 9.87764 12.9
      vertex 65.5969 8.54552 12.9
      vertex 65.8911 9.96922 12.9
    endloop
  endfacet
  facet normal 0 0 -1
    outer loop
      vertex 65.5969 8.54552 12.9
      vertex 65.5 10 12.9
      vertex 65.8911 9.96922 12.9
    endloop
  endfacet
  facet normal 0 0 -1
    outer loop
      vertex 65.1089 9.96922 12.9
      vertex 65.5969 8.54552 12.9
      vertex 65.2127 8.50992 12.9
    endloop
  endfacet
  facet normal 0 0 -1
    outer loop
      vertex 65.5969 8.54552 12.9
      vertex 65.1089 9.96922 12.9
      vertex 65.5 10 12.9
    endloop
  endfacet
  facet normal 0 0 -1
    outer loop
      vertex 64.365 9.72752 12.9
      vertex 65.2127 8.50992 12.9
      vertex 64.8672 8.33792 12.9
    endloop
  endfacet
  facet normal 0 0 -1
    outer loop
      vertex 65.2127 8.50992 12.9
      vertex 64.7275 9.87764 12.9
      vertex 65.1089 9.96922 12.9
    endloop
  endfacet
  facet normal 0 0 -1
    outer loop
      vertex 63.7322 9.26777 12.9
      vertex 64.8672 8.33792 12.9
      vertex 64.6073 8.05275 12.9
    endloop
  endfacet
  facet normal 0 0 -1
    outer loop
      vertex 63.1224 8.27254 12.9
      vertex 64.6073 8.05275 12.9
      vertex 64.4679 7.69294 12.9
    endloop
  endfacet
  facet normal 0 0 -1
    outer loop
      vertex 65.2127 8.50992 12.9
      vertex 64.365 9.72752 12.9
      vertex 64.7275 9.87764 12.9
    endloop
  endfacet
  facet normal 0 0 -1
    outer loop
      vertex 63.4775 6.03054 12.9
      vertex 64.6073 6.94725 12.9
      vertex 63.7322 5.73223 12.9
    endloop
  endfacet
  facet normal 0 0 -1
    outer loop
      vertex 63.2725 6.36502 12.9
      vertex 64.6073 6.94725 12.9
      vertex 63.4775 6.03054 12.9
    endloop
  endfacet
  facet normal 0 0 -1
    outer loop
      vertex 64.8672 8.33792 12.9
      vertex 64.0305 9.52254 12.9
      vertex 64.365 9.72752 12.9
    endloop
  endfacet
  facet normal 0 0 -1
    outer loop
      vertex 63.1224 6.72746 12.9
      vertex 64.6073 6.94725 12.9
      vertex 63.2725 6.36502 12.9
    endloop
  endfacet
  facet normal 0 0 -1
    outer loop
      vertex 64.8672 8.33792 12.9
      vertex 63.7322 9.26777 12.9
      vertex 64.0305 9.52254 12.9
    endloop
  endfacet
  facet normal -0 0 -1
    outer loop
      vertex 64.6073 6.94725 12.9
      vertex 63.1224 6.72746 12.9
      vertex 64.4679 7.30706 12.9
    endloop
  endfacet
  facet normal 0 0 -1
    outer loop
      vertex 64.6073 8.05275 12.9
      vertex 63.4775 8.96946 12.9
      vertex 63.7322 9.26777 12.9
    endloop
  endfacet
  facet normal 0 0 -1
    outer loop
      vertex 63.0308 7.10891 12.9
      vertex 64.4679 7.30706 12.9
      vertex 63.1224 6.72746 12.9
    endloop
  endfacet
  facet normal 0 0 -1
    outer loop
      vertex 64.6073 8.05275 12.9
      vertex 63.2725 8.63498 12.9
      vertex 63.4775 8.96946 12.9
    endloop
  endfacet
  facet normal 0 0 -1
    outer loop
      vertex 63 7.5 12.9
      vertex 64.4679 7.30706 12.9
      vertex 63.0308 7.10891 12.9
    endloop
  endfacet
  facet normal 0 0 -1
    outer loop
      vertex 64.6073 8.05275 12.9
      vertex 63.1224 8.27254 12.9
      vertex 63.2725 8.63498 12.9
    endloop
  endfacet
  facet normal 0 0 -1
    outer loop
      vertex 64.4679 7.30706 12.9
      vertex 63 7.5 12.9
      vertex 64.4679 7.69294 12.9
    endloop
  endfacet
  facet normal 0 0 -1
    outer loop
      vertex 64.4679 7.69294 12.9
      vertex 63.0308 7.89109 12.9
      vertex 63.1224 8.27254 12.9
    endloop
  endfacet
  facet normal -0 0 -1
    outer loop
      vertex 64.4679 7.69294 12.9
      vertex 63 7.5 12.9
      vertex 63.0308 7.89109 12.9
    endloop
  endfacet
  facet normal -0.972357 -0.233498 0
    outer loop
      vertex 63.1224 6.72746 12.9
      vertex 63.0308 7.10891 36.9
      vertex 63.0308 7.10891 12.9
    endloop
  endfacet
  facet normal -0.972357 -0.233498 0
    outer loop
      vertex 63.0308 7.10891 36.9
      vertex 63.1224 6.72746 12.9
      vertex 63.1224 6.72746 36.9
    endloop
  endfacet
  facet normal 0.852606 -0.522555 0
    outer loop
      vertex 67.5225 6.03054 36.9
      vertex 67.7275 6.36502 12.9
      vertex 67.7275 6.36502 36.9
    endloop
  endfacet
  facet normal 0.852606 -0.522555 0
    outer loop
      vertex 67.7275 6.36502 12.9
      vertex 67.5225 6.03054 36.9
      vertex 67.5225 6.03054 12.9
    endloop
  endfacet
  facet normal -0.972357 0.233498 0
    outer loop
      vertex 63.0308 7.89109 12.9
      vertex 63.1224 8.27254 36.9
      vertex 63.1224 8.27254 12.9
    endloop
  endfacet
  facet normal -0.972357 0.233498 0
    outer loop
      vertex 63.1224 8.27254 36.9
      vertex 63.0308 7.89109 12.9
      vertex 63.0308 7.89109 36.9
    endloop
  endfacet
  facet normal -0.923904 0.382623 0
    outer loop
      vertex 63.1224 8.27254 12.9
      vertex 63.2725 8.63498 36.9
      vertex 63.2725 8.63498 12.9
    endloop
  endfacet
  facet normal -0.923904 0.382623 0
    outer loop
      vertex 63.2725 8.63498 36.9
      vertex 63.1224 8.27254 12.9
      vertex 63.1224 8.27254 36.9
    endloop
  endfacet
  facet normal 0.923904 -0.382623 0
    outer loop
      vertex 67.7275 6.36502 36.9
      vertex 67.8776 6.72746 12.9
      vertex 67.8776 6.72746 36.9
    endloop
  endfacet
  facet normal 0.923904 -0.382623 0
    outer loop
      vertex 67.8776 6.72746 12.9
      vertex 67.7275 6.36502 36.9
      vertex 67.7275 6.36502 12.9
    endloop
  endfacet
  facet normal 0.382613 0.923909 -0
    outer loop
      vertex 66.635 9.72752 12.9
      vertex 66.2725 9.87764 36.9
      vertex 66.635 9.72752 36.9
    endloop
  endfacet
  facet normal 0.382613 0.923909 0
    outer loop
      vertex 66.2725 9.87764 36.9
      vertex 66.635 9.72752 12.9
      vertex 66.2725 9.87764 12.9
    endloop
  endfacet
  facet normal -0.923904 -0.382623 0
    outer loop
      vertex 63.2725 6.36502 12.9
      vertex 63.1224 6.72746 36.9
      vertex 63.1224 6.72746 12.9
    endloop
  endfacet
  facet normal -0.923904 -0.382623 0
    outer loop
      vertex 63.1224 6.72746 36.9
      vertex 63.2725 6.36502 12.9
      vertex 63.2725 6.36502 36.9
    endloop
  endfacet
  facet normal 0.233479 0.972362 -0
    outer loop
      vertex 66.2725 9.87764 12.9
      vertex 65.8911 9.96922 36.9
      vertex 66.2725 9.87764 36.9
    endloop
  endfacet
  facet normal 0.233479 0.972362 0
    outer loop
      vertex 65.8911 9.96922 36.9
      vertex 66.2725 9.87764 12.9
      vertex 65.8911 9.96922 12.9
    endloop
  endfacet
  facet normal -0.996913 0.0785112 0
    outer loop
      vertex 63 7.5 12.9
      vertex 63.0308 7.89109 36.9
      vertex 63.0308 7.89109 12.9
    endloop
  endfacet
  facet normal -0.996913 0.0785112 0
    outer loop
      vertex 63.0308 7.89109 36.9
      vertex 63 7.5 12.9
      vertex 63 7.5 36.9
    endloop
  endfacet
  facet normal 0.852606 0.522555 0
    outer loop
      vertex 67.7275 8.63498 36.9
      vertex 67.5225 8.96946 12.9
      vertex 67.5225 8.96946 36.9
    endloop
  endfacet
  facet normal 0.852606 0.522555 0
    outer loop
      vertex 67.5225 8.96946 12.9
      vertex 67.7275 8.63498 36.9
      vertex 67.7275 8.63498 12.9
    endloop
  endfacet
  facet normal 0.649445 -0.760409 0
    outer loop
      vertex 66.9695 5.47746 12.9
      vertex 67.2678 5.73223 36.9
      vertex 66.9695 5.47746 36.9
    endloop
  endfacet
  facet normal 0.649445 -0.760409 0
    outer loop
      vertex 67.2678 5.73223 36.9
      vertex 66.9695 5.47746 12.9
      vertex 67.2678 5.73223 12.9
    endloop
  endfacet
  facet normal -0.760508 0.649329 0
    outer loop
      vertex 63.4775 8.96946 12.9
      vertex 63.7322 9.26777 36.9
      vertex 63.7322 9.26777 12.9
    endloop
  endfacet
  facet normal -0.760508 0.649329 0
    outer loop
      vertex 63.7322 9.26777 36.9
      vertex 63.4775 8.96946 12.9
      vertex 63.4775 8.96946 36.9
    endloop
  endfacet
  facet normal -0.649445 0.760409 0
    outer loop
      vertex 64.0305 9.52254 12.9
      vertex 63.7322 9.26777 36.9
      vertex 64.0305 9.52254 36.9
    endloop
  endfacet
  facet normal -0.649445 0.760409 0
    outer loop
      vertex 63.7322 9.26777 36.9
      vertex 64.0305 9.52254 12.9
      vertex 63.7322 9.26777 12.9
    endloop
  endfacet
  facet normal 0.522495 0.852642 -0
    outer loop
      vertex 66.9695 9.52254 12.9
      vertex 66.635 9.72752 36.9
      vertex 66.9695 9.52254 36.9
    endloop
  endfacet
  facet normal 0.522495 0.852642 0
    outer loop
      vertex 66.635 9.72752 36.9
      vertex 66.9695 9.52254 12.9
      vertex 66.635 9.72752 12.9
    endloop
  endfacet
  facet normal 0.972357 -0.233498 0
    outer loop
      vertex 67.8776 6.72746 36.9
      vertex 67.9692 7.10891 12.9
      vertex 67.9692 7.10891 36.9
    endloop
  endfacet
  facet normal 0.972357 -0.233498 0
    outer loop
      vertex 67.9692 7.10891 12.9
      vertex 67.8776 6.72746 36.9
      vertex 67.8776 6.72746 12.9
    endloop
  endfacet
  facet normal -0.382613 0.923909 0
    outer loop
      vertex 64.7275 9.87764 12.9
      vertex 64.365 9.72752 36.9
      vertex 64.7275 9.87764 36.9
    endloop
  endfacet
  facet normal -0.382613 0.923909 0
    outer loop
      vertex 64.365 9.72752 36.9
      vertex 64.7275 9.87764 12.9
      vertex 64.365 9.72752 12.9
    endloop
  endfacet
  facet normal -0.233479 0.972362 0
    outer loop
      vertex 65.1089 9.96922 12.9
      vertex 64.7275 9.87764 36.9
      vertex 65.1089 9.96922 36.9
    endloop
  endfacet
  facet normal -0.233479 0.972362 0
    outer loop
      vertex 64.7275 9.87764 36.9
      vertex 65.1089 9.96922 12.9
      vertex 64.7275 9.87764 12.9
    endloop
  endfacet
  facet normal -0.852606 0.522555 0
    outer loop
      vertex 63.2725 8.63498 12.9
      vertex 63.4775 8.96946 36.9
      vertex 63.4775 8.96946 12.9
    endloop
  endfacet
  facet normal -0.852606 0.522555 0
    outer loop
      vertex 63.4775 8.96946 36.9
      vertex 63.2725 8.63498 12.9
      vertex 63.2725 8.63498 36.9
    endloop
  endfacet
  facet normal -0.0784585 -0.996917 0
    outer loop
      vertex 65.1089 5.03078 12.9
      vertex 65.5 5 36.9
      vertex 65.1089 5.03078 36.9
    endloop
  endfacet
  facet normal -0.0784585 -0.996917 -0
    outer loop
      vertex 65.5 5 36.9
      vertex 65.1089 5.03078 12.9
      vertex 65.5 5 12.9
    endloop
  endfacet
  facet normal -0.649445 -0.760409 0
    outer loop
      vertex 63.7322 5.73223 12.9
      vertex 64.0305 5.47746 36.9
      vertex 63.7322 5.73223 36.9
    endloop
  endfacet
  facet normal -0.649445 -0.760409 -0
    outer loop
      vertex 64.0305 5.47746 36.9
      vertex 63.7322 5.73223 12.9
      vertex 64.0305 5.47746 12.9
    endloop
  endfacet
  facet normal 0.0784585 0.996917 -0
    outer loop
      vertex 65.8911 9.96922 12.9
      vertex 65.5 10 36.9
      vertex 65.8911 9.96922 36.9
    endloop
  endfacet
  facet normal 0.0784585 0.996917 0
    outer loop
      vertex 65.5 10 36.9
      vertex 65.8911 9.96922 12.9
      vertex 65.5 10 12.9
    endloop
  endfacet
  facet normal -0.0784585 0.996917 0
    outer loop
      vertex 65.5 10 12.9
      vertex 65.1089 9.96922 36.9
      vertex 65.5 10 36.9
    endloop
  endfacet
  facet normal -0.0784585 0.996917 0
    outer loop
      vertex 65.1089 9.96922 36.9
      vertex 65.5 10 12.9
      vertex 65.1089 9.96922 12.9
    endloop
  endfacet
  facet normal 0.522495 -0.852642 0
    outer loop
      vertex 66.635 5.27248 12.9
      vertex 66.9695 5.47746 36.9
      vertex 66.635 5.27248 36.9
    endloop
  endfacet
  facet normal 0.522495 -0.852642 0
    outer loop
      vertex 66.9695 5.47746 36.9
      vertex 66.635 5.27248 12.9
      vertex 66.9695 5.47746 12.9
    endloop
  endfacet
  facet normal -0.996913 -0.0785112 0
    outer loop
      vertex 63.0308 7.10891 12.9
      vertex 63 7.5 36.9
      vertex 63 7.5 12.9
    endloop
  endfacet
  facet normal -0.996913 -0.0785112 0
    outer loop
      vertex 63 7.5 36.9
      vertex 63.0308 7.10891 12.9
      vertex 63.0308 7.10891 36.9
    endloop
  endfacet
  facet normal -0.233479 -0.972362 0
    outer loop
      vertex 64.7275 5.12236 12.9
      vertex 65.1089 5.03078 36.9
      vertex 64.7275 5.12236 36.9
    endloop
  endfacet
  facet normal -0.233479 -0.972362 -0
    outer loop
      vertex 65.1089 5.03078 36.9
      vertex 64.7275 5.12236 12.9
      vertex 65.1089 5.03078 12.9
    endloop
  endfacet
  facet normal -0.522495 0.852642 0
    outer loop
      vertex 64.365 9.72752 12.9
      vertex 64.0305 9.52254 36.9
      vertex 64.365 9.72752 36.9
    endloop
  endfacet
  facet normal -0.522495 0.852642 0
    outer loop
      vertex 64.0305 9.52254 36.9
      vertex 64.365 9.72752 12.9
      vertex 64.0305 9.52254 12.9
    endloop
  endfacet
  facet normal 0.233498 -0.972357 0
    outer loop
      vertex 7.89109 54.0308 12.9
      vertex 8.27254 54.1224 36.9
      vertex 7.89109 54.0308 36.9
    endloop
  endfacet
  facet normal 0.233498 -0.972357 0
    outer loop
      vertex 8.27254 54.1224 36.9
      vertex 7.89109 54.0308 12.9
      vertex 8.27254 54.1224 12.9
    endloop
  endfacet
  facet normal 0.972362 0.233479 0
    outer loop
      vertex 9.96922 56.8911 36.9
      vertex 9.87764 57.2725 12.9
      vertex 9.87764 57.2725 36.9
    endloop
  endfacet
  facet normal 0.972362 0.233479 0
    outer loop
      vertex 9.87764 57.2725 12.9
      vertex 9.96922 56.8911 36.9
      vertex 9.96922 56.8911 12.9
    endloop
  endfacet
  facet normal 0.996917 0.0784585 0
    outer loop
      vertex 10 56.5 36.9
      vertex 9.96922 56.8911 12.9
      vertex 9.96922 56.8911 36.9
    endloop
  endfacet
  facet normal 0.996917 0.0784585 0
    outer loop
      vertex 9.96922 56.8911 12.9
      vertex 10 56.5 36.9
      vertex 10 56.5 12.9
    endloop
  endfacet
  facet normal 0.923909 0.382613 0
    outer loop
      vertex 9.87764 57.2725 36.9
      vertex 9.72752 57.635 12.9
      vertex 9.72752 57.635 36.9
    endloop
  endfacet
  facet normal 0.923909 0.382613 0
    outer loop
      vertex 9.72752 57.635 12.9
      vertex 9.87764 57.2725 36.9
      vertex 9.87764 57.2725 12.9
    endloop
  endfacet
  facet normal 0.0785112 -0.996913 0
    outer loop
      vertex 7.5 54 12.9
      vertex 7.89109 54.0308 36.9
      vertex 7.5 54 36.9
    endloop
  endfacet
  facet normal 0.0785112 -0.996913 0
    outer loop
      vertex 7.89109 54.0308 36.9
      vertex 7.5 54 12.9
      vertex 7.89109 54.0308 12.9
    endloop
  endfacet
  facet normal -0.760409 -0.649445 0
    outer loop
      vertex 5.73223 54.7322 12.9
      vertex 5.47746 55.0305 36.9
      vertex 5.47746 55.0305 12.9
    endloop
  endfacet
  facet normal -0.760409 -0.649445 0
    outer loop
      vertex 5.47746 55.0305 36.9
      vertex 5.73223 54.7322 12.9
      vertex 5.73223 54.7322 36.9
    endloop
  endfacet
  facet normal 0.649329 0.760508 -0
    outer loop
      vertex 9.26777 58.2678 12.9
      vertex 8.96946 58.5225 36.9
      vertex 9.26777 58.2678 36.9
    endloop
  endfacet
  facet normal 0.649329 0.760508 0
    outer loop
      vertex 8.96946 58.5225 36.9
      vertex 9.26777 58.2678 12.9
      vertex 8.96946 58.5225 12.9
    endloop
  endfacet
  facet normal -0.382623 -0.923904 0
    outer loop
      vertex 6.36502 54.2725 12.9
      vertex 6.72746 54.1224 36.9
      vertex 6.36502 54.2725 36.9
    endloop
  endfacet
  facet normal -0.382623 -0.923904 -0
    outer loop
      vertex 6.72746 54.1224 36.9
      vertex 6.36502 54.2725 12.9
      vertex 6.72746 54.1224 12.9
    endloop
  endfacet
  facet normal -0.522555 -0.852606 0
    outer loop
      vertex 6.03054 54.4775 12.9
      vertex 6.36502 54.2725 36.9
      vertex 6.03054 54.4775 36.9
    endloop
  endfacet
  facet normal -0.522555 -0.852606 -0
    outer loop
      vertex 6.36502 54.2725 36.9
      vertex 6.03054 54.4775 12.9
      vertex 6.36502 54.2725 12.9
    endloop
  endfacet
  facet normal 0.382623 -0.923904 0
    outer loop
      vertex 8.27254 54.1224 12.9
      vertex 8.63498 54.2725 36.9
      vertex 8.27254 54.1224 36.9
    endloop
  endfacet
  facet normal 0.382623 -0.923904 0
    outer loop
      vertex 8.63498 54.2725 36.9
      vertex 8.27254 54.1224 12.9
      vertex 8.63498 54.2725 12.9
    endloop
  endfacet
  facet normal 0.996917 -0.0784585 0
    outer loop
      vertex 9.96922 56.1089 36.9
      vertex 10 56.5 12.9
      vertex 10 56.5 36.9
    endloop
  endfacet
  facet normal 0.996917 -0.0784585 0
    outer loop
      vertex 10 56.5 12.9
      vertex 9.96922 56.1089 36.9
      vertex 9.96922 56.1089 12.9
    endloop
  endfacet
  facet normal 0.760409 0.649445 0
    outer loop
      vertex 9.52254 57.9695 36.9
      vertex 9.26777 58.2678 12.9
      vertex 9.26777 58.2678 36.9
    endloop
  endfacet
  facet normal 0.760409 0.649445 0
    outer loop
      vertex 9.26777 58.2678 12.9
      vertex 9.52254 57.9695 36.9
      vertex 9.52254 57.9695 12.9
    endloop
  endfacet
  facet normal -0.852642 -0.522495 0
    outer loop
      vertex 5.47746 55.0305 12.9
      vertex 5.27248 55.365 36.9
      vertex 5.27248 55.365 12.9
    endloop
  endfacet
  facet normal -0.852642 -0.522495 0
    outer loop
      vertex 5.27248 55.365 36.9
      vertex 5.47746 55.0305 12.9
      vertex 5.47746 55.0305 36.9
    endloop
  endfacet
  facet normal 0 0 -1
    outer loop
      vertex 8.55 56.5 12.9
      vertex 10 56.5 12.9
      vertex 9.96922 56.1089 12.9
    endloop
  endfacet
  facet normal 0 0 -1
    outer loop
      vertex 8.4791 56.1207 12.9
      vertex 9.96922 56.1089 12.9
      vertex 9.87764 55.7275 12.9
    endloop
  endfacet
  facet normal 0 0 -1
    outer loop
      vertex 10 56.5 12.9
      vertex 8.55 56.5 12.9
      vertex 9.96922 56.8911 12.9
    endloop
  endfacet
  facet normal 0 0 -1
    outer loop
      vertex 8.4791 56.1207 12.9
      vertex 9.87764 55.7275 12.9
      vertex 9.72752 55.365 12.9
    endloop
  endfacet
  facet normal 0 0 -1
    outer loop
      vertex 8.4791 56.8793 12.9
      vertex 9.96922 56.8911 12.9
      vertex 8.55 56.5 12.9
    endloop
  endfacet
  facet normal 0 0 -1
    outer loop
      vertex 8.4791 56.1207 12.9
      vertex 9.72752 55.365 12.9
      vertex 9.52254 55.0305 12.9
    endloop
  endfacet
  facet normal -0 0 -1
    outer loop
      vertex 9.96922 56.8911 12.9
      vertex 8.4791 56.8793 12.9
      vertex 9.87764 57.2725 12.9
    endloop
  endfacet
  facet normal 0 0 -1
    outer loop
      vertex 8.27596 55.7926 12.9
      vertex 9.52254 55.0305 12.9
      vertex 9.26777 54.7322 12.9
    endloop
  endfacet
  facet normal -0 0 -1
    outer loop
      vertex 9.87764 57.2725 12.9
      vertex 8.4791 56.8793 12.9
      vertex 9.72752 57.635 12.9
    endloop
  endfacet
  facet normal 0 0 -1
    outer loop
      vertex 8.27596 55.7926 12.9
      vertex 9.26777 54.7322 12.9
      vertex 8.96946 54.4775 12.9
    endloop
  endfacet
  facet normal -0 0 -1
    outer loop
      vertex 9.72752 57.635 12.9
      vertex 8.4791 56.8793 12.9
      vertex 9.52254 57.9695 12.9
    endloop
  endfacet
  facet normal 0 0 -1
    outer loop
      vertex 7.96803 55.5601 12.9
      vertex 8.96946 54.4775 12.9
      vertex 8.63498 54.2725 12.9
    endloop
  endfacet
  facet normal 0 0 -1
    outer loop
      vertex 8.27596 57.2074 12.9
      vertex 9.52254 57.9695 12.9
      vertex 8.4791 56.8793 12.9
    endloop
  endfacet
  facet normal -0 0 -1
    outer loop
      vertex 9.52254 57.9695 12.9
      vertex 8.27596 57.2074 12.9
      vertex 9.26777 58.2678 12.9
    endloop
  endfacet
  facet normal 0 0 -1
    outer loop
      vertex 9.96922 56.1089 12.9
      vertex 8.4791 56.1207 12.9
      vertex 8.55 56.5 12.9
    endloop
  endfacet
  facet normal 0 0 -1
    outer loop
      vertex 9.52254 55.0305 12.9
      vertex 8.27596 55.7926 12.9
      vertex 8.4791 56.1207 12.9
    endloop
  endfacet
  facet normal 0 0 -1
    outer loop
      vertex 7.96803 55.5601 12.9
      vertex 8.63498 54.2725 12.9
      vertex 8.27254 54.1224 12.9
    endloop
  endfacet
  facet normal 0 0 -1
    outer loop
      vertex 8.96946 54.4775 12.9
      vertex 7.96803 55.5601 12.9
      vertex 8.27596 55.7926 12.9
    endloop
  endfacet
  facet normal 0 0 -1
    outer loop
      vertex 7.59688 55.4545 12.9
      vertex 8.27254 54.1224 12.9
      vertex 7.89109 54.0308 12.9
    endloop
  endfacet
  facet normal 0 0 -1
    outer loop
      vertex 8.27254 54.1224 12.9
      vertex 7.59688 55.4545 12.9
      vertex 7.96803 55.5601 12.9
    endloop
  endfacet
  facet normal 0 0 -1
    outer loop
      vertex 7.5 54 12.9
      vertex 7.59688 55.4545 12.9
      vertex 7.89109 54.0308 12.9
    endloop
  endfacet
  facet normal 0 0 -1
    outer loop
      vertex 7.10891 54.0308 12.9
      vertex 7.59688 55.4545 12.9
      vertex 7.5 54 12.9
    endloop
  endfacet
  facet normal -0 0 -1
    outer loop
      vertex 7.59688 55.4545 12.9
      vertex 7.10891 54.0308 12.9
      vertex 7.21265 55.4901 12.9
    endloop
  endfacet
  facet normal 0 0 -1
    outer loop
      vertex 6.72746 54.1224 12.9
      vertex 7.21265 55.4901 12.9
      vertex 7.10891 54.0308 12.9
    endloop
  endfacet
  facet normal 0 0 -1
    outer loop
      vertex 6.36502 54.2725 12.9
      vertex 7.21265 55.4901 12.9
      vertex 6.72746 54.1224 12.9
    endloop
  endfacet
  facet normal -0 0 -1
    outer loop
      vertex 7.21265 55.4901 12.9
      vertex 6.36502 54.2725 12.9
      vertex 6.86723 55.6621 12.9
    endloop
  endfacet
  facet normal 0 0 -1
    outer loop
      vertex 6.03054 54.4775 12.9
      vertex 6.86723 55.6621 12.9
      vertex 6.36502 54.2725 12.9
    endloop
  endfacet
  facet normal -0 0 -1
    outer loop
      vertex 6.86723 55.6621 12.9
      vertex 5.73223 54.7322 12.9
      vertex 6.60727 55.9472 12.9
    endloop
  endfacet
  facet normal 0 0 -1
    outer loop
      vertex 5.73223 54.7322 12.9
      vertex 6.86723 55.6621 12.9
      vertex 6.03054 54.4775 12.9
    endloop
  endfacet
  facet normal -0 0 -1
    outer loop
      vertex 9.26777 58.2678 12.9
      vertex 8.27596 57.2074 12.9
      vertex 8.96946 58.5225 12.9
    endloop
  endfacet
  facet normal 0 0 -1
    outer loop
      vertex 7.96803 57.4399 12.9
      vertex 8.96946 58.5225 12.9
      vertex 8.27596 57.2074 12.9
    endloop
  endfacet
  facet normal -0 0 -1
    outer loop
      vertex 8.96946 58.5225 12.9
      vertex 7.96803 57.4399 12.9
      vertex 8.63498 58.7275 12.9
    endloop
  endfacet
  facet normal -0 0 -1
    outer loop
      vertex 8.63498 58.7275 12.9
      vertex 7.96803 57.4399 12.9
      vertex 8.27254 58.8776 12.9
    endloop
  endfacet
  facet normal 0 0 -1
    outer loop
      vertex 7.59688 57.5455 12.9
      vertex 8.27254 58.8776 12.9
      vertex 7.96803 57.4399 12.9
    endloop
  endfacet
  facet normal -0 0 -1
    outer loop
      vertex 8.27254 58.8776 12.9
      vertex 7.59688 57.5455 12.9
      vertex 7.89109 58.9692 12.9
    endloop
  endfacet
  facet normal 0 0 -1
    outer loop
      vertex 7.59688 57.5455 12.9
      vertex 7.5 59 12.9
      vertex 7.89109 58.9692 12.9
    endloop
  endfacet
  facet normal 0 0 -1
    outer loop
      vertex 7.10891 58.9692 12.9
      vertex 7.59688 57.5455 12.9
      vertex 7.21265 57.5099 12.9
    endloop
  endfacet
  facet normal 0 0 -1
    outer loop
      vertex 7.59688 57.5455 12.9
      vertex 7.10891 58.9692 12.9
      vertex 7.5 59 12.9
    endloop
  endfacet
  facet normal 0 0 -1
    outer loop
      vertex 6.36502 58.7275 12.9
      vertex 7.21265 57.5099 12.9
      vertex 6.86723 57.3379 12.9
    endloop
  endfacet
  facet normal 0 0 -1
    outer loop
      vertex 7.21265 57.5099 12.9
      vertex 6.72746 58.8776 12.9
      vertex 7.10891 58.9692 12.9
    endloop
  endfacet
  facet normal 0 0 -1
    outer loop
      vertex 5.73223 58.2678 12.9
      vertex 6.86723 57.3379 12.9
      vertex 6.60727 57.0528 12.9
    endloop
  endfacet
  facet normal 0 0 -1
    outer loop
      vertex 5.12236 57.2725 12.9
      vertex 6.60727 57.0528 12.9
      vertex 6.46788 56.6929 12.9
    endloop
  endfacet
  facet normal 0 0 -1
    outer loop
      vertex 7.21265 57.5099 12.9
      vertex 6.36502 58.7275 12.9
      vertex 6.72746 58.8776 12.9
    endloop
  endfacet
  facet normal 0 0 -1
    outer loop
      vertex 5.47746 55.0305 12.9
      vertex 6.60727 55.9472 12.9
      vertex 5.73223 54.7322 12.9
    endloop
  endfacet
  facet normal 0 0 -1
    outer loop
      vertex 5.27248 55.365 12.9
      vertex 6.60727 55.9472 12.9
      vertex 5.47746 55.0305 12.9
    endloop
  endfacet
  facet normal 0 0 -1
    outer loop
      vertex 6.86723 57.3379 12.9
      vertex 6.03054 58.5225 12.9
      vertex 6.36502 58.7275 12.9
    endloop
  endfacet
  facet normal 0 0 -1
    outer loop
      vertex 5.12236 55.7275 12.9
      vertex 6.60727 55.9472 12.9
      vertex 5.27248 55.365 12.9
    endloop
  endfacet
  facet normal 0 0 -1
    outer loop
      vertex 6.86723 57.3379 12.9
      vertex 5.73223 58.2678 12.9
      vertex 6.03054 58.5225 12.9
    endloop
  endfacet
  facet normal -0 0 -1
    outer loop
      vertex 6.60727 55.9472 12.9
      vertex 5.12236 55.7275 12.9
      vertex 6.46788 56.3071 12.9
    endloop
  endfacet
  facet normal 0 0 -1
    outer loop
      vertex 6.60727 57.0528 12.9
      vertex 5.47746 57.9695 12.9
      vertex 5.73223 58.2678 12.9
    endloop
  endfacet
  facet normal 0 0 -1
    outer loop
      vertex 5.03078 56.1089 12.9
      vertex 6.46788 56.3071 12.9
      vertex 5.12236 55.7275 12.9
    endloop
  endfacet
  facet normal 0 0 -1
    outer loop
      vertex 6.60727 57.0528 12.9
      vertex 5.27248 57.635 12.9
      vertex 5.47746 57.9695 12.9
    endloop
  endfacet
  facet normal 0 0 -1
    outer loop
      vertex 5 56.5 12.9
      vertex 6.46788 56.3071 12.9
      vertex 5.03078 56.1089 12.9
    endloop
  endfacet
  facet normal 0 0 -1
    outer loop
      vertex 6.60727 57.0528 12.9
      vertex 5.12236 57.2725 12.9
      vertex 5.27248 57.635 12.9
    endloop
  endfacet
  facet normal 0 0 -1
    outer loop
      vertex 6.46788 56.3071 12.9
      vertex 5 56.5 12.9
      vertex 6.46788 56.6929 12.9
    endloop
  endfacet
  facet normal 0 0 -1
    outer loop
      vertex 6.46788 56.6929 12.9
      vertex 5.03078 56.8911 12.9
      vertex 5.12236 57.2725 12.9
    endloop
  endfacet
  facet normal -0 0 -1
    outer loop
      vertex 6.46788 56.6929 12.9
      vertex 5 56.5 12.9
      vertex 5.03078 56.8911 12.9
    endloop
  endfacet
  facet normal -0.972362 -0.233479 0
    outer loop
      vertex 5.12236 55.7275 12.9
      vertex 5.03078 56.1089 36.9
      vertex 5.03078 56.1089 12.9
    endloop
  endfacet
  facet normal -0.972362 -0.233479 0
    outer loop
      vertex 5.03078 56.1089 36.9
      vertex 5.12236 55.7275 12.9
      vertex 5.12236 55.7275 36.9
    endloop
  endfacet
  facet normal 0.852642 -0.522495 0
    outer loop
      vertex 9.52254 55.0305 36.9
      vertex 9.72752 55.365 12.9
      vertex 9.72752 55.365 36.9
    endloop
  endfacet
  facet normal 0.852642 -0.522495 0
    outer loop
      vertex 9.72752 55.365 12.9
      vertex 9.52254 55.0305 36.9
      vertex 9.52254 55.0305 12.9
    endloop
  endfacet
  facet normal -0.972362 0.233479 0
    outer loop
      vertex 5.03078 56.8911 12.9
      vertex 5.12236 57.2725 36.9
      vertex 5.12236 57.2725 12.9
    endloop
  endfacet
  facet normal -0.972362 0.233479 0
    outer loop
      vertex 5.12236 57.2725 36.9
      vertex 5.03078 56.8911 12.9
      vertex 5.03078 56.8911 36.9
    endloop
  endfacet
  facet normal -0.923909 0.382613 0
    outer loop
      vertex 5.12236 57.2725 12.9
      vertex 5.27248 57.635 36.9
      vertex 5.27248 57.635 12.9
    endloop
  endfacet
  facet normal -0.923909 0.382613 0
    outer loop
      vertex 5.27248 57.635 36.9
      vertex 5.12236 57.2725 12.9
      vertex 5.12236 57.2725 36.9
    endloop
  endfacet
  facet normal 0.923909 -0.382613 0
    outer loop
      vertex 9.72752 55.365 36.9
      vertex 9.87764 55.7275 12.9
      vertex 9.87764 55.7275 36.9
    endloop
  endfacet
  facet normal 0.923909 -0.382613 0
    outer loop
      vertex 9.87764 55.7275 12.9
      vertex 9.72752 55.365 36.9
      vertex 9.72752 55.365 12.9
    endloop
  endfacet
  facet normal 0.382623 0.923904 -0
    outer loop
      vertex 8.63498 58.7275 12.9
      vertex 8.27254 58.8776 36.9
      vertex 8.63498 58.7275 36.9
    endloop
  endfacet
  facet normal 0.382623 0.923904 0
    outer loop
      vertex 8.27254 58.8776 36.9
      vertex 8.63498 58.7275 12.9
      vertex 8.27254 58.8776 12.9
    endloop
  endfacet
  facet normal -0.923909 -0.382613 0
    outer loop
      vertex 5.27248 55.365 12.9
      vertex 5.12236 55.7275 36.9
      vertex 5.12236 55.7275 12.9
    endloop
  endfacet
  facet normal -0.923909 -0.382613 0
    outer loop
      vertex 5.12236 55.7275 36.9
      vertex 5.27248 55.365 12.9
      vertex 5.27248 55.365 36.9
    endloop
  endfacet
  facet normal 0.233498 0.972357 -0
    outer loop
      vertex 8.27254 58.8776 12.9
      vertex 7.89109 58.9692 36.9
      vertex 8.27254 58.8776 36.9
    endloop
  endfacet
  facet normal 0.233498 0.972357 0
    outer loop
      vertex 7.89109 58.9692 36.9
      vertex 8.27254 58.8776 12.9
      vertex 7.89109 58.9692 12.9
    endloop
  endfacet
  facet normal -0.996917 0.0784585 0
    outer loop
      vertex 5 56.5 12.9
      vertex 5.03078 56.8911 36.9
      vertex 5.03078 56.8911 12.9
    endloop
  endfacet
  facet normal -0.996917 0.0784585 0
    outer loop
      vertex 5.03078 56.8911 36.9
      vertex 5 56.5 12.9
      vertex 5 56.5 36.9
    endloop
  endfacet
  facet normal 0.852642 0.522495 0
    outer loop
      vertex 9.72752 57.635 36.9
      vertex 9.52254 57.9695 12.9
      vertex 9.52254 57.9695 36.9
    endloop
  endfacet
  facet normal 0.852642 0.522495 0
    outer loop
      vertex 9.52254 57.9695 12.9
      vertex 9.72752 57.635 36.9
      vertex 9.72752 57.635 12.9
    endloop
  endfacet
  facet normal 0.649329 -0.760508 0
    outer loop
      vertex 8.96946 54.4775 12.9
      vertex 9.26777 54.7322 36.9
      vertex 8.96946 54.4775 36.9
    endloop
  endfacet
  facet normal 0.649329 -0.760508 0
    outer loop
      vertex 9.26777 54.7322 36.9
      vertex 8.96946 54.4775 12.9
      vertex 9.26777 54.7322 12.9
    endloop
  endfacet
  facet normal -0.760409 0.649445 0
    outer loop
      vertex 5.47746 57.9695 12.9
      vertex 5.73223 58.2678 36.9
      vertex 5.73223 58.2678 12.9
    endloop
  endfacet
  facet normal -0.760409 0.649445 0
    outer loop
      vertex 5.73223 58.2678 36.9
      vertex 5.47746 57.9695 12.9
      vertex 5.47746 57.9695 36.9
    endloop
  endfacet
  facet normal -0.649329 0.760508 0
    outer loop
      vertex 6.03054 58.5225 12.9
      vertex 5.73223 58.2678 36.9
      vertex 6.03054 58.5225 36.9
    endloop
  endfacet
  facet normal -0.649329 0.760508 0
    outer loop
      vertex 5.73223 58.2678 36.9
      vertex 6.03054 58.5225 12.9
      vertex 5.73223 58.2678 12.9
    endloop
  endfacet
  facet normal 0.522555 0.852606 -0
    outer loop
      vertex 8.96946 58.5225 12.9
      vertex 8.63498 58.7275 36.9
      vertex 8.96946 58.5225 36.9
    endloop
  endfacet
  facet normal 0.522555 0.852606 0
    outer loop
      vertex 8.63498 58.7275 36.9
      vertex 8.96946 58.5225 12.9
      vertex 8.63498 58.7275 12.9
    endloop
  endfacet
  facet normal 0.972362 -0.233479 0
    outer loop
      vertex 9.87764 55.7275 36.9
      vertex 9.96922 56.1089 12.9
      vertex 9.96922 56.1089 36.9
    endloop
  endfacet
  facet normal 0.972362 -0.233479 0
    outer loop
      vertex 9.96922 56.1089 12.9
      vertex 9.87764 55.7275 36.9
      vertex 9.87764 55.7275 12.9
    endloop
  endfacet
  facet normal -0.382623 0.923904 0
    outer loop
      vertex 6.72746 58.8776 12.9
      vertex 6.36502 58.7275 36.9
      vertex 6.72746 58.8776 36.9
    endloop
  endfacet
  facet normal -0.382623 0.923904 0
    outer loop
      vertex 6.36502 58.7275 36.9
      vertex 6.72746 58.8776 12.9
      vertex 6.36502 58.7275 12.9
    endloop
  endfacet
  facet normal -0.233498 0.972357 0
    outer loop
      vertex 7.10891 58.9692 12.9
      vertex 6.72746 58.8776 36.9
      vertex 7.10891 58.9692 36.9
    endloop
  endfacet
  facet normal -0.233498 0.972357 0
    outer loop
      vertex 6.72746 58.8776 36.9
      vertex 7.10891 58.9692 12.9
      vertex 6.72746 58.8776 12.9
    endloop
  endfacet
  facet normal -0.852642 0.522495 0
    outer loop
      vertex 5.27248 57.635 12.9
      vertex 5.47746 57.9695 36.9
      vertex 5.47746 57.9695 12.9
    endloop
  endfacet
  facet normal -0.852642 0.522495 0
    outer loop
      vertex 5.47746 57.9695 36.9
      vertex 5.27248 57.635 12.9
      vertex 5.27248 57.635 36.9
    endloop
  endfacet
  facet normal -0.0785112 -0.996913 0
    outer loop
      vertex 7.10891 54.0308 12.9
      vertex 7.5 54 36.9
      vertex 7.10891 54.0308 36.9
    endloop
  endfacet
  facet normal -0.0785112 -0.996913 -0
    outer loop
      vertex 7.5 54 36.9
      vertex 7.10891 54.0308 12.9
      vertex 7.5 54 12.9
    endloop
  endfacet
  facet normal -0.649329 -0.760508 0
    outer loop
      vertex 5.73223 54.7322 12.9
      vertex 6.03054 54.4775 36.9
      vertex 5.73223 54.7322 36.9
    endloop
  endfacet
  facet normal -0.649329 -0.760508 -0
    outer loop
      vertex 6.03054 54.4775 36.9
      vertex 5.73223 54.7322 12.9
      vertex 6.03054 54.4775 12.9
    endloop
  endfacet
  facet normal 0.760409 -0.649445 0
    outer loop
      vertex 9.26777 54.7322 36.9
      vertex 9.52254 55.0305 12.9
      vertex 9.52254 55.0305 36.9
    endloop
  endfacet
  facet normal 0.760409 -0.649445 0
    outer loop
      vertex 9.52254 55.0305 12.9
      vertex 9.26777 54.7322 36.9
      vertex 9.26777 54.7322 12.9
    endloop
  endfacet
  facet normal 0.0785112 0.996913 -0
    outer loop
      vertex 7.89109 58.9692 12.9
      vertex 7.5 59 36.9
      vertex 7.89109 58.9692 36.9
    endloop
  endfacet
  facet normal 0.0785112 0.996913 0
    outer loop
      vertex 7.5 59 36.9
      vertex 7.89109 58.9692 12.9
      vertex 7.5 59 12.9
    endloop
  endfacet
  facet normal -0.0785112 0.996913 0
    outer loop
      vertex 7.5 59 12.9
      vertex 7.10891 58.9692 36.9
      vertex 7.5 59 36.9
    endloop
  endfacet
  facet normal -0.0785112 0.996913 0
    outer loop
      vertex 7.10891 58.9692 36.9
      vertex 7.5 59 12.9
      vertex 7.10891 58.9692 12.9
    endloop
  endfacet
  facet normal 0.522555 -0.852606 0
    outer loop
      vertex 8.63498 54.2725 12.9
      vertex 8.96946 54.4775 36.9
      vertex 8.63498 54.2725 36.9
    endloop
  endfacet
  facet normal 0.522555 -0.852606 0
    outer loop
      vertex 8.96946 54.4775 36.9
      vertex 8.63498 54.2725 12.9
      vertex 8.96946 54.4775 12.9
    endloop
  endfacet
  facet normal -0.996917 -0.0784585 0
    outer loop
      vertex 5.03078 56.1089 12.9
      vertex 5 56.5 36.9
      vertex 5 56.5 12.9
    endloop
  endfacet
  facet normal -0.996917 -0.0784585 0
    outer loop
      vertex 5 56.5 36.9
      vertex 5.03078 56.1089 12.9
      vertex 5.03078 56.1089 36.9
    endloop
  endfacet
  facet normal -0.233498 -0.972357 0
    outer loop
      vertex 6.72746 54.1224 12.9
      vertex 7.10891 54.0308 36.9
      vertex 6.72746 54.1224 36.9
    endloop
  endfacet
  facet normal -0.233498 -0.972357 -0
    outer loop
      vertex 7.10891 54.0308 36.9
      vertex 6.72746 54.1224 12.9
      vertex 7.10891 54.0308 12.9
    endloop
  endfacet
  facet normal -0.522555 0.852606 0
    outer loop
      vertex 6.36502 58.7275 12.9
      vertex 6.03054 58.5225 36.9
      vertex 6.36502 58.7275 36.9
    endloop
  endfacet
  facet normal -0.522555 0.852606 0
    outer loop
      vertex 6.03054 58.5225 36.9
      vertex 6.36502 58.7275 12.9
      vertex 6.03054 58.5225 12.9
    endloop
  endfacet
  facet normal 0.233527 -0.97235 0
    outer loop
      vertex 65.8911 54.0308 12.9
      vertex 66.2725 54.1224 36.9
      vertex 65.8911 54.0308 36.9
    endloop
  endfacet
  facet normal 0.233527 -0.97235 0
    outer loop
      vertex 66.2725 54.1224 36.9
      vertex 65.8911 54.0308 12.9
      vertex 66.2725 54.1224 12.9
    endloop
  endfacet
  facet normal 0.97235 0.233527 0
    outer loop
      vertex 67.9692 56.8911 36.9
      vertex 67.8776 57.2725 12.9
      vertex 67.8776 57.2725 36.9
    endloop
  endfacet
  facet normal 0.97235 0.233527 0
    outer loop
      vertex 67.8776 57.2725 12.9
      vertex 67.9692 56.8911 36.9
      vertex 67.9692 56.8911 12.9
    endloop
  endfacet
  facet normal 0.996913 0.0785092 0
    outer loop
      vertex 68 56.5 36.9
      vertex 67.9692 56.8911 12.9
      vertex 67.9692 56.8911 36.9
    endloop
  endfacet
  facet normal 0.996913 0.0785092 0
    outer loop
      vertex 67.9692 56.8911 12.9
      vertex 68 56.5 36.9
      vertex 68 56.5 12.9
    endloop
  endfacet
  facet normal 0.923927 0.382569 0
    outer loop
      vertex 67.8776 57.2725 36.9
      vertex 67.7275 57.635 12.9
      vertex 67.7275 57.635 36.9
    endloop
  endfacet
  facet normal 0.923927 0.382569 0
    outer loop
      vertex 67.7275 57.635 12.9
      vertex 67.8776 57.2725 36.9
      vertex 67.8776 57.2725 12.9
    endloop
  endfacet
  facet normal 0.0785092 -0.996913 0
    outer loop
      vertex 65.5 54 12.9
      vertex 65.8911 54.0308 36.9
      vertex 65.5 54 36.9
    endloop
  endfacet
  facet normal 0.0785092 -0.996913 0
    outer loop
      vertex 65.8911 54.0308 36.9
      vertex 65.5 54 12.9
      vertex 65.8911 54.0308 12.9
    endloop
  endfacet
  facet normal -0.760497 -0.649342 0
    outer loop
      vertex 63.7322 54.7322 12.9
      vertex 63.4775 55.0305 36.9
      vertex 63.4775 55.0305 12.9
    endloop
  endfacet
  facet normal -0.760497 -0.649342 0
    outer loop
      vertex 63.4775 55.0305 36.9
      vertex 63.7322 54.7322 12.9
      vertex 63.7322 54.7322 36.9
    endloop
  endfacet
  facet normal 0.649342 0.760497 -0
    outer loop
      vertex 67.2678 58.2678 12.9
      vertex 66.9695 58.5225 36.9
      vertex 67.2678 58.2678 36.9
    endloop
  endfacet
  facet normal 0.649342 0.760497 0
    outer loop
      vertex 66.9695 58.5225 36.9
      vertex 67.2678 58.2678 12.9
      vertex 66.9695 58.5225 12.9
    endloop
  endfacet
  facet normal -0.382569 -0.923927 0
    outer loop
      vertex 64.365 54.2725 12.9
      vertex 64.7275 54.1224 36.9
      vertex 64.365 54.2725 36.9
    endloop
  endfacet
  facet normal -0.382569 -0.923927 -0
    outer loop
      vertex 64.7275 54.1224 36.9
      vertex 64.365 54.2725 12.9
      vertex 64.7275 54.1224 12.9
    endloop
  endfacet
  facet normal -0.522532 -0.85262 0
    outer loop
      vertex 64.0305 54.4775 12.9
      vertex 64.365 54.2725 36.9
      vertex 64.0305 54.4775 36.9
    endloop
  endfacet
  facet normal -0.522532 -0.85262 -0
    outer loop
      vertex 64.365 54.2725 36.9
      vertex 64.0305 54.4775 12.9
      vertex 64.365 54.2725 12.9
    endloop
  endfacet
  facet normal 0.382569 -0.923927 0
    outer loop
      vertex 66.2725 54.1224 12.9
      vertex 66.635 54.2725 36.9
      vertex 66.2725 54.1224 36.9
    endloop
  endfacet
  facet normal 0.382569 -0.923927 0
    outer loop
      vertex 66.635 54.2725 36.9
      vertex 66.2725 54.1224 12.9
      vertex 66.635 54.2725 12.9
    endloop
  endfacet
  facet normal 0.996913 -0.0785092 0
    outer loop
      vertex 67.9692 56.1089 36.9
      vertex 68 56.5 12.9
      vertex 68 56.5 36.9
    endloop
  endfacet
  facet normal 0.996913 -0.0785092 0
    outer loop
      vertex 68 56.5 12.9
      vertex 67.9692 56.1089 36.9
      vertex 67.9692 56.1089 12.9
    endloop
  endfacet
  facet normal 0.760497 0.649342 0
    outer loop
      vertex 67.5225 57.9695 36.9
      vertex 67.2678 58.2678 12.9
      vertex 67.2678 58.2678 36.9
    endloop
  endfacet
  facet normal 0.760497 0.649342 0
    outer loop
      vertex 67.2678 58.2678 12.9
      vertex 67.5225 57.9695 36.9
      vertex 67.5225 57.9695 12.9
    endloop
  endfacet
  facet normal -0.85262 -0.522532 0
    outer loop
      vertex 63.4775 55.0305 12.9
      vertex 63.2725 55.365 36.9
      vertex 63.2725 55.365 12.9
    endloop
  endfacet
  facet normal -0.85262 -0.522532 0
    outer loop
      vertex 63.2725 55.365 36.9
      vertex 63.4775 55.0305 12.9
      vertex 63.4775 55.0305 36.9
    endloop
  endfacet
  facet normal 0 0 -1
    outer loop
      vertex 66.55 56.5 12.9
      vertex 68 56.5 12.9
      vertex 67.9692 56.1089 12.9
    endloop
  endfacet
  facet normal 0 0 -1
    outer loop
      vertex 66.4791 56.1207 12.9
      vertex 67.9692 56.1089 12.9
      vertex 67.8776 55.7275 12.9
    endloop
  endfacet
  facet normal 0 0 -1
    outer loop
      vertex 68 56.5 12.9
      vertex 66.55 56.5 12.9
      vertex 67.9692 56.8911 12.9
    endloop
  endfacet
  facet normal 0 0 -1
    outer loop
      vertex 66.4791 56.1207 12.9
      vertex 67.8776 55.7275 12.9
      vertex 67.7275 55.365 12.9
    endloop
  endfacet
  facet normal 0 0 -1
    outer loop
      vertex 66.4791 56.8793 12.9
      vertex 67.9692 56.8911 12.9
      vertex 66.55 56.5 12.9
    endloop
  endfacet
  facet normal 0 0 -1
    outer loop
      vertex 66.4791 56.1207 12.9
      vertex 67.7275 55.365 12.9
      vertex 67.5225 55.0305 12.9
    endloop
  endfacet
  facet normal -0 0 -1
    outer loop
      vertex 67.9692 56.8911 12.9
      vertex 66.4791 56.8793 12.9
      vertex 67.8776 57.2725 12.9
    endloop
  endfacet
  facet normal 0 0 -1
    outer loop
      vertex 66.276 55.7926 12.9
      vertex 67.5225 55.0305 12.9
      vertex 67.2678 54.7322 12.9
    endloop
  endfacet
  facet normal -0 0 -1
    outer loop
      vertex 67.8776 57.2725 12.9
      vertex 66.4791 56.8793 12.9
      vertex 67.7275 57.635 12.9
    endloop
  endfacet
  facet normal 0 0 -1
    outer loop
      vertex 66.276 55.7926 12.9
      vertex 67.2678 54.7322 12.9
      vertex 66.9695 54.4775 12.9
    endloop
  endfacet
  facet normal -0 0 -1
    outer loop
      vertex 67.7275 57.635 12.9
      vertex 66.4791 56.8793 12.9
      vertex 67.5225 57.9695 12.9
    endloop
  endfacet
  facet normal 0 0 -1
    outer loop
      vertex 65.968 55.5601 12.9
      vertex 66.9695 54.4775 12.9
      vertex 66.635 54.2725 12.9
    endloop
  endfacet
  facet normal 0 0 -1
    outer loop
      vertex 66.276 57.2074 12.9
      vertex 67.5225 57.9695 12.9
      vertex 66.4791 56.8793 12.9
    endloop
  endfacet
  facet normal -0 0 -1
    outer loop
      vertex 67.5225 57.9695 12.9
      vertex 66.276 57.2074 12.9
      vertex 67.2678 58.2678 12.9
    endloop
  endfacet
  facet normal 0 0 -1
    outer loop
      vertex 67.9692 56.1089 12.9
      vertex 66.4791 56.1207 12.9
      vertex 66.55 56.5 12.9
    endloop
  endfacet
  facet normal 0 0 -1
    outer loop
      vertex 67.5225 55.0305 12.9
      vertex 66.276 55.7926 12.9
      vertex 66.4791 56.1207 12.9
    endloop
  endfacet
  facet normal 0 0 -1
    outer loop
      vertex 65.968 55.5601 12.9
      vertex 66.635 54.2725 12.9
      vertex 66.2725 54.1224 12.9
    endloop
  endfacet
  facet normal 0 0 -1
    outer loop
      vertex 66.9695 54.4775 12.9
      vertex 65.968 55.5601 12.9
      vertex 66.276 55.7926 12.9
    endloop
  endfacet
  facet normal 0 0 -1
    outer loop
      vertex 65.5969 55.4545 12.9
      vertex 66.2725 54.1224 12.9
      vertex 65.8911 54.0308 12.9
    endloop
  endfacet
  facet normal 0 0 -1
    outer loop
      vertex 66.2725 54.1224 12.9
      vertex 65.5969 55.4545 12.9
      vertex 65.968 55.5601 12.9
    endloop
  endfacet
  facet normal 0 0 -1
    outer loop
      vertex 65.5 54 12.9
      vertex 65.5969 55.4545 12.9
      vertex 65.8911 54.0308 12.9
    endloop
  endfacet
  facet normal 0 0 -1
    outer loop
      vertex 65.1089 54.0308 12.9
      vertex 65.5969 55.4545 12.9
      vertex 65.5 54 12.9
    endloop
  endfacet
  facet normal -0 0 -1
    outer loop
      vertex 65.5969 55.4545 12.9
      vertex 65.1089 54.0308 12.9
      vertex 65.2127 55.4901 12.9
    endloop
  endfacet
  facet normal 0 0 -1
    outer loop
      vertex 64.7275 54.1224 12.9
      vertex 65.2127 55.4901 12.9
      vertex 65.1089 54.0308 12.9
    endloop
  endfacet
  facet normal 0 0 -1
    outer loop
      vertex 64.365 54.2725 12.9
      vertex 65.2127 55.4901 12.9
      vertex 64.7275 54.1224 12.9
    endloop
  endfacet
  facet normal -0 0 -1
    outer loop
      vertex 65.2127 55.4901 12.9
      vertex 64.365 54.2725 12.9
      vertex 64.8672 55.6621 12.9
    endloop
  endfacet
  facet normal 0 0 -1
    outer loop
      vertex 64.0305 54.4775 12.9
      vertex 64.8672 55.6621 12.9
      vertex 64.365 54.2725 12.9
    endloop
  endfacet
  facet normal -0 0 -1
    outer loop
      vertex 64.8672 55.6621 12.9
      vertex 63.7322 54.7322 12.9
      vertex 64.6073 55.9472 12.9
    endloop
  endfacet
  facet normal 0 0 -1
    outer loop
      vertex 63.7322 54.7322 12.9
      vertex 64.8672 55.6621 12.9
      vertex 64.0305 54.4775 12.9
    endloop
  endfacet
  facet normal -0 0 -1
    outer loop
      vertex 67.2678 58.2678 12.9
      vertex 66.276 57.2074 12.9
      vertex 66.9695 58.5225 12.9
    endloop
  endfacet
  facet normal 0 0 -1
    outer loop
      vertex 65.968 57.4399 12.9
      vertex 66.9695 58.5225 12.9
      vertex 66.276 57.2074 12.9
    endloop
  endfacet
  facet normal -0 0 -1
    outer loop
      vertex 66.9695 58.5225 12.9
      vertex 65.968 57.4399 12.9
      vertex 66.635 58.7275 12.9
    endloop
  endfacet
  facet normal -0 0 -1
    outer loop
      vertex 66.635 58.7275 12.9
      vertex 65.968 57.4399 12.9
      vertex 66.2725 58.8776 12.9
    endloop
  endfacet
  facet normal 0 0 -1
    outer loop
      vertex 65.5969 57.5455 12.9
      vertex 66.2725 58.8776 12.9
      vertex 65.968 57.4399 12.9
    endloop
  endfacet
  facet normal -0 0 -1
    outer loop
      vertex 66.2725 58.8776 12.9
      vertex 65.5969 57.5455 12.9
      vertex 65.8911 58.9692 12.9
    endloop
  endfacet
  facet normal 0 0 -1
    outer loop
      vertex 65.5969 57.5455 12.9
      vertex 65.5 59 12.9
      vertex 65.8911 58.9692 12.9
    endloop
  endfacet
  facet normal 0 0 -1
    outer loop
      vertex 65.1089 58.9692 12.9
      vertex 65.5969 57.5455 12.9
      vertex 65.2127 57.5099 12.9
    endloop
  endfacet
  facet normal 0 0 -1
    outer loop
      vertex 65.5969 57.5455 12.9
      vertex 65.1089 58.9692 12.9
      vertex 65.5 59 12.9
    endloop
  endfacet
  facet normal 0 0 -1
    outer loop
      vertex 64.365 58.7275 12.9
      vertex 65.2127 57.5099 12.9
      vertex 64.8672 57.3379 12.9
    endloop
  endfacet
  facet normal 0 0 -1
    outer loop
      vertex 65.2127 57.5099 12.9
      vertex 64.7275 58.8776 12.9
      vertex 65.1089 58.9692 12.9
    endloop
  endfacet
  facet normal 0 0 -1
    outer loop
      vertex 63.7322 58.2678 12.9
      vertex 64.8672 57.3379 12.9
      vertex 64.6073 57.0528 12.9
    endloop
  endfacet
  facet normal 0 0 -1
    outer loop
      vertex 63.1224 57.2725 12.9
      vertex 64.6073 57.0528 12.9
      vertex 64.4679 56.6929 12.9
    endloop
  endfacet
  facet normal 0 0 -1
    outer loop
      vertex 65.2127 57.5099 12.9
      vertex 64.365 58.7275 12.9
      vertex 64.7275 58.8776 12.9
    endloop
  endfacet
  facet normal 0 0 -1
    outer loop
      vertex 63.4775 55.0305 12.9
      vertex 64.6073 55.9472 12.9
      vertex 63.7322 54.7322 12.9
    endloop
  endfacet
  facet normal 0 0 -1
    outer loop
      vertex 63.2725 55.365 12.9
      vertex 64.6073 55.9472 12.9
      vertex 63.4775 55.0305 12.9
    endloop
  endfacet
  facet normal 0 0 -1
    outer loop
      vertex 64.8672 57.3379 12.9
      vertex 64.0305 58.5225 12.9
      vertex 64.365 58.7275 12.9
    endloop
  endfacet
  facet normal 0 0 -1
    outer loop
      vertex 63.1224 55.7275 12.9
      vertex 64.6073 55.9472 12.9
      vertex 63.2725 55.365 12.9
    endloop
  endfacet
  facet normal 0 0 -1
    outer loop
      vertex 64.8672 57.3379 12.9
      vertex 63.7322 58.2678 12.9
      vertex 64.0305 58.5225 12.9
    endloop
  endfacet
  facet normal -0 0 -1
    outer loop
      vertex 64.6073 55.9472 12.9
      vertex 63.1224 55.7275 12.9
      vertex 64.4679 56.3071 12.9
    endloop
  endfacet
  facet normal 0 0 -1
    outer loop
      vertex 64.6073 57.0528 12.9
      vertex 63.4775 57.9695 12.9
      vertex 63.7322 58.2678 12.9
    endloop
  endfacet
  facet normal 0 0 -1
    outer loop
      vertex 63.0308 56.1089 12.9
      vertex 64.4679 56.3071 12.9
      vertex 63.1224 55.7275 12.9
    endloop
  endfacet
  facet normal 0 0 -1
    outer loop
      vertex 64.6073 57.0528 12.9
      vertex 63.2725 57.635 12.9
      vertex 63.4775 57.9695 12.9
    endloop
  endfacet
  facet normal 0 0 -1
    outer loop
      vertex 63 56.5 12.9
      vertex 64.4679 56.3071 12.9
      vertex 63.0308 56.1089 12.9
    endloop
  endfacet
  facet normal 0 0 -1
    outer loop
      vertex 64.6073 57.0528 12.9
      vertex 63.1224 57.2725 12.9
      vertex 63.2725 57.635 12.9
    endloop
  endfacet
  facet normal 0 0 -1
    outer loop
      vertex 64.4679 56.3071 12.9
      vertex 63 56.5 12.9
      vertex 64.4679 56.6929 12.9
    endloop
  endfacet
  facet normal 0 0 -1
    outer loop
      vertex 64.4679 56.6929 12.9
      vertex 63.0308 56.8911 12.9
      vertex 63.1224 57.2725 12.9
    endloop
  endfacet
  facet normal -0 0 -1
    outer loop
      vertex 64.4679 56.6929 12.9
      vertex 63 56.5 12.9
      vertex 63.0308 56.8911 12.9
    endloop
  endfacet
  facet normal -0.97235 -0.233527 0
    outer loop
      vertex 63.1224 55.7275 12.9
      vertex 63.0308 56.1089 36.9
      vertex 63.0308 56.1089 12.9
    endloop
  endfacet
  facet normal -0.97235 -0.233527 0
    outer loop
      vertex 63.0308 56.1089 36.9
      vertex 63.1224 55.7275 12.9
      vertex 63.1224 55.7275 36.9
    endloop
  endfacet
  facet normal 0.85262 -0.522532 0
    outer loop
      vertex 67.5225 55.0305 36.9
      vertex 67.7275 55.365 12.9
      vertex 67.7275 55.365 36.9
    endloop
  endfacet
  facet normal 0.85262 -0.522532 0
    outer loop
      vertex 67.7275 55.365 12.9
      vertex 67.5225 55.0305 36.9
      vertex 67.5225 55.0305 12.9
    endloop
  endfacet
  facet normal -0.97235 0.233527 0
    outer loop
      vertex 63.0308 56.8911 12.9
      vertex 63.1224 57.2725 36.9
      vertex 63.1224 57.2725 12.9
    endloop
  endfacet
  facet normal -0.97235 0.233527 0
    outer loop
      vertex 63.1224 57.2725 36.9
      vertex 63.0308 56.8911 12.9
      vertex 63.0308 56.8911 36.9
    endloop
  endfacet
  facet normal -0.923927 0.382569 0
    outer loop
      vertex 63.1224 57.2725 12.9
      vertex 63.2725 57.635 36.9
      vertex 63.2725 57.635 12.9
    endloop
  endfacet
  facet normal -0.923927 0.382569 0
    outer loop
      vertex 63.2725 57.635 36.9
      vertex 63.1224 57.2725 12.9
      vertex 63.1224 57.2725 36.9
    endloop
  endfacet
  facet normal 0.923927 -0.382569 0
    outer loop
      vertex 67.7275 55.365 36.9
      vertex 67.8776 55.7275 12.9
      vertex 67.8776 55.7275 36.9
    endloop
  endfacet
  facet normal 0.923927 -0.382569 0
    outer loop
      vertex 67.8776 55.7275 12.9
      vertex 67.7275 55.365 36.9
      vertex 67.7275 55.365 12.9
    endloop
  endfacet
  facet normal 0.382569 0.923927 -0
    outer loop
      vertex 66.635 58.7275 12.9
      vertex 66.2725 58.8776 36.9
      vertex 66.635 58.7275 36.9
    endloop
  endfacet
  facet normal 0.382569 0.923927 0
    outer loop
      vertex 66.2725 58.8776 36.9
      vertex 66.635 58.7275 12.9
      vertex 66.2725 58.8776 12.9
    endloop
  endfacet
  facet normal -0.923927 -0.382569 0
    outer loop
      vertex 63.2725 55.365 12.9
      vertex 63.1224 55.7275 36.9
      vertex 63.1224 55.7275 12.9
    endloop
  endfacet
  facet normal -0.923927 -0.382569 0
    outer loop
      vertex 63.1224 55.7275 36.9
      vertex 63.2725 55.365 12.9
      vertex 63.2725 55.365 36.9
    endloop
  endfacet
  facet normal 0.233527 0.97235 -0
    outer loop
      vertex 66.2725 58.8776 12.9
      vertex 65.8911 58.9692 36.9
      vertex 66.2725 58.8776 36.9
    endloop
  endfacet
  facet normal 0.233527 0.97235 0
    outer loop
      vertex 65.8911 58.9692 36.9
      vertex 66.2725 58.8776 12.9
      vertex 65.8911 58.9692 12.9
    endloop
  endfacet
  facet normal -0.996913 0.0785092 0
    outer loop
      vertex 63 56.5 12.9
      vertex 63.0308 56.8911 36.9
      vertex 63.0308 56.8911 12.9
    endloop
  endfacet
  facet normal -0.996913 0.0785092 0
    outer loop
      vertex 63.0308 56.8911 36.9
      vertex 63 56.5 12.9
      vertex 63 56.5 36.9
    endloop
  endfacet
  facet normal 0.85262 0.522532 0
    outer loop
      vertex 67.7275 57.635 36.9
      vertex 67.5225 57.9695 12.9
      vertex 67.5225 57.9695 36.9
    endloop
  endfacet
  facet normal 0.85262 0.522532 0
    outer loop
      vertex 67.5225 57.9695 12.9
      vertex 67.7275 57.635 36.9
      vertex 67.7275 57.635 12.9
    endloop
  endfacet
  facet normal 0.649342 -0.760497 0
    outer loop
      vertex 66.9695 54.4775 12.9
      vertex 67.2678 54.7322 36.9
      vertex 66.9695 54.4775 36.9
    endloop
  endfacet
  facet normal 0.649342 -0.760497 0
    outer loop
      vertex 67.2678 54.7322 36.9
      vertex 66.9695 54.4775 12.9
      vertex 67.2678 54.7322 12.9
    endloop
  endfacet
  facet normal -0.760497 0.649342 0
    outer loop
      vertex 63.4775 57.9695 12.9
      vertex 63.7322 58.2678 36.9
      vertex 63.7322 58.2678 12.9
    endloop
  endfacet
  facet normal -0.760497 0.649342 0
    outer loop
      vertex 63.7322 58.2678 36.9
      vertex 63.4775 57.9695 12.9
      vertex 63.4775 57.9695 36.9
    endloop
  endfacet
  facet normal -0.649342 0.760497 0
    outer loop
      vertex 64.0305 58.5225 12.9
      vertex 63.7322 58.2678 36.9
      vertex 64.0305 58.5225 36.9
    endloop
  endfacet
  facet normal -0.649342 0.760497 0
    outer loop
      vertex 63.7322 58.2678 36.9
      vertex 64.0305 58.5225 12.9
      vertex 63.7322 58.2678 12.9
    endloop
  endfacet
  facet normal 0.522532 0.85262 -0
    outer loop
      vertex 66.9695 58.5225 12.9
      vertex 66.635 58.7275 36.9
      vertex 66.9695 58.5225 36.9
    endloop
  endfacet
  facet normal 0.522532 0.85262 0
    outer loop
      vertex 66.635 58.7275 36.9
      vertex 66.9695 58.5225 12.9
      vertex 66.635 58.7275 12.9
    endloop
  endfacet
  facet normal 0.97235 -0.233527 0
    outer loop
      vertex 67.8776 55.7275 36.9
      vertex 67.9692 56.1089 12.9
      vertex 67.9692 56.1089 36.9
    endloop
  endfacet
  facet normal 0.97235 -0.233527 0
    outer loop
      vertex 67.9692 56.1089 12.9
      vertex 67.8776 55.7275 36.9
      vertex 67.8776 55.7275 12.9
    endloop
  endfacet
  facet normal -0.382569 0.923927 0
    outer loop
      vertex 64.7275 58.8776 12.9
      vertex 64.365 58.7275 36.9
      vertex 64.7275 58.8776 36.9
    endloop
  endfacet
  facet normal -0.382569 0.923927 0
    outer loop
      vertex 64.365 58.7275 36.9
      vertex 64.7275 58.8776 12.9
      vertex 64.365 58.7275 12.9
    endloop
  endfacet
  facet normal -0.233527 0.97235 0
    outer loop
      vertex 65.1089 58.9692 12.9
      vertex 64.7275 58.8776 36.9
      vertex 65.1089 58.9692 36.9
    endloop
  endfacet
  facet normal -0.233527 0.97235 0
    outer loop
      vertex 64.7275 58.8776 36.9
      vertex 65.1089 58.9692 12.9
      vertex 64.7275 58.8776 12.9
    endloop
  endfacet
  facet normal -0.85262 0.522532 0
    outer loop
      vertex 63.2725 57.635 12.9
      vertex 63.4775 57.9695 36.9
      vertex 63.4775 57.9695 12.9
    endloop
  endfacet
  facet normal -0.85262 0.522532 0
    outer loop
      vertex 63.4775 57.9695 36.9
      vertex 63.2725 57.635 12.9
      vertex 63.2725 57.635 36.9
    endloop
  endfacet
  facet normal -0.0785092 -0.996913 0
    outer loop
      vertex 65.1089 54.0308 12.9
      vertex 65.5 54 36.9
      vertex 65.1089 54.0308 36.9
    endloop
  endfacet
  facet normal -0.0785092 -0.996913 -0
    outer loop
      vertex 65.5 54 36.9
      vertex 65.1089 54.0308 12.9
      vertex 65.5 54 12.9
    endloop
  endfacet
  facet normal -0.649342 -0.760497 0
    outer loop
      vertex 63.7322 54.7322 12.9
      vertex 64.0305 54.4775 36.9
      vertex 63.7322 54.7322 36.9
    endloop
  endfacet
  facet normal -0.649342 -0.760497 -0
    outer loop
      vertex 64.0305 54.4775 36.9
      vertex 63.7322 54.7322 12.9
      vertex 64.0305 54.4775 12.9
    endloop
  endfacet
  facet normal 0.760497 -0.649342 0
    outer loop
      vertex 67.2678 54.7322 36.9
      vertex 67.5225 55.0305 12.9
      vertex 67.5225 55.0305 36.9
    endloop
  endfacet
  facet normal 0.760497 -0.649342 0
    outer loop
      vertex 67.5225 55.0305 12.9
      vertex 67.2678 54.7322 36.9
      vertex 67.2678 54.7322 12.9
    endloop
  endfacet
  facet normal 0.0785092 0.996913 -0
    outer loop
      vertex 65.8911 58.9692 12.9
      vertex 65.5 59 36.9
      vertex 65.8911 58.9692 36.9
    endloop
  endfacet
  facet normal 0.0785092 0.996913 0
    outer loop
      vertex 65.5 59 36.9
      vertex 65.8911 58.9692 12.9
      vertex 65.5 59 12.9
    endloop
  endfacet
  facet normal -0.0785092 0.996913 0
    outer loop
      vertex 65.5 59 12.9
      vertex 65.1089 58.9692 36.9
      vertex 65.5 59 36.9
    endloop
  endfacet
  facet normal -0.0785092 0.996913 0
    outer loop
      vertex 65.1089 58.9692 36.9
      vertex 65.5 59 12.9
      vertex 65.1089 58.9692 12.9
    endloop
  endfacet
  facet normal 0.522532 -0.85262 0
    outer loop
      vertex 66.635 54.2725 12.9
      vertex 66.9695 54.4775 36.9
      vertex 66.635 54.2725 36.9
    endloop
  endfacet
  facet normal 0.522532 -0.85262 0
    outer loop
      vertex 66.9695 54.4775 36.9
      vertex 66.635 54.2725 12.9
      vertex 66.9695 54.4775 12.9
    endloop
  endfacet
  facet normal -0.996913 -0.0785092 0
    outer loop
      vertex 63.0308 56.1089 12.9
      vertex 63 56.5 36.9
      vertex 63 56.5 12.9
    endloop
  endfacet
  facet normal -0.996913 -0.0785092 0
    outer loop
      vertex 63 56.5 36.9
      vertex 63.0308 56.1089 12.9
      vertex 63.0308 56.1089 36.9
    endloop
  endfacet
  facet normal -0.233527 -0.97235 0
    outer loop
      vertex 64.7275 54.1224 12.9
      vertex 65.1089 54.0308 36.9
      vertex 64.7275 54.1224 36.9
    endloop
  endfacet
  facet normal -0.233527 -0.97235 -0
    outer loop
      vertex 65.1089 54.0308 36.9
      vertex 64.7275 54.1224 12.9
      vertex 65.1089 54.0308 12.9
    endloop
  endfacet
  facet normal -0.522532 0.85262 0
    outer loop
      vertex 64.365 58.7275 12.9
      vertex 64.0305 58.5225 36.9
      vertex 64.365 58.7275 36.9
    endloop
  endfacet
  facet normal -0.522532 0.85262 0
    outer loop
      vertex 64.0305 58.5225 36.9
      vertex 64.365 58.7275 12.9
      vertex 64.0305 58.5225 12.9
    endloop
  endfacet
  facet normal 0.471429 -0.881904 0
    outer loop
      vertex 91.1481 0.228363 36.9
      vertex 91.6667 0.505585 39.3
      vertex 91.1481 0.228363 39.3
    endloop
  endfacet
  facet normal 0.471429 -0.881904 0
    outer loop
      vertex 91.6667 0.505585 39.3
      vertex 91.1481 0.228363 36.9
      vertex 91.6667 0.505585 36.9
    endloop
  endfacet
  facet normal -0.290277 -0.956943 0
    outer loop
      vertex 1.85194 0.228363 36.9
      vertex 2.41473 0.0576477 39.3
      vertex 1.85194 0.228363 39.3
    endloop
  endfacet
  facet normal -0.290277 -0.956943 -0
    outer loop
      vertex 2.41473 0.0576477 39.3
      vertex 1.85194 0.228363 36.9
      vertex 2.41473 0.0576477 36.9
    endloop
  endfacet
  facet normal -0.881927 -0.471387 0
    outer loop
      vertex 0.505585 1.33328 36.9
      vertex 0.228363 1.85194 39.3
      vertex 0.228363 1.85194 36.9
    endloop
  endfacet
  facet normal -0.881927 -0.471387 0
    outer loop
      vertex 0.228363 1.85194 39.3
      vertex 0.505585 1.33328 36.9
      vertex 0.505585 1.33328 39.3
    endloop
  endfacet
  facet normal -0.634402 -0.773003 0
    outer loop
      vertex 0.878677 0.878677 36.9
      vertex 1.33328 0.505585 39.3
      vertex 0.878677 0.878677 39.3
    endloop
  endfacet
  facet normal -0.634402 -0.773003 -0
    outer loop
      vertex 1.33328 0.505585 39.3
      vertex 0.878677 0.878677 36.9
      vertex 1.33328 0.505585 36.9
    endloop
  endfacet
  facet normal 0.290272 -0.956944 0
    outer loop
      vertex 90.5853 0.0576477 36.9
      vertex 91.1481 0.228363 39.3
      vertex 90.5853 0.0576477 39.3
    endloop
  endfacet
  facet normal 0.290272 -0.956944 0
    outer loop
      vertex 91.1481 0.228363 39.3
      vertex 90.5853 0.0576477 36.9
      vertex 91.1481 0.228363 36.9
    endloop
  endfacet
  facet normal 0.956903 -0.290408 0
    outer loop
      vertex 92.7716 1.85194 39.3
      vertex 92.9424 2.41473 36.9
      vertex 92.9424 2.41473 39.3
    endloop
  endfacet
  facet normal 0.956903 -0.290408 0
    outer loop
      vertex 92.9424 2.41473 36.9
      vertex 92.7716 1.85194 39.3
      vertex 92.7716 1.85194 36.9
    endloop
  endfacet
  facet normal 0.0980183 -0.995185 0
    outer loop
      vertex 90 0 36.9
      vertex 90.5853 0.0576477 39.3
      vertex 90 0 39.3
    endloop
  endfacet
  facet normal 0.0980183 -0.995185 0
    outer loop
      vertex 90.5853 0.0576477 39.3
      vertex 90 0 36.9
      vertex 90.5853 0.0576477 36.9
    endloop
  endfacet
  facet normal 0.995193 0.097938 0
    outer loop
      vertex 93 61 39.3
      vertex 92.9424 61.5853 36.9
      vertex 92.9424 61.5853 39.3
    endloop
  endfacet
  facet normal 0.995193 0.097938 0
    outer loop
      vertex 92.9424 61.5853 36.9
      vertex 93 61 39.3
      vertex 93 61 36.9
    endloop
  endfacet
  facet normal 1 -0 0
    outer loop
      vertex 93 3 39.3
      vertex 93 61 36.9
      vertex 93 61 39.3
    endloop
  endfacet
  facet normal 1 0 0
    outer loop
      vertex 93 61 36.9
      vertex 93 3 39.3
      vertex 93 3 36.9
    endloop
  endfacet
  facet normal 0 -1 0
    outer loop
      vertex 3 0 36.9
      vertex 90 0 39.3
      vertex 3 0 39.3
    endloop
  endfacet
  facet normal 0 -1 -0
    outer loop
      vertex 90 0 39.3
      vertex 3 0 36.9
      vertex 90 0 36.9
    endloop
  endfacet
  facet normal 0.634405 -0.773001 0
    outer loop
      vertex 91.6667 0.505585 36.9
      vertex 92.1213 0.878677 39.3
      vertex 91.6667 0.505585 39.3
    endloop
  endfacet
  facet normal 0.634405 -0.773001 0
    outer loop
      vertex 92.1213 0.878677 39.3
      vertex 91.6667 0.505585 36.9
      vertex 92.1213 0.878677 36.9
    endloop
  endfacet
  facet normal -0.956943 -0.290277 0
    outer loop
      vertex 0.228363 1.85194 36.9
      vertex 0.0576477 2.41473 39.3
      vertex 0.0576477 2.41473 36.9
    endloop
  endfacet
  facet normal -0.956943 -0.290277 0
    outer loop
      vertex 0.0576477 2.41473 39.3
      vertex 0.228363 1.85194 36.9
      vertex 0.228363 1.85194 39.3
    endloop
  endfacet
  facet normal -0.471387 -0.881927 0
    outer loop
      vertex 1.33328 0.505585 36.9
      vertex 1.85194 0.228363 39.3
      vertex 1.33328 0.505585 39.3
    endloop
  endfacet
  facet normal -0.471387 -0.881927 -0
    outer loop
      vertex 1.85194 0.228363 39.3
      vertex 1.33328 0.505585 36.9
      vertex 1.85194 0.228363 36.9
    endloop
  endfacet
  facet normal 0.772994 0.634413 0
    outer loop
      vertex 92.4944 62.6667 39.3
      vertex 92.1213 63.1213 36.9
      vertex 92.1213 63.1213 39.3
    endloop
  endfacet
  facet normal 0.772994 0.634413 0
    outer loop
      vertex 92.1213 63.1213 36.9
      vertex 92.4944 62.6667 39.3
      vertex 92.4944 62.6667 36.9
    endloop
  endfacet
  facet normal -0.290408 0.956903 0
    outer loop
      vertex 2.41473 63.9424 36.9
      vertex 1.85194 63.7716 39.3
      vertex 2.41473 63.9424 39.3
    endloop
  endfacet
  facet normal -0.290408 0.956903 0
    outer loop
      vertex 1.85194 63.7716 39.3
      vertex 2.41473 63.9424 36.9
      vertex 1.85194 63.7716 36.9
    endloop
  endfacet
  facet normal 0 1 -0
    outer loop
      vertex 90 64 36.9
      vertex 3 64 39.3
      vertex 90 64 39.3
    endloop
  endfacet
  facet normal 0 1 0
    outer loop
      vertex 3 64 39.3
      vertex 90 64 36.9
      vertex 3 64 36.9
    endloop
  endfacet
  facet normal -0.0979429 0.995192 0
    outer loop
      vertex 3 64 36.9
      vertex 2.41473 63.9424 39.3
      vertex 3 64 39.3
    endloop
  endfacet
  facet normal -0.0979429 0.995192 0
    outer loop
      vertex 2.41473 63.9424 39.3
      vertex 3 64 36.9
      vertex 2.41473 63.9424 36.9
    endloop
  endfacet
  facet normal 0.772996 -0.634411 0
    outer loop
      vertex 92.1213 0.878677 39.3
      vertex 92.4944 1.33328 36.9
      vertex 92.4944 1.33328 39.3
    endloop
  endfacet
  facet normal 0.772996 -0.634411 0
    outer loop
      vertex 92.4944 1.33328 36.9
      vertex 92.1213 0.878677 39.3
      vertex 92.1213 0.878677 36.9
    endloop
  endfacet
  facet normal -0.471358 0.881942 0
    outer loop
      vertex 1.85194 63.7716 36.9
      vertex 1.33328 63.4944 39.3
      vertex 1.85194 63.7716 39.3
    endloop
  endfacet
  facet normal -0.471358 0.881942 0
    outer loop
      vertex 1.33328 63.4944 39.3
      vertex 1.85194 63.7716 36.9
      vertex 1.33328 63.4944 36.9
    endloop
  endfacet
  facet normal 0.634413 0.772994 -0
    outer loop
      vertex 92.1213 63.1213 36.9
      vertex 91.6667 63.4944 39.3
      vertex 92.1213 63.1213 39.3
    endloop
  endfacet
  facet normal 0.634413 0.772994 0
    outer loop
      vertex 91.6667 63.4944 39.3
      vertex 92.1213 63.1213 36.9
      vertex 91.6667 63.4944 36.9
    endloop
  endfacet
  facet normal -0.634411 0.772996 0
    outer loop
      vertex 1.33328 63.4944 36.9
      vertex 0.878677 63.1213 39.3
      vertex 1.33328 63.4944 39.3
    endloop
  endfacet
  facet normal -0.634411 0.772996 0
    outer loop
      vertex 0.878677 63.1213 39.3
      vertex 1.33328 63.4944 36.9
      vertex 0.878677 63.1213 36.9
    endloop
  endfacet
  facet normal 0.881942 -0.471358 0
    outer loop
      vertex 92.4944 1.33328 39.3
      vertex 92.7716 1.85194 36.9
      vertex 92.7716 1.85194 39.3
    endloop
  endfacet
  facet normal 0.881942 -0.471358 0
    outer loop
      vertex 92.7716 1.85194 36.9
      vertex 92.4944 1.33328 39.3
      vertex 92.4944 1.33328 36.9
    endloop
  endfacet
  facet normal -1 0 0
    outer loop
      vertex 0 3 36.9
      vertex 0 61 39.3
      vertex 0 61 36.9
    endloop
  endfacet
  facet normal -1 -0 0
    outer loop
      vertex 0 61 39.3
      vertex 0 3 36.9
      vertex 0 3 39.3
    endloop
  endfacet
  facet normal 0.995192 -0.0979429 0
    outer loop
      vertex 92.9424 2.41473 39.3
      vertex 93 3 36.9
      vertex 93 3 39.3
    endloop
  endfacet
  facet normal 0.995192 -0.0979429 0
    outer loop
      vertex 93 3 36.9
      vertex 92.9424 2.41473 39.3
      vertex 92.9424 2.41473 36.9
    endloop
  endfacet
  facet normal 0.4714 0.881919 -0
    outer loop
      vertex 91.6667 63.4944 36.9
      vertex 91.1481 63.7716 39.3
      vertex 91.6667 63.4944 39.3
    endloop
  endfacet
  facet normal 0.4714 0.881919 0
    outer loop
      vertex 91.1481 63.7716 39.3
      vertex 91.6667 63.4944 36.9
      vertex 91.1481 63.7716 36.9
    endloop
  endfacet
  facet normal 0 0 1
    outer loop
      vertex 25.8398 12.8758 39.3
      vertex 22.1646 11.3928 39.3
      vertex 22.2 11 39.3
    endloop
  endfacet
  facet normal 0 0 1
    outer loop
      vertex 22.9077 15.61 39.3
      vertex 22.0597 11.773 39.3
      vertex 22.1646 11.3928 39.3
    endloop
  endfacet
  facet normal 0 0 1
    outer loop
      vertex 22.9077 15.61 39.3
      vertex 21.8886 12.1284 39.3
      vertex 22.0597 11.773 39.3
    endloop
  endfacet
  facet normal 0 0 1
    outer loop
      vertex 20.2953 13.1801 39.3
      vertex 22.381 16.2159 39.3
      vertex 21.8758 16.8398 39.3
    endloop
  endfacet
  facet normal 0 0 1
    outer loop
      vertex 22.9077 15.61 39.3
      vertex 21.6568 12.4475 39.3
      vertex 21.8886 12.1284 39.3
    endloop
  endfacet
  facet normal 0 0 1
    outer loop
      vertex 19.9013 13.1978 39.3
      vertex 21.8758 16.8398 39.3
      vertex 21.3926 17.4809 39.3
    endloop
  endfacet
  facet normal 0 0 1
    outer loop
      vertex 22.9077 15.61 39.3
      vertex 21.3717 12.72 39.3
      vertex 21.6568 12.4475 39.3
    endloop
  endfacet
  facet normal 0 0 1
    outer loop
      vertex 22.9077 15.61 39.3
      vertex 21.0425 12.9373 39.3
      vertex 21.3717 12.72 39.3
    endloop
  endfacet
  facet normal 0 0 1
    outer loop
      vertex 19.5105 13.1448 39.3
      vertex 21.3926 17.4809 39.3
      vertex 20.9321 18.1386 39.3
    endloop
  endfacet
  facet normal 0 0 1
    outer loop
      vertex 22.9077 15.61 39.3
      vertex 20.6798 13.0923 39.3
      vertex 21.0425 12.9373 39.3
    endloop
  endfacet
  facet normal 0 0 1
    outer loop
      vertex 19.1353 13.023 39.3
      vertex 20.9321 18.1386 39.3
      vertex 20.4949 18.8119 39.3
    endloop
  endfacet
  facet normal 0 0 1
    outer loop
      vertex 22.381 16.2159 39.3
      vertex 20.2953 13.1801 39.3
      vertex 20.6798 13.0923 39.3
    endloop
  endfacet
  facet normal 0 0 1
    outer loop
      vertex 18.788 12.8361 39.3
      vertex 20.4949 18.8119 39.3
      vertex 20.0814 19.5 39.3
    endloop
  endfacet
  facet normal 0 0 1
    outer loop
      vertex 21.8758 16.8398 39.3
      vertex 19.9013 13.1978 39.3
      vertex 20.2953 13.1801 39.3
    endloop
  endfacet
  facet normal 0 0 1
    outer loop
      vertex 18.4797 12.5901 39.3
      vertex 20.0814 19.5 39.3
      vertex 19.6922 20.2022 39.3
    endloop
  endfacet
  facet normal 0 0 1
    outer loop
      vertex 21.3926 17.4809 39.3
      vertex 19.5105 13.1448 39.3
      vertex 19.9013 13.1978 39.3
    endloop
  endfacet
  facet normal 0 0 1
    outer loop
      vertex 18.4797 12.5901 39.3
      vertex 19.6922 20.2022 39.3
      vertex 19.3277 20.9175 39.3
    endloop
  endfacet
  facet normal 0 0 1
    outer loop
      vertex 20.9321 18.1386 39.3
      vertex 19.1353 13.023 39.3
      vertex 19.5105 13.1448 39.3
    endloop
  endfacet
  facet normal 0 0 1
    outer loop
      vertex 18.2202 12.2931 39.3
      vertex 19.3277 20.9175 39.3
      vertex 18.9885 21.6451 39.3
    endloop
  endfacet
  facet normal 0 0 1
    outer loop
      vertex 20.4949 18.8119 39.3
      vertex 18.788 12.8361 39.3
      vertex 19.1353 13.023 39.3
    endloop
  endfacet
  facet normal 0 0 1
    outer loop
      vertex 18.2202 12.2931 39.3
      vertex 18.9885 21.6451 39.3
      vertex 18.6748 22.384 39.3
    endloop
  endfacet
  facet normal 0 0 1
    outer loop
      vertex 20.0814 19.5 39.3
      vertex 18.4797 12.5901 39.3
      vertex 18.788 12.8361 39.3
    endloop
  endfacet
  facet normal 0 0 1
    outer loop
      vertex 18.0179 11.9545 39.3
      vertex 18.6748 22.384 39.3
      vertex 18.3871 23.1335 39.3
    endloop
  endfacet
  facet normal 0 0 1
    outer loop
      vertex 19.3277 20.9175 39.3
      vertex 18.2202 12.2931 39.3
      vertex 18.4797 12.5901 39.3
    endloop
  endfacet
  facet normal 0 0 1
    outer loop
      vertex 0 3 39.3
      vertex 18.3871 23.1335 39.3
      vertex 18.1257 23.8926 39.3
    endloop
  endfacet
  facet normal 0 0 1
    outer loop
      vertex 18.6748 22.384 39.3
      vertex 18.0179 11.9545 39.3
      vertex 18.2202 12.2931 39.3
    endloop
  endfacet
  facet normal 0 0 1
    outer loop
      vertex 0 3 39.3
      vertex 18.1257 23.8926 39.3
      vertex 17.891 24.6603 39.3
    endloop
  endfacet
  facet normal 0 0 1
    outer loop
      vertex 18.3871 23.1335 39.3
      vertex 0 3 39.3
      vertex 18.0179 11.9545 39.3
    endloop
  endfacet
  facet normal 0 0 1
    outer loop
      vertex 18.0179 11.9545 39.3
      vertex 0 3 39.3
      vertex 17.8793 11.5853 39.3
    endloop
  endfacet
  facet normal 0 0 1
    outer loop
      vertex 17.8793 11.5853 39.3
      vertex 0 3 39.3
      vertex 17.8089 11.1972 39.3
    endloop
  endfacet
  facet normal 0 0 1
    outer loop
      vertex 0 3 39.3
      vertex 17.891 24.6603 39.3
      vertex 17.6832 25.4358 39.3
    endloop
  endfacet
  facet normal -0 0 1
    outer loop
      vertex 21.6568 49.5525 39.3
      vertex 24.0229 47.5448 39.3
      vertex 21.8886 49.8716 39.3
    endloop
  endfacet
  facet normal 0 0 1
    outer loop
      vertex 24.0229 47.5448 39.3
      vertex 21.6568 49.5525 39.3
      vertex 23.4552 46.9771 39.3
    endloop
  endfacet
  facet normal -0 0 1
    outer loop
      vertex 21.3717 49.28 39.3
      vertex 23.4552 46.9771 39.3
      vertex 21.6568 49.5525 39.3
    endloop
  endfacet
  facet normal -0 0 1
    outer loop
      vertex 21.0425 49.0627 39.3
      vertex 23.4552 46.9771 39.3
      vertex 21.3717 49.28 39.3
    endloop
  endfacet
  facet normal 0 0 1
    outer loop
      vertex 23.4552 46.9771 39.3
      vertex 21.0425 49.0627 39.3
      vertex 22.9077 46.39 39.3
    endloop
  endfacet
  facet normal -0 0 1
    outer loop
      vertex 20.6798 48.9077 39.3
      vertex 22.9077 46.39 39.3
      vertex 21.0425 49.0627 39.3
    endloop
  endfacet
  facet normal 0 0 1
    outer loop
      vertex 22.9077 46.39 39.3
      vertex 20.6798 48.9077 39.3
      vertex 22.381 45.7841 39.3
    endloop
  endfacet
  facet normal -0 0 1
    outer loop
      vertex 20.2953 48.8199 39.3
      vertex 22.381 45.7841 39.3
      vertex 20.6798 48.9077 39.3
    endloop
  endfacet
  facet normal 0 0 1
    outer loop
      vertex 22.381 45.7841 39.3
      vertex 20.2953 48.8199 39.3
      vertex 21.8758 45.1602 39.3
    endloop
  endfacet
  facet normal -0 0 1
    outer loop
      vertex 19.9013 48.8022 39.3
      vertex 21.8758 45.1602 39.3
      vertex 20.2953 48.8199 39.3
    endloop
  endfacet
  facet normal 0 0 1
    outer loop
      vertex 21.8758 45.1602 39.3
      vertex 19.9013 48.8022 39.3
      vertex 21.3926 44.5191 39.3
    endloop
  endfacet
  facet normal 0 0 1
    outer loop
      vertex 19.5105 48.8552 39.3
      vertex 21.3926 44.5191 39.3
      vertex 19.9013 48.8022 39.3
    endloop
  endfacet
  facet normal 0 0 1
    outer loop
      vertex 21.3926 44.5191 39.3
      vertex 19.5105 48.8552 39.3
      vertex 20.9321 43.8614 39.3
    endloop
  endfacet
  facet normal 0 0 1
    outer loop
      vertex 19.1353 48.977 39.3
      vertex 20.9321 43.8614 39.3
      vertex 19.5105 48.8552 39.3
    endloop
  endfacet
  facet normal 0 0 1
    outer loop
      vertex 20.9321 43.8614 39.3
      vertex 19.1353 48.977 39.3
      vertex 20.4949 43.1881 39.3
    endloop
  endfacet
  facet normal 0 0 1
    outer loop
      vertex 18.788 49.1639 39.3
      vertex 20.4949 43.1881 39.3
      vertex 19.1353 48.977 39.3
    endloop
  endfacet
  facet normal 0 0 1
    outer loop
      vertex 20.4949 43.1881 39.3
      vertex 18.788 49.1639 39.3
      vertex 20.0814 42.5 39.3
    endloop
  endfacet
  facet normal 0 0 1
    outer loop
      vertex 18.4797 49.4099 39.3
      vertex 20.0814 42.5 39.3
      vertex 18.788 49.1639 39.3
    endloop
  endfacet
  facet normal 0 0 1
    outer loop
      vertex 20.0814 42.5 39.3
      vertex 18.4797 49.4099 39.3
      vertex 19.6922 41.7978 39.3
    endloop
  endfacet
  facet normal 0 0 1
    outer loop
      vertex 19.6922 41.7978 39.3
      vertex 18.4797 49.4099 39.3
      vertex 19.3277 41.0825 39.3
    endloop
  endfacet
  facet normal 0 0 1
    outer loop
      vertex 18.2202 49.7069 39.3
      vertex 19.3277 41.0825 39.3
      vertex 18.4797 49.4099 39.3
    endloop
  endfacet
  facet normal 0 0 1
    outer loop
      vertex 19.3277 41.0825 39.3
      vertex 18.2202 49.7069 39.3
      vertex 18.9885 40.3549 39.3
    endloop
  endfacet
  facet normal 0 0 1
    outer loop
      vertex 18.9885 40.3549 39.3
      vertex 18.2202 49.7069 39.3
      vertex 18.6748 39.616 39.3
    endloop
  endfacet
  facet normal 0 0 1
    outer loop
      vertex 18.0179 50.0455 39.3
      vertex 18.6748 39.616 39.3
      vertex 18.2202 49.7069 39.3
    endloop
  endfacet
  facet normal 0 0 1
    outer loop
      vertex 18.6748 39.616 39.3
      vertex 18.0179 50.0455 39.3
      vertex 18.3871 38.8665 39.3
    endloop
  endfacet
  facet normal 0 0 1
    outer loop
      vertex 12.8844 55.8354 39.3
      vertex 18.3871 38.8665 39.3
      vertex 18.0179 50.0455 39.3
    endloop
  endfacet
  facet normal 0 0 1
    outer loop
      vertex 18.3871 38.8665 39.3
      vertex 12.8844 55.8354 39.3
      vertex 18.1257 38.1074 39.3
    endloop
  endfacet
  facet normal 0 0 1
    outer loop
      vertex 13.2285 55.6515 39.3
      vertex 18.0179 50.0455 39.3
      vertex 17.8793 50.4147 39.3
    endloop
  endfacet
  facet normal 0 0 1
    outer loop
      vertex 13.2285 55.6515 39.3
      vertex 17.8793 50.4147 39.3
      vertex 17.8089 50.8028 39.3
    endloop
  endfacet
  facet normal 0 0 1
    outer loop
      vertex 12.5829 56.0829 39.3
      vertex 18.1257 38.1074 39.3
      vertex 12.8844 55.8354 39.3
    endloop
  endfacet
  facet normal 0 0 1
    outer loop
      vertex 28.5 50.9186 39.3
      vertex 21.8485 56.7285 39.3
      vertex 27.8119 50.5051 39.3
    endloop
  endfacet
  facet normal -0 -0 1
    outer loop
      vertex 21.8886 52.1284 39.3
      vertex 27.8119 50.5051 39.3
      vertex 21.8485 56.7285 39.3
    endloop
  endfacet
  facet normal 0 0 1
    outer loop
      vertex 27.8119 50.5051 39.3
      vertex 21.8886 52.1284 39.3
      vertex 22.0597 51.773 39.3
    endloop
  endfacet
  facet normal -0 0 1
    outer loop
      vertex 21.6646 56.3844 39.3
      vertex 21.8886 52.1284 39.3
      vertex 21.8485 56.7285 39.3
    endloop
  endfacet
  facet normal 0 0 1
    outer loop
      vertex 21.6646 56.3844 39.3
      vertex 21.6568 52.4475 39.3
      vertex 21.8886 52.1284 39.3
    endloop
  endfacet
  facet normal -0 0 1
    outer loop
      vertex 21.4171 56.0829 39.3
      vertex 21.6568 52.4475 39.3
      vertex 21.6646 56.3844 39.3
    endloop
  endfacet
  facet normal 0 0 1
    outer loop
      vertex 21.4171 56.0829 39.3
      vertex 21.3717 52.72 39.3
      vertex 21.6568 52.4475 39.3
    endloop
  endfacet
  facet normal -0 0 1
    outer loop
      vertex 21.1156 55.8354 39.3
      vertex 21.3717 52.72 39.3
      vertex 21.4171 56.0829 39.3
    endloop
  endfacet
  facet normal 0 0 1
    outer loop
      vertex 21.1156 55.8354 39.3
      vertex 21.0425 52.9373 39.3
      vertex 21.3717 52.72 39.3
    endloop
  endfacet
  facet normal -0 0 1
    outer loop
      vertex 20.7715 55.6515 39.3
      vertex 21.0425 52.9373 39.3
      vertex 21.1156 55.8354 39.3
    endloop
  endfacet
  facet normal 0 0 1
    outer loop
      vertex 20.7715 55.6515 39.3
      vertex 20.6798 53.0923 39.3
      vertex 21.0425 52.9373 39.3
    endloop
  endfacet
  facet normal -0 0 1
    outer loop
      vertex 20.3982 55.5382 39.3
      vertex 20.6798 53.0923 39.3
      vertex 20.7715 55.6515 39.3
    endloop
  endfacet
  facet normal 0 0 1
    outer loop
      vertex 20.3982 55.5382 39.3
      vertex 20.2953 53.1801 39.3
      vertex 20.6798 53.0923 39.3
    endloop
  endfacet
  facet normal -0 0 1
    outer loop
      vertex 20.01 55.5 39.3
      vertex 20.2953 53.1801 39.3
      vertex 20.3982 55.5382 39.3
    endloop
  endfacet
  facet normal 0 0 1
    outer loop
      vertex 20.01 55.5 39.3
      vertex 19.9013 53.1978 39.3
      vertex 20.2953 53.1801 39.3
    endloop
  endfacet
  facet normal 0 0 1
    outer loop
      vertex 20.01 55.5 39.3
      vertex 19.5105 53.1448 39.3
      vertex 19.9013 53.1978 39.3
    endloop
  endfacet
  facet normal 0 0 1
    outer loop
      vertex 20.01 55.5 39.3
      vertex 19.1353 53.023 39.3
      vertex 19.5105 53.1448 39.3
    endloop
  endfacet
  facet normal 0 0 1
    outer loop
      vertex 20.01 55.5 39.3
      vertex 18.788 52.8361 39.3
      vertex 19.1353 53.023 39.3
    endloop
  endfacet
  facet normal -0 0 1
    outer loop
      vertex 13.99 55.5 39.3
      vertex 18.788 52.8361 39.3
      vertex 20.01 55.5 39.3
    endloop
  endfacet
  facet normal 0 0 1
    outer loop
      vertex 18.788 52.8361 39.3
      vertex 13.99 55.5 39.3
      vertex 18.4797 52.5901 39.3
    endloop
  endfacet
  facet normal 0 0 1
    outer loop
      vertex 18.4797 52.5901 39.3
      vertex 13.99 55.5 39.3
      vertex 18.2202 52.2931 39.3
    endloop
  endfacet
  facet normal 0 0 1
    outer loop
      vertex 13.6018 55.5382 39.3
      vertex 17.8089 50.8028 39.3
      vertex 17.8089 51.1972 39.3
    endloop
  endfacet
  facet normal 0 0 1
    outer loop
      vertex 18.1257 38.1074 39.3
      vertex 12.5829 56.0829 39.3
      vertex 17.891 37.3397 39.3
    endloop
  endfacet
  facet normal 0 0 1
    outer loop
      vertex 0 61 39.3
      vertex 17.891 37.3397 39.3
      vertex 12.5829 56.0829 39.3
    endloop
  endfacet
  facet normal 0 0 1
    outer loop
      vertex 17.891 37.3397 39.3
      vertex 0 61 39.3
      vertex 17.6832 36.5642 39.3
    endloop
  endfacet
  facet normal 0 0 1
    outer loop
      vertex 17.6832 36.5642 39.3
      vertex 0 61 39.3
      vertex 17.5026 35.782 39.3
    endloop
  endfacet
  facet normal 0 0 1
    outer loop
      vertex 17.5026 35.782 39.3
      vertex 0 61 39.3
      vertex 17.3494 34.9939 39.3
    endloop
  endfacet
  facet normal 0 0 1
    outer loop
      vertex 17.3494 34.9939 39.3
      vertex 0 61 39.3
      vertex 17.2238 34.201 39.3
    endloop
  endfacet
  facet normal 0 0 1
    outer loop
      vertex 17.2238 34.201 39.3
      vertex 0 61 39.3
      vertex 17.126 33.4042 39.3
    endloop
  endfacet
  facet normal 0 0 1
    outer loop
      vertex 17.8089 50.8028 39.3
      vertex 13.6018 55.5382 39.3
      vertex 13.2285 55.6515 39.3
    endloop
  endfacet
  facet normal 0 0 1
    outer loop
      vertex 13.6018 55.5382 39.3
      vertex 17.8089 51.1972 39.3
      vertex 13.99 55.5 39.3
    endloop
  endfacet
  facet normal 0 0 1
    outer loop
      vertex 17.8793 51.5853 39.3
      vertex 13.99 55.5 39.3
      vertex 17.8089 51.1972 39.3
    endloop
  endfacet
  facet normal 0 0 1
    outer loop
      vertex 18.0179 51.9545 39.3
      vertex 13.99 55.5 39.3
      vertex 17.8793 51.5853 39.3
    endloop
  endfacet
  facet normal 0 0 1
    outer loop
      vertex 18.2202 52.2931 39.3
      vertex 13.99 55.5 39.3
      vertex 18.0179 51.9545 39.3
    endloop
  endfacet
  facet normal 0 0 1
    outer loop
      vertex 90 0 39.3
      vertex 62.1646 11.3928 39.3
      vertex 62.2 11 39.3
    endloop
  endfacet
  facet normal -0 0 1
    outer loop
      vertex 61.8743 23.8926 39.3
      vertex 93 3 39.3
      vertex 62.109 24.6603 39.3
    endloop
  endfacet
  facet normal 0 0 1
    outer loop
      vertex 93 3 39.3
      vertex 62.0597 11.773 39.3
      vertex 62.1646 11.3928 39.3
    endloop
  endfacet
  facet normal 0 0 1
    outer loop
      vertex 93 3 39.3
      vertex 61.8743 23.8926 39.3
      vertex 62.0597 11.773 39.3
    endloop
  endfacet
  facet normal -0 0 1
    outer loop
      vertex 61.6129 23.1335 39.3
      vertex 62.0597 11.773 39.3
      vertex 61.8743 23.8926 39.3
    endloop
  endfacet
  facet normal 0 0 1
    outer loop
      vertex 62.0597 11.773 39.3
      vertex 61.6129 23.1335 39.3
      vertex 61.8886 12.1284 39.3
    endloop
  endfacet
  facet normal -0 0 1
    outer loop
      vertex 61.3252 22.384 39.3
      vertex 61.8886 12.1284 39.3
      vertex 61.6129 23.1335 39.3
    endloop
  endfacet
  facet normal -0 0 1
    outer loop
      vertex 61.0115 21.6451 39.3
      vertex 61.8886 12.1284 39.3
      vertex 61.3252 22.384 39.3
    endloop
  endfacet
  facet normal 0 0 1
    outer loop
      vertex 61.8886 12.1284 39.3
      vertex 61.0115 21.6451 39.3
      vertex 61.6568 12.4475 39.3
    endloop
  endfacet
  facet normal -0 0 1
    outer loop
      vertex 60.6723 20.9175 39.3
      vertex 61.6568 12.4475 39.3
      vertex 61.0115 21.6451 39.3
    endloop
  endfacet
  facet normal -0 0 1
    outer loop
      vertex 60.3078 20.2022 39.3
      vertex 61.6568 12.4475 39.3
      vertex 60.6723 20.9175 39.3
    endloop
  endfacet
  facet normal 0 0 1
    outer loop
      vertex 61.6568 12.4475 39.3
      vertex 60.3078 20.2022 39.3
      vertex 61.3717 12.72 39.3
    endloop
  endfacet
  facet normal -0 0 1
    outer loop
      vertex 59.9186 19.5 39.3
      vertex 61.3717 12.72 39.3
      vertex 60.3078 20.2022 39.3
    endloop
  endfacet
  facet normal 0 0 1
    outer loop
      vertex 61.3717 12.72 39.3
      vertex 59.9186 19.5 39.3
      vertex 61.0425 12.9373 39.3
    endloop
  endfacet
  facet normal -0 0 1
    outer loop
      vertex 59.5051 18.8119 39.3
      vertex 61.0425 12.9373 39.3
      vertex 59.9186 19.5 39.3
    endloop
  endfacet
  facet normal -0 0 1
    outer loop
      vertex 59.0679 18.1386 39.3
      vertex 61.0425 12.9373 39.3
      vertex 59.5051 18.8119 39.3
    endloop
  endfacet
  facet normal 0 0 1
    outer loop
      vertex 61.0425 12.9373 39.3
      vertex 59.0679 18.1386 39.3
      vertex 60.6798 13.0923 39.3
    endloop
  endfacet
  facet normal -0 0 1
    outer loop
      vertex 58.6074 17.4809 39.3
      vertex 60.6798 13.0923 39.3
      vertex 59.0679 18.1386 39.3
    endloop
  endfacet
  facet normal 0 0 1
    outer loop
      vertex 60.6798 13.0923 39.3
      vertex 58.6074 17.4809 39.3
      vertex 60.2953 13.1801 39.3
    endloop
  endfacet
  facet normal -0 0 1
    outer loop
      vertex 58.1242 16.8398 39.3
      vertex 60.2953 13.1801 39.3
      vertex 58.6074 17.4809 39.3
    endloop
  endfacet
  facet normal 0 0 1
    outer loop
      vertex 60.2953 13.1801 39.3
      vertex 58.1242 16.8398 39.3
      vertex 59.9013 13.1978 39.3
    endloop
  endfacet
  facet normal -0 0 1
    outer loop
      vertex 57.619 16.2159 39.3
      vertex 59.9013 13.1978 39.3
      vertex 58.1242 16.8398 39.3
    endloop
  endfacet
  facet normal 0 0 1
    outer loop
      vertex 59.9013 13.1978 39.3
      vertex 57.619 16.2159 39.3
      vertex 59.5105 13.1448 39.3
    endloop
  endfacet
  facet normal 0 0 1
    outer loop
      vertex 59.5105 13.1448 39.3
      vertex 57.619 16.2159 39.3
      vertex 59.1353 13.023 39.3
    endloop
  endfacet
  facet normal -0 0 1
    outer loop
      vertex 57.0923 15.61 39.3
      vertex 59.1353 13.023 39.3
      vertex 57.619 16.2159 39.3
    endloop
  endfacet
  facet normal 0 0 1
    outer loop
      vertex 59.1353 13.023 39.3
      vertex 57.0923 15.61 39.3
      vertex 58.788 12.8361 39.3
    endloop
  endfacet
  facet normal -0 0 1
    outer loop
      vertex 56.5448 15.0229 39.3
      vertex 58.788 12.8361 39.3
      vertex 57.0923 15.61 39.3
    endloop
  endfacet
  facet normal 0 0 1
    outer loop
      vertex 58.788 12.8361 39.3
      vertex 56.5448 15.0229 39.3
      vertex 58.4797 12.5901 39.3
    endloop
  endfacet
  facet normal -0 0 1
    outer loop
      vertex 55.9771 14.4552 39.3
      vertex 58.4797 12.5901 39.3
      vertex 56.5448 15.0229 39.3
    endloop
  endfacet
  facet normal -0 0 1
    outer loop
      vertex 55.39 13.9077 39.3
      vertex 58.2202 12.2931 39.3
      vertex 55.9771 14.4552 39.3
    endloop
  endfacet
  facet normal 0 0 1
    outer loop
      vertex 58.4797 12.5901 39.3
      vertex 55.9771 14.4552 39.3
      vertex 58.2202 12.2931 39.3
    endloop
  endfacet
  facet normal 0 0 1
    outer loop
      vertex 90 64 39.3
      vertex 93 61 39.3
      vertex 92.9424 61.5853 39.3
    endloop
  endfacet
  facet normal 0 0 1
    outer loop
      vertex 93 61 39.3
      vertex 62.986 31.8027 39.3
      vertex 93 3 39.3
    endloop
  endfacet
  facet normal 0 0 1
    outer loop
      vertex 90 64 39.3
      vertex 92.9424 61.5853 39.3
      vertex 92.7716 62.1481 39.3
    endloop
  endfacet
  facet normal -0 -0 1
    outer loop
      vertex 63 31 39.3
      vertex 93 3 39.3
      vertex 62.986 31.8027 39.3
    endloop
  endfacet
  facet normal 0 0 1
    outer loop
      vertex 90 64 39.3
      vertex 92.7716 62.1481 39.3
      vertex 92.4944 62.6667 39.3
    endloop
  endfacet
  facet normal -0 0 1
    outer loop
      vertex 62.986 30.1973 39.3
      vertex 93 3 39.3
      vertex 63 31 39.3
    endloop
  endfacet
  facet normal 0 0 1
    outer loop
      vertex 90 64 39.3
      vertex 92.4944 62.6667 39.3
      vertex 92.1213 63.1213 39.3
    endloop
  endfacet
  facet normal -0 0 1
    outer loop
      vertex 62.944 29.3956 39.3
      vertex 93 3 39.3
      vertex 62.9599 29.7 39.3
    endloop
  endfacet
  facet normal 0 0 1
    outer loop
      vertex 90 64 39.3
      vertex 92.1213 63.1213 39.3
      vertex 91.6667 63.4944 39.3
    endloop
  endfacet
  facet normal -0 0 1
    outer loop
      vertex 62.874 28.5958 39.3
      vertex 93 3 39.3
      vertex 62.944 29.3956 39.3
    endloop
  endfacet
  facet normal 0 0 1
    outer loop
      vertex 90 64 39.3
      vertex 91.6667 63.4944 39.3
      vertex 91.1481 63.7716 39.3
    endloop
  endfacet
  facet normal -0 0 1
    outer loop
      vertex 62.7762 27.799 39.3
      vertex 93 3 39.3
      vertex 62.874 28.5958 39.3
    endloop
  endfacet
  facet normal 0 0 1
    outer loop
      vertex 90 64 39.3
      vertex 91.1481 63.7716 39.3
      vertex 90.5853 63.9424 39.3
    endloop
  endfacet
  facet normal -0 0 1
    outer loop
      vertex 62.6506 27.0061 39.3
      vertex 93 3 39.3
      vertex 62.7762 27.799 39.3
    endloop
  endfacet
  facet normal 0 0 1
    outer loop
      vertex 62.2 51 39.3
      vertex 93 61 39.3
      vertex 90 64 39.3
    endloop
  endfacet
  facet normal -0 0 1
    outer loop
      vertex 62.4974 26.218 39.3
      vertex 93 3 39.3
      vertex 62.6506 27.0061 39.3
    endloop
  endfacet
  facet normal -0 0 1
    outer loop
      vertex 62.3168 25.4358 39.3
      vertex 93 3 39.3
      vertex 62.4974 26.218 39.3
    endloop
  endfacet
  facet normal -0 0 1
    outer loop
      vertex 62.9599 29.7 39.3
      vertex 93 3 39.3
      vertex 62.986 30.1973 39.3
    endloop
  endfacet
  facet normal 0 0 1
    outer loop
      vertex 93 61 39.3
      vertex 62.9599 32.3 39.3
      vertex 62.986 31.8027 39.3
    endloop
  endfacet
  facet normal 0 0 1
    outer loop
      vertex 93 61 39.3
      vertex 62.944 32.6044 39.3
      vertex 62.9599 32.3 39.3
    endloop
  endfacet
  facet normal 0 0 1
    outer loop
      vertex 93 61 39.3
      vertex 62.874 33.4042 39.3
      vertex 62.944 32.6044 39.3
    endloop
  endfacet
  facet normal 0 0 1
    outer loop
      vertex 93 61 39.3
      vertex 62.7762 34.201 39.3
      vertex 62.874 33.4042 39.3
    endloop
  endfacet
  facet normal 0 0 1
    outer loop
      vertex 93 61 39.3
      vertex 62.6506 34.9939 39.3
      vertex 62.7762 34.201 39.3
    endloop
  endfacet
  facet normal 0 0 1
    outer loop
      vertex 93 61 39.3
      vertex 62.4974 35.782 39.3
      vertex 62.6506 34.9939 39.3
    endloop
  endfacet
  facet normal 0 0 1
    outer loop
      vertex 93 61 39.3
      vertex 62.3168 36.5642 39.3
      vertex 62.4974 35.782 39.3
    endloop
  endfacet
  facet normal 0 0 1
    outer loop
      vertex 93 61 39.3
      vertex 62.2 51 39.3
      vertex 62.1646 50.6072 39.3
    endloop
  endfacet
  facet normal 0 0 1
    outer loop
      vertex 90 64 39.3
      vertex 62.1646 51.3928 39.3
      vertex 62.2 51 39.3
    endloop
  endfacet
  facet normal 0 0 1
    outer loop
      vertex 90 64 39.3
      vertex 62.0597 51.773 39.3
      vertex 62.1646 51.3928 39.3
    endloop
  endfacet
  facet normal 0 0 1
    outer loop
      vertex 90 64 39.3
      vertex 61.8886 52.1284 39.3
      vertex 62.0597 51.773 39.3
    endloop
  endfacet
  facet normal 0 0 1
    outer loop
      vertex 90 64 39.3
      vertex 61.6568 52.4475 39.3
      vertex 61.8886 52.1284 39.3
    endloop
  endfacet
  facet normal 0 0 1
    outer loop
      vertex 90 64 39.3
      vertex 61.3717 52.72 39.3
      vertex 61.6568 52.4475 39.3
    endloop
  endfacet
  facet normal 0 0 1
    outer loop
      vertex 90 64 39.3
      vertex 61.0425 52.9373 39.3
      vertex 61.3717 52.72 39.3
    endloop
  endfacet
  facet normal 0 0 1
    outer loop
      vertex 90 64 39.3
      vertex 60.6798 53.0923 39.3
      vertex 61.0425 52.9373 39.3
    endloop
  endfacet
  facet normal 0 0 1
    outer loop
      vertex 90 64 39.3
      vertex 60.2953 53.1801 39.3
      vertex 60.6798 53.0923 39.3
    endloop
  endfacet
  facet normal 0 0 1
    outer loop
      vertex 90 64 39.3
      vertex 59.9013 53.1978 39.3
      vertex 60.2953 53.1801 39.3
    endloop
  endfacet
  facet normal -0 0 1
    outer loop
      vertex 43.9939 53.6506 39.3
      vertex 59.9013 53.1978 39.3
      vertex 90 64 39.3
    endloop
  endfacet
  facet normal 0 0 1
    outer loop
      vertex 59.9013 53.1978 39.3
      vertex 43.9939 53.6506 39.3
      vertex 59.5105 53.1448 39.3
    endloop
  endfacet
  facet normal 0 0 1
    outer loop
      vertex 54.1602 49.1242 39.3
      vertex 57.8089 50.8028 39.3
      vertex 57.8089 51.1972 39.3
    endloop
  endfacet
  facet normal 0 0 1
    outer loop
      vertex 57.8089 50.8028 39.3
      vertex 57.0923 46.39 39.3
      vertex 57.619 45.7841 39.3
    endloop
  endfacet
  facet normal 0 0 1
    outer loop
      vertex 57.8089 50.8028 39.3
      vertex 56.5448 46.9771 39.3
      vertex 57.0923 46.39 39.3
    endloop
  endfacet
  facet normal 0 0 1
    outer loop
      vertex 53.5191 49.6074 39.3
      vertex 57.8089 51.1972 39.3
      vertex 57.8793 51.5853 39.3
    endloop
  endfacet
  facet normal 0 0 1
    outer loop
      vertex 57.8089 50.8028 39.3
      vertex 55.9771 47.5448 39.3
      vertex 56.5448 46.9771 39.3
    endloop
  endfacet
  facet normal 0 0 1
    outer loop
      vertex 52.8614 50.0679 39.3
      vertex 57.8793 51.5853 39.3
      vertex 58.0179 51.9545 39.3
    endloop
  endfacet
  facet normal 0 0 1
    outer loop
      vertex 57.8089 50.8028 39.3
      vertex 55.39 48.0923 39.3
      vertex 55.9771 47.5448 39.3
    endloop
  endfacet
  facet normal 0 0 1
    outer loop
      vertex 52.1881 50.5051 39.3
      vertex 58.0179 51.9545 39.3
      vertex 58.2202 52.2931 39.3
    endloop
  endfacet
  facet normal 0 0 1
    outer loop
      vertex 57.8089 50.8028 39.3
      vertex 54.7841 48.619 39.3
      vertex 55.39 48.0923 39.3
    endloop
  endfacet
  facet normal 0 0 1
    outer loop
      vertex 50.7978 51.3078 39.3
      vertex 58.2202 52.2931 39.3
      vertex 58.4797 52.5901 39.3
    endloop
  endfacet
  facet normal 0 0 1
    outer loop
      vertex 57.8089 50.8028 39.3
      vertex 54.1602 49.1242 39.3
      vertex 54.7841 48.619 39.3
    endloop
  endfacet
  facet normal 0 0 1
    outer loop
      vertex 57.8089 51.1972 39.3
      vertex 53.5191 49.6074 39.3
      vertex 54.1602 49.1242 39.3
    endloop
  endfacet
  facet normal 0 0 1
    outer loop
      vertex 50.0825 51.6723 39.3
      vertex 58.4797 52.5901 39.3
      vertex 58.788 52.8361 39.3
    endloop
  endfacet
  facet normal 0 0 1
    outer loop
      vertex 57.8793 51.5853 39.3
      vertex 52.8614 50.0679 39.3
      vertex 53.5191 49.6074 39.3
    endloop
  endfacet
  facet normal 0 0 1
    outer loop
      vertex 48.616 52.3252 39.3
      vertex 58.788 52.8361 39.3
      vertex 59.1353 53.023 39.3
    endloop
  endfacet
  facet normal 0 0 1
    outer loop
      vertex 58.0179 51.9545 39.3
      vertex 52.6058 50.2339 39.3
      vertex 52.8614 50.0679 39.3
    endloop
  endfacet
  facet normal 0 0 1
    outer loop
      vertex 58.0179 51.9545 39.3
      vertex 52.1881 50.5051 39.3
      vertex 52.6058 50.2339 39.3
    endloop
  endfacet
  facet normal 0 0 1
    outer loop
      vertex 58.2202 52.2931 39.3
      vertex 51.5 50.9186 39.3
      vertex 52.1881 50.5051 39.3
    endloop
  endfacet
  facet normal -0 -0 1
    outer loop
      vertex 44.782 53.4974 39.3
      vertex 59.5105 53.1448 39.3
      vertex 43.9939 53.6506 39.3
    endloop
  endfacet
  facet normal 0 0 1
    outer loop
      vertex 58.2202 52.2931 39.3
      vertex 50.7978 51.3078 39.3
      vertex 51.5 50.9186 39.3
    endloop
  endfacet
  facet normal 0 0 1
    outer loop
      vertex 58.4797 52.5901 39.3
      vertex 50.3541 51.5339 39.3
      vertex 50.7978 51.3078 39.3
    endloop
  endfacet
  facet normal 0 0 1
    outer loop
      vertex 58.4797 52.5901 39.3
      vertex 50.0825 51.6723 39.3
      vertex 50.3541 51.5339 39.3
    endloop
  endfacet
  facet normal 0 0 1
    outer loop
      vertex 58.788 52.8361 39.3
      vertex 49.3549 52.0115 39.3
      vertex 50.0825 51.6723 39.3
    endloop
  endfacet
  facet normal 0 0 1
    outer loop
      vertex 58.788 52.8361 39.3
      vertex 48.616 52.3252 39.3
      vertex 49.3549 52.0115 39.3
    endloop
  endfacet
  facet normal 0 0 1
    outer loop
      vertex 59.1353 53.023 39.3
      vertex 47.8665 52.6129 39.3
      vertex 48.616 52.3252 39.3
    endloop
  endfacet
  facet normal 0 0 1
    outer loop
      vertex 59.1353 53.023 39.3
      vertex 47.1074 52.8743 39.3
      vertex 47.8665 52.6129 39.3
    endloop
  endfacet
  facet normal 0 0 1
    outer loop
      vertex 59.1353 53.023 39.3
      vertex 46.3397 53.109 39.3
      vertex 47.1074 52.8743 39.3
    endloop
  endfacet
  facet normal 0 0 1
    outer loop
      vertex 59.5105 53.1448 39.3
      vertex 46.3397 53.109 39.3
      vertex 59.1353 53.023 39.3
    endloop
  endfacet
  facet normal 0 -0 1
    outer loop
      vertex 46.3397 53.109 39.3
      vertex 59.5105 53.1448 39.3
      vertex 45.5642 53.3168 39.3
    endloop
  endfacet
  facet normal -0 -0 1
    outer loop
      vertex 45.5642 53.3168 39.3
      vertex 59.5105 53.1448 39.3
      vertex 44.782 53.4974 39.3
    endloop
  endfacet
  facet normal 0 0 1
    outer loop
      vertex 90 64 39.3
      vertex 43.201 53.7762 39.3
      vertex 43.9939 53.6506 39.3
    endloop
  endfacet
  facet normal 0 0 1
    outer loop
      vertex 90 64 39.3
      vertex 42.4042 53.874 39.3
      vertex 43.201 53.7762 39.3
    endloop
  endfacet
  facet normal -0 0 1
    outer loop
      vertex 20.7715 59.3485 39.3
      vertex 42.4042 53.874 39.3
      vertex 90 64 39.3
    endloop
  endfacet
  facet normal 0 0 1
    outer loop
      vertex 42.4042 53.874 39.3
      vertex 20.7715 59.3485 39.3
      vertex 41.6044 53.944 39.3
    endloop
  endfacet
  facet normal 0 0 1
    outer loop
      vertex 41.6044 53.944 39.3
      vertex 20.7715 59.3485 39.3
      vertex 40.8027 53.986 39.3
    endloop
  endfacet
  facet normal -0 -0 1
    outer loop
      vertex 21.1156 59.1646 39.3
      vertex 40.8027 53.986 39.3
      vertex 20.7715 59.3485 39.3
    endloop
  endfacet
  facet normal 0 0 1
    outer loop
      vertex 40.8027 53.986 39.3
      vertex 21.1156 59.1646 39.3
      vertex 40 54 39.3
    endloop
  endfacet
  facet normal 0 0 1
    outer loop
      vertex 40 54 39.3
      vertex 21.1156 59.1646 39.3
      vertex 39.1973 53.986 39.3
    endloop
  endfacet
  facet normal 0 0 1
    outer loop
      vertex 39.1973 53.986 39.3
      vertex 21.1156 59.1646 39.3
      vertex 38.3956 53.944 39.3
    endloop
  endfacet
  facet normal 0 0 1
    outer loop
      vertex 38.3956 53.944 39.3
      vertex 21.1156 59.1646 39.3
      vertex 37.5958 53.874 39.3
    endloop
  endfacet
  facet normal 0 0 1
    outer loop
      vertex 30.6451 52.0115 39.3
      vertex 22 57.49 39.3
      vertex 29.9175 51.6723 39.3
    endloop
  endfacet
  facet normal 0 0 1
    outer loop
      vertex 29.6459 51.5339 39.3
      vertex 21.9618 57.1018 39.3
      vertex 29.2022 51.3078 39.3
    endloop
  endfacet
  facet normal 0 0 1
    outer loop
      vertex 24.61 48.0923 39.3
      vertex 21.8886 49.8716 39.3
      vertex 24.0229 47.5448 39.3
    endloop
  endfacet
  facet normal -0 0 1
    outer loop
      vertex 21.8886 49.8716 39.3
      vertex 24.61 48.0923 39.3
      vertex 22.0597 50.227 39.3
    endloop
  endfacet
  facet normal 0 0 1
    outer loop
      vertex 25.2159 48.619 39.3
      vertex 22.0597 50.227 39.3
      vertex 24.61 48.0923 39.3
    endloop
  endfacet
  facet normal -0 0 1
    outer loop
      vertex 22.0597 50.227 39.3
      vertex 25.2159 48.619 39.3
      vertex 22.1646 50.6072 39.3
    endloop
  endfacet
  facet normal 0 0 1
    outer loop
      vertex 25.8398 49.1242 39.3
      vertex 22.1646 50.6072 39.3
      vertex 25.2159 48.619 39.3
    endloop
  endfacet
  facet normal -0 0 1
    outer loop
      vertex 22.1646 50.6072 39.3
      vertex 25.8398 49.1242 39.3
      vertex 22.2 51 39.3
    endloop
  endfacet
  facet normal 0 0 1
    outer loop
      vertex 26.4809 49.6074 39.3
      vertex 22.2 51 39.3
      vertex 25.8398 49.1242 39.3
    endloop
  endfacet
  facet normal 0 0 1
    outer loop
      vertex 22.1646 51.3928 39.3
      vertex 26.4809 49.6074 39.3
      vertex 27.1386 50.0679 39.3
    endloop
  endfacet
  facet normal 0 0 1
    outer loop
      vertex 22.0597 51.773 39.3
      vertex 27.1386 50.0679 39.3
      vertex 27.3942 50.2339 39.3
    endloop
  endfacet
  facet normal 0 0 1
    outer loop
      vertex 22.0597 51.773 39.3
      vertex 27.3942 50.2339 39.3
      vertex 27.8119 50.5051 39.3
    endloop
  endfacet
  facet normal 0 0 1
    outer loop
      vertex 29.2022 51.3078 39.3
      vertex 21.8485 56.7285 39.3
      vertex 28.5 50.9186 39.3
    endloop
  endfacet
  facet normal 0 0 1
    outer loop
      vertex 29.9175 51.6723 39.3
      vertex 21.9618 57.1018 39.3
      vertex 29.6459 51.5339 39.3
    endloop
  endfacet
  facet normal -0 0 1
    outer loop
      vertex 21.9618 57.1018 39.3
      vertex 29.9175 51.6723 39.3
      vertex 22 57.49 39.3
    endloop
  endfacet
  facet normal -0 0 1
    outer loop
      vertex 22 57.49 39.3
      vertex 30.6451 52.0115 39.3
      vertex 22 57.51 39.3
    endloop
  endfacet
  facet normal 0 0 1
    outer loop
      vertex 22 57.51 39.3
      vertex 30.6451 52.0115 39.3
      vertex 31.384 52.3252 39.3
    endloop
  endfacet
  facet normal 0 0 1
    outer loop
      vertex 21.9618 57.8982 39.3
      vertex 31.384 52.3252 39.3
      vertex 32.1335 52.6129 39.3
    endloop
  endfacet
  facet normal 0 0 1
    outer loop
      vertex 21.8485 58.2715 39.3
      vertex 32.1335 52.6129 39.3
      vertex 32.8926 52.8743 39.3
    endloop
  endfacet
  facet normal 0 0 1
    outer loop
      vertex 21.8485 58.2715 39.3
      vertex 32.8926 52.8743 39.3
      vertex 33.6603 53.109 39.3
    endloop
  endfacet
  facet normal 0 0 1
    outer loop
      vertex 21.6646 58.6156 39.3
      vertex 33.6603 53.109 39.3
      vertex 34.4358 53.3168 39.3
    endloop
  endfacet
  facet normal 0 0 1
    outer loop
      vertex 21.6646 58.6156 39.3
      vertex 34.4358 53.3168 39.3
      vertex 35.218 53.4974 39.3
    endloop
  endfacet
  facet normal 0 0 1
    outer loop
      vertex 21.6646 58.6156 39.3
      vertex 35.218 53.4974 39.3
      vertex 36.0061 53.6506 39.3
    endloop
  endfacet
  facet normal 0 0 1
    outer loop
      vertex 26.4809 49.6074 39.3
      vertex 22.1646 51.3928 39.3
      vertex 22.2 51 39.3
    endloop
  endfacet
  facet normal -0 -0 1
    outer loop
      vertex 21.4171 58.9171 39.3
      vertex 37.5958 53.874 39.3
      vertex 21.1156 59.1646 39.3
    endloop
  endfacet
  facet normal -0 0 1
    outer loop
      vertex 21.8485 56.7285 39.3
      vertex 29.2022 51.3078 39.3
      vertex 21.9618 57.1018 39.3
    endloop
  endfacet
  facet normal 0 0 1
    outer loop
      vertex 27.1386 50.0679 39.3
      vertex 22.0597 51.773 39.3
      vertex 22.1646 51.3928 39.3
    endloop
  endfacet
  facet normal 0 0 1
    outer loop
      vertex 31.384 52.3252 39.3
      vertex 21.9618 57.8982 39.3
      vertex 22 57.51 39.3
    endloop
  endfacet
  facet normal 0 0 1
    outer loop
      vertex 32.1335 52.6129 39.3
      vertex 21.8485 58.2715 39.3
      vertex 21.9618 57.8982 39.3
    endloop
  endfacet
  facet normal 0 0 1
    outer loop
      vertex 33.6603 53.109 39.3
      vertex 21.6646 58.6156 39.3
      vertex 21.8485 58.2715 39.3
    endloop
  endfacet
  facet normal 0 0 1
    outer loop
      vertex 36.0061 53.6506 39.3
      vertex 21.4171 58.9171 39.3
      vertex 21.6646 58.6156 39.3
    endloop
  endfacet
  facet normal 0 0 1
    outer loop
      vertex 36.799 53.7762 39.3
      vertex 21.4171 58.9171 39.3
      vertex 36.0061 53.6506 39.3
    endloop
  endfacet
  facet normal 0 0 1
    outer loop
      vertex 37.5958 53.874 39.3
      vertex 21.4171 58.9171 39.3
      vertex 36.799 53.7762 39.3
    endloop
  endfacet
  facet normal 0 0 1
    outer loop
      vertex 90 64 39.3
      vertex 20.3982 59.4618 39.3
      vertex 20.7715 59.3485 39.3
    endloop
  endfacet
  facet normal -0 0 1
    outer loop
      vertex 3 64 39.3
      vertex 20.3982 59.4618 39.3
      vertex 90 64 39.3
    endloop
  endfacet
  facet normal 0 0 1
    outer loop
      vertex 20.3982 59.4618 39.3
      vertex 3 64 39.3
      vertex 20.01 59.5 39.3
    endloop
  endfacet
  facet normal -0 0 1
    outer loop
      vertex 0 61 39.3
      vertex 12 57.51 39.3
      vertex 3 64 39.3
    endloop
  endfacet
  facet normal 0 0 1
    outer loop
      vertex 12.0382 57.8982 39.3
      vertex 3 64 39.3
      vertex 12 57.51 39.3
    endloop
  endfacet
  facet normal 0 0 1
    outer loop
      vertex 12.1515 58.2715 39.3
      vertex 3 64 39.3
      vertex 12.0382 57.8982 39.3
    endloop
  endfacet
  facet normal 0 0 1
    outer loop
      vertex 12.3354 58.6156 39.3
      vertex 3 64 39.3
      vertex 12.1515 58.2715 39.3
    endloop
  endfacet
  facet normal 0 0 1
    outer loop
      vertex 12.5829 58.9171 39.3
      vertex 3 64 39.3
      vertex 12.3354 58.6156 39.3
    endloop
  endfacet
  facet normal 0 0 1
    outer loop
      vertex 12.8844 59.1646 39.3
      vertex 3 64 39.3
      vertex 12.5829 58.9171 39.3
    endloop
  endfacet
  facet normal 0 0 1
    outer loop
      vertex 13.2285 59.3485 39.3
      vertex 3 64 39.3
      vertex 12.8844 59.1646 39.3
    endloop
  endfacet
  facet normal 0 0 1
    outer loop
      vertex 13.6018 59.4618 39.3
      vertex 3 64 39.3
      vertex 13.2285 59.3485 39.3
    endloop
  endfacet
  facet normal 0 0 1
    outer loop
      vertex 13.99 59.5 39.3
      vertex 3 64 39.3
      vertex 13.6018 59.4618 39.3
    endloop
  endfacet
  facet normal 0 0 1
    outer loop
      vertex 20.01 59.5 39.3
      vertex 3 64 39.3
      vertex 13.99 59.5 39.3
    endloop
  endfacet
  facet normal -0 0 1
    outer loop
      vertex 62.109 24.6603 39.3
      vertex 93 3 39.3
      vertex 62.3168 25.4358 39.3
    endloop
  endfacet
  facet normal 0 0 1
    outer loop
      vertex 62.1646 11.3928 39.3
      vertex 90 0 39.3
      vertex 93 3 39.3
    endloop
  endfacet
  facet normal 0 0 1
    outer loop
      vertex 93 3 39.3
      vertex 90 0 39.3
      vertex 92.9424 2.41473 39.3
    endloop
  endfacet
  facet normal 0 0 1
    outer loop
      vertex 91.1481 0.228363 39.3
      vertex 90 0 39.3
      vertex 90.5853 0.0576477 39.3
    endloop
  endfacet
  facet normal 0 0 1
    outer loop
      vertex 92.7716 1.85194 39.3
      vertex 90 0 39.3
      vertex 92.4944 1.33328 39.3
    endloop
  endfacet
  facet normal 0 0 1
    outer loop
      vertex 91.6667 0.505585 39.3
      vertex 90 0 39.3
      vertex 91.1481 0.228363 39.3
    endloop
  endfacet
  facet normal 0 0 1
    outer loop
      vertex 92.1213 0.878677 39.3
      vertex 90 0 39.3
      vertex 91.6667 0.505585 39.3
    endloop
  endfacet
  facet normal 0 0 1
    outer loop
      vertex 92.4944 1.33328 39.3
      vertex 90 0 39.3
      vertex 92.1213 0.878677 39.3
    endloop
  endfacet
  facet normal 0 0 1
    outer loop
      vertex 92.9424 2.41473 39.3
      vertex 90 0 39.3
      vertex 92.7716 1.85194 39.3
    endloop
  endfacet
  facet normal -0 0 1
    outer loop
      vertex 62.1646 10.6072 39.3
      vertex 90 0 39.3
      vertex 62.2 11 39.3
    endloop
  endfacet
  facet normal -0 0 1
    outer loop
      vertex 62.0597 10.227 39.3
      vertex 90 0 39.3
      vertex 62.1646 10.6072 39.3
    endloop
  endfacet
  facet normal -0 0 1
    outer loop
      vertex 61.8886 9.87162 39.3
      vertex 90 0 39.3
      vertex 62.0597 10.227 39.3
    endloop
  endfacet
  facet normal -0 0 1
    outer loop
      vertex 61.6568 9.55254 39.3
      vertex 90 0 39.3
      vertex 61.8886 9.87162 39.3
    endloop
  endfacet
  facet normal -0 0 1
    outer loop
      vertex 61.3717 9.27997 39.3
      vertex 90 0 39.3
      vertex 61.6568 9.55254 39.3
    endloop
  endfacet
  facet normal -0 0 1
    outer loop
      vertex 61.0425 9.06269 39.3
      vertex 90 0 39.3
      vertex 61.3717 9.27997 39.3
    endloop
  endfacet
  facet normal -0 0 1
    outer loop
      vertex 60.6798 8.90768 39.3
      vertex 90 0 39.3
      vertex 61.0425 9.06269 39.3
    endloop
  endfacet
  facet normal -0 0 1
    outer loop
      vertex 60.2953 8.81991 39.3
      vertex 90 0 39.3
      vertex 60.6798 8.90768 39.3
    endloop
  endfacet
  facet normal -0 0 1
    outer loop
      vertex 59.9013 8.80222 39.3
      vertex 90 0 39.3
      vertex 60.2953 8.81991 39.3
    endloop
  endfacet
  facet normal 0 0 1
    outer loop
      vertex 43.9939 8.34942 39.3
      vertex 59.9013 8.80222 39.3
      vertex 59.5105 8.85516 39.3
    endloop
  endfacet
  facet normal 0 0 1
    outer loop
      vertex 58.2202 12.2931 39.3
      vertex 55.39 13.9077 39.3
      vertex 58.0179 11.9545 39.3
    endloop
  endfacet
  facet normal 0 0 1
    outer loop
      vertex 58.0179 11.9545 39.3
      vertex 55.39 13.9077 39.3
      vertex 57.8793 11.5853 39.3
    endloop
  endfacet
  facet normal -0 0 1
    outer loop
      vertex 54.7841 13.381 39.3
      vertex 57.8793 11.5853 39.3
      vertex 55.39 13.9077 39.3
    endloop
  endfacet
  facet normal 0 0 1
    outer loop
      vertex 57.8793 11.5853 39.3
      vertex 54.7841 13.381 39.3
      vertex 57.8089 11.1972 39.3
    endloop
  endfacet
  facet normal -0 0 1
    outer loop
      vertex 54.1602 12.8758 39.3
      vertex 57.8089 11.1972 39.3
      vertex 54.7841 13.381 39.3
    endloop
  endfacet
  facet normal 0 0 1
    outer loop
      vertex 57.8089 11.1972 39.3
      vertex 54.1602 12.8758 39.3
      vertex 57.8089 10.8028 39.3
    endloop
  endfacet
  facet normal -0 0 1
    outer loop
      vertex 53.5191 12.3926 39.3
      vertex 57.8089 10.8028 39.3
      vertex 54.1602 12.8758 39.3
    endloop
  endfacet
  facet normal 0 0 1
    outer loop
      vertex 57.8089 10.8028 39.3
      vertex 53.5191 12.3926 39.3
      vertex 57.8793 10.4147 39.3
    endloop
  endfacet
  facet normal -0 0 1
    outer loop
      vertex 52.8614 11.9321 39.3
      vertex 57.8793 10.4147 39.3
      vertex 53.5191 12.3926 39.3
    endloop
  endfacet
  facet normal 0 0 1
    outer loop
      vertex 57.8793 10.4147 39.3
      vertex 52.8614 11.9321 39.3
      vertex 58.0179 10.0455 39.3
    endloop
  endfacet
  facet normal -0 0 1
    outer loop
      vertex 52.6058 11.7661 39.3
      vertex 58.0179 10.0455 39.3
      vertex 52.8614 11.9321 39.3
    endloop
  endfacet
  facet normal -0 0 1
    outer loop
      vertex 52.1881 11.4949 39.3
      vertex 58.0179 10.0455 39.3
      vertex 52.6058 11.7661 39.3
    endloop
  endfacet
  facet normal 0 0 1
    outer loop
      vertex 58.0179 10.0455 39.3
      vertex 52.1881 11.4949 39.3
      vertex 58.2202 9.70687 39.3
    endloop
  endfacet
  facet normal -0 0 1
    outer loop
      vertex 51.5 11.0814 39.3
      vertex 58.2202 9.70687 39.3
      vertex 52.1881 11.4949 39.3
    endloop
  endfacet
  facet normal -0 0 1
    outer loop
      vertex 50.7978 10.6922 39.3
      vertex 58.2202 9.70687 39.3
      vertex 51.5 11.0814 39.3
    endloop
  endfacet
  facet normal 0 0 1
    outer loop
      vertex 58.2202 9.70687 39.3
      vertex 50.7978 10.6922 39.3
      vertex 58.4797 9.40985 39.3
    endloop
  endfacet
  facet normal -0 0 1
    outer loop
      vertex 50.3541 10.4661 39.3
      vertex 58.4797 9.40985 39.3
      vertex 50.7978 10.6922 39.3
    endloop
  endfacet
  facet normal -0 0 1
    outer loop
      vertex 50.0825 10.3277 39.3
      vertex 58.4797 9.40985 39.3
      vertex 50.3541 10.4661 39.3
    endloop
  endfacet
  facet normal 0 0 1
    outer loop
      vertex 58.4797 9.40985 39.3
      vertex 50.0825 10.3277 39.3
      vertex 58.788 9.16394 39.3
    endloop
  endfacet
  facet normal -0 0 1
    outer loop
      vertex 49.3549 9.98845 39.3
      vertex 58.788 9.16394 39.3
      vertex 50.0825 10.3277 39.3
    endloop
  endfacet
  facet normal -0 0 1
    outer loop
      vertex 48.616 9.67477 39.3
      vertex 58.788 9.16394 39.3
      vertex 49.3549 9.98845 39.3
    endloop
  endfacet
  facet normal 0 0 1
    outer loop
      vertex 58.788 9.16394 39.3
      vertex 48.616 9.67477 39.3
      vertex 59.1353 8.97704 39.3
    endloop
  endfacet
  facet normal -0 0 1
    outer loop
      vertex 47.8665 9.38707 39.3
      vertex 59.1353 8.97704 39.3
      vertex 48.616 9.67477 39.3
    endloop
  endfacet
  facet normal -0 0 1
    outer loop
      vertex 47.1074 9.1257 39.3
      vertex 59.1353 8.97704 39.3
      vertex 47.8665 9.38707 39.3
    endloop
  endfacet
  facet normal 0 0 1
    outer loop
      vertex 59.1353 8.97704 39.3
      vertex 47.1074 9.1257 39.3
      vertex 59.5105 8.85516 39.3
    endloop
  endfacet
  facet normal -0 0 1
    outer loop
      vertex 46.3397 8.89098 39.3
      vertex 59.5105 8.85516 39.3
      vertex 47.1074 9.1257 39.3
    endloop
  endfacet
  facet normal 0 0 1
    outer loop
      vertex 45.5642 8.6832 39.3
      vertex 59.5105 8.85516 39.3
      vertex 46.3397 8.89098 39.3
    endloop
  endfacet
  facet normal 0 0 1
    outer loop
      vertex 44.782 8.50261 39.3
      vertex 59.5105 8.85516 39.3
      vertex 45.5642 8.6832 39.3
    endloop
  endfacet
  facet normal 0 0 1
    outer loop
      vertex 43.9939 8.34942 39.3
      vertex 59.5105 8.85516 39.3
      vertex 44.782 8.50261 39.3
    endloop
  endfacet
  facet normal 0 0 1
    outer loop
      vertex 59.9013 8.80222 39.3
      vertex 43.9939 8.34942 39.3
      vertex 43.201 8.22383 39.3
    endloop
  endfacet
  facet normal 0 0 1
    outer loop
      vertex 59.9013 8.80222 39.3
      vertex 43.201 8.22383 39.3
      vertex 90 0 39.3
    endloop
  endfacet
  facet normal -0 0 1
    outer loop
      vertex 42.4042 8.126 39.3
      vertex 90 0 39.3
      vertex 43.201 8.22383 39.3
    endloop
  endfacet
  facet normal -0 0 1
    outer loop
      vertex 41.6044 8.05603 39.3
      vertex 90 0 39.3
      vertex 42.4042 8.126 39.3
    endloop
  endfacet
  facet normal -0 0 1
    outer loop
      vertex 40.8027 8.01401 39.3
      vertex 90 0 39.3
      vertex 41.6044 8.05603 39.3
    endloop
  endfacet
  facet normal 0 0 1
    outer loop
      vertex 3 0 39.3
      vertex 40.8027 8.01401 39.3
      vertex 40 8 39.3
    endloop
  endfacet
  facet normal 0 0 1
    outer loop
      vertex 3 0 39.3
      vertex 40 8 39.3
      vertex 39.1973 8.01401 39.3
    endloop
  endfacet
  facet normal 0 0 1
    outer loop
      vertex 3 0 39.3
      vertex 39.1973 8.01401 39.3
      vertex 38.3956 8.05603 39.3
    endloop
  endfacet
  facet normal 0 0 1
    outer loop
      vertex 3 0 39.3
      vertex 38.3956 8.05603 39.3
      vertex 37.5958 8.126 39.3
    endloop
  endfacet
  facet normal 0 0 1
    outer loop
      vertex 3 0 39.3
      vertex 37.5958 8.126 39.3
      vertex 36.799 8.22383 39.3
    endloop
  endfacet
  facet normal 0 0 1
    outer loop
      vertex 20.6798 13.0923 39.3
      vertex 22.9077 15.61 39.3
      vertex 22.381 16.2159 39.3
    endloop
  endfacet
  facet normal 0 0 1
    outer loop
      vertex 22.1646 11.3928 39.3
      vertex 23.4552 15.0229 39.3
      vertex 22.9077 15.61 39.3
    endloop
  endfacet
  facet normal 0 0 1
    outer loop
      vertex 22.1646 11.3928 39.3
      vertex 24.0229 14.4552 39.3
      vertex 23.4552 15.0229 39.3
    endloop
  endfacet
  facet normal 0 0 1
    outer loop
      vertex 22.1646 11.3928 39.3
      vertex 24.61 13.9077 39.3
      vertex 24.0229 14.4552 39.3
    endloop
  endfacet
  facet normal 0 0 1
    outer loop
      vertex 22.1646 11.3928 39.3
      vertex 25.2159 13.381 39.3
      vertex 24.61 13.9077 39.3
    endloop
  endfacet
  facet normal 0 0 1
    outer loop
      vertex 22.1646 11.3928 39.3
      vertex 25.8398 12.8758 39.3
      vertex 25.2159 13.381 39.3
    endloop
  endfacet
  facet normal 0 0 1
    outer loop
      vertex 22.2 11 39.3
      vertex 26.4809 12.3926 39.3
      vertex 25.8398 12.8758 39.3
    endloop
  endfacet
  facet normal 0 0 1
    outer loop
      vertex 22.1646 10.6072 39.3
      vertex 26.4809 12.3926 39.3
      vertex 22.2 11 39.3
    endloop
  endfacet
  facet normal 0 0 1
    outer loop
      vertex 26.4809 12.3926 39.3
      vertex 22.1646 10.6072 39.3
      vertex 27.1386 11.9321 39.3
    endloop
  endfacet
  facet normal 0 0 1
    outer loop
      vertex 22.0597 10.227 39.3
      vertex 27.1386 11.9321 39.3
      vertex 22.1646 10.6072 39.3
    endloop
  endfacet
  facet normal 0 0 1
    outer loop
      vertex 27.1386 11.9321 39.3
      vertex 22.0597 10.227 39.3
      vertex 27.3942 11.7661 39.3
    endloop
  endfacet
  facet normal 0 0 1
    outer loop
      vertex 27.3942 11.7661 39.3
      vertex 22.0597 10.227 39.3
      vertex 27.8119 11.4949 39.3
    endloop
  endfacet
  facet normal 0 0 1
    outer loop
      vertex 21.8886 9.87162 39.3
      vertex 27.8119 11.4949 39.3
      vertex 22.0597 10.227 39.3
    endloop
  endfacet
  facet normal 0 0 1
    outer loop
      vertex 27.8119 11.4949 39.3
      vertex 21.8886 9.87162 39.3
      vertex 28.5 11.0814 39.3
    endloop
  endfacet
  facet normal 0 0 1
    outer loop
      vertex 21.6568 9.55254 39.3
      vertex 28.5 11.0814 39.3
      vertex 21.8886 9.87162 39.3
    endloop
  endfacet
  facet normal 0 0 1
    outer loop
      vertex 28.5 11.0814 39.3
      vertex 21.6568 9.55254 39.3
      vertex 29.2022 10.6922 39.3
    endloop
  endfacet
  facet normal 0 0 1
    outer loop
      vertex 29.2022 10.6922 39.3
      vertex 21.6568 9.55254 39.3
      vertex 29.6459 10.4661 39.3
    endloop
  endfacet
  facet normal 0 0 1
    outer loop
      vertex 21.3717 9.27997 39.3
      vertex 29.6459 10.4661 39.3
      vertex 21.6568 9.55254 39.3
    endloop
  endfacet
  facet normal 0 0 1
    outer loop
      vertex 29.6459 10.4661 39.3
      vertex 21.3717 9.27997 39.3
      vertex 29.9175 10.3277 39.3
    endloop
  endfacet
  facet normal 0 0 1
    outer loop
      vertex 29.9175 10.3277 39.3
      vertex 21.3717 9.27997 39.3
      vertex 30.6451 9.98845 39.3
    endloop
  endfacet
  facet normal 0 0 1
    outer loop
      vertex 21.0425 9.06269 39.3
      vertex 30.6451 9.98845 39.3
      vertex 21.3717 9.27997 39.3
    endloop
  endfacet
  facet normal 0 0 1
    outer loop
      vertex 30.6451 9.98845 39.3
      vertex 21.0425 9.06269 39.3
      vertex 31.384 9.67477 39.3
    endloop
  endfacet
  facet normal 0 0 1
    outer loop
      vertex 31.384 9.67477 39.3
      vertex 21.0425 9.06269 39.3
      vertex 32.1335 9.38707 39.3
    endloop
  endfacet
  facet normal 0 0 1
    outer loop
      vertex 20.6798 8.90768 39.3
      vertex 32.1335 9.38707 39.3
      vertex 21.0425 9.06269 39.3
    endloop
  endfacet
  facet normal 0 0 1
    outer loop
      vertex 32.1335 9.38707 39.3
      vertex 20.6798 8.90768 39.3
      vertex 32.8926 9.1257 39.3
    endloop
  endfacet
  facet normal 0 0 1
    outer loop
      vertex 32.8926 9.1257 39.3
      vertex 20.6798 8.90768 39.3
      vertex 33.6603 8.89098 39.3
    endloop
  endfacet
  facet normal 0 0 1
    outer loop
      vertex 33.6603 8.89098 39.3
      vertex 20.6798 8.90768 39.3
      vertex 34.4358 8.6832 39.3
    endloop
  endfacet
  facet normal -0 0 1
    outer loop
      vertex 20.2953 8.81991 39.3
      vertex 34.4358 8.6832 39.3
      vertex 20.6798 8.90768 39.3
    endloop
  endfacet
  facet normal 0 0 1
    outer loop
      vertex 34.4358 8.6832 39.3
      vertex 20.2953 8.81991 39.3
      vertex 35.218 8.50261 39.3
    endloop
  endfacet
  facet normal 0 0 1
    outer loop
      vertex 3 0 39.3
      vertex 35.218 8.50261 39.3
      vertex 20.2953 8.81991 39.3
    endloop
  endfacet
  facet normal 0 0 1
    outer loop
      vertex 35.218 8.50261 39.3
      vertex 3 0 39.3
      vertex 36.0061 8.34942 39.3
    endloop
  endfacet
  facet normal 0 0 1
    outer loop
      vertex 36.0061 8.34942 39.3
      vertex 3 0 39.3
      vertex 36.799 8.22383 39.3
    endloop
  endfacet
  facet normal 0 0 1
    outer loop
      vertex 3 0 39.3
      vertex 20.2953 8.81991 39.3
      vertex 19.9013 8.80222 39.3
    endloop
  endfacet
  facet normal 0 0 1
    outer loop
      vertex 0 3 39.3
      vertex 17.6832 25.4358 39.3
      vertex 17.5026 26.218 39.3
    endloop
  endfacet
  facet normal 0 0 1
    outer loop
      vertex 0 3 39.3
      vertex 17.5026 26.218 39.3
      vertex 17.3494 27.0061 39.3
    endloop
  endfacet
  facet normal 0 0 1
    outer loop
      vertex 0 3 39.3
      vertex 17.3494 27.0061 39.3
      vertex 17.2238 27.799 39.3
    endloop
  endfacet
  facet normal 0 0 1
    outer loop
      vertex 0 3 39.3
      vertex 17.2238 27.799 39.3
      vertex 17.126 28.5958 39.3
    endloop
  endfacet
  facet normal 0 0 1
    outer loop
      vertex 0 3 39.3
      vertex 17.126 28.5958 39.3
      vertex 17.056 29.3956 39.3
    endloop
  endfacet
  facet normal 0 0 1
    outer loop
      vertex 0 3 39.3
      vertex 17.056 29.3956 39.3
      vertex 17.0401 29.7 39.3
    endloop
  endfacet
  facet normal 0 0 1
    outer loop
      vertex 0 3 39.3
      vertex 17.0401 29.7 39.3
      vertex 17.014 30.1973 39.3
    endloop
  endfacet
  facet normal 0 0 1
    outer loop
      vertex 18.0179 50.0455 39.3
      vertex 13.2285 55.6515 39.3
      vertex 12.8844 55.8354 39.3
    endloop
  endfacet
  facet normal 0 0 1
    outer loop
      vertex 17.126 33.4042 39.3
      vertex 0 61 39.3
      vertex 17.056 32.6044 39.3
    endloop
  endfacet
  facet normal 0 0 1
    outer loop
      vertex 17.056 32.6044 39.3
      vertex 0 61 39.3
      vertex 17.0401 32.3 39.3
    endloop
  endfacet
  facet normal 0 0 1
    outer loop
      vertex 17.0401 32.3 39.3
      vertex 0 61 39.3
      vertex 17.014 31.8027 39.3
    endloop
  endfacet
  facet normal 0 0 1
    outer loop
      vertex 17.014 31.8027 39.3
      vertex 0 61 39.3
      vertex 17 31 39.3
    endloop
  endfacet
  facet normal 0 0 1
    outer loop
      vertex 0 3 39.3
      vertex 17 31 39.3
      vertex 0 61 39.3
    endloop
  endfacet
  facet normal 0 0 1
    outer loop
      vertex 0 61 39.3
      vertex 12.5829 56.0829 39.3
      vertex 12.3354 56.3844 39.3
    endloop
  endfacet
  facet normal 0 0 1
    outer loop
      vertex 0 61 39.3
      vertex 12.3354 56.3844 39.3
      vertex 12.1515 56.7285 39.3
    endloop
  endfacet
  facet normal 0 0 1
    outer loop
      vertex 0 61 39.3
      vertex 12.1515 56.7285 39.3
      vertex 12.0382 57.1018 39.3
    endloop
  endfacet
  facet normal 0 0 1
    outer loop
      vertex 12 57.51 39.3
      vertex 0 61 39.3
      vertex 12 57.49 39.3
    endloop
  endfacet
  facet normal 0 0 1
    outer loop
      vertex 12 57.49 39.3
      vertex 0 61 39.3
      vertex 12.0382 57.1018 39.3
    endloop
  endfacet
  facet normal 0 0 1
    outer loop
      vertex 17 31 39.3
      vertex 0 3 39.3
      vertex 17.014 30.1973 39.3
    endloop
  endfacet
  facet normal 0 0 1
    outer loop
      vertex 40.8027 8.01401 39.3
      vertex 3 0 39.3
      vertex 90 0 39.3
    endloop
  endfacet
  facet normal 0 0 1
    outer loop
      vertex 19.5105 8.85516 39.3
      vertex 3 0 39.3
      vertex 19.9013 8.80222 39.3
    endloop
  endfacet
  facet normal 0 0 1
    outer loop
      vertex 19.1353 8.97704 39.3
      vertex 3 0 39.3
      vertex 19.5105 8.85516 39.3
    endloop
  endfacet
  facet normal 0 0 1
    outer loop
      vertex 18.788 9.16394 39.3
      vertex 3 0 39.3
      vertex 19.1353 8.97704 39.3
    endloop
  endfacet
  facet normal 0 0 1
    outer loop
      vertex 18.4797 9.40985 39.3
      vertex 3 0 39.3
      vertex 18.788 9.16394 39.3
    endloop
  endfacet
  facet normal 0 0 1
    outer loop
      vertex 18.2202 9.70687 39.3
      vertex 3 0 39.3
      vertex 18.4797 9.40985 39.3
    endloop
  endfacet
  facet normal 0 0 1
    outer loop
      vertex 18.0179 10.0455 39.3
      vertex 3 0 39.3
      vertex 18.2202 9.70687 39.3
    endloop
  endfacet
  facet normal 0 0 1
    outer loop
      vertex 17.8793 10.4147 39.3
      vertex 3 0 39.3
      vertex 18.0179 10.0455 39.3
    endloop
  endfacet
  facet normal 0 0 1
    outer loop
      vertex 17.8089 11.1972 39.3
      vertex 0 3 39.3
      vertex 17.8089 10.8028 39.3
    endloop
  endfacet
  facet normal 0 0 1
    outer loop
      vertex 0 61 39.3
      vertex 3 64 39.3
      vertex 2.41473 63.9424 39.3
    endloop
  endfacet
  facet normal 0 0 1
    outer loop
      vertex 17.8089 10.8028 39.3
      vertex 0 3 39.3
      vertex 17.8793 10.4147 39.3
    endloop
  endfacet
  facet normal 0 0 1
    outer loop
      vertex 0 61 39.3
      vertex 2.41473 63.9424 39.3
      vertex 1.85194 63.7716 39.3
    endloop
  endfacet
  facet normal 0 0 1
    outer loop
      vertex 17.8793 10.4147 39.3
      vertex 0 3 39.3
      vertex 3 0 39.3
    endloop
  endfacet
  facet normal 0 0 1
    outer loop
      vertex 0 61 39.3
      vertex 1.85194 63.7716 39.3
      vertex 1.33328 63.4944 39.3
    endloop
  endfacet
  facet normal 0 0 1
    outer loop
      vertex 3 0 39.3
      vertex 0 3 39.3
      vertex 2.41473 0.0576477 39.3
    endloop
  endfacet
  facet normal 0 0 1
    outer loop
      vertex 0 61 39.3
      vertex 1.33328 63.4944 39.3
      vertex 0.878677 63.1213 39.3
    endloop
  endfacet
  facet normal 0 0 1
    outer loop
      vertex 2.41473 0.0576477 39.3
      vertex 0 3 39.3
      vertex 1.85194 0.228363 39.3
    endloop
  endfacet
  facet normal 0 0 1
    outer loop
      vertex 0 61 39.3
      vertex 0.878677 63.1213 39.3
      vertex 0.505585 62.6667 39.3
    endloop
  endfacet
  facet normal 0 0 1
    outer loop
      vertex 1.85194 0.228363 39.3
      vertex 0 3 39.3
      vertex 1.33328 0.505585 39.3
    endloop
  endfacet
  facet normal 0 0 1
    outer loop
      vertex 0 61 39.3
      vertex 0.505585 62.6667 39.3
      vertex 0.228363 62.1481 39.3
    endloop
  endfacet
  facet normal 0 0 1
    outer loop
      vertex 1.33328 0.505585 39.3
      vertex 0 3 39.3
      vertex 0.878677 0.878677 39.3
    endloop
  endfacet
  facet normal 0 0 1
    outer loop
      vertex 0 61 39.3
      vertex 0.228363 62.1481 39.3
      vertex 0.0576477 61.5853 39.3
    endloop
  endfacet
  facet normal 0 0 1
    outer loop
      vertex 0.878677 0.878677 39.3
      vertex 0 3 39.3
      vertex 0.505585 1.33328 39.3
    endloop
  endfacet
  facet normal 0 0 1
    outer loop
      vertex 0.505585 1.33328 39.3
      vertex 0 3 39.3
      vertex 0.228363 1.85194 39.3
    endloop
  endfacet
  facet normal 0 0 1
    outer loop
      vertex 0.228363 1.85194 39.3
      vertex 0 3 39.3
      vertex 0.0576477 2.41473 39.3
    endloop
  endfacet
  facet normal 0 0 1
    outer loop
      vertex 93 61 39.3
      vertex 62.1646 50.6072 39.3
      vertex 62.0597 50.227 39.3
    endloop
  endfacet
  facet normal 0 0 1
    outer loop
      vertex 93 61 39.3
      vertex 62.109 37.3397 39.3
      vertex 62.3168 36.5642 39.3
    endloop
  endfacet
  facet normal 0 0 1
    outer loop
      vertex 93 61 39.3
      vertex 62.0597 50.227 39.3
      vertex 62.109 37.3397 39.3
    endloop
  endfacet
  facet normal 0 0 1
    outer loop
      vertex 61.6129 38.8665 39.3
      vertex 62.0597 50.227 39.3
      vertex 61.8886 49.8716 39.3
    endloop
  endfacet
  facet normal 0 0 1
    outer loop
      vertex 62.0597 50.227 39.3
      vertex 61.8743 38.1074 39.3
      vertex 62.109 37.3397 39.3
    endloop
  endfacet
  facet normal 0 0 1
    outer loop
      vertex 61.0115 40.3549 39.3
      vertex 61.8886 49.8716 39.3
      vertex 61.6568 49.5525 39.3
    endloop
  endfacet
  facet normal 0 0 1
    outer loop
      vertex 62.0597 50.227 39.3
      vertex 61.6129 38.8665 39.3
      vertex 61.8743 38.1074 39.3
    endloop
  endfacet
  facet normal 0 0 1
    outer loop
      vertex 60.3078 41.7978 39.3
      vertex 61.6568 49.5525 39.3
      vertex 61.3717 49.28 39.3
    endloop
  endfacet
  facet normal 0 0 1
    outer loop
      vertex 61.8886 49.8716 39.3
      vertex 61.3252 39.616 39.3
      vertex 61.6129 38.8665 39.3
    endloop
  endfacet
  facet normal 0 0 1
    outer loop
      vertex 59.9186 42.5 39.3
      vertex 61.3717 49.28 39.3
      vertex 61.0425 49.0627 39.3
    endloop
  endfacet
  facet normal 0 0 1
    outer loop
      vertex 61.8886 49.8716 39.3
      vertex 61.0115 40.3549 39.3
      vertex 61.3252 39.616 39.3
    endloop
  endfacet
  facet normal 0 0 1
    outer loop
      vertex 59.0679 43.8614 39.3
      vertex 61.0425 49.0627 39.3
      vertex 60.6798 48.9077 39.3
    endloop
  endfacet
  facet normal 0 0 1
    outer loop
      vertex 61.6568 49.5525 39.3
      vertex 60.6723 41.0825 39.3
      vertex 61.0115 40.3549 39.3
    endloop
  endfacet
  facet normal 0 0 1
    outer loop
      vertex 61.6568 49.5525 39.3
      vertex 60.3078 41.7978 39.3
      vertex 60.6723 41.0825 39.3
    endloop
  endfacet
  facet normal 0 0 1
    outer loop
      vertex 58.6074 44.5191 39.3
      vertex 60.6798 48.9077 39.3
      vertex 60.2953 48.8199 39.3
    endloop
  endfacet
  facet normal 0 0 1
    outer loop
      vertex 61.3717 49.28 39.3
      vertex 59.9186 42.5 39.3
      vertex 60.3078 41.7978 39.3
    endloop
  endfacet
  facet normal 0 0 1
    outer loop
      vertex 58.1242 45.1602 39.3
      vertex 60.2953 48.8199 39.3
      vertex 59.9013 48.8022 39.3
    endloop
  endfacet
  facet normal 0 0 1
    outer loop
      vertex 57.619 45.7841 39.3
      vertex 59.9013 48.8022 39.3
      vertex 59.5105 48.8552 39.3
    endloop
  endfacet
  facet normal 0 0 1
    outer loop
      vertex 61.0425 49.0627 39.3
      vertex 59.5051 43.1881 39.3
      vertex 59.9186 42.5 39.3
    endloop
  endfacet
  facet normal 0 0 1
    outer loop
      vertex 57.619 45.7841 39.3
      vertex 59.5105 48.8552 39.3
      vertex 59.1353 48.977 39.3
    endloop
  endfacet
  facet normal 0 0 1
    outer loop
      vertex 61.0425 49.0627 39.3
      vertex 59.0679 43.8614 39.3
      vertex 59.5051 43.1881 39.3
    endloop
  endfacet
  facet normal 0 0 1
    outer loop
      vertex 57.619 45.7841 39.3
      vertex 59.1353 48.977 39.3
      vertex 58.788 49.1639 39.3
    endloop
  endfacet
  facet normal 0 0 1
    outer loop
      vertex 60.6798 48.9077 39.3
      vertex 58.6074 44.5191 39.3
      vertex 59.0679 43.8614 39.3
    endloop
  endfacet
  facet normal 0 0 1
    outer loop
      vertex 57.619 45.7841 39.3
      vertex 58.788 49.1639 39.3
      vertex 58.4797 49.4099 39.3
    endloop
  endfacet
  facet normal 0 0 1
    outer loop
      vertex 57.619 45.7841 39.3
      vertex 58.4797 49.4099 39.3
      vertex 58.2202 49.7069 39.3
    endloop
  endfacet
  facet normal 0 0 1
    outer loop
      vertex 60.2953 48.8199 39.3
      vertex 58.1242 45.1602 39.3
      vertex 58.6074 44.5191 39.3
    endloop
  endfacet
  facet normal 0 0 1
    outer loop
      vertex 57.619 45.7841 39.3
      vertex 58.2202 49.7069 39.3
      vertex 58.0179 50.0455 39.3
    endloop
  endfacet
  facet normal 0 0 1
    outer loop
      vertex 57.619 45.7841 39.3
      vertex 58.0179 50.0455 39.3
      vertex 57.8793 50.4147 39.3
    endloop
  endfacet
  facet normal 0 0 1
    outer loop
      vertex 57.619 45.7841 39.3
      vertex 57.8793 50.4147 39.3
      vertex 57.8089 50.8028 39.3
    endloop
  endfacet
  facet normal 0 0 1
    outer loop
      vertex 59.9013 48.8022 39.3
      vertex 57.619 45.7841 39.3
      vertex 58.1242 45.1602 39.3
    endloop
  endfacet
  facet normal -0.956944 0.290272 0
    outer loop
      vertex 0.0576477 61.5853 36.9
      vertex 0.228363 62.1481 39.3
      vertex 0.228363 62.1481 36.9
    endloop
  endfacet
  facet normal -0.956944 0.290272 0
    outer loop
      vertex 0.228363 62.1481 39.3
      vertex 0.0576477 61.5853 36.9
      vertex 0.0576477 61.5853 39.3
    endloop
  endfacet
  facet normal 0.290404 0.956904 -0
    outer loop
      vertex 91.1481 63.7716 36.9
      vertex 90.5853 63.9424 39.3
      vertex 91.1481 63.7716 39.3
    endloop
  endfacet
  facet normal 0.290404 0.956904 0
    outer loop
      vertex 90.5853 63.9424 39.3
      vertex 91.1481 63.7716 36.9
      vertex 90.5853 63.9424 36.9
    endloop
  endfacet
  facet normal 0.881919 0.4714 0
    outer loop
      vertex 92.7716 62.1481 39.3
      vertex 92.4944 62.6667 36.9
      vertex 92.4944 62.6667 39.3
    endloop
  endfacet
  facet normal 0.881919 0.4714 0
    outer loop
      vertex 92.4944 62.6667 36.9
      vertex 92.7716 62.1481 39.3
      vertex 92.7716 62.1481 36.9
    endloop
  endfacet
  facet normal -0.995184 -0.0980233 0
    outer loop
      vertex 0.0576477 2.41473 36.9
      vertex 0 3 39.3
      vertex 0 3 36.9
    endloop
  endfacet
  facet normal -0.995184 -0.0980233 0
    outer loop
      vertex 0 3 39.3
      vertex 0.0576477 2.41473 36.9
      vertex 0.0576477 2.41473 39.3
    endloop
  endfacet
  facet normal 0.097938 0.995193 -0
    outer loop
      vertex 90.5853 63.9424 36.9
      vertex 90 64 39.3
      vertex 90.5853 63.9424 39.3
    endloop
  endfacet
  facet normal 0.097938 0.995193 0
    outer loop
      vertex 90 64 39.3
      vertex 90.5853 63.9424 36.9
      vertex 90 64 36.9
    endloop
  endfacet
  facet normal -0.881904 0.471429 0
    outer loop
      vertex 0.228363 62.1481 36.9
      vertex 0.505585 62.6667 39.3
      vertex 0.505585 62.6667 36.9
    endloop
  endfacet
  facet normal -0.881904 0.471429 0
    outer loop
      vertex 0.505585 62.6667 39.3
      vertex 0.228363 62.1481 36.9
      vertex 0.228363 62.1481 39.3
    endloop
  endfacet
  facet normal -0.773003 -0.634402 0
    outer loop
      vertex 0.878677 0.878677 36.9
      vertex 0.505585 1.33328 39.3
      vertex 0.505585 1.33328 36.9
    endloop
  endfacet
  facet normal -0.773003 -0.634402 0
    outer loop
      vertex 0.505585 1.33328 39.3
      vertex 0.878677 0.878677 36.9
      vertex 0.878677 0.878677 39.3
    endloop
  endfacet
  facet normal 0 0 -1
    outer loop
      vertex 90.3885 3.08296 36.9
      vertex 93 3 36.9
      vertex 92.9424 2.41473 36.9
    endloop
  endfacet
  facet normal 0 0 -1
    outer loop
      vertex 93 3 36.9
      vertex 90.4 3.20001 36.9
      vertex 93 61 36.9
    endloop
  endfacet
  facet normal 0 0 -1
    outer loop
      vertex 90.3543 2.97039 36.9
      vertex 92.9424 2.41473 36.9
      vertex 92.7716 1.85194 36.9
    endloop
  endfacet
  facet normal 0 0 -1
    outer loop
      vertex 90.4 60.8 36.9
      vertex 93 61 36.9
      vertex 90.4 3.20001 36.9
    endloop
  endfacet
  facet normal 0 0 -1
    outer loop
      vertex 90.2989 2.86666 36.9
      vertex 92.7716 1.85194 36.9
      vertex 92.4944 1.33328 36.9
    endloop
  endfacet
  facet normal 0 0 -1
    outer loop
      vertex 90.3885 60.917 36.9
      vertex 93 61 36.9
      vertex 90.4 60.8 36.9
    endloop
  endfacet
  facet normal 0 0 -1
    outer loop
      vertex 90.2243 2.77573 36.9
      vertex 92.4944 1.33328 36.9
      vertex 92.1213 0.878677 36.9
    endloop
  endfacet
  facet normal -0 0 -1
    outer loop
      vertex 93 61 36.9
      vertex 90.3885 60.917 36.9
      vertex 92.9424 61.5853 36.9
    endloop
  endfacet
  facet normal 0 0 -1
    outer loop
      vertex 90.2243 2.77573 36.9
      vertex 92.1213 0.878677 36.9
      vertex 91.6667 0.505585 36.9
    endloop
  endfacet
  facet normal 0 0 -1
    outer loop
      vertex 90.3543 61.0296 36.9
      vertex 92.9424 61.5853 36.9
      vertex 90.3885 60.917 36.9
    endloop
  endfacet
  facet normal 0 0 -1
    outer loop
      vertex 90.1333 2.70112 36.9
      vertex 91.6667 0.505585 36.9
      vertex 91.1481 0.228363 36.9
    endloop
  endfacet
  facet normal -0 0 -1
    outer loop
      vertex 92.9424 61.5853 36.9
      vertex 90.3543 61.0296 36.9
      vertex 92.7716 62.1481 36.9
    endloop
  endfacet
  facet normal 0 0 -1
    outer loop
      vertex 90.0296 2.64568 36.9
      vertex 91.1481 0.228363 36.9
      vertex 90.5853 0.0576477 36.9
    endloop
  endfacet
  facet normal 0 0 -1
    outer loop
      vertex 90.2989 61.1333 36.9
      vertex 92.7716 62.1481 36.9
      vertex 90.3543 61.0296 36.9
    endloop
  endfacet
  facet normal -0 0 -1
    outer loop
      vertex 92.7716 62.1481 36.9
      vertex 90.2989 61.1333 36.9
      vertex 92.4944 62.6667 36.9
    endloop
  endfacet
  facet normal 0 0 -1
    outer loop
      vertex 93 3 36.9
      vertex 90.3885 3.08296 36.9
      vertex 90.4 3.20001 36.9
    endloop
  endfacet
  facet normal 0 0 -1
    outer loop
      vertex 92.9424 2.41473 36.9
      vertex 90.3543 2.97039 36.9
      vertex 90.3885 3.08296 36.9
    endloop
  endfacet
  facet normal 0 0 -1
    outer loop
      vertex 92.7716 1.85194 36.9
      vertex 90.2989 2.86666 36.9
      vertex 90.3543 2.97039 36.9
    endloop
  endfacet
  facet normal 0 0 -1
    outer loop
      vertex 92.4944 1.33328 36.9
      vertex 90.2243 2.77573 36.9
      vertex 90.2989 2.86666 36.9
    endloop
  endfacet
  facet normal 0 0 -1
    outer loop
      vertex 91.6667 0.505585 36.9
      vertex 90.1333 2.70112 36.9
      vertex 90.2243 2.77573 36.9
    endloop
  endfacet
  facet normal 0 0 -1
    outer loop
      vertex 91.1481 0.228363 36.9
      vertex 90.0296 2.64568 36.9
      vertex 90.1333 2.70112 36.9
    endloop
  endfacet
  facet normal 0 0 -1
    outer loop
      vertex 89.917 2.61154 36.9
      vertex 90.5853 0.0576477 36.9
      vertex 90 0 36.9
    endloop
  endfacet
  facet normal 0 0 -1
    outer loop
      vertex 90.5853 0.0576477 36.9
      vertex 89.917 2.61154 36.9
      vertex 90.0296 2.64568 36.9
    endloop
  endfacet
  facet normal 0 0 -1
    outer loop
      vertex 90 0 36.9
      vertex 89.8 2.6 36.9
      vertex 89.917 2.61154 36.9
    endloop
  endfacet
  facet normal 0 0 -1
    outer loop
      vertex 90 0 36.9
      vertex 3.20001 2.6 36.9
      vertex 89.8 2.6 36.9
    endloop
  endfacet
  facet normal 0 0 -1
    outer loop
      vertex 3 0 36.9
      vertex 3.20001 2.6 36.9
      vertex 90 0 36.9
    endloop
  endfacet
  facet normal 0 0 -1
    outer loop
      vertex 3 0 36.9
      vertex 3.08296 2.61154 36.9
      vertex 3.20001 2.6 36.9
    endloop
  endfacet
  facet normal 0 0 -1
    outer loop
      vertex 2.41473 0.0576477 36.9
      vertex 3.08296 2.61154 36.9
      vertex 3 0 36.9
    endloop
  endfacet
  facet normal -0 0 -1
    outer loop
      vertex 3.08296 2.61154 36.9
      vertex 2.41473 0.0576477 36.9
      vertex 2.97039 2.64568 36.9
    endloop
  endfacet
  facet normal 0 0 -1
    outer loop
      vertex 1.85194 0.228363 36.9
      vertex 2.97039 2.64568 36.9
      vertex 2.41473 0.0576477 36.9
    endloop
  endfacet
  facet normal -0 0 -1
    outer loop
      vertex 2.97039 2.64568 36.9
      vertex 1.85194 0.228363 36.9
      vertex 2.86666 2.70112 36.9
    endloop
  endfacet
  facet normal 0 0 -1
    outer loop
      vertex 1.33328 0.505585 36.9
      vertex 2.86666 2.70112 36.9
      vertex 1.85194 0.228363 36.9
    endloop
  endfacet
  facet normal -0 0 -1
    outer loop
      vertex 2.86666 2.70112 36.9
      vertex 1.33328 0.505585 36.9
      vertex 2.77573 2.77573 36.9
    endloop
  endfacet
  facet normal -0 0 -1
    outer loop
      vertex 2.77573 2.77573 36.9
      vertex 0.505585 1.33328 36.9
      vertex 2.70112 2.86666 36.9
    endloop
  endfacet
  facet normal 0 0 -1
    outer loop
      vertex 0.505585 1.33328 36.9
      vertex 2.77573 2.77573 36.9
      vertex 0.878677 0.878677 36.9
    endloop
  endfacet
  facet normal 0 0 -1
    outer loop
      vertex 0.878677 0.878677 36.9
      vertex 2.77573 2.77573 36.9
      vertex 1.33328 0.505585 36.9
    endloop
  endfacet
  facet normal 0 0 -1
    outer loop
      vertex 90.2243 61.2243 36.9
      vertex 92.4944 62.6667 36.9
      vertex 90.2989 61.1333 36.9
    endloop
  endfacet
  facet normal -0 0 -1
    outer loop
      vertex 92.4944 62.6667 36.9
      vertex 90.2243 61.2243 36.9
      vertex 92.1213 63.1213 36.9
    endloop
  endfacet
  facet normal -0 0 -1
    outer loop
      vertex 92.1213 63.1213 36.9
      vertex 90.2243 61.2243 36.9
      vertex 91.6667 63.4944 36.9
    endloop
  endfacet
  facet normal 0 0 -1
    outer loop
      vertex 90.1333 61.2989 36.9
      vertex 91.6667 63.4944 36.9
      vertex 90.2243 61.2243 36.9
    endloop
  endfacet
  facet normal -0 0 -1
    outer loop
      vertex 91.6667 63.4944 36.9
      vertex 90.1333 61.2989 36.9
      vertex 91.1481 63.7716 36.9
    endloop
  endfacet
  facet normal 0 0 -1
    outer loop
      vertex 90.0296 61.3543 36.9
      vertex 91.1481 63.7716 36.9
      vertex 90.1333 61.2989 36.9
    endloop
  endfacet
  facet normal -0 0 -1
    outer loop
      vertex 91.1481 63.7716 36.9
      vertex 90.0296 61.3543 36.9
      vertex 90.5853 63.9424 36.9
    endloop
  endfacet
  facet normal 0 0 -1
    outer loop
      vertex 89.917 61.3885 36.9
      vertex 90.5853 63.9424 36.9
      vertex 90.0296 61.3543 36.9
    endloop
  endfacet
  facet normal -0 0 -1
    outer loop
      vertex 90.5853 63.9424 36.9
      vertex 89.917 61.3885 36.9
      vertex 90 64 36.9
    endloop
  endfacet
  facet normal 0 0 -1
    outer loop
      vertex 89.8 61.4 36.9
      vertex 90 64 36.9
      vertex 89.917 61.3885 36.9
    endloop
  endfacet
  facet normal 0 0 -1
    outer loop
      vertex 3.20001 61.4 36.9
      vertex 90 64 36.9
      vertex 89.8 61.4 36.9
    endloop
  endfacet
  facet normal 0 0 -1
    outer loop
      vertex 3.20001 61.4 36.9
      vertex 3 64 36.9
      vertex 90 64 36.9
    endloop
  endfacet
  facet normal 0 0 -1
    outer loop
      vertex 3.08296 61.3885 36.9
      vertex 3 64 36.9
      vertex 3.20001 61.4 36.9
    endloop
  endfacet
  facet normal 0 0 -1
    outer loop
      vertex 2.41473 63.9424 36.9
      vertex 3.08296 61.3885 36.9
      vertex 2.97039 61.3543 36.9
    endloop
  endfacet
  facet normal 0 0 -1
    outer loop
      vertex 1.85194 63.7716 36.9
      vertex 2.97039 61.3543 36.9
      vertex 2.86666 61.2989 36.9
    endloop
  endfacet
  facet normal 0 0 -1
    outer loop
      vertex 1.33328 63.4944 36.9
      vertex 2.86666 61.2989 36.9
      vertex 2.77573 61.2243 36.9
    endloop
  endfacet
  facet normal 0 0 -1
    outer loop
      vertex 0.505585 62.6667 36.9
      vertex 2.77573 61.2243 36.9
      vertex 2.70112 61.1333 36.9
    endloop
  endfacet
  facet normal 0 0 -1
    outer loop
      vertex 0.228363 62.1481 36.9
      vertex 2.70112 61.1333 36.9
      vertex 2.64568 61.0296 36.9
    endloop
  endfacet
  facet normal 0 0 -1
    outer loop
      vertex 0.0576477 61.5853 36.9
      vertex 2.64568 61.0296 36.9
      vertex 2.61154 60.917 36.9
    endloop
  endfacet
  facet normal 0 0 -1
    outer loop
      vertex 3.08296 61.3885 36.9
      vertex 2.41473 63.9424 36.9
      vertex 3 64 36.9
    endloop
  endfacet
  facet normal 0 0 -1
    outer loop
      vertex 0 61 36.9
      vertex 2.61154 60.917 36.9
      vertex 2.6 60.8 36.9
    endloop
  endfacet
  facet normal -0 0 -1
    outer loop
      vertex 2.6 3.20001 36.9
      vertex 0 3 36.9
      vertex 2.6 60.8 36.9
    endloop
  endfacet
  facet normal 0 0 -1
    outer loop
      vertex 0.228363 1.85194 36.9
      vertex 2.70112 2.86666 36.9
      vertex 0.505585 1.33328 36.9
    endloop
  endfacet
  facet normal 0 0 -1
    outer loop
      vertex 0 61 36.9
      vertex 2.6 60.8 36.9
      vertex 0 3 36.9
    endloop
  endfacet
  facet normal -0 0 -1
    outer loop
      vertex 2.70112 2.86666 36.9
      vertex 0.228363 1.85194 36.9
      vertex 2.64568 2.97039 36.9
    endloop
  endfacet
  facet normal 0 0 -1
    outer loop
      vertex 2.61154 60.917 36.9
      vertex 0 61 36.9
      vertex 0.0576477 61.5853 36.9
    endloop
  endfacet
  facet normal 0 0 -1
    outer loop
      vertex 0.0576477 2.41473 36.9
      vertex 2.64568 2.97039 36.9
      vertex 0.228363 1.85194 36.9
    endloop
  endfacet
  facet normal 0 0 -1
    outer loop
      vertex 2.97039 61.3543 36.9
      vertex 1.85194 63.7716 36.9
      vertex 2.41473 63.9424 36.9
    endloop
  endfacet
  facet normal -0 0 -1
    outer loop
      vertex 2.64568 2.97039 36.9
      vertex 0.0576477 2.41473 36.9
      vertex 2.61154 3.08296 36.9
    endloop
  endfacet
  facet normal 0 0 -1
    outer loop
      vertex 2.86666 61.2989 36.9
      vertex 1.33328 63.4944 36.9
      vertex 1.85194 63.7716 36.9
    endloop
  endfacet
  facet normal 0 0 -1
    outer loop
      vertex 0 3 36.9
      vertex 2.61154 3.08296 36.9
      vertex 0.0576477 2.41473 36.9
    endloop
  endfacet
  facet normal 0 0 -1
    outer loop
      vertex 2.77573 61.2243 36.9
      vertex 0.878677 63.1213 36.9
      vertex 1.33328 63.4944 36.9
    endloop
  endfacet
  facet normal -0 0 -1
    outer loop
      vertex 2.61154 3.08296 36.9
      vertex 0 3 36.9
      vertex 2.6 3.20001 36.9
    endloop
  endfacet
  facet normal 0 0 -1
    outer loop
      vertex 2.77573 61.2243 36.9
      vertex 0.505585 62.6667 36.9
      vertex 0.878677 63.1213 36.9
    endloop
  endfacet
  facet normal 0 0 -1
    outer loop
      vertex 2.70112 61.1333 36.9
      vertex 0.228363 62.1481 36.9
      vertex 0.505585 62.6667 36.9
    endloop
  endfacet
  facet normal 0 0 -1
    outer loop
      vertex 2.64568 61.0296 36.9
      vertex 0.0576477 61.5853 36.9
      vertex 0.228363 62.1481 36.9
    endloop
  endfacet
  facet normal -0 0 -1
    outer loop
      vertex 18.1257 23.8926 36.9
      vertex 7.5 10 36.9
      vertex 17.891 24.6603 36.9
    endloop
  endfacet
  facet normal 0 0 -1
    outer loop
      vertex 17 31 36.9
      vertex 9.96922 56.1089 36.9
      vertex 10 56.5 36.9
    endloop
  endfacet
  facet normal 0 0 -1
    outer loop
      vertex 7.10891 9.96922 36.9
      vertex 17.891 24.6603 36.9
      vertex 7.5 10 36.9
    endloop
  endfacet
  facet normal 0 0 -1
    outer loop
      vertex 17 31 36.9
      vertex 9.87764 55.7275 36.9
      vertex 9.96922 56.1089 36.9
    endloop
  endfacet
  facet normal -0 0 -1
    outer loop
      vertex 17.891 24.6603 36.9
      vertex 7.10891 9.96922 36.9
      vertex 17.6832 25.4358 36.9
    endloop
  endfacet
  facet normal 0 0 -1
    outer loop
      vertex 17 31 36.9
      vertex 9.72752 55.365 36.9
      vertex 9.87764 55.7275 36.9
    endloop
  endfacet
  facet normal -0 0 -1
    outer loop
      vertex 17.6832 25.4358 36.9
      vertex 7.10891 9.96922 36.9
      vertex 17.5026 26.218 36.9
    endloop
  endfacet
  facet normal 0 0 -1
    outer loop
      vertex 17 31 36.9
      vertex 9.52254 55.0305 36.9
      vertex 9.72752 55.365 36.9
    endloop
  endfacet
  facet normal 0 0 -1
    outer loop
      vertex 6.72746 9.87764 36.9
      vertex 17.5026 26.218 36.9
      vertex 7.10891 9.96922 36.9
    endloop
  endfacet
  facet normal 0 0 -1
    outer loop
      vertex 17 31 36.9
      vertex 9.26777 54.7322 36.9
      vertex 9.52254 55.0305 36.9
    endloop
  endfacet
  facet normal -0 0 -1
    outer loop
      vertex 17.5026 26.218 36.9
      vertex 6.72746 9.87764 36.9
      vertex 17.3494 27.0061 36.9
    endloop
  endfacet
  facet normal 0 0 -1
    outer loop
      vertex 17 31 36.9
      vertex 8.96946 54.4775 36.9
      vertex 9.26777 54.7322 36.9
    endloop
  endfacet
  facet normal -0 0 -1
    outer loop
      vertex 17.3494 27.0061 36.9
      vertex 6.72746 9.87764 36.9
      vertex 17.2238 27.799 36.9
    endloop
  endfacet
  facet normal 0 0 -1
    outer loop
      vertex 17 31 36.9
      vertex 8.63498 54.2725 36.9
      vertex 8.96946 54.4775 36.9
    endloop
  endfacet
  facet normal -0 0 -1
    outer loop
      vertex 17.2238 27.799 36.9
      vertex 6.72746 9.87764 36.9
      vertex 17.126 28.5958 36.9
    endloop
  endfacet
  facet normal 0 0 -1
    outer loop
      vertex 17 31 36.9
      vertex 8.27254 54.1224 36.9
      vertex 8.63498 54.2725 36.9
    endloop
  endfacet
  facet normal 0 0 -1
    outer loop
      vertex 6.36502 9.72752 36.9
      vertex 17.126 28.5958 36.9
      vertex 6.72746 9.87764 36.9
    endloop
  endfacet
  facet normal 0 0 -1
    outer loop
      vertex 17 31 36.9
      vertex 7.89109 54.0308 36.9
      vertex 8.27254 54.1224 36.9
    endloop
  endfacet
  facet normal -0 0 -1
    outer loop
      vertex 17.126 28.5958 36.9
      vertex 6.36502 9.72752 36.9
      vertex 17.056 29.3956 36.9
    endloop
  endfacet
  facet normal 0 0 -1
    outer loop
      vertex 17 31 36.9
      vertex 7.5 54 36.9
      vertex 7.89109 54.0308 36.9
    endloop
  endfacet
  facet normal -0 0 -1
    outer loop
      vertex 17.056 29.3956 36.9
      vertex 6.36502 9.72752 36.9
      vertex 17.014 30.1973 36.9
    endloop
  endfacet
  facet normal 0 0 -1
    outer loop
      vertex 17 31 36.9
      vertex 7.10891 54.0308 36.9
      vertex 7.5 54 36.9
    endloop
  endfacet
  facet normal 0 0 -1
    outer loop
      vertex 6.03054 9.52254 36.9
      vertex 17.014 30.1973 36.9
      vertex 6.36502 9.72752 36.9
    endloop
  endfacet
  facet normal 0 0 -1
    outer loop
      vertex 17 31 36.9
      vertex 6.72746 54.1224 36.9
      vertex 7.10891 54.0308 36.9
    endloop
  endfacet
  facet normal -0 0 -1
    outer loop
      vertex 17.014 30.1973 36.9
      vertex 6.03054 9.52254 36.9
      vertex 17 31 36.9
    endloop
  endfacet
  facet normal 0 0 -1
    outer loop
      vertex 17 31 36.9
      vertex 6.36502 54.2725 36.9
      vertex 6.72746 54.1224 36.9
    endloop
  endfacet
  facet normal 0 0 -1
    outer loop
      vertex 6.03054 54.4775 36.9
      vertex 17 31 36.9
      vertex 6.03054 9.52254 36.9
    endloop
  endfacet
  facet normal 0 0 -1
    outer loop
      vertex 17 31 36.9
      vertex 6.03054 54.4775 36.9
      vertex 6.36502 54.2725 36.9
    endloop
  endfacet
  facet normal 0 0 -1
    outer loop
      vertex 5.73223 9.26777 36.9
      vertex 6.03054 54.4775 36.9
      vertex 6.03054 9.52254 36.9
    endloop
  endfacet
  facet normal 0 0 -1
    outer loop
      vertex 5.73223 9.26777 36.9
      vertex 5.73223 54.7322 36.9
      vertex 6.03054 54.4775 36.9
    endloop
  endfacet
  facet normal 0 0 -1
    outer loop
      vertex 5.47746 8.96946 36.9
      vertex 5.73223 54.7322 36.9
      vertex 5.73223 9.26777 36.9
    endloop
  endfacet
  facet normal 0 0 -1
    outer loop
      vertex 5.47746 8.96946 36.9
      vertex 5.47746 55.0305 36.9
      vertex 5.73223 54.7322 36.9
    endloop
  endfacet
  facet normal 0 0 -1
    outer loop
      vertex 5.27248 8.63498 36.9
      vertex 5.47746 55.0305 36.9
      vertex 5.47746 8.96946 36.9
    endloop
  endfacet
  facet normal 0 0 -1
    outer loop
      vertex 5.27248 8.63498 36.9
      vertex 5.27248 55.365 36.9
      vertex 5.47746 55.0305 36.9
    endloop
  endfacet
  facet normal 0 0 -1
    outer loop
      vertex 5.12236 8.27254 36.9
      vertex 5.27248 55.365 36.9
      vertex 5.27248 8.63498 36.9
    endloop
  endfacet
  facet normal 0 0 -1
    outer loop
      vertex 5.12236 8.27254 36.9
      vertex 5.12236 55.7275 36.9
      vertex 5.27248 55.365 36.9
    endloop
  endfacet
  facet normal 0 0 -1
    outer loop
      vertex 3.8 4.40001 36.9
      vertex 5.12236 8.27254 36.9
      vertex 5.03078 7.89109 36.9
    endloop
  endfacet
  facet normal -0 0 -1
    outer loop
      vertex 5.12236 8.27254 36.9
      vertex 3.8 4.40001 36.9
      vertex 5.12236 55.7275 36.9
    endloop
  endfacet
  facet normal 0 0 -1
    outer loop
      vertex 3.8 4.40001 36.9
      vertex 5.03078 7.89109 36.9
      vertex 5 7.5 36.9
    endloop
  endfacet
  facet normal 0 0 -1
    outer loop
      vertex 3.8 59.6 36.9
      vertex 5.12236 55.7275 36.9
      vertex 3.8 4.40001 36.9
    endloop
  endfacet
  facet normal 0 0 -1
    outer loop
      vertex 29.9175 51.6723 36.9
      vertex 21.9618 57.1018 36.9
      vertex 22 57.49 36.9
    endloop
  endfacet
  facet normal 0 0 -1
    outer loop
      vertex 27.8119 50.5051 36.9
      vertex 21.8886 52.1284 36.9
      vertex 21.8485 56.7285 36.9
    endloop
  endfacet
  facet normal 0 0 -1
    outer loop
      vertex 27.8119 50.5051 36.9
      vertex 21.8485 56.7285 36.9
      vertex 21.9618 57.1018 36.9
    endloop
  endfacet
  facet normal 0 0 -1
    outer loop
      vertex 21.8886 52.1284 36.9
      vertex 21.6646 56.3844 36.9
      vertex 21.8485 56.7285 36.9
    endloop
  endfacet
  facet normal 0 0 -1
    outer loop
      vertex 21.6568 52.4475 36.9
      vertex 21.6646 56.3844 36.9
      vertex 21.8886 52.1284 36.9
    endloop
  endfacet
  facet normal 0 0 -1
    outer loop
      vertex 21.6568 52.4475 36.9
      vertex 21.4171 56.0829 36.9
      vertex 21.6646 56.3844 36.9
    endloop
  endfacet
  facet normal 0 0 -1
    outer loop
      vertex 21.3717 52.72 36.9
      vertex 21.4171 56.0829 36.9
      vertex 21.6568 52.4475 36.9
    endloop
  endfacet
  facet normal 0 0 -1
    outer loop
      vertex 21.3717 52.72 36.9
      vertex 21.1156 55.8354 36.9
      vertex 21.4171 56.0829 36.9
    endloop
  endfacet
  facet normal 0 0 -1
    outer loop
      vertex 21.0425 52.9373 36.9
      vertex 21.1156 55.8354 36.9
      vertex 21.3717 52.72 36.9
    endloop
  endfacet
  facet normal 0 0 -1
    outer loop
      vertex 21.0425 52.9373 36.9
      vertex 20.7715 55.6515 36.9
      vertex 21.1156 55.8354 36.9
    endloop
  endfacet
  facet normal 0 0 -1
    outer loop
      vertex 20.6798 53.0923 36.9
      vertex 20.7715 55.6515 36.9
      vertex 21.0425 52.9373 36.9
    endloop
  endfacet
  facet normal 0 0 -1
    outer loop
      vertex 20.6798 53.0923 36.9
      vertex 20.3982 55.5382 36.9
      vertex 20.7715 55.6515 36.9
    endloop
  endfacet
  facet normal 0 0 -1
    outer loop
      vertex 20.2953 53.1801 36.9
      vertex 20.3982 55.5382 36.9
      vertex 20.6798 53.0923 36.9
    endloop
  endfacet
  facet normal 0 0 -1
    outer loop
      vertex 20.2953 53.1801 36.9
      vertex 20.01 55.5 36.9
      vertex 20.3982 55.5382 36.9
    endloop
  endfacet
  facet normal 0 0 -1
    outer loop
      vertex 19.9013 53.1978 36.9
      vertex 20.01 55.5 36.9
      vertex 20.2953 53.1801 36.9
    endloop
  endfacet
  facet normal 0 0 -1
    outer loop
      vertex 19.5105 53.1448 36.9
      vertex 20.01 55.5 36.9
      vertex 19.9013 53.1978 36.9
    endloop
  endfacet
  facet normal 0 0 -1
    outer loop
      vertex 19.1353 53.023 36.9
      vertex 20.01 55.5 36.9
      vertex 19.5105 53.1448 36.9
    endloop
  endfacet
  facet normal 0 0 -1
    outer loop
      vertex 18.788 52.8361 36.9
      vertex 20.01 55.5 36.9
      vertex 19.1353 53.023 36.9
    endloop
  endfacet
  facet normal 0 0 -1
    outer loop
      vertex 13.99 55.5 36.9
      vertex 18.788 52.8361 36.9
      vertex 18.4797 52.5901 36.9
    endloop
  endfacet
  facet normal 0 0 -1
    outer loop
      vertex 13.99 55.5 36.9
      vertex 18.4797 52.5901 36.9
      vertex 18.2202 52.2931 36.9
    endloop
  endfacet
  facet normal 0 0 -1
    outer loop
      vertex 13.99 55.5 36.9
      vertex 18.2202 52.2931 36.9
      vertex 18.0179 51.9545 36.9
    endloop
  endfacet
  facet normal -0 -0 -1
    outer loop
      vertex 13.2285 55.6515 36.9
      vertex 17.8793 50.4147 36.9
      vertex 10 56.5 36.9
    endloop
  endfacet
  facet normal 0 0 -1
    outer loop
      vertex 10 56.5 36.9
      vertex 17.5026 35.782 36.9
      vertex 17.3494 34.9939 36.9
    endloop
  endfacet
  facet normal 0 0 -1
    outer loop
      vertex 10 56.5 36.9
      vertex 17.3494 34.9939 36.9
      vertex 17.2238 34.201 36.9
    endloop
  endfacet
  facet normal 0 0 -1
    outer loop
      vertex 10 56.5 36.9
      vertex 17.2238 34.201 36.9
      vertex 17.126 33.4042 36.9
    endloop
  endfacet
  facet normal 0 0 -1
    outer loop
      vertex 10 56.5 36.9
      vertex 17.126 33.4042 36.9
      vertex 17.056 32.6044 36.9
    endloop
  endfacet
  facet normal 0 0 -1
    outer loop
      vertex 10 56.5 36.9
      vertex 17.056 32.6044 36.9
      vertex 17.014 31.8027 36.9
    endloop
  endfacet
  facet normal 0 0 -1
    outer loop
      vertex 18.788 52.8361 36.9
      vertex 13.99 55.5 36.9
      vertex 20.01 55.5 36.9
    endloop
  endfacet
  facet normal 0 0 -1
    outer loop
      vertex 17.8793 51.5853 36.9
      vertex 13.99 55.5 36.9
      vertex 18.0179 51.9545 36.9
    endloop
  endfacet
  facet normal 0 0 -1
    outer loop
      vertex 17.8089 51.1972 36.9
      vertex 13.99 55.5 36.9
      vertex 17.8793 51.5853 36.9
    endloop
  endfacet
  facet normal 0 0 -1
    outer loop
      vertex 17.8793 50.4147 36.9
      vertex 13.2285 55.6515 36.9
      vertex 17.8089 50.8028 36.9
    endloop
  endfacet
  facet normal 0 0 -1
    outer loop
      vertex 10 56.5 36.9
      vertex 17.014 31.8027 36.9
      vertex 17 31 36.9
    endloop
  endfacet
  facet normal 0 0 -1
    outer loop
      vertex 25.8398 49.1242 36.9
      vertex 22.1646 50.6072 36.9
      vertex 22.2 51 36.9
    endloop
  endfacet
  facet normal 0 0 -1
    outer loop
      vertex 22.9077 46.39 36.9
      vertex 22.0597 50.227 36.9
      vertex 22.1646 50.6072 36.9
    endloop
  endfacet
  facet normal 0 0 -1
    outer loop
      vertex 22.9077 46.39 36.9
      vertex 21.8886 49.8716 36.9
      vertex 22.0597 50.227 36.9
    endloop
  endfacet
  facet normal 0 0 -1
    outer loop
      vertex 20.2953 48.8199 36.9
      vertex 22.381 45.7841 36.9
      vertex 21.8758 45.1602 36.9
    endloop
  endfacet
  facet normal 0 0 -1
    outer loop
      vertex 22.9077 46.39 36.9
      vertex 21.6568 49.5525 36.9
      vertex 21.8886 49.8716 36.9
    endloop
  endfacet
  facet normal 0 0 -1
    outer loop
      vertex 19.9013 48.8022 36.9
      vertex 21.8758 45.1602 36.9
      vertex 21.3926 44.5191 36.9
    endloop
  endfacet
  facet normal 0 0 -1
    outer loop
      vertex 22.9077 46.39 36.9
      vertex 21.3717 49.28 36.9
      vertex 21.6568 49.5525 36.9
    endloop
  endfacet
  facet normal 0 0 -1
    outer loop
      vertex 22.9077 46.39 36.9
      vertex 21.0425 49.0627 36.9
      vertex 21.3717 49.28 36.9
    endloop
  endfacet
  facet normal 0 0 -1
    outer loop
      vertex 19.5105 48.8552 36.9
      vertex 21.3926 44.5191 36.9
      vertex 20.9321 43.8614 36.9
    endloop
  endfacet
  facet normal 0 0 -1
    outer loop
      vertex 22.9077 46.39 36.9
      vertex 20.6798 48.9077 36.9
      vertex 21.0425 49.0627 36.9
    endloop
  endfacet
  facet normal 0 0 -1
    outer loop
      vertex 19.1353 48.977 36.9
      vertex 20.9321 43.8614 36.9
      vertex 20.4949 43.1881 36.9
    endloop
  endfacet
  facet normal 0 0 -1
    outer loop
      vertex 22.381 45.7841 36.9
      vertex 20.2953 48.8199 36.9
      vertex 20.6798 48.9077 36.9
    endloop
  endfacet
  facet normal 0 0 -1
    outer loop
      vertex 18.788 49.1639 36.9
      vertex 20.4949 43.1881 36.9
      vertex 20.0814 42.5 36.9
    endloop
  endfacet
  facet normal 0 0 -1
    outer loop
      vertex 21.8758 45.1602 36.9
      vertex 19.9013 48.8022 36.9
      vertex 20.2953 48.8199 36.9
    endloop
  endfacet
  facet normal 0 0 -1
    outer loop
      vertex 18.4797 49.4099 36.9
      vertex 20.0814 42.5 36.9
      vertex 19.6922 41.7978 36.9
    endloop
  endfacet
  facet normal 0 0 -1
    outer loop
      vertex 21.3926 44.5191 36.9
      vertex 19.5105 48.8552 36.9
      vertex 19.9013 48.8022 36.9
    endloop
  endfacet
  facet normal 0 0 -1
    outer loop
      vertex 18.4797 49.4099 36.9
      vertex 19.6922 41.7978 36.9
      vertex 19.3277 41.0825 36.9
    endloop
  endfacet
  facet normal 0 0 -1
    outer loop
      vertex 20.9321 43.8614 36.9
      vertex 19.1353 48.977 36.9
      vertex 19.5105 48.8552 36.9
    endloop
  endfacet
  facet normal 0 0 -1
    outer loop
      vertex 18.2202 49.7069 36.9
      vertex 19.3277 41.0825 36.9
      vertex 18.9885 40.3549 36.9
    endloop
  endfacet
  facet normal 0 0 -1
    outer loop
      vertex 20.4949 43.1881 36.9
      vertex 18.788 49.1639 36.9
      vertex 19.1353 48.977 36.9
    endloop
  endfacet
  facet normal 0 0 -1
    outer loop
      vertex 18.2202 49.7069 36.9
      vertex 18.9885 40.3549 36.9
      vertex 18.6748 39.616 36.9
    endloop
  endfacet
  facet normal 0 0 -1
    outer loop
      vertex 20.0814 42.5 36.9
      vertex 18.4797 49.4099 36.9
      vertex 18.788 49.1639 36.9
    endloop
  endfacet
  facet normal 0 0 -1
    outer loop
      vertex 10 56.5 36.9
      vertex 18.6748 39.616 36.9
      vertex 18.3871 38.8665 36.9
    endloop
  endfacet
  facet normal 0 0 -1
    outer loop
      vertex 19.3277 41.0825 36.9
      vertex 18.2202 49.7069 36.9
      vertex 18.4797 49.4099 36.9
    endloop
  endfacet
  facet normal 0 0 -1
    outer loop
      vertex 10 56.5 36.9
      vertex 18.3871 38.8665 36.9
      vertex 18.1257 38.1074 36.9
    endloop
  endfacet
  facet normal 0 0 -1
    outer loop
      vertex 18.6748 39.616 36.9
      vertex 18.0179 50.0455 36.9
      vertex 18.2202 49.7069 36.9
    endloop
  endfacet
  facet normal 0 0 -1
    outer loop
      vertex 10 56.5 36.9
      vertex 18.1257 38.1074 36.9
      vertex 17.891 37.3397 36.9
    endloop
  endfacet
  facet normal 0 0 -1
    outer loop
      vertex 18.6748 39.616 36.9
      vertex 10 56.5 36.9
      vertex 18.0179 50.0455 36.9
    endloop
  endfacet
  facet normal 0 0 -1
    outer loop
      vertex 10 56.5 36.9
      vertex 17.891 37.3397 36.9
      vertex 17.6832 36.5642 36.9
    endloop
  endfacet
  facet normal 0 0 -1
    outer loop
      vertex 18.0179 50.0455 36.9
      vertex 10 56.5 36.9
      vertex 17.8793 50.4147 36.9
    endloop
  endfacet
  facet normal 0 0 -1
    outer loop
      vertex 10 56.5 36.9
      vertex 17.6832 36.5642 36.9
      vertex 17.5026 35.782 36.9
    endloop
  endfacet
  facet normal 0 0 -1
    outer loop
      vertex 21.6568 12.4475 36.9
      vertex 24.0229 14.4552 36.9
      vertex 21.8886 12.1284 36.9
    endloop
  endfacet
  facet normal -0 0 -1
    outer loop
      vertex 24.0229 14.4552 36.9
      vertex 21.6568 12.4475 36.9
      vertex 23.4552 15.0229 36.9
    endloop
  endfacet
  facet normal 0 0 -1
    outer loop
      vertex 21.3717 12.72 36.9
      vertex 23.4552 15.0229 36.9
      vertex 21.6568 12.4475 36.9
    endloop
  endfacet
  facet normal 0 0 -1
    outer loop
      vertex 21.0425 12.9373 36.9
      vertex 23.4552 15.0229 36.9
      vertex 21.3717 12.72 36.9
    endloop
  endfacet
  facet normal -0 0 -1
    outer loop
      vertex 23.4552 15.0229 36.9
      vertex 21.0425 12.9373 36.9
      vertex 22.9077 15.61 36.9
    endloop
  endfacet
  facet normal 0 0 -1
    outer loop
      vertex 20.6798 13.0923 36.9
      vertex 22.9077 15.61 36.9
      vertex 21.0425 12.9373 36.9
    endloop
  endfacet
  facet normal -0 0 -1
    outer loop
      vertex 22.9077 15.61 36.9
      vertex 20.6798 13.0923 36.9
      vertex 22.381 16.2159 36.9
    endloop
  endfacet
  facet normal 0 0 -1
    outer loop
      vertex 20.2953 13.1801 36.9
      vertex 22.381 16.2159 36.9
      vertex 20.6798 13.0923 36.9
    endloop
  endfacet
  facet normal -0 0 -1
    outer loop
      vertex 22.381 16.2159 36.9
      vertex 20.2953 13.1801 36.9
      vertex 21.8758 16.8398 36.9
    endloop
  endfacet
  facet normal 0 0 -1
    outer loop
      vertex 19.9013 13.1978 36.9
      vertex 21.8758 16.8398 36.9
      vertex 20.2953 13.1801 36.9
    endloop
  endfacet
  facet normal -0 0 -1
    outer loop
      vertex 21.8758 16.8398 36.9
      vertex 19.9013 13.1978 36.9
      vertex 21.3926 17.4809 36.9
    endloop
  endfacet
  facet normal 0 0 -1
    outer loop
      vertex 19.5105 13.1448 36.9
      vertex 21.3926 17.4809 36.9
      vertex 19.9013 13.1978 36.9
    endloop
  endfacet
  facet normal -0 0 -1
    outer loop
      vertex 21.3926 17.4809 36.9
      vertex 19.5105 13.1448 36.9
      vertex 20.9321 18.1386 36.9
    endloop
  endfacet
  facet normal 0 0 -1
    outer loop
      vertex 19.1353 13.023 36.9
      vertex 20.9321 18.1386 36.9
      vertex 19.5105 13.1448 36.9
    endloop
  endfacet
  facet normal -0 0 -1
    outer loop
      vertex 20.9321 18.1386 36.9
      vertex 19.1353 13.023 36.9
      vertex 20.4949 18.8119 36.9
    endloop
  endfacet
  facet normal 0 0 -1
    outer loop
      vertex 18.788 12.8361 36.9
      vertex 20.4949 18.8119 36.9
      vertex 19.1353 13.023 36.9
    endloop
  endfacet
  facet normal -0 0 -1
    outer loop
      vertex 20.4949 18.8119 36.9
      vertex 18.788 12.8361 36.9
      vertex 20.0814 19.5 36.9
    endloop
  endfacet
  facet normal 0 0 -1
    outer loop
      vertex 18.4797 12.5901 36.9
      vertex 20.0814 19.5 36.9
      vertex 18.788 12.8361 36.9
    endloop
  endfacet
  facet normal -0 0 -1
    outer loop
      vertex 20.0814 19.5 36.9
      vertex 18.4797 12.5901 36.9
      vertex 19.6922 20.2022 36.9
    endloop
  endfacet
  facet normal -0 0 -1
    outer loop
      vertex 19.6922 20.2022 36.9
      vertex 18.4797 12.5901 36.9
      vertex 19.3277 20.9175 36.9
    endloop
  endfacet
  facet normal 0 0 -1
    outer loop
      vertex 18.2202 12.2931 36.9
      vertex 19.3277 20.9175 36.9
      vertex 18.4797 12.5901 36.9
    endloop
  endfacet
  facet normal 0 0 -1
    outer loop
      vertex 8.63498 9.72752 36.9
      vertex 18.0179 11.9545 36.9
      vertex 8.96946 9.52254 36.9
    endloop
  endfacet
  facet normal 0 0 -1
    outer loop
      vertex 9.52254 8.96946 36.9
      vertex 17.8089 11.1972 36.9
      vertex 9.72752 8.63498 36.9
    endloop
  endfacet
  facet normal -0 0 -1
    outer loop
      vertex 17.8089 11.1972 36.9
      vertex 9.52254 8.96946 36.9
      vertex 17.8793 11.5853 36.9
    endloop
  endfacet
  facet normal 0 0 -1
    outer loop
      vertex 9.26777 9.26777 36.9
      vertex 17.8793 11.5853 36.9
      vertex 9.52254 8.96946 36.9
    endloop
  endfacet
  facet normal -0 0 -1
    outer loop
      vertex 17.8089 10.8028 36.9
      vertex 9.72752 8.63498 36.9
      vertex 17.8089 11.1972 36.9
    endloop
  endfacet
  facet normal 0 0 -1
    outer loop
      vertex 8.96946 9.52254 36.9
      vertex 17.8793 11.5853 36.9
      vertex 9.26777 9.26777 36.9
    endloop
  endfacet
  facet normal 0 0 -1
    outer loop
      vertex 9.72752 8.63498 36.9
      vertex 17.8089 10.8028 36.9
      vertex 9.87764 8.27254 36.9
    endloop
  endfacet
  facet normal -0 0 -1
    outer loop
      vertex 17.8793 10.4147 36.9
      vertex 9.87764 8.27254 36.9
      vertex 17.8089 10.8028 36.9
    endloop
  endfacet
  facet normal -0 0 -1
    outer loop
      vertex 17.8793 11.5853 36.9
      vertex 8.96946 9.52254 36.9
      vertex 18.0179 11.9545 36.9
    endloop
  endfacet
  facet normal 0 0 -1
    outer loop
      vertex 65.5 54 36.9
      vertex 62.1646 50.6072 36.9
      vertex 62.2 51 36.9
    endloop
  endfacet
  facet normal 0 0 -1
    outer loop
      vertex 61.6129 38.8665 36.9
      vertex 66.9695 54.4775 36.9
      vertex 61.8743 38.1074 36.9
    endloop
  endfacet
  facet normal 0 0 -1
    outer loop
      vertex 66.635 54.2725 36.9
      vertex 62.0597 50.227 36.9
      vertex 62.1646 50.6072 36.9
    endloop
  endfacet
  facet normal 0 0 -1
    outer loop
      vertex 66.9695 54.4775 36.9
      vertex 61.6129 38.8665 36.9
      vertex 66.635 54.2725 36.9
    endloop
  endfacet
  facet normal 0 0 -1
    outer loop
      vertex 61.3252 39.616 36.9
      vertex 66.635 54.2725 36.9
      vertex 61.6129 38.8665 36.9
    endloop
  endfacet
  facet normal 0 0 -1
    outer loop
      vertex 66.635 54.2725 36.9
      vertex 61.8886 49.8716 36.9
      vertex 62.0597 50.227 36.9
    endloop
  endfacet
  facet normal 0 0 -1
    outer loop
      vertex 66.635 54.2725 36.9
      vertex 61.3252 39.616 36.9
      vertex 61.8886 49.8716 36.9
    endloop
  endfacet
  facet normal 0 0 -1
    outer loop
      vertex 61.0115 40.3549 36.9
      vertex 61.8886 49.8716 36.9
      vertex 61.3252 39.616 36.9
    endloop
  endfacet
  facet normal 0 0 -1
    outer loop
      vertex 61.8886 49.8716 36.9
      vertex 61.0115 40.3549 36.9
      vertex 61.6568 49.5525 36.9
    endloop
  endfacet
  facet normal 0 0 -1
    outer loop
      vertex 60.6723 41.0825 36.9
      vertex 61.6568 49.5525 36.9
      vertex 61.0115 40.3549 36.9
    endloop
  endfacet
  facet normal 0 0 -1
    outer loop
      vertex 60.3078 41.7978 36.9
      vertex 61.6568 49.5525 36.9
      vertex 60.6723 41.0825 36.9
    endloop
  endfacet
  facet normal 0 0 -1
    outer loop
      vertex 61.6568 49.5525 36.9
      vertex 60.3078 41.7978 36.9
      vertex 61.3717 49.28 36.9
    endloop
  endfacet
  facet normal 0 0 -1
    outer loop
      vertex 59.9186 42.5 36.9
      vertex 61.3717 49.28 36.9
      vertex 60.3078 41.7978 36.9
    endloop
  endfacet
  facet normal 0 0 -1
    outer loop
      vertex 61.3717 49.28 36.9
      vertex 59.9186 42.5 36.9
      vertex 61.0425 49.0627 36.9
    endloop
  endfacet
  facet normal 0 0 -1
    outer loop
      vertex 59.5051 43.1881 36.9
      vertex 61.0425 49.0627 36.9
      vertex 59.9186 42.5 36.9
    endloop
  endfacet
  facet normal 0 0 -1
    outer loop
      vertex 59.0679 43.8614 36.9
      vertex 61.0425 49.0627 36.9
      vertex 59.5051 43.1881 36.9
    endloop
  endfacet
  facet normal 0 0 -1
    outer loop
      vertex 61.0425 49.0627 36.9
      vertex 59.0679 43.8614 36.9
      vertex 60.6798 48.9077 36.9
    endloop
  endfacet
  facet normal 0 0 -1
    outer loop
      vertex 58.6074 44.5191 36.9
      vertex 60.6798 48.9077 36.9
      vertex 59.0679 43.8614 36.9
    endloop
  endfacet
  facet normal 0 0 -1
    outer loop
      vertex 60.6798 48.9077 36.9
      vertex 58.6074 44.5191 36.9
      vertex 60.2953 48.8199 36.9
    endloop
  endfacet
  facet normal 0 0 -1
    outer loop
      vertex 58.1242 45.1602 36.9
      vertex 60.2953 48.8199 36.9
      vertex 58.6074 44.5191 36.9
    endloop
  endfacet
  facet normal 0 0 -1
    outer loop
      vertex 60.2953 48.8199 36.9
      vertex 58.1242 45.1602 36.9
      vertex 59.9013 48.8022 36.9
    endloop
  endfacet
  facet normal 0 0 -1
    outer loop
      vertex 57.619 45.7841 36.9
      vertex 59.9013 48.8022 36.9
      vertex 58.1242 45.1602 36.9
    endloop
  endfacet
  facet normal -0 0 -1
    outer loop
      vertex 59.9013 48.8022 36.9
      vertex 57.619 45.7841 36.9
      vertex 59.5105 48.8552 36.9
    endloop
  endfacet
  facet normal -0 0 -1
    outer loop
      vertex 59.5105 48.8552 36.9
      vertex 57.619 45.7841 36.9
      vertex 59.1353 48.977 36.9
    endloop
  endfacet
  facet normal 0 0 -1
    outer loop
      vertex 57.0923 46.39 36.9
      vertex 59.1353 48.977 36.9
      vertex 57.619 45.7841 36.9
    endloop
  endfacet
  facet normal -0 0 -1
    outer loop
      vertex 59.1353 48.977 36.9
      vertex 57.0923 46.39 36.9
      vertex 58.788 49.1639 36.9
    endloop
  endfacet
  facet normal 0 0 -1
    outer loop
      vertex 56.5448 46.9771 36.9
      vertex 58.788 49.1639 36.9
      vertex 57.0923 46.39 36.9
    endloop
  endfacet
  facet normal -0 0 -1
    outer loop
      vertex 58.788 49.1639 36.9
      vertex 56.5448 46.9771 36.9
      vertex 58.4797 49.4099 36.9
    endloop
  endfacet
  facet normal 0 0 -1
    outer loop
      vertex 55.9771 47.5448 36.9
      vertex 58.4797 49.4099 36.9
      vertex 56.5448 46.9771 36.9
    endloop
  endfacet
  facet normal 0 0 -1
    outer loop
      vertex 55.39 48.0923 36.9
      vertex 58.2202 49.7069 36.9
      vertex 55.9771 47.5448 36.9
    endloop
  endfacet
  facet normal -0 0 -1
    outer loop
      vertex 58.4797 49.4099 36.9
      vertex 55.9771 47.5448 36.9
      vertex 58.2202 49.7069 36.9
    endloop
  endfacet
  facet normal 0 0 -1
    outer loop
      vertex 61.8886 12.1284 36.9
      vertex 65.5 10 36.9
      vertex 62.0597 11.773 36.9
    endloop
  endfacet
  facet normal 0 0 -1
    outer loop
      vertex 65.8911 9.96922 36.9
      vertex 62.109 24.6603 36.9
      vertex 62.3168 25.4358 36.9
    endloop
  endfacet
  facet normal 0 0 -1
    outer loop
      vertex 65.5 10 36.9
      vertex 61.8886 12.1284 36.9
      vertex 65.8911 9.96922 36.9
    endloop
  endfacet
  facet normal 0 0 -1
    outer loop
      vertex 61.6568 12.4475 36.9
      vertex 65.8911 9.96922 36.9
      vertex 61.8886 12.1284 36.9
    endloop
  endfacet
  facet normal 0 0 -1
    outer loop
      vertex 65.8911 9.96922 36.9
      vertex 61.8743 23.8926 36.9
      vertex 62.109 24.6603 36.9
    endloop
  endfacet
  facet normal 0 0 -1
    outer loop
      vertex 60.6723 20.9175 36.9
      vertex 65.8911 9.96922 36.9
      vertex 61.6568 12.4475 36.9
    endloop
  endfacet
  facet normal 0 0 -1
    outer loop
      vertex 65.8911 9.96922 36.9
      vertex 61.6129 23.1335 36.9
      vertex 61.8743 23.8926 36.9
    endloop
  endfacet
  facet normal 0 0 -1
    outer loop
      vertex 60.3078 20.2022 36.9
      vertex 61.6568 12.4475 36.9
      vertex 61.3717 12.72 36.9
    endloop
  endfacet
  facet normal 0 0 -1
    outer loop
      vertex 65.8911 9.96922 36.9
      vertex 61.3252 22.384 36.9
      vertex 61.6129 23.1335 36.9
    endloop
  endfacet
  facet normal 0 0 -1
    outer loop
      vertex 59.9186 19.5 36.9
      vertex 61.3717 12.72 36.9
      vertex 61.0425 12.9373 36.9
    endloop
  endfacet
  facet normal 0 0 -1
    outer loop
      vertex 65.8911 9.96922 36.9
      vertex 61.0115 21.6451 36.9
      vertex 61.3252 22.384 36.9
    endloop
  endfacet
  facet normal 0 0 -1
    outer loop
      vertex 59.0679 18.1386 36.9
      vertex 61.0425 12.9373 36.9
      vertex 60.6798 13.0923 36.9
    endloop
  endfacet
  facet normal 0 0 -1
    outer loop
      vertex 65.8911 9.96922 36.9
      vertex 60.6723 20.9175 36.9
      vertex 61.0115 21.6451 36.9
    endloop
  endfacet
  facet normal 0 0 -1
    outer loop
      vertex 61.6568 12.4475 36.9
      vertex 60.3078 20.2022 36.9
      vertex 60.6723 20.9175 36.9
    endloop
  endfacet
  facet normal 0 0 -1
    outer loop
      vertex 58.6074 17.4809 36.9
      vertex 60.6798 13.0923 36.9
      vertex 60.2953 13.1801 36.9
    endloop
  endfacet
  facet normal 0 0 -1
    outer loop
      vertex 61.3717 12.72 36.9
      vertex 59.9186 19.5 36.9
      vertex 60.3078 20.2022 36.9
    endloop
  endfacet
  facet normal 0 0 -1
    outer loop
      vertex 58.1242 16.8398 36.9
      vertex 60.2953 13.1801 36.9
      vertex 59.9013 13.1978 36.9
    endloop
  endfacet
  facet normal 0 0 -1
    outer loop
      vertex 57.619 16.2159 36.9
      vertex 59.9013 13.1978 36.9
      vertex 59.5105 13.1448 36.9
    endloop
  endfacet
  facet normal 0 0 -1
    outer loop
      vertex 61.0425 12.9373 36.9
      vertex 59.5051 18.8119 36.9
      vertex 59.9186 19.5 36.9
    endloop
  endfacet
  facet normal 0 0 -1
    outer loop
      vertex 57.619 16.2159 36.9
      vertex 59.5105 13.1448 36.9
      vertex 59.1353 13.023 36.9
    endloop
  endfacet
  facet normal 0 0 -1
    outer loop
      vertex 61.0425 12.9373 36.9
      vertex 59.0679 18.1386 36.9
      vertex 59.5051 18.8119 36.9
    endloop
  endfacet
  facet normal 0 0 -1
    outer loop
      vertex 57.0923 15.61 36.9
      vertex 59.1353 13.023 36.9
      vertex 58.788 12.8361 36.9
    endloop
  endfacet
  facet normal 0 0 -1
    outer loop
      vertex 60.6798 13.0923 36.9
      vertex 58.6074 17.4809 36.9
      vertex 59.0679 18.1386 36.9
    endloop
  endfacet
  facet normal 0 0 -1
    outer loop
      vertex 56.5448 15.0229 36.9
      vertex 58.788 12.8361 36.9
      vertex 58.4797 12.5901 36.9
    endloop
  endfacet
  facet normal 0 0 -1
    outer loop
      vertex 55.9771 14.4552 36.9
      vertex 58.4797 12.5901 36.9
      vertex 58.2202 12.2931 36.9
    endloop
  endfacet
  facet normal 0 0 -1
    outer loop
      vertex 60.2953 13.1801 36.9
      vertex 58.1242 16.8398 36.9
      vertex 58.6074 17.4809 36.9
    endloop
  endfacet
  facet normal 0 0 -1
    outer loop
      vertex 55.39 13.9077 36.9
      vertex 58.2202 12.2931 36.9
      vertex 58.0179 11.9545 36.9
    endloop
  endfacet
  facet normal 0 0 -1
    outer loop
      vertex 55.39 13.9077 36.9
      vertex 58.0179 11.9545 36.9
      vertex 57.8793 11.5853 36.9
    endloop
  endfacet
  facet normal 0 0 -1
    outer loop
      vertex 54.7841 13.381 36.9
      vertex 57.8793 11.5853 36.9
      vertex 57.8089 11.1972 36.9
    endloop
  endfacet
  facet normal 0 0 -1
    outer loop
      vertex 59.9013 13.1978 36.9
      vertex 57.619 16.2159 36.9
      vertex 58.1242 16.8398 36.9
    endloop
  endfacet
  facet normal 0 0 -1
    outer loop
      vertex 67.7275 8.63498 36.9
      vertex 89.2 4.40001 36.9
      vertex 67.8776 8.27254 36.9
    endloop
  endfacet
  facet normal 0 0 -1
    outer loop
      vertex 89.2 59.6 36.9
      vertex 67.9692 56.1089 36.9
      vertex 68 56.5 36.9
    endloop
  endfacet
  facet normal 0 0 -1
    outer loop
      vertex 67.5225 8.96946 36.9
      vertex 89.2 4.40001 36.9
      vertex 67.7275 8.63498 36.9
    endloop
  endfacet
  facet normal 0 0 -1
    outer loop
      vertex 89.2 59.6 36.9
      vertex 67.8776 55.7275 36.9
      vertex 67.9692 56.1089 36.9
    endloop
  endfacet
  facet normal 0 -0 -1
    outer loop
      vertex 62.986 30.1973 36.9
      vertex 89.2 4.40001 36.9
      vertex 62.944 29.3956 36.9
    endloop
  endfacet
  facet normal 0 0 -1
    outer loop
      vertex 89.2 59.6 36.9
      vertex 67.7275 55.365 36.9
      vertex 67.8776 55.7275 36.9
    endloop
  endfacet
  facet normal 0 0 -1
    outer loop
      vertex 67.2678 9.26777 36.9
      vertex 89.2 4.40001 36.9
      vertex 67.5225 8.96946 36.9
    endloop
  endfacet
  facet normal 0 0 -1
    outer loop
      vertex 62.986 31.8027 36.9
      vertex 89.2 59.6 36.9
      vertex 63 31 36.9
    endloop
  endfacet
  facet normal 0 0 -1
    outer loop
      vertex 62.4974 26.218 36.9
      vertex 89.2 4.40001 36.9
      vertex 67.2678 9.26777 36.9
    endloop
  endfacet
  facet normal 0 0 -1
    outer loop
      vertex 62.944 32.6044 36.9
      vertex 89.2 59.6 36.9
      vertex 62.986 31.8027 36.9
    endloop
  endfacet
  facet normal 0 0 -1
    outer loop
      vertex 62.3168 25.4358 36.9
      vertex 67.2678 9.26777 36.9
      vertex 66.9695 9.52254 36.9
    endloop
  endfacet
  facet normal 0 0 -1
    outer loop
      vertex 62.874 33.4042 36.9
      vertex 89.2 59.6 36.9
      vertex 62.944 32.6044 36.9
    endloop
  endfacet
  facet normal 0 0 -1
    outer loop
      vertex 62.3168 25.4358 36.9
      vertex 66.9695 9.52254 36.9
      vertex 66.635 9.72752 36.9
    endloop
  endfacet
  facet normal 0 0 -1
    outer loop
      vertex 62.7762 34.201 36.9
      vertex 89.2 59.6 36.9
      vertex 62.874 33.4042 36.9
    endloop
  endfacet
  facet normal 0 0 -1
    outer loop
      vertex 62.3168 25.4358 36.9
      vertex 66.635 9.72752 36.9
      vertex 66.2725 9.87764 36.9
    endloop
  endfacet
  facet normal 0 0 -1
    outer loop
      vertex 89.2 59.6 36.9
      vertex 67.5225 55.0305 36.9
      vertex 67.7275 55.365 36.9
    endloop
  endfacet
  facet normal 0 0 -1
    outer loop
      vertex 62.3168 25.4358 36.9
      vertex 66.2725 9.87764 36.9
      vertex 65.8911 9.96922 36.9
    endloop
  endfacet
  facet normal 0 0 -1
    outer loop
      vertex 62.6506 34.9939 36.9
      vertex 89.2 59.6 36.9
      vertex 62.7762 34.201 36.9
    endloop
  endfacet
  facet normal 0 0 -1
    outer loop
      vertex 65.1089 9.96922 36.9
      vertex 62.0597 11.773 36.9
      vertex 65.5 10 36.9
    endloop
  endfacet
  facet normal 0 0 -1
    outer loop
      vertex 62.4974 35.782 36.9
      vertex 89.2 59.6 36.9
      vertex 62.6506 34.9939 36.9
    endloop
  endfacet
  facet normal 0 0 -1
    outer loop
      vertex 64.7275 9.87764 36.9
      vertex 62.1646 11.3928 36.9
      vertex 65.1089 9.96922 36.9
    endloop
  endfacet
  facet normal 0 0 -1
    outer loop
      vertex 62.3168 36.5642 36.9
      vertex 89.2 59.6 36.9
      vertex 62.4974 35.782 36.9
    endloop
  endfacet
  facet normal 0 0 -1
    outer loop
      vertex 64.365 9.72752 36.9
      vertex 62.1646 11.3928 36.9
      vertex 64.7275 9.87764 36.9
    endloop
  endfacet
  facet normal 0 0 -1
    outer loop
      vertex 89.2 59.6 36.9
      vertex 67.2678 54.7322 36.9
      vertex 67.5225 55.0305 36.9
    endloop
  endfacet
  facet normal 0 0 -1
    outer loop
      vertex 62.1646 11.3928 36.9
      vertex 64.365 9.72752 36.9
      vertex 62.2 11 36.9
    endloop
  endfacet
  facet normal 0 0 -1
    outer loop
      vertex 89.2 59.6 36.9
      vertex 62.3168 36.5642 36.9
      vertex 67.2678 54.7322 36.9
    endloop
  endfacet
  facet normal 0 0 -1
    outer loop
      vertex 62.2 11 36.9
      vertex 64.365 9.72752 36.9
      vertex 64.0305 9.52254 36.9
    endloop
  endfacet
  facet normal 0 0 -1
    outer loop
      vertex 62.109 37.3397 36.9
      vertex 67.2678 54.7322 36.9
      vertex 62.3168 36.5642 36.9
    endloop
  endfacet
  facet normal 0 0 -1
    outer loop
      vertex 62.1646 10.6072 36.9
      vertex 64.0305 9.52254 36.9
      vertex 63.7322 9.26777 36.9
    endloop
  endfacet
  facet normal 0 0 -1
    outer loop
      vertex 67.2678 54.7322 36.9
      vertex 62.109 37.3397 36.9
      vertex 66.9695 54.4775 36.9
    endloop
  endfacet
  facet normal 0 0 -1
    outer loop
      vertex 62.0597 10.227 36.9
      vertex 63.7322 9.26777 36.9
      vertex 63.4775 8.96946 36.9
    endloop
  endfacet
  facet normal 0 0 -1
    outer loop
      vertex 61.8743 38.1074 36.9
      vertex 66.9695 54.4775 36.9
      vertex 62.109 37.3397 36.9
    endloop
  endfacet
  facet normal 0 0 -1
    outer loop
      vertex 61.8886 9.87162 36.9
      vertex 63.4775 8.96946 36.9
      vertex 63.2725 8.63498 36.9
    endloop
  endfacet
  facet normal 0 0 -1
    outer loop
      vertex 62.1646 50.6072 36.9
      vertex 66.2725 54.1224 36.9
      vertex 66.635 54.2725 36.9
    endloop
  endfacet
  facet normal 0 0 -1
    outer loop
      vertex 61.6568 9.55254 36.9
      vertex 63.2725 8.63498 36.9
      vertex 63.1224 8.27254 36.9
    endloop
  endfacet
  facet normal 0 0 -1
    outer loop
      vertex 62.1646 50.6072 36.9
      vertex 65.8911 54.0308 36.9
      vertex 66.2725 54.1224 36.9
    endloop
  endfacet
  facet normal 0 0 -1
    outer loop
      vertex 61.3717 9.27997 36.9
      vertex 63.1224 8.27254 36.9
      vertex 63.0308 7.89109 36.9
    endloop
  endfacet
  facet normal 0 0 -1
    outer loop
      vertex 62.1646 50.6072 36.9
      vertex 65.5 54 36.9
      vertex 65.8911 54.0308 36.9
    endloop
  endfacet
  facet normal 0 0 -1
    outer loop
      vertex 61.0425 9.06269 36.9
      vertex 63.0308 7.89109 36.9
      vertex 63 7.5 36.9
    endloop
  endfacet
  facet normal -0 0 -1
    outer loop
      vertex 65.5 54 36.9
      vertex 62.2 51 36.9
      vertex 65.1089 54.0308 36.9
    endloop
  endfacet
  facet normal 0 0 -1
    outer loop
      vertex 62.1646 51.3928 36.9
      vertex 65.1089 54.0308 36.9
      vertex 62.2 51 36.9
    endloop
  endfacet
  facet normal -0 0 -1
    outer loop
      vertex 65.1089 54.0308 36.9
      vertex 62.1646 51.3928 36.9
      vertex 64.7275 54.1224 36.9
    endloop
  endfacet
  facet normal 0 0 -1
    outer loop
      vertex 88.6 3.8 36.9
      vertex 89.2 4.40001 36.9
      vertex 89.1885 4.28296 36.9
    endloop
  endfacet
  facet normal 0 0 -1
    outer loop
      vertex 67.8776 8.27254 36.9
      vertex 88.6 3.8 36.9
      vertex 67.9692 7.89109 36.9
    endloop
  endfacet
  facet normal 0 0 -1
    outer loop
      vertex 88.6 3.8 36.9
      vertex 89.1885 4.28296 36.9
      vertex 89.1543 4.17039 36.9
    endloop
  endfacet
  facet normal 0 0 -1
    outer loop
      vertex 88.6 3.8 36.9
      vertex 67.8776 8.27254 36.9
      vertex 89.2 4.40001 36.9
    endloop
  endfacet
  facet normal 0 0 -1
    outer loop
      vertex 88.6 3.8 36.9
      vertex 89.1543 4.17039 36.9
      vertex 89.0989 4.06666 36.9
    endloop
  endfacet
  facet normal 0 -0 -1
    outer loop
      vertex 88.6 60.2 36.9
      vertex 89.2 59.6 36.9
      vertex 68 56.5 36.9
    endloop
  endfacet
  facet normal 0 0 -1
    outer loop
      vertex 88.6 3.8 36.9
      vertex 89.0989 4.06666 36.9
      vertex 89.0243 3.97573 36.9
    endloop
  endfacet
  facet normal 0 0 -1
    outer loop
      vertex 89.2 59.6 36.9
      vertex 88.6 60.2 36.9
      vertex 89.1885 59.717 36.9
    endloop
  endfacet
  facet normal 0 0 -1
    outer loop
      vertex 88.6 3.8 36.9
      vertex 89.0243 3.97573 36.9
      vertex 88.9333 3.90112 36.9
    endloop
  endfacet
  facet normal 0 0 -1
    outer loop
      vertex 89.1885 59.717 36.9
      vertex 88.6 60.2 36.9
      vertex 89.1543 59.8296 36.9
    endloop
  endfacet
  facet normal 0 0 -1
    outer loop
      vertex 88.6 3.8 36.9
      vertex 88.9333 3.90112 36.9
      vertex 88.8296 3.84568 36.9
    endloop
  endfacet
  facet normal 0 0 -1
    outer loop
      vertex 67.9692 7.89109 36.9
      vertex 88.6 3.8 36.9
      vertex 68 7.5 36.9
    endloop
  endfacet
  facet normal 0 0 -1
    outer loop
      vertex 88.6 3.8 36.9
      vertex 88.8296 3.84568 36.9
      vertex 88.717 3.81153 36.9
    endloop
  endfacet
  facet normal 0 0 -1
    outer loop
      vertex 89.1543 59.8296 36.9
      vertex 88.6 60.2 36.9
      vertex 89.0989 59.9333 36.9
    endloop
  endfacet
  facet normal 0 0 -1
    outer loop
      vertex 88.9333 60.0989 36.9
      vertex 88.6 60.2 36.9
      vertex 88.8296 60.1543 36.9
    endloop
  endfacet
  facet normal 0 0 -1
    outer loop
      vertex 88.8296 60.1543 36.9
      vertex 88.6 60.2 36.9
      vertex 88.717 60.1885 36.9
    endloop
  endfacet
  facet normal 0 0 -1
    outer loop
      vertex 89.0989 59.9333 36.9
      vertex 88.6 60.2 36.9
      vertex 89.0243 60.0243 36.9
    endloop
  endfacet
  facet normal 0 0 -1
    outer loop
      vertex 88.6 3.8 36.9
      vertex 67.9692 7.10891 36.9
      vertex 68 7.5 36.9
    endloop
  endfacet
  facet normal 0 0 -1
    outer loop
      vertex 88.6 3.8 36.9
      vertex 67.8776 6.72746 36.9
      vertex 67.9692 7.10891 36.9
    endloop
  endfacet
  facet normal 0 0 -1
    outer loop
      vertex 88.6 3.8 36.9
      vertex 67.7275 6.36502 36.9
      vertex 67.8776 6.72746 36.9
    endloop
  endfacet
  facet normal 0 0 -1
    outer loop
      vertex 88.6 3.8 36.9
      vertex 67.5225 6.03054 36.9
      vertex 67.7275 6.36502 36.9
    endloop
  endfacet
  facet normal 0 0 -1
    outer loop
      vertex 88.6 3.8 36.9
      vertex 67.2678 5.73223 36.9
      vertex 67.5225 6.03054 36.9
    endloop
  endfacet
  facet normal 0 0 -1
    outer loop
      vertex 88.6 3.8 36.9
      vertex 66.9695 5.47746 36.9
      vertex 67.2678 5.73223 36.9
    endloop
  endfacet
  facet normal 0 0 -1
    outer loop
      vertex 88.6 3.8 36.9
      vertex 66.635 5.27248 36.9
      vertex 66.9695 5.47746 36.9
    endloop
  endfacet
  facet normal 0 0 -1
    outer loop
      vertex 88.6 3.8 36.9
      vertex 66.2725 5.12236 36.9
      vertex 66.635 5.27248 36.9
    endloop
  endfacet
  facet normal 0 0 -1
    outer loop
      vertex 88.6 3.8 36.9
      vertex 65.8911 5.03078 36.9
      vertex 66.2725 5.12236 36.9
    endloop
  endfacet
  facet normal 0 0 -1
    outer loop
      vertex 88.6 3.8 36.9
      vertex 65.5 5 36.9
      vertex 65.8911 5.03078 36.9
    endloop
  endfacet
  facet normal 0 0 -1
    outer loop
      vertex 89.2 4.40001 36.9
      vertex 63 31 36.9
      vertex 89.2 59.6 36.9
    endloop
  endfacet
  facet normal 0 -0 -1
    outer loop
      vertex 63 31 36.9
      vertex 89.2 4.40001 36.9
      vertex 62.986 30.1973 36.9
    endloop
  endfacet
  facet normal 0 0 -1
    outer loop
      vertex 89.2 4.40001 36.9
      vertex 62.874 28.5958 36.9
      vertex 62.944 29.3956 36.9
    endloop
  endfacet
  facet normal 0 0 -1
    outer loop
      vertex 89.2 4.40001 36.9
      vertex 62.7762 27.799 36.9
      vertex 62.874 28.5958 36.9
    endloop
  endfacet
  facet normal 0 0 -1
    outer loop
      vertex 89.2 4.40001 36.9
      vertex 62.6506 27.0061 36.9
      vertex 62.7762 27.799 36.9
    endloop
  endfacet
  facet normal 0 0 -1
    outer loop
      vertex 89.2 4.40001 36.9
      vertex 62.4974 26.218 36.9
      vertex 62.6506 27.0061 36.9
    endloop
  endfacet
  facet normal 0 0 -1
    outer loop
      vertex 62.0597 11.773 36.9
      vertex 65.1089 9.96922 36.9
      vertex 62.1646 11.3928 36.9
    endloop
  endfacet
  facet normal 0 0 -1
    outer loop
      vertex 67.2678 9.26777 36.9
      vertex 62.3168 25.4358 36.9
      vertex 62.4974 26.218 36.9
    endloop
  endfacet
  facet normal 0 0 -1
    outer loop
      vertex 60.6798 8.90768 36.9
      vertex 63 7.5 36.9
      vertex 63.0308 7.10891 36.9
    endloop
  endfacet
  facet normal 0 0 -1
    outer loop
      vertex 64.0305 9.52254 36.9
      vertex 62.1646 10.6072 36.9
      vertex 62.2 11 36.9
    endloop
  endfacet
  facet normal 0 0 -1
    outer loop
      vertex 60.2953 8.81991 36.9
      vertex 63.0308 7.10891 36.9
      vertex 63.1224 6.72746 36.9
    endloop
  endfacet
  facet normal 0 0 -1
    outer loop
      vertex 63.7322 9.26777 36.9
      vertex 62.0597 10.227 36.9
      vertex 62.1646 10.6072 36.9
    endloop
  endfacet
  facet normal 0 0 -1
    outer loop
      vertex 63.4775 8.96946 36.9
      vertex 61.8886 9.87162 36.9
      vertex 62.0597 10.227 36.9
    endloop
  endfacet
  facet normal 0 0 -1
    outer loop
      vertex 63.2725 8.63498 36.9
      vertex 61.6568 9.55254 36.9
      vertex 61.8886 9.87162 36.9
    endloop
  endfacet
  facet normal 0 0 -1
    outer loop
      vertex 59.9013 8.80222 36.9
      vertex 63.1224 6.72746 36.9
      vertex 63.2725 6.36502 36.9
    endloop
  endfacet
  facet normal 0 0 -1
    outer loop
      vertex 63.1224 8.27254 36.9
      vertex 61.3717 9.27997 36.9
      vertex 61.6568 9.55254 36.9
    endloop
  endfacet
  facet normal 0 0 -1
    outer loop
      vertex 59.5105 8.85516 36.9
      vertex 63.2725 6.36502 36.9
      vertex 63.4775 6.03054 36.9
    endloop
  endfacet
  facet normal 0 0 -1
    outer loop
      vertex 63.0308 7.89109 36.9
      vertex 61.0425 9.06269 36.9
      vertex 61.3717 9.27997 36.9
    endloop
  endfacet
  facet normal 0 0 -1
    outer loop
      vertex 63 7.5 36.9
      vertex 60.6798 8.90768 36.9
      vertex 61.0425 9.06269 36.9
    endloop
  endfacet
  facet normal 0 0 -1
    outer loop
      vertex 59.1353 8.97704 36.9
      vertex 63.4775 6.03054 36.9
      vertex 63.7322 5.73223 36.9
    endloop
  endfacet
  facet normal 0 0 -1
    outer loop
      vertex 63.0308 7.10891 36.9
      vertex 60.2953 8.81991 36.9
      vertex 60.6798 8.90768 36.9
    endloop
  endfacet
  facet normal 0 0 -1
    outer loop
      vertex 63.1224 6.72746 36.9
      vertex 59.9013 8.80222 36.9
      vertex 60.2953 8.81991 36.9
    endloop
  endfacet
  facet normal 0 0 -1
    outer loop
      vertex 47.1074 9.1257 36.9
      vertex 63.7322 5.73223 36.9
      vertex 64.0305 5.47746 36.9
    endloop
  endfacet
  facet normal 0 0 -1
    outer loop
      vertex 63.2725 6.36502 36.9
      vertex 59.5105 8.85516 36.9
      vertex 59.9013 8.80222 36.9
    endloop
  endfacet
  facet normal 0 0 -1
    outer loop
      vertex 63.4775 6.03054 36.9
      vertex 59.1353 8.97704 36.9
      vertex 59.5105 8.85516 36.9
    endloop
  endfacet
  facet normal 0 0 -1
    outer loop
      vertex 63.7322 5.73223 36.9
      vertex 47.8665 9.38707 36.9
      vertex 59.1353 8.97704 36.9
    endloop
  endfacet
  facet normal 0 0 -1
    outer loop
      vertex 54.1602 12.8758 36.9
      vertex 57.8089 11.1972 36.9
      vertex 57.8089 10.8028 36.9
    endloop
  endfacet
  facet normal 0 0 -1
    outer loop
      vertex 59.1353 13.023 36.9
      vertex 57.0923 15.61 36.9
      vertex 57.619 16.2159 36.9
    endloop
  endfacet
  facet normal 0 0 -1
    outer loop
      vertex 58.788 12.8361 36.9
      vertex 56.5448 15.0229 36.9
      vertex 57.0923 15.61 36.9
    endloop
  endfacet
  facet normal 0 0 -1
    outer loop
      vertex 53.5191 12.3926 36.9
      vertex 57.8089 10.8028 36.9
      vertex 57.8793 10.4147 36.9
    endloop
  endfacet
  facet normal 0 0 -1
    outer loop
      vertex 58.4797 12.5901 36.9
      vertex 55.9771 14.4552 36.9
      vertex 56.5448 15.0229 36.9
    endloop
  endfacet
  facet normal 0 0 -1
    outer loop
      vertex 52.8614 11.9321 36.9
      vertex 57.8793 10.4147 36.9
      vertex 58.0179 10.0455 36.9
    endloop
  endfacet
  facet normal 0 0 -1
    outer loop
      vertex 58.2202 12.2931 36.9
      vertex 55.39 13.9077 36.9
      vertex 55.9771 14.4552 36.9
    endloop
  endfacet
  facet normal 0 0 -1
    outer loop
      vertex 52.1881 11.4949 36.9
      vertex 58.0179 10.0455 36.9
      vertex 58.2202 9.70687 36.9
    endloop
  endfacet
  facet normal 0 0 -1
    outer loop
      vertex 57.8793 11.5853 36.9
      vertex 54.7841 13.381 36.9
      vertex 55.39 13.9077 36.9
    endloop
  endfacet
  facet normal 0 0 -1
    outer loop
      vertex 50.7978 10.6922 36.9
      vertex 58.2202 9.70687 36.9
      vertex 58.4797 9.40985 36.9
    endloop
  endfacet
  facet normal 0 0 -1
    outer loop
      vertex 57.8089 11.1972 36.9
      vertex 54.1602 12.8758 36.9
      vertex 54.7841 13.381 36.9
    endloop
  endfacet
  facet normal 0 0 -1
    outer loop
      vertex 57.8089 10.8028 36.9
      vertex 53.5191 12.3926 36.9
      vertex 54.1602 12.8758 36.9
    endloop
  endfacet
  facet normal 0 0 -1
    outer loop
      vertex 50.0825 10.3277 36.9
      vertex 58.4797 9.40985 36.9
      vertex 58.788 9.16394 36.9
    endloop
  endfacet
  facet normal 0 -0 -1
    outer loop
      vertex 48.616 9.67477 36.9
      vertex 59.1353 8.97704 36.9
      vertex 47.8665 9.38707 36.9
    endloop
  endfacet
  facet normal 0 0 -1
    outer loop
      vertex 57.8793 10.4147 36.9
      vertex 52.8614 11.9321 36.9
      vertex 53.5191 12.3926 36.9
    endloop
  endfacet
  facet normal 0 0 -1
    outer loop
      vertex 44.782 8.50261 36.9
      vertex 64.0305 5.47746 36.9
      vertex 64.365 5.27248 36.9
    endloop
  endfacet
  facet normal 0 0 -1
    outer loop
      vertex 58.0179 10.0455 36.9
      vertex 52.1881 11.4949 36.9
      vertex 52.8614 11.9321 36.9
    endloop
  endfacet
  facet normal 0 0 -1
    outer loop
      vertex 58.2202 9.70687 36.9
      vertex 51.5 11.0814 36.9
      vertex 52.1881 11.4949 36.9
    endloop
  endfacet
  facet normal 0 0 -1
    outer loop
      vertex 58.2202 9.70687 36.9
      vertex 50.7978 10.6922 36.9
      vertex 51.5 11.0814 36.9
    endloop
  endfacet
  facet normal 0 0 -1
    outer loop
      vertex 43.201 8.22383 36.9
      vertex 64.365 5.27248 36.9
      vertex 64.7275 5.12236 36.9
    endloop
  endfacet
  facet normal 0 0 -1
    outer loop
      vertex 58.4797 9.40985 36.9
      vertex 50.0825 10.3277 36.9
      vertex 50.7978 10.6922 36.9
    endloop
  endfacet
  facet normal 0 0 -1
    outer loop
      vertex 58.788 9.16394 36.9
      vertex 49.3549 9.98845 36.9
      vertex 50.0825 10.3277 36.9
    endloop
  endfacet
  facet normal 0 0 -1
    outer loop
      vertex 58.788 9.16394 36.9
      vertex 48.616 9.67477 36.9
      vertex 49.3549 9.98845 36.9
    endloop
  endfacet
  facet normal 0 0 -1
    outer loop
      vertex 59.1353 8.97704 36.9
      vertex 48.616 9.67477 36.9
      vertex 58.788 9.16394 36.9
    endloop
  endfacet
  facet normal 0 0 -1
    outer loop
      vertex 63.7322 5.73223 36.9
      vertex 47.1074 9.1257 36.9
      vertex 47.8665 9.38707 36.9
    endloop
  endfacet
  facet normal 0 0 -1
    outer loop
      vertex 40 8 36.9
      vertex 64.7275 5.12236 36.9
      vertex 65.1089 5.03078 36.9
    endloop
  endfacet
  facet normal 0 0 -1
    outer loop
      vertex 64.0305 5.47746 36.9
      vertex 46.3397 8.89098 36.9
      vertex 47.1074 9.1257 36.9
    endloop
  endfacet
  facet normal 0 0 -1
    outer loop
      vertex 64.0305 5.47746 36.9
      vertex 45.5642 8.6832 36.9
      vertex 46.3397 8.89098 36.9
    endloop
  endfacet
  facet normal 0 0 -1
    outer loop
      vertex 64.0305 5.47746 36.9
      vertex 44.782 8.50261 36.9
      vertex 45.5642 8.6832 36.9
    endloop
  endfacet
  facet normal 0 0 -1
    outer loop
      vertex 64.365 5.27248 36.9
      vertex 43.9939 8.34942 36.9
      vertex 44.782 8.50261 36.9
    endloop
  endfacet
  facet normal 0 0 -1
    outer loop
      vertex 64.365 5.27248 36.9
      vertex 43.201 8.22383 36.9
      vertex 43.9939 8.34942 36.9
    endloop
  endfacet
  facet normal 0 0 -1
    outer loop
      vertex 64.7275 5.12236 36.9
      vertex 42.4042 8.126 36.9
      vertex 43.201 8.22383 36.9
    endloop
  endfacet
  facet normal 0 0 -1
    outer loop
      vertex 64.7275 5.12236 36.9
      vertex 41.6044 8.05603 36.9
      vertex 42.4042 8.126 36.9
    endloop
  endfacet
  facet normal 0 0 -1
    outer loop
      vertex 64.7275 5.12236 36.9
      vertex 40.8027 8.01401 36.9
      vertex 41.6044 8.05603 36.9
    endloop
  endfacet
  facet normal 0 0 -1
    outer loop
      vertex 64.7275 5.12236 36.9
      vertex 40 8 36.9
      vertex 40.8027 8.01401 36.9
    endloop
  endfacet
  facet normal 0 0 -1
    outer loop
      vertex 65.1089 5.03078 36.9
      vertex 39.1973 8.01401 36.9
      vertex 40 8 36.9
    endloop
  endfacet
  facet normal 0 0 -1
    outer loop
      vertex 4.40001 3.8 36.9
      vertex 39.1973 8.01401 36.9
      vertex 65.1089 5.03078 36.9
    endloop
  endfacet
  facet normal -0 0 -1
    outer loop
      vertex 39.1973 8.01401 36.9
      vertex 4.40001 3.8 36.9
      vertex 38.3956 8.05603 36.9
    endloop
  endfacet
  facet normal -0 0 -1
    outer loop
      vertex 24.61 13.9077 36.9
      vertex 21.8886 12.1284 36.9
      vertex 24.0229 14.4552 36.9
    endloop
  endfacet
  facet normal 0 0 -1
    outer loop
      vertex 21.8886 12.1284 36.9
      vertex 24.61 13.9077 36.9
      vertex 22.0597 11.773 36.9
    endloop
  endfacet
  facet normal -0 0 -1
    outer loop
      vertex 25.2159 13.381 36.9
      vertex 22.0597 11.773 36.9
      vertex 24.61 13.9077 36.9
    endloop
  endfacet
  facet normal 0 0 -1
    outer loop
      vertex 22.0597 11.773 36.9
      vertex 25.2159 13.381 36.9
      vertex 22.1646 11.3928 36.9
    endloop
  endfacet
  facet normal -0 0 -1
    outer loop
      vertex 25.8398 12.8758 36.9
      vertex 22.1646 11.3928 36.9
      vertex 25.2159 13.381 36.9
    endloop
  endfacet
  facet normal 0 0 -1
    outer loop
      vertex 22.1646 11.3928 36.9
      vertex 25.8398 12.8758 36.9
      vertex 22.2 11 36.9
    endloop
  endfacet
  facet normal -0 0 -1
    outer loop
      vertex 26.4809 12.3926 36.9
      vertex 22.2 11 36.9
      vertex 25.8398 12.8758 36.9
    endloop
  endfacet
  facet normal 0 0 -1
    outer loop
      vertex 22.1646 10.6072 36.9
      vertex 26.4809 12.3926 36.9
      vertex 27.1386 11.9321 36.9
    endloop
  endfacet
  facet normal 0 0 -1
    outer loop
      vertex 22.0597 10.227 36.9
      vertex 27.1386 11.9321 36.9
      vertex 27.8119 11.4949 36.9
    endloop
  endfacet
  facet normal 0 0 -1
    outer loop
      vertex 21.8886 9.87162 36.9
      vertex 27.8119 11.4949 36.9
      vertex 28.5 11.0814 36.9
    endloop
  endfacet
  facet normal 0 0 -1
    outer loop
      vertex 21.6568 9.55254 36.9
      vertex 28.5 11.0814 36.9
      vertex 29.2022 10.6922 36.9
    endloop
  endfacet
  facet normal 0 0 -1
    outer loop
      vertex 21.3717 9.27997 36.9
      vertex 29.2022 10.6922 36.9
      vertex 29.9175 10.3277 36.9
    endloop
  endfacet
  facet normal 0 0 -1
    outer loop
      vertex 21.3717 9.27997 36.9
      vertex 29.9175 10.3277 36.9
      vertex 30.6451 9.98845 36.9
    endloop
  endfacet
  facet normal 0 0 -1
    outer loop
      vertex 21.0425 9.06269 36.9
      vertex 30.6451 9.98845 36.9
      vertex 31.384 9.67477 36.9
    endloop
  endfacet
  facet normal 0 0 -1
    outer loop
      vertex 21.0425 9.06269 36.9
      vertex 31.384 9.67477 36.9
      vertex 32.1335 9.38707 36.9
    endloop
  endfacet
  facet normal 0 0 -1
    outer loop
      vertex 20.6798 8.90768 36.9
      vertex 32.1335 9.38707 36.9
      vertex 32.8926 9.1257 36.9
    endloop
  endfacet
  facet normal 0 0 -1
    outer loop
      vertex 20.6798 8.90768 36.9
      vertex 32.8926 9.1257 36.9
      vertex 33.6603 8.89098 36.9
    endloop
  endfacet
  facet normal 0 0 -1
    outer loop
      vertex 20.6798 8.90768 36.9
      vertex 33.6603 8.89098 36.9
      vertex 34.4358 8.6832 36.9
    endloop
  endfacet
  facet normal 0 0 -1
    outer loop
      vertex 20.2953 8.81991 36.9
      vertex 34.4358 8.6832 36.9
      vertex 35.218 8.50261 36.9
    endloop
  endfacet
  facet normal 0 0 -1
    outer loop
      vertex 8.63498 5.27248 36.9
      vertex 35.218 8.50261 36.9
      vertex 36.0061 8.34942 36.9
    endloop
  endfacet
  facet normal 0 0 -1
    outer loop
      vertex 26.4809 12.3926 36.9
      vertex 22.1646 10.6072 36.9
      vertex 22.2 11 36.9
    endloop
  endfacet
  facet normal 0 0 -1
    outer loop
      vertex 27.1386 11.9321 36.9
      vertex 22.0597 10.227 36.9
      vertex 22.1646 10.6072 36.9
    endloop
  endfacet
  facet normal 0 0 -1
    outer loop
      vertex 8.27254 5.12236 36.9
      vertex 36.0061 8.34942 36.9
      vertex 36.799 8.22383 36.9
    endloop
  endfacet
  facet normal 0 0 -1
    outer loop
      vertex 27.8119 11.4949 36.9
      vertex 21.8886 9.87162 36.9
      vertex 22.0597 10.227 36.9
    endloop
  endfacet
  facet normal 0 0 -1
    outer loop
      vertex 8.27254 5.12236 36.9
      vertex 36.799 8.22383 36.9
      vertex 37.5958 8.126 36.9
    endloop
  endfacet
  facet normal -0 0 -1
    outer loop
      vertex 38.3956 8.05603 36.9
      vertex 4.40001 3.8 36.9
      vertex 37.5958 8.126 36.9
    endloop
  endfacet
  facet normal 0 0 -1
    outer loop
      vertex 28.5 11.0814 36.9
      vertex 21.6568 9.55254 36.9
      vertex 21.8886 9.87162 36.9
    endloop
  endfacet
  facet normal 0 0 -1
    outer loop
      vertex 29.2022 10.6922 36.9
      vertex 21.3717 9.27997 36.9
      vertex 21.6568 9.55254 36.9
    endloop
  endfacet
  facet normal 0 0 -1
    outer loop
      vertex 30.6451 9.98845 36.9
      vertex 21.0425 9.06269 36.9
      vertex 21.3717 9.27997 36.9
    endloop
  endfacet
  facet normal 0 0 -1
    outer loop
      vertex 32.1335 9.38707 36.9
      vertex 20.6798 8.90768 36.9
      vertex 21.0425 9.06269 36.9
    endloop
  endfacet
  facet normal 0 0 -1
    outer loop
      vertex 34.4358 8.6832 36.9
      vertex 20.2953 8.81991 36.9
      vertex 20.6798 8.90768 36.9
    endloop
  endfacet
  facet normal 0 0 -1
    outer loop
      vertex 36.0061 8.34942 36.9
      vertex 8.27254 5.12236 36.9
      vertex 8.63498 5.27248 36.9
    endloop
  endfacet
  facet normal 0 0 -1
    outer loop
      vertex 9.87764 8.27254 36.9
      vertex 17.8793 10.4147 36.9
      vertex 9.96922 7.89109 36.9
    endloop
  endfacet
  facet normal -0 0 -1
    outer loop
      vertex 18.0179 11.9545 36.9
      vertex 8.63498 9.72752 36.9
      vertex 18.2202 12.2931 36.9
    endloop
  endfacet
  facet normal -0 0 -1
    outer loop
      vertex 18.2202 12.2931 36.9
      vertex 8.63498 9.72752 36.9
      vertex 19.3277 20.9175 36.9
    endloop
  endfacet
  facet normal 0 0 -1
    outer loop
      vertex 8.27254 9.87764 36.9
      vertex 19.3277 20.9175 36.9
      vertex 8.63498 9.72752 36.9
    endloop
  endfacet
  facet normal -0 0 -1
    outer loop
      vertex 19.3277 20.9175 36.9
      vertex 8.27254 9.87764 36.9
      vertex 18.9885 21.6451 36.9
    endloop
  endfacet
  facet normal -0 0 -1
    outer loop
      vertex 18.9885 21.6451 36.9
      vertex 8.27254 9.87764 36.9
      vertex 18.6748 22.384 36.9
    endloop
  endfacet
  facet normal 0 0 -1
    outer loop
      vertex 7.89109 9.96922 36.9
      vertex 18.6748 22.384 36.9
      vertex 8.27254 9.87764 36.9
    endloop
  endfacet
  facet normal -0 0 -1
    outer loop
      vertex 18.3871 23.1335 36.9
      vertex 7.89109 9.96922 36.9
      vertex 18.1257 23.8926 36.9
    endloop
  endfacet
  facet normal -0 0 -1
    outer loop
      vertex 18.6748 22.384 36.9
      vertex 7.89109 9.96922 36.9
      vertex 18.3871 23.1335 36.9
    endloop
  endfacet
  facet normal 0 0 -1
    outer loop
      vertex 17.8089 51.1972 36.9
      vertex 13.6018 55.5382 36.9
      vertex 13.99 55.5 36.9
    endloop
  endfacet
  facet normal 0 0 -1
    outer loop
      vertex 17.8089 50.8028 36.9
      vertex 13.6018 55.5382 36.9
      vertex 17.8089 51.1972 36.9
    endloop
  endfacet
  facet normal -0 -0 -1
    outer loop
      vertex 13.6018 55.5382 36.9
      vertex 17.8089 50.8028 36.9
      vertex 13.2285 55.6515 36.9
    endloop
  endfacet
  facet normal 0 0 -1
    outer loop
      vertex 13.2285 55.6515 36.9
      vertex 10 56.5 36.9
      vertex 12.8844 55.8354 36.9
    endloop
  endfacet
  facet normal 0 0 -1
    outer loop
      vertex 12.8844 55.8354 36.9
      vertex 10 56.5 36.9
      vertex 12.5829 56.0829 36.9
    endloop
  endfacet
  facet normal 0 0 -1
    outer loop
      vertex 12.5829 56.0829 36.9
      vertex 10 56.5 36.9
      vertex 12.3354 56.3844 36.9
    endloop
  endfacet
  facet normal 0 0 -1
    outer loop
      vertex 12.3354 56.3844 36.9
      vertex 10 56.5 36.9
      vertex 12.1515 56.7285 36.9
    endloop
  endfacet
  facet normal 0 0 -1
    outer loop
      vertex 9.96922 56.8911 36.9
      vertex 12.0382 57.1018 36.9
      vertex 10 56.5 36.9
    endloop
  endfacet
  facet normal -0 0 -1
    outer loop
      vertex 12.1515 56.7285 36.9
      vertex 10 56.5 36.9
      vertex 12.0382 57.1018 36.9
    endloop
  endfacet
  facet normal 0 0 -1
    outer loop
      vertex 7.5 10 36.9
      vertex 18.1257 23.8926 36.9
      vertex 7.89109 9.96922 36.9
    endloop
  endfacet
  facet normal -0 0 -1
    outer loop
      vertex 18.0179 10.0455 36.9
      vertex 9.96922 7.89109 36.9
      vertex 17.8793 10.4147 36.9
    endloop
  endfacet
  facet normal 0 0 -1
    outer loop
      vertex 9.96922 7.89109 36.9
      vertex 18.0179 10.0455 36.9
      vertex 10 7.5 36.9
    endloop
  endfacet
  facet normal -0 0 -1
    outer loop
      vertex 18.2202 9.70687 36.9
      vertex 10 7.5 36.9
      vertex 18.0179 10.0455 36.9
    endloop
  endfacet
  facet normal 0 0 -1
    outer loop
      vertex 9.96922 7.10891 36.9
      vertex 18.2202 9.70687 36.9
      vertex 18.4797 9.40985 36.9
    endloop
  endfacet
  facet normal 0 0 -1
    outer loop
      vertex 9.87764 6.72746 36.9
      vertex 18.4797 9.40985 36.9
      vertex 18.788 9.16394 36.9
    endloop
  endfacet
  facet normal 0 0 -1
    outer loop
      vertex 9.72752 6.36502 36.9
      vertex 18.788 9.16394 36.9
      vertex 19.1353 8.97704 36.9
    endloop
  endfacet
  facet normal 0 0 -1
    outer loop
      vertex 9.52254 6.03054 36.9
      vertex 19.1353 8.97704 36.9
      vertex 19.5105 8.85516 36.9
    endloop
  endfacet
  facet normal 0 0 -1
    outer loop
      vertex 9.26777 5.73223 36.9
      vertex 19.5105 8.85516 36.9
      vertex 19.9013 8.80222 36.9
    endloop
  endfacet
  facet normal 0 0 -1
    outer loop
      vertex 20.2953 8.81991 36.9
      vertex 8.63498 5.27248 36.9
      vertex 19.9013 8.80222 36.9
    endloop
  endfacet
  facet normal 0 0 -1
    outer loop
      vertex 4.40001 3.8 36.9
      vertex 65.1089 5.03078 36.9
      vertex 65.5 5 36.9
    endloop
  endfacet
  facet normal 0 0 -1
    outer loop
      vertex 4.40001 3.8 36.9
      vertex 65.5 5 36.9
      vertex 88.6 3.8 36.9
    endloop
  endfacet
  facet normal 0 0 -1
    outer loop
      vertex 18.2202 9.70687 36.9
      vertex 9.96922 7.10891 36.9
      vertex 10 7.5 36.9
    endloop
  endfacet
  facet normal 0 0 -1
    outer loop
      vertex 18.4797 9.40985 36.9
      vertex 9.87764 6.72746 36.9
      vertex 9.96922 7.10891 36.9
    endloop
  endfacet
  facet normal 0 0 -1
    outer loop
      vertex 18.788 9.16394 36.9
      vertex 9.72752 6.36502 36.9
      vertex 9.87764 6.72746 36.9
    endloop
  endfacet
  facet normal 0 0 -1
    outer loop
      vertex 19.1353 8.97704 36.9
      vertex 9.52254 6.03054 36.9
      vertex 9.72752 6.36502 36.9
    endloop
  endfacet
  facet normal 0 0 -1
    outer loop
      vertex 19.5105 8.85516 36.9
      vertex 9.26777 5.73223 36.9
      vertex 9.52254 6.03054 36.9
    endloop
  endfacet
  facet normal 0 0 -1
    outer loop
      vertex 19.9013 8.80222 36.9
      vertex 8.96946 5.47746 36.9
      vertex 9.26777 5.73223 36.9
    endloop
  endfacet
  facet normal 0 0 -1
    outer loop
      vertex 19.9013 8.80222 36.9
      vertex 8.63498 5.27248 36.9
      vertex 8.96946 5.47746 36.9
    endloop
  endfacet
  facet normal -0 0 -1
    outer loop
      vertex 35.218 8.50261 36.9
      vertex 8.63498 5.27248 36.9
      vertex 20.2953 8.81991 36.9
    endloop
  endfacet
  facet normal 0 0 -1
    outer loop
      vertex 37.5958 8.126 36.9
      vertex 4.40001 3.8 36.9
      vertex 8.27254 5.12236 36.9
    endloop
  endfacet
  facet normal 0 0 -1
    outer loop
      vertex 8.27254 5.12236 36.9
      vertex 4.40001 3.8 36.9
      vertex 7.89109 5.03078 36.9
    endloop
  endfacet
  facet normal -0 0 -1
    outer loop
      vertex 5.03078 7.10891 36.9
      vertex 3.8 4.40001 36.9
      vertex 5 7.5 36.9
    endloop
  endfacet
  facet normal -0 0 -1
    outer loop
      vertex 5.12236 6.72746 36.9
      vertex 3.8 4.40001 36.9
      vertex 5.03078 7.10891 36.9
    endloop
  endfacet
  facet normal -0 0 -1
    outer loop
      vertex 5.27248 6.36502 36.9
      vertex 3.8 4.40001 36.9
      vertex 5.12236 6.72746 36.9
    endloop
  endfacet
  facet normal -0 0 -1
    outer loop
      vertex 5.47746 6.03054 36.9
      vertex 3.8 4.40001 36.9
      vertex 5.27248 6.36502 36.9
    endloop
  endfacet
  facet normal -0 0 -1
    outer loop
      vertex 5.73223 5.73223 36.9
      vertex 3.8 4.40001 36.9
      vertex 5.47746 6.03054 36.9
    endloop
  endfacet
  facet normal 0 0 -1
    outer loop
      vertex 3.8 4.40001 36.9
      vertex 5.73223 5.73223 36.9
      vertex 4.40001 3.8 36.9
    endloop
  endfacet
  facet normal -0 0 -1
    outer loop
      vertex 6.03054 5.47746 36.9
      vertex 4.40001 3.8 36.9
      vertex 5.73223 5.73223 36.9
    endloop
  endfacet
  facet normal -0 0 -1
    outer loop
      vertex 6.36502 5.27248 36.9
      vertex 4.40001 3.8 36.9
      vertex 6.03054 5.47746 36.9
    endloop
  endfacet
  facet normal -0 0 -1
    outer loop
      vertex 6.72746 5.12236 36.9
      vertex 4.40001 3.8 36.9
      vertex 6.36502 5.27248 36.9
    endloop
  endfacet
  facet normal -0 0 -1
    outer loop
      vertex 7.10891 5.03078 36.9
      vertex 4.40001 3.8 36.9
      vertex 6.72746 5.12236 36.9
    endloop
  endfacet
  facet normal -0 0 -1
    outer loop
      vertex 7.5 5 36.9
      vertex 4.40001 3.8 36.9
      vertex 7.10891 5.03078 36.9
    endloop
  endfacet
  facet normal 0 0 -1
    outer loop
      vertex 7.89109 5.03078 36.9
      vertex 4.40001 3.8 36.9
      vertex 7.5 5 36.9
    endloop
  endfacet
  facet normal 0 0 -1
    outer loop
      vertex 89.0243 60.0243 36.9
      vertex 88.6 60.2 36.9
      vertex 88.9333 60.0989 36.9
    endloop
  endfacet
  facet normal 0 0 -1
    outer loop
      vertex 67.9692 56.8911 36.9
      vertex 88.6 60.2 36.9
      vertex 68 56.5 36.9
    endloop
  endfacet
  facet normal 0 0 -1
    outer loop
      vertex 67.8776 57.2725 36.9
      vertex 88.6 60.2 36.9
      vertex 67.9692 56.8911 36.9
    endloop
  endfacet
  facet normal 0 0 -1
    outer loop
      vertex 67.7275 57.635 36.9
      vertex 88.6 60.2 36.9
      vertex 67.8776 57.2725 36.9
    endloop
  endfacet
  facet normal 0 0 -1
    outer loop
      vertex 67.5225 57.9695 36.9
      vertex 88.6 60.2 36.9
      vertex 67.7275 57.635 36.9
    endloop
  endfacet
  facet normal 0 0 -1
    outer loop
      vertex 67.2678 58.2678 36.9
      vertex 88.6 60.2 36.9
      vertex 67.5225 57.9695 36.9
    endloop
  endfacet
  facet normal 0 0 -1
    outer loop
      vertex 66.9695 58.5225 36.9
      vertex 88.6 60.2 36.9
      vertex 67.2678 58.2678 36.9
    endloop
  endfacet
  facet normal 0 0 -1
    outer loop
      vertex 66.635 58.7275 36.9
      vertex 88.6 60.2 36.9
      vertex 66.9695 58.5225 36.9
    endloop
  endfacet
  facet normal 0 0 -1
    outer loop
      vertex 66.2725 58.8776 36.9
      vertex 88.6 60.2 36.9
      vertex 66.635 58.7275 36.9
    endloop
  endfacet
  facet normal 0 0 -1
    outer loop
      vertex 65.8911 58.9692 36.9
      vertex 88.6 60.2 36.9
      vertex 66.2725 58.8776 36.9
    endloop
  endfacet
  facet normal 0 0 -1
    outer loop
      vertex 65.5 59 36.9
      vertex 88.6 60.2 36.9
      vertex 65.8911 58.9692 36.9
    endloop
  endfacet
  facet normal 0 0 -1
    outer loop
      vertex 62.0597 51.773 36.9
      vertex 64.7275 54.1224 36.9
      vertex 62.1646 51.3928 36.9
    endloop
  endfacet
  facet normal -0 0 -1
    outer loop
      vertex 64.7275 54.1224 36.9
      vertex 62.0597 51.773 36.9
      vertex 64.365 54.2725 36.9
    endloop
  endfacet
  facet normal 0 0 -1
    outer loop
      vertex 61.6568 52.4475 36.9
      vertex 64.0305 54.4775 36.9
      vertex 61.8886 52.1284 36.9
    endloop
  endfacet
  facet normal -0 0 -1
    outer loop
      vertex 64.0305 54.4775 36.9
      vertex 61.6568 52.4475 36.9
      vertex 63.7322 54.7322 36.9
    endloop
  endfacet
  facet normal -0 0 -1
    outer loop
      vertex 64.365 54.2725 36.9
      vertex 61.8886 52.1284 36.9
      vertex 64.0305 54.4775 36.9
    endloop
  endfacet
  facet normal 0 0 -1
    outer loop
      vertex 61.8886 52.1284 36.9
      vertex 64.365 54.2725 36.9
      vertex 62.0597 51.773 36.9
    endloop
  endfacet
  facet normal 0 0 -1
    outer loop
      vertex 61.3717 52.72 36.9
      vertex 63.7322 54.7322 36.9
      vertex 61.6568 52.4475 36.9
    endloop
  endfacet
  facet normal -0 0 -1
    outer loop
      vertex 63.7322 54.7322 36.9
      vertex 61.3717 52.72 36.9
      vertex 63.4775 55.0305 36.9
    endloop
  endfacet
  facet normal 0 0 -1
    outer loop
      vertex 61.0425 52.9373 36.9
      vertex 63.4775 55.0305 36.9
      vertex 61.3717 52.72 36.9
    endloop
  endfacet
  facet normal -0 0 -1
    outer loop
      vertex 63.4775 55.0305 36.9
      vertex 61.0425 52.9373 36.9
      vertex 63.2725 55.365 36.9
    endloop
  endfacet
  facet normal 0 0 -1
    outer loop
      vertex 60.6798 53.0923 36.9
      vertex 63.2725 55.365 36.9
      vertex 61.0425 52.9373 36.9
    endloop
  endfacet
  facet normal -0 0 -1
    outer loop
      vertex 63.2725 55.365 36.9
      vertex 60.6798 53.0923 36.9
      vertex 63.1224 55.7275 36.9
    endloop
  endfacet
  facet normal 0 0 -1
    outer loop
      vertex 60.2953 53.1801 36.9
      vertex 63.1224 55.7275 36.9
      vertex 60.6798 53.0923 36.9
    endloop
  endfacet
  facet normal -0 0 -1
    outer loop
      vertex 63.1224 55.7275 36.9
      vertex 60.2953 53.1801 36.9
      vertex 63.0308 56.1089 36.9
    endloop
  endfacet
  facet normal 0 0 -1
    outer loop
      vertex 59.9013 53.1978 36.9
      vertex 63.0308 56.1089 36.9
      vertex 60.2953 53.1801 36.9
    endloop
  endfacet
  facet normal -0 0 -1
    outer loop
      vertex 63.0308 56.1089 36.9
      vertex 59.9013 53.1978 36.9
      vertex 63 56.5 36.9
    endloop
  endfacet
  facet normal -0 0 -1
    outer loop
      vertex 63 56.5 36.9
      vertex 59.9013 53.1978 36.9
      vertex 63.0308 56.8911 36.9
    endloop
  endfacet
  facet normal 0 0 -1
    outer loop
      vertex 59.5105 53.1448 36.9
      vertex 63.0308 56.8911 36.9
      vertex 59.9013 53.1978 36.9
    endloop
  endfacet
  facet normal -0 0 -1
    outer loop
      vertex 63.0308 56.8911 36.9
      vertex 59.5105 53.1448 36.9
      vertex 63.1224 57.2725 36.9
    endloop
  endfacet
  facet normal 0 0 -1
    outer loop
      vertex 59.1353 53.023 36.9
      vertex 63.1224 57.2725 36.9
      vertex 59.5105 53.1448 36.9
    endloop
  endfacet
  facet normal -0 0 -1
    outer loop
      vertex 63.1224 57.2725 36.9
      vertex 59.1353 53.023 36.9
      vertex 63.2725 57.635 36.9
    endloop
  endfacet
  facet normal 0 0 -1
    outer loop
      vertex 58.788 52.8361 36.9
      vertex 63.2725 57.635 36.9
      vertex 59.1353 53.023 36.9
    endloop
  endfacet
  facet normal 0 0 -1
    outer loop
      vertex 48.616 52.3252 36.9
      vertex 63.2725 57.635 36.9
      vertex 58.788 52.8361 36.9
    endloop
  endfacet
  facet normal 0 0 -1
    outer loop
      vertex 47.8665 52.6129 36.9
      vertex 63.2725 57.635 36.9
      vertex 48.616 52.3252 36.9
    endloop
  endfacet
  facet normal 0 0 -1
    outer loop
      vertex 50.0825 51.6723 36.9
      vertex 58.788 52.8361 36.9
      vertex 58.4797 52.5901 36.9
    endloop
  endfacet
  facet normal -0 0 -1
    outer loop
      vertex 58.2202 49.7069 36.9
      vertex 55.39 48.0923 36.9
      vertex 58.0179 50.0455 36.9
    endloop
  endfacet
  facet normal -0 0 -1
    outer loop
      vertex 58.0179 50.0455 36.9
      vertex 55.39 48.0923 36.9
      vertex 57.8793 50.4147 36.9
    endloop
  endfacet
  facet normal 0 0 -1
    outer loop
      vertex 54.7841 48.619 36.9
      vertex 57.8793 50.4147 36.9
      vertex 55.39 48.0923 36.9
    endloop
  endfacet
  facet normal -0 0 -1
    outer loop
      vertex 57.8793 50.4147 36.9
      vertex 54.7841 48.619 36.9
      vertex 57.8089 50.8028 36.9
    endloop
  endfacet
  facet normal 0 0 -1
    outer loop
      vertex 54.1602 49.1242 36.9
      vertex 57.8089 50.8028 36.9
      vertex 54.7841 48.619 36.9
    endloop
  endfacet
  facet normal -0 0 -1
    outer loop
      vertex 57.8089 50.8028 36.9
      vertex 54.1602 49.1242 36.9
      vertex 57.8089 51.1972 36.9
    endloop
  endfacet
  facet normal 0 0 -1
    outer loop
      vertex 53.5191 49.6074 36.9
      vertex 57.8089 51.1972 36.9
      vertex 54.1602 49.1242 36.9
    endloop
  endfacet
  facet normal -0 0 -1
    outer loop
      vertex 57.8089 51.1972 36.9
      vertex 53.5191 49.6074 36.9
      vertex 57.8793 51.5853 36.9
    endloop
  endfacet
  facet normal 0 0 -1
    outer loop
      vertex 52.8614 50.0679 36.9
      vertex 57.8793 51.5853 36.9
      vertex 53.5191 49.6074 36.9
    endloop
  endfacet
  facet normal -0 0 -1
    outer loop
      vertex 57.8793 51.5853 36.9
      vertex 52.8614 50.0679 36.9
      vertex 58.0179 51.9545 36.9
    endloop
  endfacet
  facet normal 0 0 -1
    outer loop
      vertex 52.1881 50.5051 36.9
      vertex 58.0179 51.9545 36.9
      vertex 52.8614 50.0679 36.9
    endloop
  endfacet
  facet normal -0 0 -1
    outer loop
      vertex 58.0179 51.9545 36.9
      vertex 52.1881 50.5051 36.9
      vertex 58.2202 52.2931 36.9
    endloop
  endfacet
  facet normal 0 0 -1
    outer loop
      vertex 51.5 50.9186 36.9
      vertex 58.2202 52.2931 36.9
      vertex 52.1881 50.5051 36.9
    endloop
  endfacet
  facet normal 0 0 -1
    outer loop
      vertex 50.7978 51.3078 36.9
      vertex 58.2202 52.2931 36.9
      vertex 51.5 50.9186 36.9
    endloop
  endfacet
  facet normal -0 0 -1
    outer loop
      vertex 58.2202 52.2931 36.9
      vertex 50.7978 51.3078 36.9
      vertex 58.4797 52.5901 36.9
    endloop
  endfacet
  facet normal 0 0 -1
    outer loop
      vertex 50.0825 51.6723 36.9
      vertex 58.4797 52.5901 36.9
      vertex 50.7978 51.3078 36.9
    endloop
  endfacet
  facet normal 0 0 -1
    outer loop
      vertex 58.788 52.8361 36.9
      vertex 50.0825 51.6723 36.9
      vertex 49.3549 52.0115 36.9
    endloop
  endfacet
  facet normal 0 0 -1
    outer loop
      vertex 58.788 52.8361 36.9
      vertex 49.3549 52.0115 36.9
      vertex 48.616 52.3252 36.9
    endloop
  endfacet
  facet normal -0 0 -1
    outer loop
      vertex 63.2725 57.635 36.9
      vertex 47.8665 52.6129 36.9
      vertex 63.4775 57.9695 36.9
    endloop
  endfacet
  facet normal 0 0 -1
    outer loop
      vertex 47.1074 52.8743 36.9
      vertex 63.4775 57.9695 36.9
      vertex 47.8665 52.6129 36.9
    endloop
  endfacet
  facet normal 0 0 -1
    outer loop
      vertex 46.3397 53.109 36.9
      vertex 63.4775 57.9695 36.9
      vertex 47.1074 52.8743 36.9
    endloop
  endfacet
  facet normal -0 0 -1
    outer loop
      vertex 63.4775 57.9695 36.9
      vertex 46.3397 53.109 36.9
      vertex 63.7322 58.2678 36.9
    endloop
  endfacet
  facet normal 0 0 -1
    outer loop
      vertex 45.5642 53.3168 36.9
      vertex 63.7322 58.2678 36.9
      vertex 46.3397 53.109 36.9
    endloop
  endfacet
  facet normal 0 0 -1
    outer loop
      vertex 44.782 53.4974 36.9
      vertex 63.7322 58.2678 36.9
      vertex 45.5642 53.3168 36.9
    endloop
  endfacet
  facet normal -0 0 -1
    outer loop
      vertex 63.7322 58.2678 36.9
      vertex 44.782 53.4974 36.9
      vertex 64.0305 58.5225 36.9
    endloop
  endfacet
  facet normal 0 0 -1
    outer loop
      vertex 43.9939 53.6506 36.9
      vertex 64.0305 58.5225 36.9
      vertex 44.782 53.4974 36.9
    endloop
  endfacet
  facet normal 0 0 -1
    outer loop
      vertex 43.201 53.7762 36.9
      vertex 64.0305 58.5225 36.9
      vertex 43.9939 53.6506 36.9
    endloop
  endfacet
  facet normal 0 0 -1
    outer loop
      vertex 42.4042 53.874 36.9
      vertex 64.0305 58.5225 36.9
      vertex 43.201 53.7762 36.9
    endloop
  endfacet
  facet normal -0 0 -1
    outer loop
      vertex 64.0305 58.5225 36.9
      vertex 42.4042 53.874 36.9
      vertex 64.365 58.7275 36.9
    endloop
  endfacet
  facet normal 0 0 -1
    outer loop
      vertex 41.6044 53.944 36.9
      vertex 64.365 58.7275 36.9
      vertex 42.4042 53.874 36.9
    endloop
  endfacet
  facet normal 0 0 -1
    outer loop
      vertex 40.8027 53.986 36.9
      vertex 64.365 58.7275 36.9
      vertex 41.6044 53.944 36.9
    endloop
  endfacet
  facet normal 0 0 -1
    outer loop
      vertex 20.7715 59.3485 36.9
      vertex 64.365 58.7275 36.9
      vertex 40.8027 53.986 36.9
    endloop
  endfacet
  facet normal 0 0 -1
    outer loop
      vertex 64.365 58.7275 36.9
      vertex 20.7715 59.3485 36.9
      vertex 64.7275 58.8776 36.9
    endloop
  endfacet
  facet normal 0 0 -1
    outer loop
      vertex 21.1156 59.1646 36.9
      vertex 40.8027 53.986 36.9
      vertex 40 54 36.9
    endloop
  endfacet
  facet normal 0 0 -1
    outer loop
      vertex 21.1156 59.1646 36.9
      vertex 40 54 36.9
      vertex 39.1973 53.986 36.9
    endloop
  endfacet
  facet normal 0 0 -1
    outer loop
      vertex 21.1156 59.1646 36.9
      vertex 39.1973 53.986 36.9
      vertex 38.3956 53.944 36.9
    endloop
  endfacet
  facet normal 0 0 -1
    outer loop
      vertex 21.1156 59.1646 36.9
      vertex 38.3956 53.944 36.9
      vertex 37.5958 53.874 36.9
    endloop
  endfacet
  facet normal 0 0 -1
    outer loop
      vertex 21.4171 58.9171 36.9
      vertex 37.5958 53.874 36.9
      vertex 36.799 53.7762 36.9
    endloop
  endfacet
  facet normal 0 0 -1
    outer loop
      vertex 21.4171 58.9171 36.9
      vertex 36.799 53.7762 36.9
      vertex 36.0061 53.6506 36.9
    endloop
  endfacet
  facet normal 0 0 -1
    outer loop
      vertex 20.6798 48.9077 36.9
      vertex 22.9077 46.39 36.9
      vertex 22.381 45.7841 36.9
    endloop
  endfacet
  facet normal 0 0 -1
    outer loop
      vertex 22.1646 50.6072 36.9
      vertex 23.4552 46.9771 36.9
      vertex 22.9077 46.39 36.9
    endloop
  endfacet
  facet normal 0 0 -1
    outer loop
      vertex 22.1646 50.6072 36.9
      vertex 24.0229 47.5448 36.9
      vertex 23.4552 46.9771 36.9
    endloop
  endfacet
  facet normal 0 0 -1
    outer loop
      vertex 22.1646 50.6072 36.9
      vertex 24.61 48.0923 36.9
      vertex 24.0229 47.5448 36.9
    endloop
  endfacet
  facet normal 0 0 -1
    outer loop
      vertex 22.1646 50.6072 36.9
      vertex 25.2159 48.619 36.9
      vertex 24.61 48.0923 36.9
    endloop
  endfacet
  facet normal 0 0 -1
    outer loop
      vertex 22.1646 50.6072 36.9
      vertex 25.8398 49.1242 36.9
      vertex 25.2159 48.619 36.9
    endloop
  endfacet
  facet normal 0 0 -1
    outer loop
      vertex 22.2 51 36.9
      vertex 26.4809 49.6074 36.9
      vertex 25.8398 49.1242 36.9
    endloop
  endfacet
  facet normal 0 0 -1
    outer loop
      vertex 22.1646 51.3928 36.9
      vertex 26.4809 49.6074 36.9
      vertex 22.2 51 36.9
    endloop
  endfacet
  facet normal 0 0 -1
    outer loop
      vertex 26.4809 49.6074 36.9
      vertex 22.1646 51.3928 36.9
      vertex 27.1386 50.0679 36.9
    endloop
  endfacet
  facet normal 0 0 -1
    outer loop
      vertex 22.0597 51.773 36.9
      vertex 27.1386 50.0679 36.9
      vertex 22.1646 51.3928 36.9
    endloop
  endfacet
  facet normal 0 0 -1
    outer loop
      vertex 27.1386 50.0679 36.9
      vertex 22.0597 51.773 36.9
      vertex 27.8119 50.5051 36.9
    endloop
  endfacet
  facet normal 0 0 -1
    outer loop
      vertex 21.8886 52.1284 36.9
      vertex 27.8119 50.5051 36.9
      vertex 22.0597 51.773 36.9
    endloop
  endfacet
  facet normal 0 0 -1
    outer loop
      vertex 21.9618 57.1018 36.9
      vertex 28.5 50.9186 36.9
      vertex 27.8119 50.5051 36.9
    endloop
  endfacet
  facet normal 0 0 -1
    outer loop
      vertex 21.9618 57.1018 36.9
      vertex 29.2022 51.3078 36.9
      vertex 28.5 50.9186 36.9
    endloop
  endfacet
  facet normal 0 0 -1
    outer loop
      vertex 21.9618 57.1018 36.9
      vertex 29.9175 51.6723 36.9
      vertex 29.2022 51.3078 36.9
    endloop
  endfacet
  facet normal 0 0 -1
    outer loop
      vertex 29.9175 51.6723 36.9
      vertex 22 57.49 36.9
      vertex 30.6451 52.0115 36.9
    endloop
  endfacet
  facet normal 0 0 -1
    outer loop
      vertex 22 57.51 36.9
      vertex 30.6451 52.0115 36.9
      vertex 22 57.49 36.9
    endloop
  endfacet
  facet normal 0 0 -1
    outer loop
      vertex 30.6451 52.0115 36.9
      vertex 22 57.51 36.9
      vertex 31.384 52.3252 36.9
    endloop
  endfacet
  facet normal 0 0 -1
    outer loop
      vertex 21.9618 57.8982 36.9
      vertex 31.384 52.3252 36.9
      vertex 22 57.51 36.9
    endloop
  endfacet
  facet normal 0 0 -1
    outer loop
      vertex 31.384 52.3252 36.9
      vertex 21.9618 57.8982 36.9
      vertex 32.1335 52.6129 36.9
    endloop
  endfacet
  facet normal 0 0 -1
    outer loop
      vertex 21.8485 58.2715 36.9
      vertex 32.1335 52.6129 36.9
      vertex 21.9618 57.8982 36.9
    endloop
  endfacet
  facet normal 0 0 -1
    outer loop
      vertex 32.1335 52.6129 36.9
      vertex 21.8485 58.2715 36.9
      vertex 32.8926 52.8743 36.9
    endloop
  endfacet
  facet normal 0 0 -1
    outer loop
      vertex 32.8926 52.8743 36.9
      vertex 21.8485 58.2715 36.9
      vertex 33.6603 53.109 36.9
    endloop
  endfacet
  facet normal 0 0 -1
    outer loop
      vertex 21.6646 58.6156 36.9
      vertex 33.6603 53.109 36.9
      vertex 21.8485 58.2715 36.9
    endloop
  endfacet
  facet normal 0 0 -1
    outer loop
      vertex 33.6603 53.109 36.9
      vertex 21.6646 58.6156 36.9
      vertex 34.4358 53.3168 36.9
    endloop
  endfacet
  facet normal 0 0 -1
    outer loop
      vertex 34.4358 53.3168 36.9
      vertex 21.6646 58.6156 36.9
      vertex 35.218 53.4974 36.9
    endloop
  endfacet
  facet normal 0 0 -1
    outer loop
      vertex 35.218 53.4974 36.9
      vertex 21.6646 58.6156 36.9
      vertex 36.0061 53.6506 36.9
    endloop
  endfacet
  facet normal 0 0 -1
    outer loop
      vertex 21.4171 58.9171 36.9
      vertex 36.0061 53.6506 36.9
      vertex 21.6646 58.6156 36.9
    endloop
  endfacet
  facet normal 0 0 -1
    outer loop
      vertex 37.5958 53.874 36.9
      vertex 21.4171 58.9171 36.9
      vertex 21.1156 59.1646 36.9
    endloop
  endfacet
  facet normal 0 0 -1
    outer loop
      vertex 40.8027 53.986 36.9
      vertex 21.1156 59.1646 36.9
      vertex 20.7715 59.3485 36.9
    endloop
  endfacet
  facet normal 0 0 -1
    outer loop
      vertex 20.3982 59.4618 36.9
      vertex 64.7275 58.8776 36.9
      vertex 20.7715 59.3485 36.9
    endloop
  endfacet
  facet normal 0 0 -1
    outer loop
      vertex 64.7275 58.8776 36.9
      vertex 20.3982 59.4618 36.9
      vertex 65.1089 58.9692 36.9
    endloop
  endfacet
  facet normal 0 0 -1
    outer loop
      vertex 65.1089 58.9692 36.9
      vertex 20.3982 59.4618 36.9
      vertex 65.5 59 36.9
    endloop
  endfacet
  facet normal 0 0 -1
    outer loop
      vertex 20.01 59.5 36.9
      vertex 65.5 59 36.9
      vertex 20.3982 59.4618 36.9
    endloop
  endfacet
  facet normal 0 0 -1
    outer loop
      vertex 65.5 59 36.9
      vertex 20.01 59.5 36.9
      vertex 88.6 60.2 36.9
    endloop
  endfacet
  facet normal 0 0 -1
    outer loop
      vertex 4.40001 60.2 36.9
      vertex 20.01 59.5 36.9
      vertex 13.99 59.5 36.9
    endloop
  endfacet
  facet normal -0 0 -1
    outer loop
      vertex 12.0382 57.1018 36.9
      vertex 9.96922 56.8911 36.9
      vertex 12 57.49 36.9
    endloop
  endfacet
  facet normal 0 0 -1
    outer loop
      vertex 9.87764 57.2725 36.9
      vertex 12 57.49 36.9
      vertex 9.96922 56.8911 36.9
    endloop
  endfacet
  facet normal -0 0 -1
    outer loop
      vertex 12 57.49 36.9
      vertex 9.87764 57.2725 36.9
      vertex 12 57.51 36.9
    endloop
  endfacet
  facet normal -0 0 -1
    outer loop
      vertex 12 57.51 36.9
      vertex 9.87764 57.2725 36.9
      vertex 12.0382 57.8982 36.9
    endloop
  endfacet
  facet normal 0 0 -1
    outer loop
      vertex 9.72752 57.635 36.9
      vertex 12.0382 57.8982 36.9
      vertex 9.87764 57.2725 36.9
    endloop
  endfacet
  facet normal -0 0 -1
    outer loop
      vertex 12.0382 57.8982 36.9
      vertex 9.72752 57.635 36.9
      vertex 12.1515 58.2715 36.9
    endloop
  endfacet
  facet normal 0 0 -1
    outer loop
      vertex 9.52254 57.9695 36.9
      vertex 12.1515 58.2715 36.9
      vertex 9.72752 57.635 36.9
    endloop
  endfacet
  facet normal 0 0 -1
    outer loop
      vertex 9.26777 58.2678 36.9
      vertex 12.1515 58.2715 36.9
      vertex 9.52254 57.9695 36.9
    endloop
  endfacet
  facet normal -0 0 -1
    outer loop
      vertex 12.1515 58.2715 36.9
      vertex 9.26777 58.2678 36.9
      vertex 12.3354 58.6156 36.9
    endloop
  endfacet
  facet normal 0 0 -1
    outer loop
      vertex 8.96946 58.5225 36.9
      vertex 12.3354 58.6156 36.9
      vertex 9.26777 58.2678 36.9
    endloop
  endfacet
  facet normal -0 0 -1
    outer loop
      vertex 12.3354 58.6156 36.9
      vertex 8.96946 58.5225 36.9
      vertex 12.5829 58.9171 36.9
    endloop
  endfacet
  facet normal 0 0 -1
    outer loop
      vertex 8.63498 58.7275 36.9
      vertex 12.5829 58.9171 36.9
      vertex 8.96946 58.5225 36.9
    endloop
  endfacet
  facet normal -0 0 -1
    outer loop
      vertex 12.5829 58.9171 36.9
      vertex 8.63498 58.7275 36.9
      vertex 12.8844 59.1646 36.9
    endloop
  endfacet
  facet normal 0 0 -1
    outer loop
      vertex 8.27254 58.8776 36.9
      vertex 12.8844 59.1646 36.9
      vertex 8.63498 58.7275 36.9
    endloop
  endfacet
  facet normal -0 0 -1
    outer loop
      vertex 12.8844 59.1646 36.9
      vertex 8.27254 58.8776 36.9
      vertex 13.2285 59.3485 36.9
    endloop
  endfacet
  facet normal 0 0 -1
    outer loop
      vertex 7.89109 58.9692 36.9
      vertex 13.2285 59.3485 36.9
      vertex 8.27254 58.8776 36.9
    endloop
  endfacet
  facet normal 0 0 -1
    outer loop
      vertex 4.40001 60.2 36.9
      vertex 13.2285 59.3485 36.9
      vertex 7.89109 58.9692 36.9
    endloop
  endfacet
  facet normal 0 0 -1
    outer loop
      vertex 13.2285 59.3485 36.9
      vertex 4.40001 60.2 36.9
      vertex 13.6018 59.4618 36.9
    endloop
  endfacet
  facet normal 0 0 -1
    outer loop
      vertex 4.40001 60.2 36.9
      vertex 7.89109 58.9692 36.9
      vertex 7.5 59 36.9
    endloop
  endfacet
  facet normal 0 0 -1
    outer loop
      vertex 20.01 59.5 36.9
      vertex 4.40001 60.2 36.9
      vertex 88.6 60.2 36.9
    endloop
  endfacet
  facet normal 0 0 -1
    outer loop
      vertex 13.6018 59.4618 36.9
      vertex 4.40001 60.2 36.9
      vertex 13.99 59.5 36.9
    endloop
  endfacet
  facet normal 0 0 -1
    outer loop
      vertex 7.10891 58.9692 36.9
      vertex 4.40001 60.2 36.9
      vertex 7.5 59 36.9
    endloop
  endfacet
  facet normal 0 0 -1
    outer loop
      vertex 6.72746 58.8776 36.9
      vertex 4.40001 60.2 36.9
      vertex 7.10891 58.9692 36.9
    endloop
  endfacet
  facet normal 0 0 -1
    outer loop
      vertex 6.36502 58.7275 36.9
      vertex 4.40001 60.2 36.9
      vertex 6.72746 58.8776 36.9
    endloop
  endfacet
  facet normal 0 0 -1
    outer loop
      vertex 6.03054 58.5225 36.9
      vertex 4.40001 60.2 36.9
      vertex 6.36502 58.7275 36.9
    endloop
  endfacet
  facet normal 0 0 -1
    outer loop
      vertex 5.73223 58.2678 36.9
      vertex 4.40001 60.2 36.9
      vertex 6.03054 58.5225 36.9
    endloop
  endfacet
  facet normal 0 0 -1
    outer loop
      vertex 3.8 59.6 36.9
      vertex 5.73223 58.2678 36.9
      vertex 5.47746 57.9695 36.9
    endloop
  endfacet
  facet normal 0 0 -1
    outer loop
      vertex 3.8 59.6 36.9
      vertex 5.47746 57.9695 36.9
      vertex 5.27248 57.635 36.9
    endloop
  endfacet
  facet normal 0 0 -1
    outer loop
      vertex 3.8 59.6 36.9
      vertex 5.27248 57.635 36.9
      vertex 5.12236 57.2725 36.9
    endloop
  endfacet
  facet normal 0 0 -1
    outer loop
      vertex 3.8 59.6 36.9
      vertex 5.12236 57.2725 36.9
      vertex 5.03078 56.8911 36.9
    endloop
  endfacet
  facet normal 0 0 -1
    outer loop
      vertex 3.8 59.6 36.9
      vertex 5.03078 56.8911 36.9
      vertex 5 56.5 36.9
    endloop
  endfacet
  facet normal 0 0 -1
    outer loop
      vertex 5.12236 55.7275 36.9
      vertex 3.8 59.6 36.9
      vertex 5.03078 56.1089 36.9
    endloop
  endfacet
  facet normal 0 0 -1
    outer loop
      vertex 3.8 4.40001 36.9
      vertex 4.40001 3.8 36.9
      vertex 4.28296 3.81153 36.9
    endloop
  endfacet
  facet normal 0 0 -1
    outer loop
      vertex 5.03078 56.1089 36.9
      vertex 3.8 59.6 36.9
      vertex 5 56.5 36.9
    endloop
  endfacet
  facet normal 0 0 -1
    outer loop
      vertex 3.8 4.40001 36.9
      vertex 4.28296 3.81153 36.9
      vertex 4.17039 3.84568 36.9
    endloop
  endfacet
  facet normal 0 0 -1
    outer loop
      vertex 5.73223 58.2678 36.9
      vertex 3.8 59.6 36.9
      vertex 4.40001 60.2 36.9
    endloop
  endfacet
  facet normal 0 0 -1
    outer loop
      vertex 3.8 4.40001 36.9
      vertex 4.17039 3.84568 36.9
      vertex 4.06666 3.90112 36.9
    endloop
  endfacet
  facet normal 0 0 -1
    outer loop
      vertex 4.40001 60.2 36.9
      vertex 3.8 59.6 36.9
      vertex 4.28296 60.1885 36.9
    endloop
  endfacet
  facet normal 0 0 -1
    outer loop
      vertex 3.8 4.40001 36.9
      vertex 4.06666 3.90112 36.9
      vertex 3.97573 3.97573 36.9
    endloop
  endfacet
  facet normal 0 0 -1
    outer loop
      vertex 4.28296 60.1885 36.9
      vertex 3.8 59.6 36.9
      vertex 4.17039 60.1543 36.9
    endloop
  endfacet
  facet normal 0 0 -1
    outer loop
      vertex 3.8 4.40001 36.9
      vertex 3.97573 3.97573 36.9
      vertex 3.90112 4.06666 36.9
    endloop
  endfacet
  facet normal 0 0 -1
    outer loop
      vertex 4.17039 60.1543 36.9
      vertex 3.8 59.6 36.9
      vertex 4.06666 60.0989 36.9
    endloop
  endfacet
  facet normal 0 0 -1
    outer loop
      vertex 3.8 4.40001 36.9
      vertex 3.90112 4.06666 36.9
      vertex 3.84568 4.17039 36.9
    endloop
  endfacet
  facet normal 0 0 -1
    outer loop
      vertex 4.06666 60.0989 36.9
      vertex 3.8 59.6 36.9
      vertex 3.97573 60.0243 36.9
    endloop
  endfacet
  facet normal 0 0 -1
    outer loop
      vertex 3.8 4.40001 36.9
      vertex 3.84568 4.17039 36.9
      vertex 3.81153 4.28296 36.9
    endloop
  endfacet
  facet normal 0 0 -1
    outer loop
      vertex 3.97573 60.0243 36.9
      vertex 3.8 59.6 36.9
      vertex 3.90112 59.9333 36.9
    endloop
  endfacet
  facet normal 0 0 -1
    outer loop
      vertex 3.90112 59.9333 36.9
      vertex 3.8 59.6 36.9
      vertex 3.84568 59.8296 36.9
    endloop
  endfacet
  facet normal 0 0 -1
    outer loop
      vertex 3.84568 59.8296 36.9
      vertex 3.8 59.6 36.9
      vertex 3.81153 59.717 36.9
    endloop
  endfacet
  facet normal -0.0980233 -0.995184 0
    outer loop
      vertex 2.41473 0.0576477 36.9
      vertex 3 0 39.3
      vertex 2.41473 0.0576477 39.3
    endloop
  endfacet
  facet normal -0.0980233 -0.995184 -0
    outer loop
      vertex 3 0 39.3
      vertex 2.41473 0.0576477 36.9
      vertex 3 0 36.9
    endloop
  endfacet
  facet normal 0.956904 0.290404 0
    outer loop
      vertex 92.9424 61.5853 39.3
      vertex 92.7716 62.1481 36.9
      vertex 92.7716 62.1481 39.3
    endloop
  endfacet
  facet normal 0.956904 0.290404 0
    outer loop
      vertex 92.7716 62.1481 36.9
      vertex 92.9424 61.5853 39.3
      vertex 92.9424 61.5853 36.9
    endloop
  endfacet
  facet normal -0.773001 0.634405 0
    outer loop
      vertex 0.505585 62.6667 36.9
      vertex 0.878677 63.1213 39.3
      vertex 0.878677 63.1213 36.9
    endloop
  endfacet
  facet normal -0.773001 0.634405 0
    outer loop
      vertex 0.878677 63.1213 39.3
      vertex 0.505585 62.6667 36.9
      vertex 0.505585 62.6667 39.3
    endloop
  endfacet
  facet normal -0.995185 0.0980183 0
    outer loop
      vertex 0 61 36.9
      vertex 0.0576477 61.5853 39.3
      vertex 0.0576477 61.5853 36.9
    endloop
  endfacet
  facet normal -0.995185 0.0980183 0
    outer loop
      vertex 0.0576477 61.5853 39.3
      vertex 0 61 36.9
      vertex 0 61 39.3
    endloop
  endfacet
  facet normal -0.850215 0.526435 0
    outer loop
      vertex 8.27596 6.79262 12.9
      vertex 8.4791 7.1207 24.89
      vertex 8.4791 7.1207 12.9
    endloop
  endfacet
  facet normal -0.850215 0.526435 0
    outer loop
      vertex 8.4791 7.1207 24.89
      vertex 8.27596 6.79262 12.9
      vertex 8.27596 6.79262 24.89
    endloop
  endfacet
  facet normal -0.850215 -0.526435 0
    outer loop
      vertex 8.4791 7.8793 12.9
      vertex 8.27596 8.20738 24.89
      vertex 8.27596 8.20738 12.9
    endloop
  endfacet
  facet normal -0.850215 -0.526435 0
    outer loop
      vertex 8.27596 8.20738 24.89
      vertex 8.4791 7.8793 12.9
      vertex 8.4791 7.8793 24.89
    endloop
  endfacet
  facet normal -0.982975 -0.183741 0
    outer loop
      vertex 8.55 7.5 12.9
      vertex 8.4791 7.8793 24.89
      vertex 8.4791 7.8793 12.9
    endloop
  endfacet
  facet normal -0.982975 -0.183741 0
    outer loop
      vertex 8.4791 7.8793 24.89
      vertex 8.55 7.5 12.9
      vertex 8.55 7.5 24.89
    endloop
  endfacet
  facet normal -0.602638 -0.798015 0
    outer loop
      vertex 7.96803 8.43992 12.9
      vertex 8.27596 8.20738 24.89
      vertex 7.96803 8.43992 24.89
    endloop
  endfacet
  facet normal -0.602638 -0.798015 -0
    outer loop
      vertex 8.27596 8.20738 24.89
      vertex 7.96803 8.43992 12.9
      vertex 8.27596 8.20738 12.9
    endloop
  endfacet
  facet normal 0.0922577 0.995735 -0
    outer loop
      vertex 7.59688 6.45448 12.9
      vertex 7.21265 6.49008 24.89
      vertex 7.59688 6.45448 24.89
    endloop
  endfacet
  facet normal 0.0922577 0.995735 0
    outer loop
      vertex 7.21265 6.49008 24.89
      vertex 7.59688 6.45448 12.9
      vertex 7.21265 6.49008 12.9
    endloop
  endfacet
  facet normal 0.739018 -0.673686 0
    outer loop
      vertex 6.60727 8.05275 24.89
      vertex 6.86723 8.33792 12.9
      vertex 6.86723 8.33792 24.89
    endloop
  endfacet
  facet normal 0.739018 -0.673686 0
    outer loop
      vertex 6.86723 8.33792 12.9
      vertex 6.60727 8.05275 24.89
      vertex 6.60727 8.05275 12.9
    endloop
  endfacet
  facet normal 0.0922577 -0.995735 0
    outer loop
      vertex 7.21265 8.50992 12.9
      vertex 7.59688 8.54552 24.89
      vertex 7.21265 8.50992 24.89
    endloop
  endfacet
  facet normal 0.0922577 -0.995735 0
    outer loop
      vertex 7.59688 8.54552 24.89
      vertex 7.21265 8.50992 12.9
      vertex 7.59688 8.54552 12.9
    endloop
  endfacet
  facet normal -0.27366 -0.961827 0
    outer loop
      vertex 7.59688 8.54552 12.9
      vertex 7.96803 8.43992 24.89
      vertex 7.59688 8.54552 24.89
    endloop
  endfacet
  facet normal -0.27366 -0.961827 -0
    outer loop
      vertex 7.96803 8.43992 24.89
      vertex 7.59688 8.54552 12.9
      vertex 7.96803 8.43992 12.9
    endloop
  endfacet
  facet normal -0.602638 0.798015 0
    outer loop
      vertex 8.27596 6.79262 12.9
      vertex 7.96803 6.56008 24.89
      vertex 8.27596 6.79262 24.89
    endloop
  endfacet
  facet normal -0.602638 0.798015 0
    outer loop
      vertex 7.96803 6.56008 24.89
      vertex 8.27596 6.79262 12.9
      vertex 7.96803 6.56008 12.9
    endloop
  endfacet
  facet normal -0.982975 0.183741 0
    outer loop
      vertex 8.4791 7.1207 12.9
      vertex 8.55 7.5 24.89
      vertex 8.55 7.5 12.9
    endloop
  endfacet
  facet normal -0.982975 0.183741 0
    outer loop
      vertex 8.55 7.5 24.89
      vertex 8.4791 7.1207 12.9
      vertex 8.4791 7.1207 24.89
    endloop
  endfacet
  facet normal 0 0 -1
    outer loop
      vertex 8.4791 7.1207 24.89
      vertex 8.4791 7.8793 24.89
      vertex 8.55 7.5 24.89
    endloop
  endfacet
  facet normal 0 0 -1
    outer loop
      vertex 8.27596 6.79262 24.89
      vertex 8.4791 7.8793 24.89
      vertex 8.4791 7.1207 24.89
    endloop
  endfacet
  facet normal 0 0 -1
    outer loop
      vertex 8.27596 6.79262 24.89
      vertex 8.27596 8.20738 24.89
      vertex 8.4791 7.8793 24.89
    endloop
  endfacet
  facet normal 0 0 -1
    outer loop
      vertex 7.96803 6.56008 24.89
      vertex 8.27596 8.20738 24.89
      vertex 8.27596 6.79262 24.89
    endloop
  endfacet
  facet normal 0 0 -1
    outer loop
      vertex 7.96803 6.56008 24.89
      vertex 7.96803 8.43992 24.89
      vertex 8.27596 8.20738 24.89
    endloop
  endfacet
  facet normal 0 0 -1
    outer loop
      vertex 7.59688 6.45448 24.89
      vertex 7.96803 8.43992 24.89
      vertex 7.96803 6.56008 24.89
    endloop
  endfacet
  facet normal 0 0 -1
    outer loop
      vertex 7.59688 6.45448 24.89
      vertex 7.59688 8.54552 24.89
      vertex 7.96803 8.43992 24.89
    endloop
  endfacet
  facet normal 0 0 -1
    outer loop
      vertex 7.21265 6.49008 24.89
      vertex 7.59688 8.54552 24.89
      vertex 7.59688 6.45448 24.89
    endloop
  endfacet
  facet normal 0 0 -1
    outer loop
      vertex 7.21265 6.49008 24.89
      vertex 7.21265 8.50992 24.89
      vertex 7.59688 8.54552 24.89
    endloop
  endfacet
  facet normal 0 0 -1
    outer loop
      vertex 6.86723 6.66208 24.89
      vertex 7.21265 8.50992 24.89
      vertex 7.21265 6.49008 24.89
    endloop
  endfacet
  facet normal 0 0 -1
    outer loop
      vertex 6.86723 6.66208 24.89
      vertex 6.86723 8.33792 24.89
      vertex 7.21265 8.50992 24.89
    endloop
  endfacet
  facet normal 0 0 -1
    outer loop
      vertex 6.60727 6.94725 24.89
      vertex 6.86723 8.33792 24.89
      vertex 6.86723 6.66208 24.89
    endloop
  endfacet
  facet normal 0 0 -1
    outer loop
      vertex 6.60727 6.94725 24.89
      vertex 6.60727 8.05275 24.89
      vertex 6.86723 8.33792 24.89
    endloop
  endfacet
  facet normal 0 0 -1
    outer loop
      vertex 6.46788 7.30706 24.89
      vertex 6.60727 8.05275 24.89
      vertex 6.60727 6.94725 24.89
    endloop
  endfacet
  facet normal 0 0 -1
    outer loop
      vertex 6.60727 8.05275 24.89
      vertex 6.46788 7.30706 24.89
      vertex 6.46788 7.69294 24.89
    endloop
  endfacet
  facet normal 0.932473 -0.361239 0
    outer loop
      vertex 6.46788 7.69294 24.89
      vertex 6.60727 8.05275 12.9
      vertex 6.60727 8.05275 24.89
    endloop
  endfacet
  facet normal 0.932473 -0.361239 0
    outer loop
      vertex 6.60727 8.05275 12.9
      vertex 6.46788 7.69294 24.89
      vertex 6.46788 7.69294 12.9
    endloop
  endfacet
  facet normal -0.27366 0.961827 0
    outer loop
      vertex 7.96803 6.56008 12.9
      vertex 7.59688 6.45448 24.89
      vertex 7.96803 6.56008 24.89
    endloop
  endfacet
  facet normal -0.27366 0.961827 0
    outer loop
      vertex 7.59688 6.45448 24.89
      vertex 7.96803 6.56008 12.9
      vertex 7.59688 6.45448 12.9
    endloop
  endfacet
  facet normal 1 -0 0
    outer loop
      vertex 6.46788 7.30706 24.89
      vertex 6.46788 7.69294 12.9
      vertex 6.46788 7.69294 24.89
    endloop
  endfacet
  facet normal 1 0 0
    outer loop
      vertex 6.46788 7.69294 12.9
      vertex 6.46788 7.30706 24.89
      vertex 6.46788 7.30706 12.9
    endloop
  endfacet
  facet normal 0.445741 -0.895162 0
    outer loop
      vertex 6.86723 8.33792 12.9
      vertex 7.21265 8.50992 24.89
      vertex 6.86723 8.33792 24.89
    endloop
  endfacet
  facet normal 0.445741 -0.895162 0
    outer loop
      vertex 7.21265 8.50992 24.89
      vertex 6.86723 8.33792 12.9
      vertex 7.21265 8.50992 12.9
    endloop
  endfacet
  facet normal 0.739018 0.673686 0
    outer loop
      vertex 6.86723 6.66208 24.89
      vertex 6.60727 6.94725 12.9
      vertex 6.60727 6.94725 24.89
    endloop
  endfacet
  facet normal 0.739018 0.673686 0
    outer loop
      vertex 6.60727 6.94725 12.9
      vertex 6.86723 6.66208 24.89
      vertex 6.86723 6.66208 12.9
    endloop
  endfacet
  facet normal 0.445741 0.895162 -0
    outer loop
      vertex 7.21265 6.49008 12.9
      vertex 6.86723 6.66208 24.89
      vertex 7.21265 6.49008 24.89
    endloop
  endfacet
  facet normal 0.445741 0.895162 0
    outer loop
      vertex 6.86723 6.66208 24.89
      vertex 7.21265 6.49008 12.9
      vertex 6.86723 6.66208 12.9
    endloop
  endfacet
  facet normal 0.932473 0.361239 0
    outer loop
      vertex 6.60727 6.94725 24.89
      vertex 6.46788 7.30706 12.9
      vertex 6.46788 7.30706 24.89
    endloop
  endfacet
  facet normal 0.932473 0.361239 0
    outer loop
      vertex 6.46788 7.30706 12.9
      vertex 6.60727 6.94725 24.89
      vertex 6.60727 6.94725 12.9
    endloop
  endfacet
  facet normal -0.850262 0.52636 0
    outer loop
      vertex 66.276 6.79262 12.9
      vertex 66.4791 7.1207 24.89
      vertex 66.4791 7.1207 12.9
    endloop
  endfacet
  facet normal -0.850262 0.52636 0
    outer loop
      vertex 66.4791 7.1207 24.89
      vertex 66.276 6.79262 12.9
      vertex 66.276 6.79262 24.89
    endloop
  endfacet
  facet normal -0.850262 -0.52636 0
    outer loop
      vertex 66.4791 7.8793 12.9
      vertex 66.276 8.20738 24.89
      vertex 66.276 8.20738 12.9
    endloop
  endfacet
  facet normal -0.850262 -0.52636 0
    outer loop
      vertex 66.276 8.20738 24.89
      vertex 66.4791 7.8793 12.9
      vertex 66.4791 7.8793 24.89
    endloop
  endfacet
  facet normal -0.982975 -0.183741 0
    outer loop
      vertex 66.55 7.5 12.9
      vertex 66.4791 7.8793 24.89
      vertex 66.4791 7.8793 12.9
    endloop
  endfacet
  facet normal -0.982975 -0.183741 0
    outer loop
      vertex 66.4791 7.8793 24.89
      vertex 66.55 7.5 12.9
      vertex 66.55 7.5 24.89
    endloop
  endfacet
  facet normal -0.602551 -0.798081 0
    outer loop
      vertex 65.968 8.43992 12.9
      vertex 66.276 8.20738 24.89
      vertex 65.968 8.43992 24.89
    endloop
  endfacet
  facet normal -0.602551 -0.798081 -0
    outer loop
      vertex 66.276 8.20738 24.89
      vertex 65.968 8.43992 12.9
      vertex 66.276 8.20738 12.9
    endloop
  endfacet
  facet normal 0.0922648 0.995735 -0
    outer loop
      vertex 65.5969 6.45448 12.9
      vertex 65.2127 6.49008 24.89
      vertex 65.5969 6.45448 24.89
    endloop
  endfacet
  facet normal 0.0922648 0.995735 0
    outer loop
      vertex 65.2127 6.49008 24.89
      vertex 65.5969 6.45448 12.9
      vertex 65.2127 6.49008 12.9
    endloop
  endfacet
  facet normal 0.739095 -0.673601 0
    outer loop
      vertex 64.6073 8.05275 24.89
      vertex 64.8672 8.33792 12.9
      vertex 64.8672 8.33792 24.89
    endloop
  endfacet
  facet normal 0.739095 -0.673601 0
    outer loop
      vertex 64.8672 8.33792 12.9
      vertex 64.6073 8.05275 24.89
      vertex 64.6073 8.05275 12.9
    endloop
  endfacet
  facet normal 0.0922648 -0.995735 0
    outer loop
      vertex 65.2127 8.50992 12.9
      vertex 65.5969 8.54552 24.89
      vertex 65.2127 8.50992 24.89
    endloop
  endfacet
  facet normal 0.0922648 -0.995735 0
    outer loop
      vertex 65.5969 8.54552 24.89
      vertex 65.2127 8.50992 12.9
      vertex 65.5969 8.54552 12.9
    endloop
  endfacet
  facet normal -0.273694 -0.961817 0
    outer loop
      vertex 65.5969 8.54552 12.9
      vertex 65.968 8.43992 24.89
      vertex 65.5969 8.54552 24.89
    endloop
  endfacet
  facet normal -0.273694 -0.961817 -0
    outer loop
      vertex 65.968 8.43992 24.89
      vertex 65.5969 8.54552 12.9
      vertex 65.968 8.43992 12.9
    endloop
  endfacet
  facet normal -0.602551 0.798081 0
    outer loop
      vertex 66.276 6.79262 12.9
      vertex 65.968 6.56008 24.89
      vertex 66.276 6.79262 24.89
    endloop
  endfacet
  facet normal -0.602551 0.798081 0
    outer loop
      vertex 65.968 6.56008 24.89
      vertex 66.276 6.79262 12.9
      vertex 65.968 6.56008 12.9
    endloop
  endfacet
  facet normal -0.982975 0.183741 0
    outer loop
      vertex 66.4791 7.1207 12.9
      vertex 66.55 7.5 24.89
      vertex 66.55 7.5 12.9
    endloop
  endfacet
  facet normal -0.982975 0.183741 0
    outer loop
      vertex 66.55 7.5 24.89
      vertex 66.4791 7.1207 12.9
      vertex 66.4791 7.1207 24.89
    endloop
  endfacet
  facet normal 0 0 -1
    outer loop
      vertex 66.4791 7.1207 24.89
      vertex 66.4791 7.8793 24.89
      vertex 66.55 7.5 24.89
    endloop
  endfacet
  facet normal 0 0 -1
    outer loop
      vertex 66.276 6.79262 24.89
      vertex 66.4791 7.8793 24.89
      vertex 66.4791 7.1207 24.89
    endloop
  endfacet
  facet normal 0 0 -1
    outer loop
      vertex 66.276 6.79262 24.89
      vertex 66.276 8.20738 24.89
      vertex 66.4791 7.8793 24.89
    endloop
  endfacet
  facet normal 0 0 -1
    outer loop
      vertex 65.968 6.56008 24.89
      vertex 66.276 8.20738 24.89
      vertex 66.276 6.79262 24.89
    endloop
  endfacet
  facet normal 0 0 -1
    outer loop
      vertex 65.968 6.56008 24.89
      vertex 65.968 8.43992 24.89
      vertex 66.276 8.20738 24.89
    endloop
  endfacet
  facet normal 0 0 -1
    outer loop
      vertex 65.5969 6.45448 24.89
      vertex 65.968 8.43992 24.89
      vertex 65.968 6.56008 24.89
    endloop
  endfacet
  facet normal 0 0 -1
    outer loop
      vertex 65.5969 6.45448 24.89
      vertex 65.5969 8.54552 24.89
      vertex 65.968 8.43992 24.89
    endloop
  endfacet
  facet normal 0 0 -1
    outer loop
      vertex 65.2127 6.49008 24.89
      vertex 65.5969 8.54552 24.89
      vertex 65.5969 6.45448 24.89
    endloop
  endfacet
  facet normal 0 0 -1
    outer loop
      vertex 65.2127 6.49008 24.89
      vertex 65.2127 8.50992 24.89
      vertex 65.5969 8.54552 24.89
    endloop
  endfacet
  facet normal 0 0 -1
    outer loop
      vertex 64.8672 6.66208 24.89
      vertex 65.2127 8.50992 24.89
      vertex 65.2127 6.49008 24.89
    endloop
  endfacet
  facet normal 0 0 -1
    outer loop
      vertex 64.8672 6.66208 24.89
      vertex 64.8672 8.33792 24.89
      vertex 65.2127 8.50992 24.89
    endloop
  endfacet
  facet normal 0 0 -1
    outer loop
      vertex 64.6073 6.94725 24.89
      vertex 64.8672 8.33792 24.89
      vertex 64.8672 6.66208 24.89
    endloop
  endfacet
  facet normal 0 0 -1
    outer loop
      vertex 64.6073 6.94725 24.89
      vertex 64.6073 8.05275 24.89
      vertex 64.8672 8.33792 24.89
    endloop
  endfacet
  facet normal 0 0 -1
    outer loop
      vertex 64.4679 7.30706 24.89
      vertex 64.6073 8.05275 24.89
      vertex 64.6073 6.94725 24.89
    endloop
  endfacet
  facet normal 0 0 -1
    outer loop
      vertex 64.6073 8.05275 24.89
      vertex 64.4679 7.30706 24.89
      vertex 64.4679 7.69294 24.89
    endloop
  endfacet
  facet normal 0.932464 -0.361262 0
    outer loop
      vertex 64.4679 7.69294 24.89
      vertex 64.6073 8.05275 12.9
      vertex 64.6073 8.05275 24.89
    endloop
  endfacet
  facet normal 0.932464 -0.361262 0
    outer loop
      vertex 64.6073 8.05275 12.9
      vertex 64.4679 7.69294 24.89
      vertex 64.4679 7.69294 12.9
    endloop
  endfacet
  facet normal 1 -0 0
    outer loop
      vertex 64.4679 7.30706 24.89
      vertex 64.4679 7.69294 12.9
      vertex 64.4679 7.69294 24.89
    endloop
  endfacet
  facet normal 1 0 0
    outer loop
      vertex 64.4679 7.69294 12.9
      vertex 64.4679 7.30706 24.89
      vertex 64.4679 7.30706 12.9
    endloop
  endfacet
  facet normal 0.445658 -0.895203 0
    outer loop
      vertex 64.8672 8.33792 12.9
      vertex 65.2127 8.50992 24.89
      vertex 64.8672 8.33792 24.89
    endloop
  endfacet
  facet normal 0.445658 -0.895203 0
    outer loop
      vertex 65.2127 8.50992 24.89
      vertex 64.8672 8.33792 12.9
      vertex 65.2127 8.50992 12.9
    endloop
  endfacet
  facet normal 0.739095 0.673601 0
    outer loop
      vertex 64.8672 6.66208 24.89
      vertex 64.6073 6.94725 12.9
      vertex 64.6073 6.94725 24.89
    endloop
  endfacet
  facet normal 0.739095 0.673601 0
    outer loop
      vertex 64.6073 6.94725 12.9
      vertex 64.8672 6.66208 24.89
      vertex 64.8672 6.66208 12.9
    endloop
  endfacet
  facet normal -0.273694 0.961817 0
    outer loop
      vertex 65.968 6.56008 12.9
      vertex 65.5969 6.45448 24.89
      vertex 65.968 6.56008 24.89
    endloop
  endfacet
  facet normal -0.273694 0.961817 0
    outer loop
      vertex 65.5969 6.45448 24.89
      vertex 65.968 6.56008 12.9
      vertex 65.5969 6.45448 12.9
    endloop
  endfacet
  facet normal 0.445658 0.895203 -0
    outer loop
      vertex 65.2127 6.49008 12.9
      vertex 64.8672 6.66208 24.89
      vertex 65.2127 6.49008 24.89
    endloop
  endfacet
  facet normal 0.445658 0.895203 0
    outer loop
      vertex 64.8672 6.66208 24.89
      vertex 65.2127 6.49008 12.9
      vertex 64.8672 6.66208 12.9
    endloop
  endfacet
  facet normal 0.932464 0.361262 0
    outer loop
      vertex 64.6073 6.94725 24.89
      vertex 64.4679 7.30706 12.9
      vertex 64.4679 7.30706 24.89
    endloop
  endfacet
  facet normal 0.932464 0.361262 0
    outer loop
      vertex 64.4679 7.30706 12.9
      vertex 64.6073 6.94725 24.89
      vertex 64.6073 6.94725 12.9
    endloop
  endfacet
  facet normal -0.85023 0.526412 0
    outer loop
      vertex 8.27596 55.7926 12.9
      vertex 8.4791 56.1207 24.89
      vertex 8.4791 56.1207 12.9
    endloop
  endfacet
  facet normal -0.85023 0.526412 0
    outer loop
      vertex 8.4791 56.1207 24.89
      vertex 8.27596 55.7926 12.9
      vertex 8.27596 55.7926 24.89
    endloop
  endfacet
  facet normal -0.85023 -0.526412 0
    outer loop
      vertex 8.4791 56.8793 12.9
      vertex 8.27596 57.2074 24.89
      vertex 8.27596 57.2074 12.9
    endloop
  endfacet
  facet normal -0.85023 -0.526412 0
    outer loop
      vertex 8.27596 57.2074 24.89
      vertex 8.4791 56.8793 12.9
      vertex 8.4791 56.8793 24.89
    endloop
  endfacet
  facet normal -0.982975 -0.183741 0
    outer loop
      vertex 8.55 56.5 12.9
      vertex 8.4791 56.8793 24.89
      vertex 8.4791 56.8793 12.9
    endloop
  endfacet
  facet normal -0.982975 -0.183741 0
    outer loop
      vertex 8.4791 56.8793 24.89
      vertex 8.55 56.5 12.9
      vertex 8.55 56.5 24.89
    endloop
  endfacet
  facet normal -0.602572 -0.798065 0
    outer loop
      vertex 7.96803 57.4399 12.9
      vertex 8.27596 57.2074 24.89
      vertex 7.96803 57.4399 24.89
    endloop
  endfacet
  facet normal -0.602572 -0.798065 -0
    outer loop
      vertex 8.27596 57.2074 24.89
      vertex 7.96803 57.4399 12.9
      vertex 8.27596 57.2074 12.9
    endloop
  endfacet
  facet normal 0.0922577 0.995735 -0
    outer loop
      vertex 7.59688 55.4545 12.9
      vertex 7.21265 55.4901 24.89
      vertex 7.59688 55.4545 24.89
    endloop
  endfacet
  facet normal 0.0922577 0.995735 0
    outer loop
      vertex 7.21265 55.4901 24.89
      vertex 7.59688 55.4545 12.9
      vertex 7.21265 55.4901 12.9
    endloop
  endfacet
  facet normal 0.738935 -0.673776 0
    outer loop
      vertex 6.60727 57.0528 24.89
      vertex 6.86723 57.3379 12.9
      vertex 6.86723 57.3379 24.89
    endloop
  endfacet
  facet normal 0.738935 -0.673776 0
    outer loop
      vertex 6.86723 57.3379 12.9
      vertex 6.60727 57.0528 24.89
      vertex 6.60727 57.0528 12.9
    endloop
  endfacet
  facet normal 0.0922577 -0.995735 0
    outer loop
      vertex 7.21265 57.5099 12.9
      vertex 7.59688 57.5455 24.89
      vertex 7.21265 57.5099 24.89
    endloop
  endfacet
  facet normal 0.0922577 -0.995735 0
    outer loop
      vertex 7.59688 57.5455 24.89
      vertex 7.21265 57.5099 12.9
      vertex 7.59688 57.5455 12.9
    endloop
  endfacet
  facet normal -0.27366 -0.961827 0
    outer loop
      vertex 7.59688 57.5455 12.9
      vertex 7.96803 57.4399 24.89
      vertex 7.59688 57.5455 24.89
    endloop
  endfacet
  facet normal -0.27366 -0.961827 -0
    outer loop
      vertex 7.96803 57.4399 24.89
      vertex 7.59688 57.5455 12.9
      vertex 7.96803 57.4399 12.9
    endloop
  endfacet
  facet normal -0.602572 0.798065 0
    outer loop
      vertex 8.27596 55.7926 12.9
      vertex 7.96803 55.5601 24.89
      vertex 8.27596 55.7926 24.89
    endloop
  endfacet
  facet normal -0.602572 0.798065 0
    outer loop
      vertex 7.96803 55.5601 24.89
      vertex 8.27596 55.7926 12.9
      vertex 7.96803 55.5601 12.9
    endloop
  endfacet
  facet normal -0.982975 0.183741 0
    outer loop
      vertex 8.4791 56.1207 12.9
      vertex 8.55 56.5 24.89
      vertex 8.55 56.5 12.9
    endloop
  endfacet
  facet normal -0.982975 0.183741 0
    outer loop
      vertex 8.55 56.5 24.89
      vertex 8.4791 56.1207 12.9
      vertex 8.4791 56.1207 24.89
    endloop
  endfacet
  facet normal 0 0 -1
    outer loop
      vertex 8.4791 56.1207 24.89
      vertex 8.4791 56.8793 24.89
      vertex 8.55 56.5 24.89
    endloop
  endfacet
  facet normal 0 0 -1
    outer loop
      vertex 8.27596 55.7926 24.89
      vertex 8.4791 56.8793 24.89
      vertex 8.4791 56.1207 24.89
    endloop
  endfacet
  facet normal 0 0 -1
    outer loop
      vertex 8.27596 55.7926 24.89
      vertex 8.27596 57.2074 24.89
      vertex 8.4791 56.8793 24.89
    endloop
  endfacet
  facet normal 0 0 -1
    outer loop
      vertex 7.96803 55.5601 24.89
      vertex 8.27596 57.2074 24.89
      vertex 8.27596 55.7926 24.89
    endloop
  endfacet
  facet normal 0 0 -1
    outer loop
      vertex 7.96803 55.5601 24.89
      vertex 7.96803 57.4399 24.89
      vertex 8.27596 57.2074 24.89
    endloop
  endfacet
  facet normal 0 0 -1
    outer loop
      vertex 7.59688 55.4545 24.89
      vertex 7.96803 57.4399 24.89
      vertex 7.96803 55.5601 24.89
    endloop
  endfacet
  facet normal 0 0 -1
    outer loop
      vertex 7.59688 55.4545 24.89
      vertex 7.59688 57.5455 24.89
      vertex 7.96803 57.4399 24.89
    endloop
  endfacet
  facet normal 0 0 -1
    outer loop
      vertex 7.21265 55.4901 24.89
      vertex 7.59688 57.5455 24.89
      vertex 7.59688 55.4545 24.89
    endloop
  endfacet
  facet normal 0 0 -1
    outer loop
      vertex 7.21265 55.4901 24.89
      vertex 7.21265 57.5099 24.89
      vertex 7.59688 57.5455 24.89
    endloop
  endfacet
  facet normal 0 0 -1
    outer loop
      vertex 6.86723 55.6621 24.89
      vertex 7.21265 57.5099 24.89
      vertex 7.21265 55.4901 24.89
    endloop
  endfacet
  facet normal 0 0 -1
    outer loop
      vertex 6.86723 55.6621 24.89
      vertex 6.86723 57.3379 24.89
      vertex 7.21265 57.5099 24.89
    endloop
  endfacet
  facet normal 0 0 -1
    outer loop
      vertex 6.60727 55.9472 24.89
      vertex 6.86723 57.3379 24.89
      vertex 6.86723 55.6621 24.89
    endloop
  endfacet
  facet normal 0 0 -1
    outer loop
      vertex 6.60727 55.9472 24.89
      vertex 6.60727 57.0528 24.89
      vertex 6.86723 57.3379 24.89
    endloop
  endfacet
  facet normal 0 0 -1
    outer loop
      vertex 6.46788 56.3071 24.89
      vertex 6.60727 57.0528 24.89
      vertex 6.60727 55.9472 24.89
    endloop
  endfacet
  facet normal 0 0 -1
    outer loop
      vertex 6.60727 57.0528 24.89
      vertex 6.46788 56.3071 24.89
      vertex 6.46788 56.6929 24.89
    endloop
  endfacet
  facet normal 0.932504 -0.361161 0
    outer loop
      vertex 6.46788 56.6929 24.89
      vertex 6.60727 57.0528 12.9
      vertex 6.60727 57.0528 24.89
    endloop
  endfacet
  facet normal 0.932504 -0.361161 0
    outer loop
      vertex 6.60727 57.0528 12.9
      vertex 6.46788 56.6929 24.89
      vertex 6.46788 56.6929 12.9
    endloop
  endfacet
  facet normal -0.27366 0.961827 0
    outer loop
      vertex 7.96803 55.5601 12.9
      vertex 7.59688 55.4545 24.89
      vertex 7.96803 55.5601 24.89
    endloop
  endfacet
  facet normal -0.27366 0.961827 0
    outer loop
      vertex 7.59688 55.4545 24.89
      vertex 7.96803 55.5601 12.9
      vertex 7.59688 55.4545 12.9
    endloop
  endfacet
  facet normal 1 -0 0
    outer loop
      vertex 6.46788 56.3071 24.89
      vertex 6.46788 56.6929 12.9
      vertex 6.46788 56.6929 24.89
    endloop
  endfacet
  facet normal 1 0 0
    outer loop
      vertex 6.46788 56.6929 12.9
      vertex 6.46788 56.3071 24.89
      vertex 6.46788 56.3071 12.9
    endloop
  endfacet
  facet normal 0.445741 -0.895162 0
    outer loop
      vertex 6.86723 57.3379 12.9
      vertex 7.21265 57.5099 24.89
      vertex 6.86723 57.3379 24.89
    endloop
  endfacet
  facet normal 0.445741 -0.895162 0
    outer loop
      vertex 7.21265 57.5099 24.89
      vertex 6.86723 57.3379 12.9
      vertex 7.21265 57.5099 12.9
    endloop
  endfacet
  facet normal 0.738935 0.673776 0
    outer loop
      vertex 6.86723 55.6621 24.89
      vertex 6.60727 55.9472 12.9
      vertex 6.60727 55.9472 24.89
    endloop
  endfacet
  facet normal 0.738935 0.673776 0
    outer loop
      vertex 6.60727 55.9472 12.9
      vertex 6.86723 55.6621 24.89
      vertex 6.86723 55.6621 12.9
    endloop
  endfacet
  facet normal 0.445741 0.895162 -0
    outer loop
      vertex 7.21265 55.4901 12.9
      vertex 6.86723 55.6621 24.89
      vertex 7.21265 55.4901 24.89
    endloop
  endfacet
  facet normal 0.445741 0.895162 0
    outer loop
      vertex 6.86723 55.6621 24.89
      vertex 7.21265 55.4901 12.9
      vertex 6.86723 55.6621 12.9
    endloop
  endfacet
  facet normal 0.932504 0.361161 0
    outer loop
      vertex 6.60727 55.9472 24.89
      vertex 6.46788 56.3071 12.9
      vertex 6.46788 56.3071 24.89
    endloop
  endfacet
  facet normal 0.932504 0.361161 0
    outer loop
      vertex 6.46788 56.3071 12.9
      vertex 6.60727 55.9472 24.89
      vertex 6.60727 55.9472 12.9
    endloop
  endfacet
  facet normal -0.850276 0.526337 0
    outer loop
      vertex 66.276 55.7926 12.9
      vertex 66.4791 56.1207 24.89
      vertex 66.4791 56.1207 12.9
    endloop
  endfacet
  facet normal -0.850276 0.526337 0
    outer loop
      vertex 66.4791 56.1207 24.89
      vertex 66.276 55.7926 12.9
      vertex 66.276 55.7926 24.89
    endloop
  endfacet
  facet normal -0.850276 -0.526337 0
    outer loop
      vertex 66.4791 56.8793 12.9
      vertex 66.276 57.2074 24.89
      vertex 66.276 57.2074 12.9
    endloop
  endfacet
  facet normal -0.850276 -0.526337 0
    outer loop
      vertex 66.276 57.2074 24.89
      vertex 66.4791 56.8793 12.9
      vertex 66.4791 56.8793 24.89
    endloop
  endfacet
  facet normal -0.982975 -0.183741 0
    outer loop
      vertex 66.55 56.5 12.9
      vertex 66.4791 56.8793 24.89
      vertex 66.4791 56.8793 12.9
    endloop
  endfacet
  facet normal -0.982975 -0.183741 0
    outer loop
      vertex 66.4791 56.8793 24.89
      vertex 66.55 56.5 12.9
      vertex 66.55 56.5 24.89
    endloop
  endfacet
  facet normal -0.602485 -0.79813 0
    outer loop
      vertex 65.968 57.4399 12.9
      vertex 66.276 57.2074 24.89
      vertex 65.968 57.4399 24.89
    endloop
  endfacet
  facet normal -0.602485 -0.79813 -0
    outer loop
      vertex 66.276 57.2074 24.89
      vertex 65.968 57.4399 12.9
      vertex 66.276 57.2074 12.9
    endloop
  endfacet
  facet normal 0.0922648 0.995735 -0
    outer loop
      vertex 65.5969 55.4545 12.9
      vertex 65.2127 55.4901 24.89
      vertex 65.5969 55.4545 24.89
    endloop
  endfacet
  facet normal 0.0922648 0.995735 0
    outer loop
      vertex 65.2127 55.4901 24.89
      vertex 65.5969 55.4545 12.9
      vertex 65.2127 55.4901 12.9
    endloop
  endfacet
  facet normal 0.739013 -0.673691 0
    outer loop
      vertex 64.6073 57.0528 24.89
      vertex 64.8672 57.3379 12.9
      vertex 64.8672 57.3379 24.89
    endloop
  endfacet
  facet normal 0.739013 -0.673691 0
    outer loop
      vertex 64.8672 57.3379 12.9
      vertex 64.6073 57.0528 24.89
      vertex 64.6073 57.0528 12.9
    endloop
  endfacet
  facet normal 0.0922648 -0.995735 0
    outer loop
      vertex 65.2127 57.5099 12.9
      vertex 65.5969 57.5455 24.89
      vertex 65.2127 57.5099 24.89
    endloop
  endfacet
  facet normal 0.0922648 -0.995735 0
    outer loop
      vertex 65.5969 57.5455 24.89
      vertex 65.2127 57.5099 12.9
      vertex 65.5969 57.5455 12.9
    endloop
  endfacet
  facet normal -0.273694 -0.961817 0
    outer loop
      vertex 65.5969 57.5455 12.9
      vertex 65.968 57.4399 24.89
      vertex 65.5969 57.5455 24.89
    endloop
  endfacet
  facet normal -0.273694 -0.961817 -0
    outer loop
      vertex 65.968 57.4399 24.89
      vertex 65.5969 57.5455 12.9
      vertex 65.968 57.4399 12.9
    endloop
  endfacet
  facet normal -0.602485 0.79813 0
    outer loop
      vertex 66.276 55.7926 12.9
      vertex 65.968 55.5601 24.89
      vertex 66.276 55.7926 24.89
    endloop
  endfacet
  facet normal -0.602485 0.79813 0
    outer loop
      vertex 65.968 55.5601 24.89
      vertex 66.276 55.7926 12.9
      vertex 65.968 55.5601 12.9
    endloop
  endfacet
  facet normal -0.982975 0.183741 0
    outer loop
      vertex 66.4791 56.1207 12.9
      vertex 66.55 56.5 24.89
      vertex 66.55 56.5 12.9
    endloop
  endfacet
  facet normal -0.982975 0.183741 0
    outer loop
      vertex 66.55 56.5 24.89
      vertex 66.4791 56.1207 12.9
      vertex 66.4791 56.1207 24.89
    endloop
  endfacet
  facet normal 0 0 -1
    outer loop
      vertex 66.4791 56.1207 24.89
      vertex 66.4791 56.8793 24.89
      vertex 66.55 56.5 24.89
    endloop
  endfacet
  facet normal 0 0 -1
    outer loop
      vertex 66.276 55.7926 24.89
      vertex 66.4791 56.8793 24.89
      vertex 66.4791 56.1207 24.89
    endloop
  endfacet
  facet normal 0 0 -1
    outer loop
      vertex 66.276 55.7926 24.89
      vertex 66.276 57.2074 24.89
      vertex 66.4791 56.8793 24.89
    endloop
  endfacet
  facet normal 0 0 -1
    outer loop
      vertex 65.968 55.5601 24.89
      vertex 66.276 57.2074 24.89
      vertex 66.276 55.7926 24.89
    endloop
  endfacet
  facet normal 0 0 -1
    outer loop
      vertex 65.968 55.5601 24.89
      vertex 65.968 57.4399 24.89
      vertex 66.276 57.2074 24.89
    endloop
  endfacet
  facet normal 0 0 -1
    outer loop
      vertex 65.5969 55.4545 24.89
      vertex 65.968 57.4399 24.89
      vertex 65.968 55.5601 24.89
    endloop
  endfacet
  facet normal 0 0 -1
    outer loop
      vertex 65.5969 55.4545 24.89
      vertex 65.5969 57.5455 24.89
      vertex 65.968 57.4399 24.89
    endloop
  endfacet
  facet normal 0 0 -1
    outer loop
      vertex 65.2127 55.4901 24.89
      vertex 65.5969 57.5455 24.89
      vertex 65.5969 55.4545 24.89
    endloop
  endfacet
  facet normal 0 0 -1
    outer loop
      vertex 65.2127 55.4901 24.89
      vertex 65.2127 57.5099 24.89
      vertex 65.5969 57.5455 24.89
    endloop
  endfacet
  facet normal 0 0 -1
    outer loop
      vertex 64.8672 55.6621 24.89
      vertex 65.2127 57.5099 24.89
      vertex 65.2127 55.4901 24.89
    endloop
  endfacet
  facet normal 0 0 -1
    outer loop
      vertex 64.8672 55.6621 24.89
      vertex 64.8672 57.3379 24.89
      vertex 65.2127 57.5099 24.89
    endloop
  endfacet
  facet normal 0 0 -1
    outer loop
      vertex 64.6073 55.9472 24.89
      vertex 64.8672 57.3379 24.89
      vertex 64.8672 55.6621 24.89
    endloop
  endfacet
  facet normal 0 0 -1
    outer loop
      vertex 64.6073 55.9472 24.89
      vertex 64.6073 57.0528 24.89
      vertex 64.8672 57.3379 24.89
    endloop
  endfacet
  facet normal 0 0 -1
    outer loop
      vertex 64.4679 56.3071 24.89
      vertex 64.6073 57.0528 24.89
      vertex 64.6073 55.9472 24.89
    endloop
  endfacet
  facet normal 0 0 -1
    outer loop
      vertex 64.6073 57.0528 24.89
      vertex 64.4679 56.3071 24.89
      vertex 64.4679 56.6929 24.89
    endloop
  endfacet
  facet normal 0.932495 -0.361183 0
    outer loop
      vertex 64.4679 56.6929 24.89
      vertex 64.6073 57.0528 12.9
      vertex 64.6073 57.0528 24.89
    endloop
  endfacet
  facet normal 0.932495 -0.361183 0
    outer loop
      vertex 64.6073 57.0528 12.9
      vertex 64.4679 56.6929 24.89
      vertex 64.4679 56.6929 12.9
    endloop
  endfacet
  facet normal 1 -0 0
    outer loop
      vertex 64.4679 56.3071 24.89
      vertex 64.4679 56.6929 12.9
      vertex 64.4679 56.6929 24.89
    endloop
  endfacet
  facet normal 1 0 0
    outer loop
      vertex 64.4679 56.6929 12.9
      vertex 64.4679 56.3071 24.89
      vertex 64.4679 56.3071 12.9
    endloop
  endfacet
  facet normal 0.445658 -0.895203 0
    outer loop
      vertex 64.8672 57.3379 12.9
      vertex 65.2127 57.5099 24.89
      vertex 64.8672 57.3379 24.89
    endloop
  endfacet
  facet normal 0.445658 -0.895203 0
    outer loop
      vertex 65.2127 57.5099 24.89
      vertex 64.8672 57.3379 12.9
      vertex 65.2127 57.5099 12.9
    endloop
  endfacet
  facet normal 0.739013 0.673691 0
    outer loop
      vertex 64.8672 55.6621 24.89
      vertex 64.6073 55.9472 12.9
      vertex 64.6073 55.9472 24.89
    endloop
  endfacet
  facet normal 0.739013 0.673691 0
    outer loop
      vertex 64.6073 55.9472 12.9
      vertex 64.8672 55.6621 24.89
      vertex 64.8672 55.6621 12.9
    endloop
  endfacet
  facet normal -0.273694 0.961817 0
    outer loop
      vertex 65.968 55.5601 12.9
      vertex 65.5969 55.4545 24.89
      vertex 65.968 55.5601 24.89
    endloop
  endfacet
  facet normal -0.273694 0.961817 0
    outer loop
      vertex 65.5969 55.4545 24.89
      vertex 65.968 55.5601 12.9
      vertex 65.5969 55.4545 12.9
    endloop
  endfacet
  facet normal 0.445658 0.895203 -0
    outer loop
      vertex 65.2127 55.4901 12.9
      vertex 64.8672 55.6621 24.89
      vertex 65.2127 55.4901 24.89
    endloop
  endfacet
  facet normal 0.445658 0.895203 0
    outer loop
      vertex 64.8672 55.6621 24.89
      vertex 65.2127 55.4901 12.9
      vertex 64.8672 55.6621 12.9
    endloop
  endfacet
  facet normal 0.932495 0.361183 0
    outer loop
      vertex 64.6073 55.9472 24.89
      vertex 64.4679 56.3071 12.9
      vertex 64.4679 56.3071 24.89
    endloop
  endfacet
  facet normal 0.932495 0.361183 0
    outer loop
      vertex 64.4679 56.3071 12.9
      vertex 64.6073 55.9472 24.89
      vertex 64.6073 55.9472 12.9
    endloop
  endfacet
  facet normal -0.963981 -0.26597 0
    outer loop
      vertex 22.1646 11.3928 36.9
      vertex 22.0597 11.773 39.3
      vertex 22.0597 11.773 36.9
    endloop
  endfacet
  facet normal -0.963981 -0.26597 0
    outer loop
      vertex 22.0597 11.773 39.3
      vertex 22.1646 11.3928 36.9
      vertex 22.1646 11.3928 39.3
    endloop
  endfacet
  facet normal -0.995964 -0.0897584 0
    outer loop
      vertex 22.2 11 36.9
      vertex 22.1646 11.3928 39.3
      vertex 22.1646 11.3928 36.9
    endloop
  endfacet
  facet normal -0.995964 -0.0897584 0
    outer loop
      vertex 22.1646 11.3928 39.3
      vertex 22.2 11 36.9
      vertex 22.2 11 39.3
    endloop
  endfacet
  facet normal -0.90102 -0.433778 0
    outer loop
      vertex 22.0597 11.773 36.9
      vertex 21.8886 12.1284 39.3
      vertex 21.8886 12.1284 36.9
    endloop
  endfacet
  facet normal -0.90102 -0.433778 0
    outer loop
      vertex 21.8886 12.1284 39.3
      vertex 22.0597 11.773 36.9
      vertex 22.0597 11.773 39.3
    endloop
  endfacet
  facet normal 0.308765 -0.951138 0
    outer loop
      vertex 19.1353 13.023 36.9
      vertex 19.5105 13.1448 39.3
      vertex 19.1353 13.023 39.3
    endloop
  endfacet
  facet normal 0.308765 -0.951138 0
    outer loop
      vertex 19.5105 13.1448 39.3
      vertex 19.1353 13.023 36.9
      vertex 19.5105 13.1448 36.9
    endloop
  endfacet
  facet normal -0.995964 0.0897584 0
    outer loop
      vertex 22.1646 10.6072 36.9
      vertex 22.2 11 39.3
      vertex 22.2 11 36.9
    endloop
  endfacet
  facet normal -0.995964 0.0897584 0
    outer loop
      vertex 22.2 11 39.3
      vertex 22.1646 10.6072 36.9
      vertex 22.1646 10.6072 39.3
    endloop
  endfacet
  facet normal -0.90101 0.433797 0
    outer loop
      vertex 21.8886 9.87162 36.9
      vertex 22.0597 10.227 39.3
      vertex 22.0597 10.227 36.9
    endloop
  endfacet
  facet normal -0.90101 0.433797 0
    outer loop
      vertex 22.0597 10.227 39.3
      vertex 21.8886 9.87162 36.9
      vertex 21.8886 9.87162 39.3
    endloop
  endfacet
  facet normal -0.691045 0.722812 0
    outer loop
      vertex 21.6568 9.55254 36.9
      vertex 21.3717 9.27997 39.3
      vertex 21.6568 9.55254 39.3
    endloop
  endfacet
  facet normal -0.691045 0.722812 0
    outer loop
      vertex 21.3717 9.27997 39.3
      vertex 21.6568 9.55254 36.9
      vertex 21.3717 9.27997 36.9
    endloop
  endfacet
  facet normal 0.858473 0.512858 0
    outer loop
      vertex 18.2202 9.70687 39.3
      vertex 18.0179 10.0455 36.9
      vertex 18.0179 10.0455 39.3
    endloop
  endfacet
  facet normal 0.858473 0.512858 0
    outer loop
      vertex 18.0179 10.0455 36.9
      vertex 18.2202 9.70687 39.3
      vertex 18.2202 9.70687 36.9
    endloop
  endfacet
  facet normal -0.809065 -0.587719 0
    outer loop
      vertex 21.8886 12.1284 36.9
      vertex 21.6568 12.4475 39.3
      vertex 21.6568 12.4475 36.9
    endloop
  endfacet
  facet normal -0.809065 -0.587719 0
    outer loop
      vertex 21.6568 12.4475 39.3
      vertex 21.8886 12.1284 36.9
      vertex 21.8886 12.1284 39.3
    endloop
  endfacet
  facet normal 0.936204 -0.351457 0
    outer loop
      vertex 17.8793 11.5853 39.3
      vertex 18.0179 11.9545 36.9
      vertex 18.0179 11.9545 39.3
    endloop
  endfacet
  facet normal 0.936204 -0.351457 0
    outer loop
      vertex 18.0179 11.9545 36.9
      vertex 17.8793 11.5853 39.3
      vertex 17.8793 11.5853 36.9
    endloop
  endfacet
  facet normal -0.222618 -0.974906 0
    outer loop
      vertex 20.2953 13.1801 36.9
      vertex 20.6798 13.0923 39.3
      vertex 20.2953 13.1801 39.3
    endloop
  endfacet
  facet normal -0.222618 -0.974906 -0
    outer loop
      vertex 20.6798 13.0923 39.3
      vertex 20.2953 13.1801 36.9
      vertex 20.6798 13.0923 36.9
    endloop
  endfacet
  facet normal 0.623566 0.781771 -0
    outer loop
      vertex 18.788 9.16394 36.9
      vertex 18.4797 9.40985 39.3
      vertex 18.788 9.16394 39.3
    endloop
  endfacet
  facet normal 0.623566 0.781771 0
    outer loop
      vertex 18.4797 9.40985 39.3
      vertex 18.788 9.16394 36.9
      vertex 18.4797 9.40985 36.9
    endloop
  endfacet
  facet normal -0.963981 0.26597 0
    outer loop
      vertex 22.0597 10.227 36.9
      vertex 22.1646 10.6072 39.3
      vertex 22.1646 10.6072 36.9
    endloop
  endfacet
  facet normal -0.963981 0.26597 0
    outer loop
      vertex 22.1646 10.6072 39.3
      vertex 22.0597 10.227 36.9
      vertex 22.0597 10.227 39.3
    endloop
  endfacet
  facet normal 0.983943 0.178484 0
    outer loop
      vertex 17.8793 10.4147 39.3
      vertex 17.8089 10.8028 36.9
      vertex 17.8089 10.8028 39.3
    endloop
  endfacet
  facet normal 0.983943 0.178484 0
    outer loop
      vertex 17.8089 10.8028 36.9
      vertex 17.8793 10.4147 39.3
      vertex 17.8793 10.4147 36.9
    endloop
  endfacet
  facet normal -0.392971 -0.919551 0
    outer loop
      vertex 20.6798 13.0923 36.9
      vertex 21.0425 12.9373 39.3
      vertex 20.6798 13.0923 39.3
    endloop
  endfacet
  facet normal -0.392971 -0.919551 -0
    outer loop
      vertex 21.0425 12.9373 39.3
      vertex 20.6798 13.0923 36.9
      vertex 21.0425 12.9373 36.9
    endloop
  endfacet
  facet normal 0.473888 0.880585 -0
    outer loop
      vertex 19.1353 8.97704 36.9
      vertex 18.788 9.16394 39.3
      vertex 19.1353 8.97704 39.3
    endloop
  endfacet
  facet normal 0.473888 0.880585 0
    outer loop
      vertex 18.788 9.16394 39.3
      vertex 19.1353 8.97704 36.9
      vertex 18.788 9.16394 36.9
    endloop
  endfacet
  facet normal 0.623705 -0.78166 0
    outer loop
      vertex 18.4797 12.5901 36.9
      vertex 18.788 12.8361 39.3
      vertex 18.4797 12.5901 39.3
    endloop
  endfacet
  facet normal 0.623705 -0.78166 0
    outer loop
      vertex 18.788 12.8361 39.3
      vertex 18.4797 12.5901 36.9
      vertex 18.788 12.8361 36.9
    endloop
  endfacet
  facet normal 0.473888 -0.880585 0
    outer loop
      vertex 18.788 12.8361 36.9
      vertex 19.1353 13.023 39.3
      vertex 18.788 12.8361 39.3
    endloop
  endfacet
  facet normal 0.473888 -0.880585 0
    outer loop
      vertex 19.1353 13.023 39.3
      vertex 18.788 12.8361 36.9
      vertex 19.1353 13.023 36.9
    endloop
  endfacet
  facet normal 0.75307 0.657941 0
    outer loop
      vertex 18.4797 9.40985 39.3
      vertex 18.2202 9.70687 36.9
      vertex 18.2202 9.70687 39.3
    endloop
  endfacet
  facet normal 0.75307 0.657941 0
    outer loop
      vertex 18.2202 9.70687 36.9
      vertex 18.4797 9.40985 39.3
      vertex 18.4797 9.40985 36.9
    endloop
  endfacet
  facet normal 0.936204 0.351457 0
    outer loop
      vertex 18.0179 10.0455 39.3
      vertex 17.8793 10.4147 36.9
      vertex 17.8793 10.4147 39.3
    endloop
  endfacet
  facet normal 0.936204 0.351457 0
    outer loop
      vertex 17.8793 10.4147 36.9
      vertex 18.0179 10.0455 39.3
      vertex 18.0179 10.0455 36.9
    endloop
  endfacet
  facet normal -0.690952 -0.722901 0
    outer loop
      vertex 21.3717 12.72 36.9
      vertex 21.6568 12.4475 39.3
      vertex 21.3717 12.72 39.3
    endloop
  endfacet
  facet normal -0.690952 -0.722901 -0
    outer loop
      vertex 21.6568 12.4475 39.3
      vertex 21.3717 12.72 36.9
      vertex 21.6568 12.4475 36.9
    endloop
  endfacet
  facet normal -0.550856 0.8346 0
    outer loop
      vertex 21.3717 9.27997 36.9
      vertex 21.0425 9.06269 39.3
      vertex 21.3717 9.27997 39.3
    endloop
  endfacet
  facet normal -0.550856 0.8346 0
    outer loop
      vertex 21.0425 9.06269 39.3
      vertex 21.3717 9.27997 36.9
      vertex 21.0425 9.06269 36.9
    endloop
  endfacet
  facet normal -0.222546 0.974922 0
    outer loop
      vertex 20.6798 8.90768 36.9
      vertex 20.2953 8.81991 39.3
      vertex 20.6798 8.90768 39.3
    endloop
  endfacet
  facet normal -0.222546 0.974922 0
    outer loop
      vertex 20.2953 8.81991 39.3
      vertex 20.6798 8.90768 36.9
      vertex 20.2953 8.81991 36.9
    endloop
  endfacet
  facet normal -0.550892 -0.834577 0
    outer loop
      vertex 21.0425 12.9373 36.9
      vertex 21.3717 12.72 39.3
      vertex 21.0425 12.9373 39.3
    endloop
  endfacet
  facet normal -0.550892 -0.834577 -0
    outer loop
      vertex 21.3717 12.72 39.3
      vertex 21.0425 12.9373 36.9
      vertex 21.3717 12.72 36.9
    endloop
  endfacet
  facet normal -0.0448533 0.998994 0
    outer loop
      vertex 20.2953 8.81991 36.9
      vertex 19.9013 8.80222 39.3
      vertex 20.2953 8.81991 39.3
    endloop
  endfacet
  facet normal -0.0448533 0.998994 0
    outer loop
      vertex 19.9013 8.80222 39.3
      vertex 20.2953 8.81991 36.9
      vertex 19.9013 8.80222 36.9
    endloop
  endfacet
  facet normal -0.392992 0.919542 0
    outer loop
      vertex 21.0425 9.06269 36.9
      vertex 20.6798 8.90768 39.3
      vertex 21.0425 9.06269 39.3
    endloop
  endfacet
  facet normal -0.392992 0.919542 0
    outer loop
      vertex 20.6798 8.90768 39.3
      vertex 21.0425 9.06269 36.9
      vertex 20.6798 8.90768 36.9
    endloop
  endfacet
  facet normal -0.809047 0.587743 0
    outer loop
      vertex 21.6568 9.55254 36.9
      vertex 21.8886 9.87162 39.3
      vertex 21.8886 9.87162 36.9
    endloop
  endfacet
  facet normal -0.809047 0.587743 0
    outer loop
      vertex 21.8886 9.87162 39.3
      vertex 21.6568 9.55254 36.9
      vertex 21.6568 9.55254 39.3
    endloop
  endfacet
  facet normal 0.753048 -0.657966 0
    outer loop
      vertex 18.2202 12.2931 39.3
      vertex 18.4797 12.5901 36.9
      vertex 18.4797 12.5901 39.3
    endloop
  endfacet
  facet normal 0.753048 -0.657966 0
    outer loop
      vertex 18.4797 12.5901 36.9
      vertex 18.2202 12.2931 39.3
      vertex 18.2202 12.2931 36.9
    endloop
  endfacet
  facet normal 1 -0 0
    outer loop
      vertex 17.8089 10.8028 39.3
      vertex 17.8089 11.1972 36.9
      vertex 17.8089 11.1972 39.3
    endloop
  endfacet
  facet normal 1 0 0
    outer loop
      vertex 17.8089 11.1972 36.9
      vertex 17.8089 10.8028 39.3
      vertex 17.8089 10.8028 36.9
    endloop
  endfacet
  facet normal 0.134389 -0.990929 0
    outer loop
      vertex 19.5105 13.1448 36.9
      vertex 19.9013 13.1978 39.3
      vertex 19.5105 13.1448 39.3
    endloop
  endfacet
  facet normal 0.134389 -0.990929 0
    outer loop
      vertex 19.9013 13.1978 39.3
      vertex 19.5105 13.1448 36.9
      vertex 19.9013 13.1978 36.9
    endloop
  endfacet
  facet normal 0.983943 -0.178484 0
    outer loop
      vertex 17.8089 11.1972 39.3
      vertex 17.8793 11.5853 36.9
      vertex 17.8793 11.5853 39.3
    endloop
  endfacet
  facet normal 0.983943 -0.178484 0
    outer loop
      vertex 17.8793 11.5853 36.9
      vertex 17.8089 11.1972 39.3
      vertex 17.8089 11.1972 36.9
    endloop
  endfacet
  facet normal 0.13424 0.990949 -0
    outer loop
      vertex 19.9013 8.80222 36.9
      vertex 19.5105 8.85516 39.3
      vertex 19.9013 8.80222 39.3
    endloop
  endfacet
  facet normal 0.13424 0.990949 0
    outer loop
      vertex 19.5105 8.85516 39.3
      vertex 19.9013 8.80222 36.9
      vertex 19.5105 8.85516 36.9
    endloop
  endfacet
  facet normal 0.308949 0.951079 -0
    outer loop
      vertex 19.5105 8.85516 36.9
      vertex 19.1353 8.97704 39.3
      vertex 19.5105 8.85516 39.3
    endloop
  endfacet
  facet normal 0.308949 0.951079 0
    outer loop
      vertex 19.1353 8.97704 39.3
      vertex 19.5105 8.85516 36.9
      vertex 19.1353 8.97704 36.9
    endloop
  endfacet
  facet normal -0.0448786 -0.998992 0
    outer loop
      vertex 19.9013 13.1978 36.9
      vertex 20.2953 13.1801 39.3
      vertex 19.9013 13.1978 39.3
    endloop
  endfacet
  facet normal -0.0448786 -0.998992 -0
    outer loop
      vertex 20.2953 13.1801 39.3
      vertex 19.9013 13.1978 36.9
      vertex 20.2953 13.1801 36.9
    endloop
  endfacet
  facet normal 0.858453 -0.512892 0
    outer loop
      vertex 18.0179 11.9545 39.3
      vertex 18.2202 12.2931 36.9
      vertex 18.2202 12.2931 39.3
    endloop
  endfacet
  facet normal 0.858453 -0.512892 0
    outer loop
      vertex 18.2202 12.2931 36.9
      vertex 18.0179 11.9545 39.3
      vertex 18.0179 11.9545 36.9
    endloop
  endfacet
  facet normal -0.963981 -0.26597 0
    outer loop
      vertex 22.1646 51.3928 36.9
      vertex 22.0597 51.773 39.3
      vertex 22.0597 51.773 36.9
    endloop
  endfacet
  facet normal -0.963981 -0.26597 0
    outer loop
      vertex 22.0597 51.773 39.3
      vertex 22.1646 51.3928 36.9
      vertex 22.1646 51.3928 39.3
    endloop
  endfacet
  facet normal -0.995964 -0.0897584 0
    outer loop
      vertex 22.2 51 36.9
      vertex 22.1646 51.3928 39.3
      vertex 22.1646 51.3928 36.9
    endloop
  endfacet
  facet normal -0.995964 -0.0897584 0
    outer loop
      vertex 22.1646 51.3928 39.3
      vertex 22.2 51 36.9
      vertex 22.2 51 39.3
    endloop
  endfacet
  facet normal -0.90102 -0.433778 0
    outer loop
      vertex 22.0597 51.773 36.9
      vertex 21.8886 52.1284 39.3
      vertex 21.8886 52.1284 36.9
    endloop
  endfacet
  facet normal -0.90102 -0.433778 0
    outer loop
      vertex 21.8886 52.1284 39.3
      vertex 22.0597 51.773 36.9
      vertex 22.0597 51.773 39.3
    endloop
  endfacet
  facet normal 0.308765 -0.951138 0
    outer loop
      vertex 19.1353 53.023 36.9
      vertex 19.5105 53.1448 39.3
      vertex 19.1353 53.023 39.3
    endloop
  endfacet
  facet normal 0.308765 -0.951138 0
    outer loop
      vertex 19.5105 53.1448 39.3
      vertex 19.1353 53.023 36.9
      vertex 19.5105 53.1448 36.9
    endloop
  endfacet
  facet normal -0.995964 0.0897584 0
    outer loop
      vertex 22.1646 50.6072 36.9
      vertex 22.2 51 39.3
      vertex 22.2 51 36.9
    endloop
  endfacet
  facet normal -0.995964 0.0897584 0
    outer loop
      vertex 22.2 51 39.3
      vertex 22.1646 50.6072 36.9
      vertex 22.1646 50.6072 39.3
    endloop
  endfacet
  facet normal -0.90102 0.433778 0
    outer loop
      vertex 21.8886 49.8716 36.9
      vertex 22.0597 50.227 39.3
      vertex 22.0597 50.227 36.9
    endloop
  endfacet
  facet normal -0.90102 0.433778 0
    outer loop
      vertex 22.0597 50.227 39.3
      vertex 21.8886 49.8716 36.9
      vertex 21.8886 49.8716 39.3
    endloop
  endfacet
  facet normal -0.690952 0.722901 0
    outer loop
      vertex 21.6568 49.5525 36.9
      vertex 21.3717 49.28 39.3
      vertex 21.6568 49.5525 39.3
    endloop
  endfacet
  facet normal -0.690952 0.722901 0
    outer loop
      vertex 21.3717 49.28 39.3
      vertex 21.6568 49.5525 36.9
      vertex 21.3717 49.28 36.9
    endloop
  endfacet
  facet normal 0.858453 0.512892 0
    outer loop
      vertex 18.2202 49.7069 39.3
      vertex 18.0179 50.0455 36.9
      vertex 18.0179 50.0455 39.3
    endloop
  endfacet
  facet normal 0.858453 0.512892 0
    outer loop
      vertex 18.0179 50.0455 36.9
      vertex 18.2202 49.7069 39.3
      vertex 18.2202 49.7069 36.9
    endloop
  endfacet
  facet normal -0.809065 -0.587719 0
    outer loop
      vertex 21.8886 52.1284 36.9
      vertex 21.6568 52.4475 39.3
      vertex 21.6568 52.4475 36.9
    endloop
  endfacet
  facet normal -0.809065 -0.587719 0
    outer loop
      vertex 21.6568 52.4475 39.3
      vertex 21.8886 52.1284 36.9
      vertex 21.8886 52.1284 39.3
    endloop
  endfacet
  facet normal 0.936204 -0.351457 0
    outer loop
      vertex 17.8793 51.5853 39.3
      vertex 18.0179 51.9545 36.9
      vertex 18.0179 51.9545 39.3
    endloop
  endfacet
  facet normal 0.936204 -0.351457 0
    outer loop
      vertex 18.0179 51.9545 36.9
      vertex 17.8793 51.5853 39.3
      vertex 17.8793 51.5853 36.9
    endloop
  endfacet
  facet normal -0.222618 -0.974906 0
    outer loop
      vertex 20.2953 53.1801 36.9
      vertex 20.6798 53.0923 39.3
      vertex 20.2953 53.1801 39.3
    endloop
  endfacet
  facet normal -0.222618 -0.974906 -0
    outer loop
      vertex 20.6798 53.0923 39.3
      vertex 20.2953 53.1801 36.9
      vertex 20.6798 53.0923 36.9
    endloop
  endfacet
  facet normal 0.623705 0.78166 -0
    outer loop
      vertex 18.788 49.1639 36.9
      vertex 18.4797 49.4099 39.3
      vertex 18.788 49.1639 39.3
    endloop
  endfacet
  facet normal 0.623705 0.78166 0
    outer loop
      vertex 18.4797 49.4099 39.3
      vertex 18.788 49.1639 36.9
      vertex 18.4797 49.4099 36.9
    endloop
  endfacet
  facet normal -0.963981 0.26597 0
    outer loop
      vertex 22.0597 50.227 36.9
      vertex 22.1646 50.6072 39.3
      vertex 22.1646 50.6072 36.9
    endloop
  endfacet
  facet normal -0.963981 0.26597 0
    outer loop
      vertex 22.1646 50.6072 39.3
      vertex 22.0597 50.227 36.9
      vertex 22.0597 50.227 39.3
    endloop
  endfacet
  facet normal 0.983943 0.178484 0
    outer loop
      vertex 17.8793 50.4147 39.3
      vertex 17.8089 50.8028 36.9
      vertex 17.8089 50.8028 39.3
    endloop
  endfacet
  facet normal 0.983943 0.178484 0
    outer loop
      vertex 17.8089 50.8028 36.9
      vertex 17.8793 50.4147 39.3
      vertex 17.8793 50.4147 36.9
    endloop
  endfacet
  facet normal -0.392971 -0.919551 0
    outer loop
      vertex 20.6798 53.0923 36.9
      vertex 21.0425 52.9373 39.3
      vertex 20.6798 53.0923 39.3
    endloop
  endfacet
  facet normal -0.392971 -0.919551 -0
    outer loop
      vertex 21.0425 52.9373 39.3
      vertex 20.6798 53.0923 36.9
      vertex 21.0425 52.9373 36.9
    endloop
  endfacet
  facet normal 0.858453 -0.512892 0
    outer loop
      vertex 18.0179 51.9545 39.3
      vertex 18.2202 52.2931 36.9
      vertex 18.2202 52.2931 39.3
    endloop
  endfacet
  facet normal 0.858453 -0.512892 0
    outer loop
      vertex 18.2202 52.2931 36.9
      vertex 18.0179 51.9545 39.3
      vertex 18.0179 51.9545 36.9
    endloop
  endfacet
  facet normal 0.473888 0.880585 -0
    outer loop
      vertex 19.1353 48.977 36.9
      vertex 18.788 49.1639 39.3
      vertex 19.1353 48.977 39.3
    endloop
  endfacet
  facet normal 0.473888 0.880585 0
    outer loop
      vertex 18.788 49.1639 39.3
      vertex 19.1353 48.977 36.9
      vertex 18.788 49.1639 36.9
    endloop
  endfacet
  facet normal 0.623705 -0.78166 0
    outer loop
      vertex 18.4797 52.5901 36.9
      vertex 18.788 52.8361 39.3
      vertex 18.4797 52.5901 39.3
    endloop
  endfacet
  facet normal 0.623705 -0.78166 0
    outer loop
      vertex 18.788 52.8361 39.3
      vertex 18.4797 52.5901 36.9
      vertex 18.788 52.8361 36.9
    endloop
  endfacet
  facet normal 0.473888 -0.880585 0
    outer loop
      vertex 18.788 52.8361 36.9
      vertex 19.1353 53.023 39.3
      vertex 18.788 52.8361 39.3
    endloop
  endfacet
  facet normal 0.473888 -0.880585 0
    outer loop
      vertex 19.1353 53.023 39.3
      vertex 18.788 52.8361 36.9
      vertex 19.1353 53.023 36.9
    endloop
  endfacet
  facet normal 0.753048 0.657966 0
    outer loop
      vertex 18.4797 49.4099 39.3
      vertex 18.2202 49.7069 36.9
      vertex 18.2202 49.7069 39.3
    endloop
  endfacet
  facet normal 0.753048 0.657966 0
    outer loop
      vertex 18.2202 49.7069 36.9
      vertex 18.4797 49.4099 39.3
      vertex 18.4797 49.4099 36.9
    endloop
  endfacet
  facet normal 0.936204 0.351457 0
    outer loop
      vertex 18.0179 50.0455 39.3
      vertex 17.8793 50.4147 36.9
      vertex 17.8793 50.4147 39.3
    endloop
  endfacet
  facet normal 0.936204 0.351457 0
    outer loop
      vertex 17.8793 50.4147 36.9
      vertex 18.0179 50.0455 39.3
      vertex 18.0179 50.0455 36.9
    endloop
  endfacet
  facet normal -0.690952 -0.722901 0
    outer loop
      vertex 21.3717 52.72 36.9
      vertex 21.6568 52.4475 39.3
      vertex 21.3717 52.72 39.3
    endloop
  endfacet
  facet normal -0.690952 -0.722901 -0
    outer loop
      vertex 21.6568 52.4475 39.3
      vertex 21.3717 52.72 36.9
      vertex 21.6568 52.4475 36.9
    endloop
  endfacet
  facet normal -0.550892 0.834577 0
    outer loop
      vertex 21.3717 49.28 36.9
      vertex 21.0425 49.0627 39.3
      vertex 21.3717 49.28 39.3
    endloop
  endfacet
  facet normal -0.550892 0.834577 0
    outer loop
      vertex 21.0425 49.0627 39.3
      vertex 21.3717 49.28 36.9
      vertex 21.0425 49.0627 36.9
    endloop
  endfacet
  facet normal -0.222618 0.974906 0
    outer loop
      vertex 20.6798 48.9077 36.9
      vertex 20.2953 48.8199 39.3
      vertex 20.6798 48.9077 39.3
    endloop
  endfacet
  facet normal -0.222618 0.974906 0
    outer loop
      vertex 20.2953 48.8199 39.3
      vertex 20.6798 48.9077 36.9
      vertex 20.2953 48.8199 36.9
    endloop
  endfacet
  facet normal -0.550892 -0.834577 0
    outer loop
      vertex 21.0425 52.9373 36.9
      vertex 21.3717 52.72 39.3
      vertex 21.0425 52.9373 39.3
    endloop
  endfacet
  facet normal -0.550892 -0.834577 -0
    outer loop
      vertex 21.3717 52.72 39.3
      vertex 21.0425 52.9373 36.9
      vertex 21.3717 52.72 36.9
    endloop
  endfacet
  facet normal -0.0448786 0.998992 0
    outer loop
      vertex 20.2953 48.8199 36.9
      vertex 19.9013 48.8022 39.3
      vertex 20.2953 48.8199 39.3
    endloop
  endfacet
  facet normal -0.0448786 0.998992 0
    outer loop
      vertex 19.9013 48.8022 39.3
      vertex 20.2953 48.8199 36.9
      vertex 19.9013 48.8022 36.9
    endloop
  endfacet
  facet normal -0.392971 0.919551 0
    outer loop
      vertex 21.0425 49.0627 36.9
      vertex 20.6798 48.9077 39.3
      vertex 21.0425 49.0627 39.3
    endloop
  endfacet
  facet normal -0.392971 0.919551 0
    outer loop
      vertex 20.6798 48.9077 39.3
      vertex 21.0425 49.0627 36.9
      vertex 20.6798 48.9077 36.9
    endloop
  endfacet
  facet normal -0.809065 0.587719 0
    outer loop
      vertex 21.6568 49.5525 36.9
      vertex 21.8886 49.8716 39.3
      vertex 21.8886 49.8716 36.9
    endloop
  endfacet
  facet normal -0.809065 0.587719 0
    outer loop
      vertex 21.8886 49.8716 39.3
      vertex 21.6568 49.5525 36.9
      vertex 21.6568 49.5525 39.3
    endloop
  endfacet
  facet normal 0.753048 -0.657966 0
    outer loop
      vertex 18.2202 52.2931 39.3
      vertex 18.4797 52.5901 36.9
      vertex 18.4797 52.5901 39.3
    endloop
  endfacet
  facet normal 0.753048 -0.657966 0
    outer loop
      vertex 18.4797 52.5901 36.9
      vertex 18.2202 52.2931 39.3
      vertex 18.2202 52.2931 36.9
    endloop
  endfacet
  facet normal 1 -0 0
    outer loop
      vertex 17.8089 50.8028 39.3
      vertex 17.8089 51.1972 36.9
      vertex 17.8089 51.1972 39.3
    endloop
  endfacet
  facet normal 1 0 0
    outer loop
      vertex 17.8089 51.1972 36.9
      vertex 17.8089 50.8028 39.3
      vertex 17.8089 50.8028 36.9
    endloop
  endfacet
  facet normal 0.134389 -0.990929 0
    outer loop
      vertex 19.5105 53.1448 36.9
      vertex 19.9013 53.1978 39.3
      vertex 19.5105 53.1448 39.3
    endloop
  endfacet
  facet normal 0.134389 -0.990929 0
    outer loop
      vertex 19.9013 53.1978 39.3
      vertex 19.5105 53.1448 36.9
      vertex 19.9013 53.1978 36.9
    endloop
  endfacet
  facet normal 0.983943 -0.178484 0
    outer loop
      vertex 17.8089 51.1972 39.3
      vertex 17.8793 51.5853 36.9
      vertex 17.8793 51.5853 39.3
    endloop
  endfacet
  facet normal 0.983943 -0.178484 0
    outer loop
      vertex 17.8793 51.5853 36.9
      vertex 17.8089 51.1972 39.3
      vertex 17.8089 51.1972 36.9
    endloop
  endfacet
  facet normal 0.134389 0.990929 -0
    outer loop
      vertex 19.9013 48.8022 36.9
      vertex 19.5105 48.8552 39.3
      vertex 19.9013 48.8022 39.3
    endloop
  endfacet
  facet normal 0.134389 0.990929 0
    outer loop
      vertex 19.5105 48.8552 39.3
      vertex 19.9013 48.8022 36.9
      vertex 19.5105 48.8552 36.9
    endloop
  endfacet
  facet normal 0.308765 0.951138 -0
    outer loop
      vertex 19.5105 48.8552 36.9
      vertex 19.1353 48.977 39.3
      vertex 19.5105 48.8552 39.3
    endloop
  endfacet
  facet normal 0.308765 0.951138 0
    outer loop
      vertex 19.1353 48.977 39.3
      vertex 19.5105 48.8552 36.9
      vertex 19.1353 48.977 36.9
    endloop
  endfacet
  facet normal -0.0448786 -0.998992 0
    outer loop
      vertex 19.9013 53.1978 36.9
      vertex 20.2953 53.1801 39.3
      vertex 19.9013 53.1978 39.3
    endloop
  endfacet
  facet normal -0.0448786 -0.998992 -0
    outer loop
      vertex 20.2953 53.1801 39.3
      vertex 19.9013 53.1978 36.9
      vertex 20.2953 53.1801 36.9
    endloop
  endfacet
  facet normal -0.963981 -0.26597 0
    outer loop
      vertex 62.1646 11.3928 36.9
      vertex 62.0597 11.773 39.3
      vertex 62.0597 11.773 36.9
    endloop
  endfacet
  facet normal -0.963981 -0.26597 0
    outer loop
      vertex 62.0597 11.773 39.3
      vertex 62.1646 11.3928 36.9
      vertex 62.1646 11.3928 39.3
    endloop
  endfacet
  facet normal -0.995964 -0.0897584 0
    outer loop
      vertex 62.2 11 36.9
      vertex 62.1646 11.3928 39.3
      vertex 62.1646 11.3928 36.9
    endloop
  endfacet
  facet normal -0.995964 -0.0897584 0
    outer loop
      vertex 62.1646 11.3928 39.3
      vertex 62.2 11 36.9
      vertex 62.2 11 39.3
    endloop
  endfacet
  facet normal -0.90102 -0.433778 0
    outer loop
      vertex 62.0597 11.773 36.9
      vertex 61.8886 12.1284 39.3
      vertex 61.8886 12.1284 36.9
    endloop
  endfacet
  facet normal -0.90102 -0.433778 0
    outer loop
      vertex 61.8886 12.1284 39.3
      vertex 62.0597 11.773 36.9
      vertex 62.0597 11.773 39.3
    endloop
  endfacet
  facet normal 0.308765 -0.951138 0
    outer loop
      vertex 59.1353 13.023 36.9
      vertex 59.5105 13.1448 39.3
      vertex 59.1353 13.023 39.3
    endloop
  endfacet
  facet normal 0.308765 -0.951138 0
    outer loop
      vertex 59.5105 13.1448 39.3
      vertex 59.1353 13.023 36.9
      vertex 59.5105 13.1448 36.9
    endloop
  endfacet
  facet normal -0.995964 0.0897584 0
    outer loop
      vertex 62.1646 10.6072 36.9
      vertex 62.2 11 39.3
      vertex 62.2 11 36.9
    endloop
  endfacet
  facet normal -0.995964 0.0897584 0
    outer loop
      vertex 62.2 11 39.3
      vertex 62.1646 10.6072 36.9
      vertex 62.1646 10.6072 39.3
    endloop
  endfacet
  facet normal -0.90101 0.433797 0
    outer loop
      vertex 61.8886 9.87162 36.9
      vertex 62.0597 10.227 39.3
      vertex 62.0597 10.227 36.9
    endloop
  endfacet
  facet normal -0.90101 0.433797 0
    outer loop
      vertex 62.0597 10.227 39.3
      vertex 61.8886 9.87162 36.9
      vertex 61.8886 9.87162 39.3
    endloop
  endfacet
  facet normal -0.691045 0.722812 0
    outer loop
      vertex 61.6568 9.55254 36.9
      vertex 61.3717 9.27997 39.3
      vertex 61.6568 9.55254 39.3
    endloop
  endfacet
  facet normal -0.691045 0.722812 0
    outer loop
      vertex 61.3717 9.27997 39.3
      vertex 61.6568 9.55254 36.9
      vertex 61.3717 9.27997 36.9
    endloop
  endfacet
  facet normal 0.858473 0.512858 0
    outer loop
      vertex 58.2202 9.70687 39.3
      vertex 58.0179 10.0455 36.9
      vertex 58.0179 10.0455 39.3
    endloop
  endfacet
  facet normal 0.858473 0.512858 0
    outer loop
      vertex 58.0179 10.0455 36.9
      vertex 58.2202 9.70687 39.3
      vertex 58.2202 9.70687 36.9
    endloop
  endfacet
  facet normal -0.809065 -0.587719 0
    outer loop
      vertex 61.8886 12.1284 36.9
      vertex 61.6568 12.4475 39.3
      vertex 61.6568 12.4475 36.9
    endloop
  endfacet
  facet normal -0.809065 -0.587719 0
    outer loop
      vertex 61.6568 12.4475 39.3
      vertex 61.8886 12.1284 36.9
      vertex 61.8886 12.1284 39.3
    endloop
  endfacet
  facet normal 0.936204 -0.351457 0
    outer loop
      vertex 57.8793 11.5853 39.3
      vertex 58.0179 11.9545 36.9
      vertex 58.0179 11.9545 39.3
    endloop
  endfacet
  facet normal 0.936204 -0.351457 0
    outer loop
      vertex 58.0179 11.9545 36.9
      vertex 57.8793 11.5853 39.3
      vertex 57.8793 11.5853 36.9
    endloop
  endfacet
  facet normal -0.222618 -0.974906 0
    outer loop
      vertex 60.2953 13.1801 36.9
      vertex 60.6798 13.0923 39.3
      vertex 60.2953 13.1801 39.3
    endloop
  endfacet
  facet normal -0.222618 -0.974906 -0
    outer loop
      vertex 60.6798 13.0923 39.3
      vertex 60.2953 13.1801 36.9
      vertex 60.6798 13.0923 36.9
    endloop
  endfacet
  facet normal 0.623566 0.781771 -0
    outer loop
      vertex 58.788 9.16394 36.9
      vertex 58.4797 9.40985 39.3
      vertex 58.788 9.16394 39.3
    endloop
  endfacet
  facet normal 0.623566 0.781771 0
    outer loop
      vertex 58.4797 9.40985 39.3
      vertex 58.788 9.16394 36.9
      vertex 58.4797 9.40985 36.9
    endloop
  endfacet
  facet normal -0.963981 0.26597 0
    outer loop
      vertex 62.0597 10.227 36.9
      vertex 62.1646 10.6072 39.3
      vertex 62.1646 10.6072 36.9
    endloop
  endfacet
  facet normal -0.963981 0.26597 0
    outer loop
      vertex 62.1646 10.6072 39.3
      vertex 62.0597 10.227 36.9
      vertex 62.0597 10.227 39.3
    endloop
  endfacet
  facet normal 0.983943 0.178484 0
    outer loop
      vertex 57.8793 10.4147 39.3
      vertex 57.8089 10.8028 36.9
      vertex 57.8089 10.8028 39.3
    endloop
  endfacet
  facet normal 0.983943 0.178484 0
    outer loop
      vertex 57.8089 10.8028 36.9
      vertex 57.8793 10.4147 39.3
      vertex 57.8793 10.4147 36.9
    endloop
  endfacet
  facet normal -0.392971 -0.919551 0
    outer loop
      vertex 60.6798 13.0923 36.9
      vertex 61.0425 12.9373 39.3
      vertex 60.6798 13.0923 39.3
    endloop
  endfacet
  facet normal -0.392971 -0.919551 -0
    outer loop
      vertex 61.0425 12.9373 39.3
      vertex 60.6798 13.0923 36.9
      vertex 61.0425 12.9373 36.9
    endloop
  endfacet
  facet normal 0.858453 -0.512892 0
    outer loop
      vertex 58.0179 11.9545 39.3
      vertex 58.2202 12.2931 36.9
      vertex 58.2202 12.2931 39.3
    endloop
  endfacet
  facet normal 0.858453 -0.512892 0
    outer loop
      vertex 58.2202 12.2931 36.9
      vertex 58.0179 11.9545 39.3
      vertex 58.0179 11.9545 36.9
    endloop
  endfacet
  facet normal 0.473888 0.880585 -0
    outer loop
      vertex 59.1353 8.97704 36.9
      vertex 58.788 9.16394 39.3
      vertex 59.1353 8.97704 39.3
    endloop
  endfacet
  facet normal 0.473888 0.880585 0
    outer loop
      vertex 58.788 9.16394 39.3
      vertex 59.1353 8.97704 36.9
      vertex 58.788 9.16394 36.9
    endloop
  endfacet
  facet normal 0.623705 -0.78166 0
    outer loop
      vertex 58.4797 12.5901 36.9
      vertex 58.788 12.8361 39.3
      vertex 58.4797 12.5901 39.3
    endloop
  endfacet
  facet normal 0.623705 -0.78166 0
    outer loop
      vertex 58.788 12.8361 39.3
      vertex 58.4797 12.5901 36.9
      vertex 58.788 12.8361 36.9
    endloop
  endfacet
  facet normal 0.473888 -0.880585 0
    outer loop
      vertex 58.788 12.8361 36.9
      vertex 59.1353 13.023 39.3
      vertex 58.788 12.8361 39.3
    endloop
  endfacet
  facet normal 0.473888 -0.880585 0
    outer loop
      vertex 59.1353 13.023 39.3
      vertex 58.788 12.8361 36.9
      vertex 59.1353 13.023 36.9
    endloop
  endfacet
  facet normal 0.75307 0.657941 0
    outer loop
      vertex 58.4797 9.40985 39.3
      vertex 58.2202 9.70687 36.9
      vertex 58.2202 9.70687 39.3
    endloop
  endfacet
  facet normal 0.75307 0.657941 0
    outer loop
      vertex 58.2202 9.70687 36.9
      vertex 58.4797 9.40985 39.3
      vertex 58.4797 9.40985 36.9
    endloop
  endfacet
  facet normal 0.936204 0.351457 0
    outer loop
      vertex 58.0179 10.0455 39.3
      vertex 57.8793 10.4147 36.9
      vertex 57.8793 10.4147 39.3
    endloop
  endfacet
  facet normal 0.936204 0.351457 0
    outer loop
      vertex 57.8793 10.4147 36.9
      vertex 58.0179 10.0455 39.3
      vertex 58.0179 10.0455 36.9
    endloop
  endfacet
  facet normal -0.690952 -0.722901 0
    outer loop
      vertex 61.3717 12.72 36.9
      vertex 61.6568 12.4475 39.3
      vertex 61.3717 12.72 39.3
    endloop
  endfacet
  facet normal -0.690952 -0.722901 -0
    outer loop
      vertex 61.6568 12.4475 39.3
      vertex 61.3717 12.72 36.9
      vertex 61.6568 12.4475 36.9
    endloop
  endfacet
  facet normal -0.550856 0.8346 0
    outer loop
      vertex 61.3717 9.27997 36.9
      vertex 61.0425 9.06269 39.3
      vertex 61.3717 9.27997 39.3
    endloop
  endfacet
  facet normal -0.550856 0.8346 0
    outer loop
      vertex 61.0425 9.06269 39.3
      vertex 61.3717 9.27997 36.9
      vertex 61.0425 9.06269 36.9
    endloop
  endfacet
  facet normal -0.222546 0.974922 0
    outer loop
      vertex 60.6798 8.90768 36.9
      vertex 60.2953 8.81991 39.3
      vertex 60.6798 8.90768 39.3
    endloop
  endfacet
  facet normal -0.222546 0.974922 0
    outer loop
      vertex 60.2953 8.81991 39.3
      vertex 60.6798 8.90768 36.9
      vertex 60.2953 8.81991 36.9
    endloop
  endfacet
  facet normal -0.550892 -0.834577 0
    outer loop
      vertex 61.0425 12.9373 36.9
      vertex 61.3717 12.72 39.3
      vertex 61.0425 12.9373 39.3
    endloop
  endfacet
  facet normal -0.550892 -0.834577 -0
    outer loop
      vertex 61.3717 12.72 39.3
      vertex 61.0425 12.9373 36.9
      vertex 61.3717 12.72 36.9
    endloop
  endfacet
  facet normal -0.0448533 0.998994 0
    outer loop
      vertex 60.2953 8.81991 36.9
      vertex 59.9013 8.80222 39.3
      vertex 60.2953 8.81991 39.3
    endloop
  endfacet
  facet normal -0.0448533 0.998994 0
    outer loop
      vertex 59.9013 8.80222 39.3
      vertex 60.2953 8.81991 36.9
      vertex 59.9013 8.80222 36.9
    endloop
  endfacet
  facet normal -0.392992 0.919542 0
    outer loop
      vertex 61.0425 9.06269 36.9
      vertex 60.6798 8.90768 39.3
      vertex 61.0425 9.06269 39.3
    endloop
  endfacet
  facet normal -0.392992 0.919542 0
    outer loop
      vertex 60.6798 8.90768 39.3
      vertex 61.0425 9.06269 36.9
      vertex 60.6798 8.90768 36.9
    endloop
  endfacet
  facet normal -0.809047 0.587743 0
    outer loop
      vertex 61.6568 9.55254 36.9
      vertex 61.8886 9.87162 39.3
      vertex 61.8886 9.87162 36.9
    endloop
  endfacet
  facet normal -0.809047 0.587743 0
    outer loop
      vertex 61.8886 9.87162 39.3
      vertex 61.6568 9.55254 36.9
      vertex 61.6568 9.55254 39.3
    endloop
  endfacet
  facet normal 0.753048 -0.657966 0
    outer loop
      vertex 58.2202 12.2931 39.3
      vertex 58.4797 12.5901 36.9
      vertex 58.4797 12.5901 39.3
    endloop
  endfacet
  facet normal 0.753048 -0.657966 0
    outer loop
      vertex 58.4797 12.5901 36.9
      vertex 58.2202 12.2931 39.3
      vertex 58.2202 12.2931 36.9
    endloop
  endfacet
  facet normal 1 -0 0
    outer loop
      vertex 57.8089 10.8028 39.3
      vertex 57.8089 11.1972 36.9
      vertex 57.8089 11.1972 39.3
    endloop
  endfacet
  facet normal 1 0 0
    outer loop
      vertex 57.8089 11.1972 36.9
      vertex 57.8089 10.8028 39.3
      vertex 57.8089 10.8028 36.9
    endloop
  endfacet
  facet normal 0.134389 -0.990929 0
    outer loop
      vertex 59.5105 13.1448 36.9
      vertex 59.9013 13.1978 39.3
      vertex 59.5105 13.1448 39.3
    endloop
  endfacet
  facet normal 0.134389 -0.990929 0
    outer loop
      vertex 59.9013 13.1978 39.3
      vertex 59.5105 13.1448 36.9
      vertex 59.9013 13.1978 36.9
    endloop
  endfacet
  facet normal 0.983943 -0.178484 0
    outer loop
      vertex 57.8089 11.1972 39.3
      vertex 57.8793 11.5853 36.9
      vertex 57.8793 11.5853 39.3
    endloop
  endfacet
  facet normal 0.983943 -0.178484 0
    outer loop
      vertex 57.8793 11.5853 36.9
      vertex 57.8089 11.1972 39.3
      vertex 57.8089 11.1972 36.9
    endloop
  endfacet
  facet normal 0.13424 0.990949 -0
    outer loop
      vertex 59.9013 8.80222 36.9
      vertex 59.5105 8.85516 39.3
      vertex 59.9013 8.80222 39.3
    endloop
  endfacet
  facet normal 0.13424 0.990949 0
    outer loop
      vertex 59.5105 8.85516 39.3
      vertex 59.9013 8.80222 36.9
      vertex 59.5105 8.85516 36.9
    endloop
  endfacet
  facet normal 0.308949 0.951079 -0
    outer loop
      vertex 59.5105 8.85516 36.9
      vertex 59.1353 8.97704 39.3
      vertex 59.5105 8.85516 39.3
    endloop
  endfacet
  facet normal 0.308949 0.951079 0
    outer loop
      vertex 59.1353 8.97704 39.3
      vertex 59.5105 8.85516 36.9
      vertex 59.1353 8.97704 36.9
    endloop
  endfacet
  facet normal -0.0448786 -0.998992 0
    outer loop
      vertex 59.9013 13.1978 36.9
      vertex 60.2953 13.1801 39.3
      vertex 59.9013 13.1978 39.3
    endloop
  endfacet
  facet normal -0.0448786 -0.998992 -0
    outer loop
      vertex 60.2953 13.1801 39.3
      vertex 59.9013 13.1978 36.9
      vertex 60.2953 13.1801 36.9
    endloop
  endfacet
  facet normal -0.963981 -0.26597 0
    outer loop
      vertex 62.1646 51.3928 36.9
      vertex 62.0597 51.773 39.3
      vertex 62.0597 51.773 36.9
    endloop
  endfacet
  facet normal -0.963981 -0.26597 0
    outer loop
      vertex 62.0597 51.773 39.3
      vertex 62.1646 51.3928 36.9
      vertex 62.1646 51.3928 39.3
    endloop
  endfacet
  facet normal -0.995964 -0.0897584 0
    outer loop
      vertex 62.2 51 36.9
      vertex 62.1646 51.3928 39.3
      vertex 62.1646 51.3928 36.9
    endloop
  endfacet
  facet normal -0.995964 -0.0897584 0
    outer loop
      vertex 62.1646 51.3928 39.3
      vertex 62.2 51 36.9
      vertex 62.2 51 39.3
    endloop
  endfacet
  facet normal -0.90102 -0.433778 0
    outer loop
      vertex 62.0597 51.773 36.9
      vertex 61.8886 52.1284 39.3
      vertex 61.8886 52.1284 36.9
    endloop
  endfacet
  facet normal -0.90102 -0.433778 0
    outer loop
      vertex 61.8886 52.1284 39.3
      vertex 62.0597 51.773 36.9
      vertex 62.0597 51.773 39.3
    endloop
  endfacet
  facet normal 0.308765 -0.951138 0
    outer loop
      vertex 59.1353 53.023 36.9
      vertex 59.5105 53.1448 39.3
      vertex 59.1353 53.023 39.3
    endloop
  endfacet
  facet normal 0.308765 -0.951138 0
    outer loop
      vertex 59.5105 53.1448 39.3
      vertex 59.1353 53.023 36.9
      vertex 59.5105 53.1448 36.9
    endloop
  endfacet
  facet normal -0.995964 0.0897584 0
    outer loop
      vertex 62.1646 50.6072 36.9
      vertex 62.2 51 39.3
      vertex 62.2 51 36.9
    endloop
  endfacet
  facet normal -0.995964 0.0897584 0
    outer loop
      vertex 62.2 51 39.3
      vertex 62.1646 50.6072 36.9
      vertex 62.1646 50.6072 39.3
    endloop
  endfacet
  facet normal -0.90102 0.433778 0
    outer loop
      vertex 61.8886 49.8716 36.9
      vertex 62.0597 50.227 39.3
      vertex 62.0597 50.227 36.9
    endloop
  endfacet
  facet normal -0.90102 0.433778 0
    outer loop
      vertex 62.0597 50.227 39.3
      vertex 61.8886 49.8716 36.9
      vertex 61.8886 49.8716 39.3
    endloop
  endfacet
  facet normal -0.690952 0.722901 0
    outer loop
      vertex 61.6568 49.5525 36.9
      vertex 61.3717 49.28 39.3
      vertex 61.6568 49.5525 39.3
    endloop
  endfacet
  facet normal -0.690952 0.722901 0
    outer loop
      vertex 61.3717 49.28 39.3
      vertex 61.6568 49.5525 36.9
      vertex 61.3717 49.28 36.9
    endloop
  endfacet
  facet normal 0.858453 0.512892 0
    outer loop
      vertex 58.2202 49.7069 39.3
      vertex 58.0179 50.0455 36.9
      vertex 58.0179 50.0455 39.3
    endloop
  endfacet
  facet normal 0.858453 0.512892 0
    outer loop
      vertex 58.0179 50.0455 36.9
      vertex 58.2202 49.7069 39.3
      vertex 58.2202 49.7069 36.9
    endloop
  endfacet
  facet normal -0.809065 -0.587719 0
    outer loop
      vertex 61.8886 52.1284 36.9
      vertex 61.6568 52.4475 39.3
      vertex 61.6568 52.4475 36.9
    endloop
  endfacet
  facet normal -0.809065 -0.587719 0
    outer loop
      vertex 61.6568 52.4475 39.3
      vertex 61.8886 52.1284 36.9
      vertex 61.8886 52.1284 39.3
    endloop
  endfacet
  facet normal 0.936204 -0.351457 0
    outer loop
      vertex 57.8793 51.5853 39.3
      vertex 58.0179 51.9545 36.9
      vertex 58.0179 51.9545 39.3
    endloop
  endfacet
  facet normal 0.936204 -0.351457 0
    outer loop
      vertex 58.0179 51.9545 36.9
      vertex 57.8793 51.5853 39.3
      vertex 57.8793 51.5853 36.9
    endloop
  endfacet
  facet normal -0.222618 -0.974906 0
    outer loop
      vertex 60.2953 53.1801 36.9
      vertex 60.6798 53.0923 39.3
      vertex 60.2953 53.1801 39.3
    endloop
  endfacet
  facet normal -0.222618 -0.974906 -0
    outer loop
      vertex 60.6798 53.0923 39.3
      vertex 60.2953 53.1801 36.9
      vertex 60.6798 53.0923 36.9
    endloop
  endfacet
  facet normal 0.623705 0.78166 -0
    outer loop
      vertex 58.788 49.1639 36.9
      vertex 58.4797 49.4099 39.3
      vertex 58.788 49.1639 39.3
    endloop
  endfacet
  facet normal 0.623705 0.78166 0
    outer loop
      vertex 58.4797 49.4099 39.3
      vertex 58.788 49.1639 36.9
      vertex 58.4797 49.4099 36.9
    endloop
  endfacet
  facet normal -0.963981 0.26597 0
    outer loop
      vertex 62.0597 50.227 36.9
      vertex 62.1646 50.6072 39.3
      vertex 62.1646 50.6072 36.9
    endloop
  endfacet
  facet normal -0.963981 0.26597 0
    outer loop
      vertex 62.1646 50.6072 39.3
      vertex 62.0597 50.227 36.9
      vertex 62.0597 50.227 39.3
    endloop
  endfacet
  facet normal 0.983943 0.178484 0
    outer loop
      vertex 57.8793 50.4147 39.3
      vertex 57.8089 50.8028 36.9
      vertex 57.8089 50.8028 39.3
    endloop
  endfacet
  facet normal 0.983943 0.178484 0
    outer loop
      vertex 57.8089 50.8028 36.9
      vertex 57.8793 50.4147 39.3
      vertex 57.8793 50.4147 36.9
    endloop
  endfacet
  facet normal -0.392971 -0.919551 0
    outer loop
      vertex 60.6798 53.0923 36.9
      vertex 61.0425 52.9373 39.3
      vertex 60.6798 53.0923 39.3
    endloop
  endfacet
  facet normal -0.392971 -0.919551 -0
    outer loop
      vertex 61.0425 52.9373 39.3
      vertex 60.6798 53.0923 36.9
      vertex 61.0425 52.9373 36.9
    endloop
  endfacet
  facet normal 0.858453 -0.512892 0
    outer loop
      vertex 58.0179 51.9545 39.3
      vertex 58.2202 52.2931 36.9
      vertex 58.2202 52.2931 39.3
    endloop
  endfacet
  facet normal 0.858453 -0.512892 0
    outer loop
      vertex 58.2202 52.2931 36.9
      vertex 58.0179 51.9545 39.3
      vertex 58.0179 51.9545 36.9
    endloop
  endfacet
  facet normal 0.473888 0.880585 -0
    outer loop
      vertex 59.1353 48.977 36.9
      vertex 58.788 49.1639 39.3
      vertex 59.1353 48.977 39.3
    endloop
  endfacet
  facet normal 0.473888 0.880585 0
    outer loop
      vertex 58.788 49.1639 39.3
      vertex 59.1353 48.977 36.9
      vertex 58.788 49.1639 36.9
    endloop
  endfacet
  facet normal 0.623705 -0.78166 0
    outer loop
      vertex 58.4797 52.5901 36.9
      vertex 58.788 52.8361 39.3
      vertex 58.4797 52.5901 39.3
    endloop
  endfacet
  facet normal 0.623705 -0.78166 0
    outer loop
      vertex 58.788 52.8361 39.3
      vertex 58.4797 52.5901 36.9
      vertex 58.788 52.8361 36.9
    endloop
  endfacet
  facet normal 0.473888 -0.880585 0
    outer loop
      vertex 58.788 52.8361 36.9
      vertex 59.1353 53.023 39.3
      vertex 58.788 52.8361 39.3
    endloop
  endfacet
  facet normal 0.473888 -0.880585 0
    outer loop
      vertex 59.1353 53.023 39.3
      vertex 58.788 52.8361 36.9
      vertex 59.1353 53.023 36.9
    endloop
  endfacet
  facet normal 0.753048 0.657966 0
    outer loop
      vertex 58.4797 49.4099 39.3
      vertex 58.2202 49.7069 36.9
      vertex 58.2202 49.7069 39.3
    endloop
  endfacet
  facet normal 0.753048 0.657966 0
    outer loop
      vertex 58.2202 49.7069 36.9
      vertex 58.4797 49.4099 39.3
      vertex 58.4797 49.4099 36.9
    endloop
  endfacet
  facet normal 0.936204 0.351457 0
    outer loop
      vertex 58.0179 50.0455 39.3
      vertex 57.8793 50.4147 36.9
      vertex 57.8793 50.4147 39.3
    endloop
  endfacet
  facet normal 0.936204 0.351457 0
    outer loop
      vertex 57.8793 50.4147 36.9
      vertex 58.0179 50.0455 39.3
      vertex 58.0179 50.0455 36.9
    endloop
  endfacet
  facet normal -0.690952 -0.722901 0
    outer loop
      vertex 61.3717 52.72 36.9
      vertex 61.6568 52.4475 39.3
      vertex 61.3717 52.72 39.3
    endloop
  endfacet
  facet normal -0.690952 -0.722901 -0
    outer loop
      vertex 61.6568 52.4475 39.3
      vertex 61.3717 52.72 36.9
      vertex 61.6568 52.4475 36.9
    endloop
  endfacet
  facet normal -0.550892 0.834577 0
    outer loop
      vertex 61.3717 49.28 36.9
      vertex 61.0425 49.0627 39.3
      vertex 61.3717 49.28 39.3
    endloop
  endfacet
  facet normal -0.550892 0.834577 0
    outer loop
      vertex 61.0425 49.0627 39.3
      vertex 61.3717 49.28 36.9
      vertex 61.0425 49.0627 36.9
    endloop
  endfacet
  facet normal -0.222618 0.974906 0
    outer loop
      vertex 60.6798 48.9077 36.9
      vertex 60.2953 48.8199 39.3
      vertex 60.6798 48.9077 39.3
    endloop
  endfacet
  facet normal -0.222618 0.974906 0
    outer loop
      vertex 60.2953 48.8199 39.3
      vertex 60.6798 48.9077 36.9
      vertex 60.2953 48.8199 36.9
    endloop
  endfacet
  facet normal -0.550892 -0.834577 0
    outer loop
      vertex 61.0425 52.9373 36.9
      vertex 61.3717 52.72 39.3
      vertex 61.0425 52.9373 39.3
    endloop
  endfacet
  facet normal -0.550892 -0.834577 -0
    outer loop
      vertex 61.3717 52.72 39.3
      vertex 61.0425 52.9373 36.9
      vertex 61.3717 52.72 36.9
    endloop
  endfacet
  facet normal -0.0448786 0.998992 0
    outer loop
      vertex 60.2953 48.8199 36.9
      vertex 59.9013 48.8022 39.3
      vertex 60.2953 48.8199 39.3
    endloop
  endfacet
  facet normal -0.0448786 0.998992 0
    outer loop
      vertex 59.9013 48.8022 39.3
      vertex 60.2953 48.8199 36.9
      vertex 59.9013 48.8022 36.9
    endloop
  endfacet
  facet normal -0.392971 0.919551 0
    outer loop
      vertex 61.0425 49.0627 36.9
      vertex 60.6798 48.9077 39.3
      vertex 61.0425 49.0627 39.3
    endloop
  endfacet
  facet normal -0.392971 0.919551 0
    outer loop
      vertex 60.6798 48.9077 39.3
      vertex 61.0425 49.0627 36.9
      vertex 60.6798 48.9077 36.9
    endloop
  endfacet
  facet normal -0.809065 0.587719 0
    outer loop
      vertex 61.6568 49.5525 36.9
      vertex 61.8886 49.8716 39.3
      vertex 61.8886 49.8716 36.9
    endloop
  endfacet
  facet normal -0.809065 0.587719 0
    outer loop
      vertex 61.8886 49.8716 39.3
      vertex 61.6568 49.5525 36.9
      vertex 61.6568 49.5525 39.3
    endloop
  endfacet
  facet normal 0.753048 -0.657966 0
    outer loop
      vertex 58.2202 52.2931 39.3
      vertex 58.4797 52.5901 36.9
      vertex 58.4797 52.5901 39.3
    endloop
  endfacet
  facet normal 0.753048 -0.657966 0
    outer loop
      vertex 58.4797 52.5901 36.9
      vertex 58.2202 52.2931 39.3
      vertex 58.2202 52.2931 36.9
    endloop
  endfacet
  facet normal 1 -0 0
    outer loop
      vertex 57.8089 50.8028 39.3
      vertex 57.8089 51.1972 36.9
      vertex 57.8089 51.1972 39.3
    endloop
  endfacet
  facet normal 1 0 0
    outer loop
      vertex 57.8089 51.1972 36.9
      vertex 57.8089 50.8028 39.3
      vertex 57.8089 50.8028 36.9
    endloop
  endfacet
  facet normal 0.134389 -0.990929 0
    outer loop
      vertex 59.5105 53.1448 36.9
      vertex 59.9013 53.1978 39.3
      vertex 59.5105 53.1448 39.3
    endloop
  endfacet
  facet normal 0.134389 -0.990929 0
    outer loop
      vertex 59.9013 53.1978 39.3
      vertex 59.5105 53.1448 36.9
      vertex 59.9013 53.1978 36.9
    endloop
  endfacet
  facet normal 0.983943 -0.178484 0
    outer loop
      vertex 57.8089 51.1972 39.3
      vertex 57.8793 51.5853 36.9
      vertex 57.8793 51.5853 39.3
    endloop
  endfacet
  facet normal 0.983943 -0.178484 0
    outer loop
      vertex 57.8793 51.5853 36.9
      vertex 57.8089 51.1972 39.3
      vertex 57.8089 51.1972 36.9
    endloop
  endfacet
  facet normal 0.134389 0.990929 -0
    outer loop
      vertex 59.9013 48.8022 36.9
      vertex 59.5105 48.8552 39.3
      vertex 59.9013 48.8022 39.3
    endloop
  endfacet
  facet normal 0.134389 0.990929 0
    outer loop
      vertex 59.5105 48.8552 39.3
      vertex 59.9013 48.8022 36.9
      vertex 59.5105 48.8552 36.9
    endloop
  endfacet
  facet normal 0.308765 0.951138 -0
    outer loop
      vertex 59.5105 48.8552 36.9
      vertex 59.1353 48.977 39.3
      vertex 59.5105 48.8552 39.3
    endloop
  endfacet
  facet normal 0.308765 0.951138 0
    outer loop
      vertex 59.1353 48.977 39.3
      vertex 59.5105 48.8552 36.9
      vertex 59.1353 48.977 36.9
    endloop
  endfacet
  facet normal -0.0448786 -0.998992 0
    outer loop
      vertex 59.9013 53.1978 36.9
      vertex 60.2953 53.1801 39.3
      vertex 59.9013 53.1978 39.3
    endloop
  endfacet
  facet normal -0.0448786 -0.998992 -0
    outer loop
      vertex 60.2953 53.1801 39.3
      vertex 59.9013 53.1978 36.9
      vertex 60.2953 53.1801 36.9
    endloop
  endfacet
  facet normal -0.998639 -0.0521628 0
    outer loop
      vertex 62.9599 32.3 36.9
      vertex 62.944 32.6044 39.3
      vertex 62.944 32.6044 36.9
    endloop
  endfacet
  facet normal -0.998639 -0.0521628 0
    outer loop
      vertex 62.944 32.6044 39.3
      vertex 62.9599 32.3 36.9
      vertex 62.9599 32.3 39.3
    endloop
  endfacet
  facet normal 0 0 -1
    outer loop
      vertex 62.944 32.6044 36.9
      vertex 62.986 31.8027 36.9
      vertex 62.9599 32.3 36.9
    endloop
  endfacet
  facet normal -0.996192 -0.0871886 0
    outer loop
      vertex 62.944 32.6044 36.9
      vertex 62.874 33.4042 39.3
      vertex 62.874 33.4042 36.9
    endloop
  endfacet
  facet normal -0.996192 -0.0871886 0
    outer loop
      vertex 62.874 33.4042 39.3
      vertex 62.944 32.6044 36.9
      vertex 62.944 32.6044 39.3
    endloop
  endfacet
  facet normal -0.39079 -0.92048 0
    outer loop
      vertex 48.616 52.3252 36.9
      vertex 49.3549 52.0115 39.3
      vertex 48.616 52.3252 39.3
    endloop
  endfacet
  facet normal -0.39079 -0.92048 -0
    outer loop
      vertex 49.3549 52.0115 39.3
      vertex 48.616 52.3252 36.9
      vertex 49.3549 52.0115 36.9
    endloop
  endfacet
  facet normal 0.945511 0.325591 0
    outer loop
      vertex 18.3871 23.1335 39.3
      vertex 18.1257 23.8926 36.9
      vertex 18.1257 23.8926 39.3
    endloop
  endfacet
  facet normal 0.945511 0.325591 0
    outer loop
      vertex 18.1257 23.8926 36.9
      vertex 18.3871 23.1335 39.3
      vertex 18.3871 23.1335 36.9
    endloop
  endfacet
  facet normal -0.544665 0.838653 0
    outer loop
      vertex 52.8614 11.9321 36.9
      vertex 52.6058 11.7661 39.3
      vertex 52.8614 11.9321 39.3
    endloop
  endfacet
  facet normal -0.544665 0.838653 0
    outer loop
      vertex 52.6058 11.7661 39.3
      vertex 52.8614 11.9321 36.9
      vertex 52.6058 11.7661 36.9
    endloop
  endfacet
  facet normal 0 0 1
    outer loop
      vertex 52.8614 11.9321 36.9
      vertex 52.1881 11.4949 36.9
      vertex 52.6058 11.7661 36.9
    endloop
  endfacet
  facet normal -0.890988 -0.454027 0
    outer loop
      vertex 60.6723 41.0825 36.9
      vertex 60.3078 41.7978 39.3
      vertex 60.3078 41.7978 36.9
    endloop
  endfacet
  facet normal -0.890988 -0.454027 0
    outer loop
      vertex 60.3078 41.7978 39.3
      vertex 60.6723 41.0825 36.9
      vertex 60.6723 41.0825 39.3
    endloop
  endfacet
  facet normal 0.156443 0.987687 -0
    outer loop
      vertex 36.799 8.22383 36.9
      vertex 36.0061 8.34942 39.3
      vertex 36.799 8.22383 39.3
    endloop
  endfacet
  facet normal 0.156443 0.987687 0
    outer loop
      vertex 36.0061 8.34942 39.3
      vertex 36.799 8.22383 36.9
      vertex 36.0061 8.34942 36.9
    endloop
  endfacet
  facet normal -0.0871515 0.996195 0
    outer loop
      vertex 42.4042 8.126 36.9
      vertex 41.6044 8.05603 39.3
      vertex 42.4042 8.126 39.3
    endloop
  endfacet
  facet normal -0.0871515 0.996195 0
    outer loop
      vertex 41.6044 8.05603 39.3
      vertex 42.4042 8.126 36.9
      vertex 41.6044 8.05603 36.9
    endloop
  endfacet
  facet normal -0.190808 0.981627 0
    outer loop
      vertex 44.782 8.50261 36.9
      vertex 43.9939 8.34942 39.3
      vertex 44.782 8.50261 39.3
    endloop
  endfacet
  facet normal -0.190808 0.981627 0
    outer loop
      vertex 43.9939 8.34942 39.3
      vertex 44.782 8.50261 36.9
      vertex 43.9939 8.34942 36.9
    endloop
  endfacet
  facet normal -0.19082 -0.981625 0
    outer loop
      vertex 43.9939 53.6506 36.9
      vertex 44.782 53.4974 39.3
      vertex 43.9939 53.6506 39.3
    endloop
  endfacet
  facet normal -0.19082 -0.981625 -0
    outer loop
      vertex 44.782 53.4974 39.3
      vertex 43.9939 53.6506 36.9
      vertex 44.782 53.4974 36.9
    endloop
  endfacet
  facet normal -0.965924 -0.258825 0
    outer loop
      vertex 62.3168 36.5642 36.9
      vertex 62.109 37.3397 39.3
      vertex 62.109 37.3397 36.9
    endloop
  endfacet
  facet normal -0.965924 -0.258825 0
    outer loop
      vertex 62.109 37.3397 39.3
      vertex 62.3168 36.5642 36.9
      vertex 62.3168 36.5642 39.3
    endloop
  endfacet
  facet normal -0.682012 -0.731341 0
    outer loop
      vertex 55.39 48.0923 36.9
      vertex 55.9771 47.5448 39.3
      vertex 55.39 48.0923 39.3
    endloop
  endfacet
  facet normal -0.682012 -0.731341 -0
    outer loop
      vertex 55.9771 47.5448 39.3
      vertex 55.39 48.0923 36.9
      vertex 55.9771 47.5448 36.9
    endloop
  endfacet
  facet normal 0.906349 -0.422531 0
    outer loop
      vertex 18.9885 40.3549 39.3
      vertex 19.3277 41.0825 36.9
      vertex 19.3277 41.0825 39.3
    endloop
  endfacet
  facet normal 0.906349 -0.422531 0
    outer loop
      vertex 19.3277 41.0825 36.9
      vertex 18.9885 40.3549 39.3
      vertex 18.9885 40.3549 36.9
    endloop
  endfacet
  facet normal -0.956308 -0.292361 0
    outer loop
      vertex 62.109 37.3397 36.9
      vertex 61.8743 38.1074 39.3
      vertex 61.8743 38.1074 36.9
    endloop
  endfacet
  facet normal -0.956308 -0.292361 0
    outer loop
      vertex 61.8743 38.1074 39.3
      vertex 62.109 37.3397 36.9
      vertex 62.109 37.3397 39.3
    endloop
  endfacet
  facet normal 0.731341 -0.682012 0
    outer loop
      vertex 22.9077 46.39 39.3
      vertex 23.4552 46.9771 36.9
      vertex 23.4552 46.9771 39.3
    endloop
  endfacet
  facet normal 0.731341 -0.682012 0
    outer loop
      vertex 23.4552 46.9771 36.9
      vertex 22.9077 46.39 39.3
      vertex 22.9077 46.39 36.9
    endloop
  endfacet
  facet normal 0.156455 -0.987685 0
    outer loop
      vertex 36.0061 53.6506 36.9
      vertex 36.799 53.7762 39.3
      vertex 36.0061 53.6506 39.3
    endloop
  endfacet
  facet normal 0.156455 -0.987685 0
    outer loop
      vertex 36.799 53.7762 39.3
      vertex 36.0061 53.6506 36.9
      vertex 36.799 53.7762 36.9
    endloop
  endfacet
  facet normal 0.656058 -0.75471 0
    outer loop
      vertex 24.61 48.0923 36.9
      vertex 25.2159 48.619 39.3
      vertex 24.61 48.0923 39.3
    endloop
  endfacet
  facet normal 0.656058 -0.75471 0
    outer loop
      vertex 25.2159 48.619 39.3
      vertex 24.61 48.0923 36.9
      vertex 25.2159 48.619 36.9
    endloop
  endfacet
  facet normal 0.996192 0.0871886 0
    outer loop
      vertex 17.126 28.5958 39.3
      vertex 17.056 29.3956 36.9
      vertex 17.056 29.3956 39.3
    endloop
  endfacet
  facet normal 0.996192 0.0871886 0
    outer loop
      vertex 17.056 29.3956 36.9
      vertex 17.126 28.5958 39.3
      vertex 17.126 28.5958 36.9
    endloop
  endfacet
  facet normal -0.325558 0.945522 0
    outer loop
      vertex 47.8665 9.38707 36.9
      vertex 47.1074 9.1257 39.3
      vertex 47.8665 9.38707 39.3
    endloop
  endfacet
  facet normal -0.325558 0.945522 0
    outer loop
      vertex 47.1074 9.1257 39.3
      vertex 47.8665 9.38707 36.9
      vertex 47.1074 9.1257 36.9
    endloop
  endfacet
  facet normal 0.819168 -0.573554 0
    outer loop
      vertex 20.9321 43.8614 39.3
      vertex 21.3926 44.5191 36.9
      vertex 21.3926 44.5191 39.3
    endloop
  endfacet
  facet normal 0.819168 -0.573554 0
    outer loop
      vertex 21.3926 44.5191 36.9
      vertex 20.9321 43.8614 39.3
      vertex 20.9321 43.8614 36.9
    endloop
  endfacet
  facet normal -0.325591 -0.945511 0
    outer loop
      vertex 47.1074 52.8743 36.9
      vertex 47.8665 52.6129 39.3
      vertex 47.1074 52.8743 39.3
    endloop
  endfacet
  facet normal -0.325591 -0.945511 -0
    outer loop
      vertex 47.8665 52.6129 39.3
      vertex 47.1074 52.8743 36.9
      vertex 47.8665 52.6129 36.9
    endloop
  endfacet
  facet normal 0.258802 0.96593 -0
    outer loop
      vertex 34.4358 8.6832 36.9
      vertex 33.6603 8.89098 39.3
      vertex 34.4358 8.6832 39.3
    endloop
  endfacet
  facet normal 0.258802 0.96593 0
    outer loop
      vertex 33.6603 8.89098 39.3
      vertex 34.4358 8.6832 36.9
      vertex 33.6603 8.89098 36.9
    endloop
  endfacet
  facet normal 0.933583 -0.358361 0
    outer loop
      vertex 18.3871 38.8665 39.3
      vertex 18.6748 39.616 36.9
      vertex 18.6748 39.616 39.3
    endloop
  endfacet
  facet normal 0.933583 -0.358361 0
    outer loop
      vertex 18.6748 39.616 36.9
      vertex 18.3871 38.8665 39.3
      vertex 18.3871 38.8665 36.9
    endloop
  endfacet
  facet normal -0.731341 0.682012 0
    outer loop
      vertex 56.5448 15.0229 36.9
      vertex 57.0923 15.61 39.3
      vertex 57.0923 15.61 36.9
    endloop
  endfacet
  facet normal -0.731341 0.682012 0
    outer loop
      vertex 57.0923 15.61 39.3
      vertex 56.5448 15.0229 36.9
      vertex 56.5448 15.0229 39.3
    endloop
  endfacet
  facet normal -0.933583 -0.358361 0
    outer loop
      vertex 61.6129 38.8665 36.9
      vertex 61.3252 39.616 39.3
      vertex 61.3252 39.616 36.9
    endloop
  endfacet
  facet normal -0.933583 -0.358361 0
    outer loop
      vertex 61.3252 39.616 39.3
      vertex 61.6129 38.8665 36.9
      vertex 61.6129 38.8665 39.3
    endloop
  endfacet
  facet normal -0.874639 -0.484775 0
    outer loop
      vertex 60.3078 41.7978 36.9
      vertex 59.9186 42.5 39.3
      vertex 59.9186 42.5 36.9
    endloop
  endfacet
  facet normal -0.874639 -0.484775 0
    outer loop
      vertex 59.9186 42.5 39.3
      vertex 60.3078 41.7978 36.9
      vertex 60.3078 41.7978 39.3
    endloop
  endfacet
  facet normal -0.629302 -0.777161 0
    outer loop
      vertex 54.1602 49.1242 36.9
      vertex 54.7841 48.619 39.3
      vertex 54.1602 49.1242 39.3
    endloop
  endfacet
  facet normal -0.629302 -0.777161 -0
    outer loop
      vertex 54.7841 48.619 39.3
      vertex 54.1602 49.1242 36.9
      vertex 54.7841 48.619 36.9
    endloop
  endfacet
  facet normal 0.573554 -0.819168 0
    outer loop
      vertex 26.4809 49.6074 36.9
      vertex 27.1386 50.0679 39.3
      vertex 26.4809 49.6074 39.3
    endloop
  endfacet
  facet normal 0.573554 -0.819168 0
    outer loop
      vertex 27.1386 50.0679 39.3
      vertex 26.4809 49.6074 36.9
      vertex 27.1386 50.0679 36.9
    endloop
  endfacet
  facet normal -0.906349 -0.422531 0
    outer loop
      vertex 61.0115 40.3549 36.9
      vertex 60.6723 41.0825 39.3
      vertex 60.6723 41.0825 36.9
    endloop
  endfacet
  facet normal -0.906349 -0.422531 0
    outer loop
      vertex 60.6723 41.0825 39.3
      vertex 61.0115 40.3549 36.9
      vertex 61.0115 40.3549 39.3
    endloop
  endfacet
  facet normal -0.601892 0.798578 0
    outer loop
      vertex 54.1602 12.8758 36.9
      vertex 53.5191 12.3926 39.3
      vertex 54.1602 12.8758 39.3
    endloop
  endfacet
  facet normal -0.601892 0.798578 0
    outer loop
      vertex 53.5191 12.3926 39.3
      vertex 54.1602 12.8758 36.9
      vertex 53.5191 12.3926 36.9
    endloop
  endfacet
  facet normal 0.731341 0.682012 0
    outer loop
      vertex 23.4552 15.0229 39.3
      vertex 22.9077 15.61 36.9
      vertex 22.9077 15.61 39.3
    endloop
  endfacet
  facet normal 0.731341 0.682012 0
    outer loop
      vertex 22.9077 15.61 36.9
      vertex 23.4552 15.0229 39.3
      vertex 23.4552 15.0229 36.9
    endloop
  endfacet
  facet normal -0.777161 -0.629302 0
    outer loop
      vertex 58.1242 45.1602 36.9
      vertex 57.619 45.7841 39.3
      vertex 57.619 45.7841 36.9
    endloop
  endfacet
  facet normal -0.777161 -0.629302 0
    outer loop
      vertex 57.619 45.7841 39.3
      vertex 58.1242 45.1602 36.9
      vertex 58.1242 45.1602 39.3
    endloop
  endfacet
  facet normal 0.544665 -0.838653 0
    outer loop
      vertex 27.1386 50.0679 36.9
      vertex 27.3942 50.2339 39.3
      vertex 27.1386 50.0679 39.3
    endloop
  endfacet
  facet normal 0.544665 -0.838653 0
    outer loop
      vertex 27.3942 50.2339 39.3
      vertex 27.1386 50.0679 36.9
      vertex 27.3942 50.2339 36.9
    endloop
  endfacet
  facet normal 0 0 1
    outer loop
      vertex 27.1386 50.0679 36.9
      vertex 27.8119 50.5051 36.9
      vertex 27.3942 50.2339 36.9
    endloop
  endfacet
  facet normal -0.454024 0.890989 0
    outer loop
      vertex 50.3541 10.4661 36.9
      vertex 50.0825 10.3277 39.3
      vertex 50.3541 10.4661 39.3
    endloop
  endfacet
  facet normal -0.454024 0.890989 0
    outer loop
      vertex 50.0825 10.3277 39.3
      vertex 50.3541 10.4661 36.9
      vertex 50.0825 10.3277 36.9
    endloop
  endfacet
  facet normal 0 -0 1
    outer loop
      vertex 50.3541 10.4661 36.9
      vertex 50.7978 10.6922 36.9
      vertex 50.0825 10.3277 36.9
    endloop
  endfacet
  facet normal 0.75471 0.656058 0
    outer loop
      vertex 22.9077 15.61 39.3
      vertex 22.381 16.2159 36.9
      vertex 22.381 16.2159 39.3
    endloop
  endfacet
  facet normal 0.75471 0.656058 0
    outer loop
      vertex 22.381 16.2159 36.9
      vertex 22.9077 15.61 39.3
      vertex 22.9077 15.61 36.9
    endloop
  endfacet
  facet normal -0.0174509 0.999848 0
    outer loop
      vertex 40.8027 8.01401 36.9
      vertex 40 8 39.3
      vertex 40.8027 8.01401 39.3
    endloop
  endfacet
  facet normal -0.0174509 0.999848 0
    outer loop
      vertex 40 8 39.3
      vertex 40.8027 8.01401 36.9
      vertex 40 8 36.9
    endloop
  endfacet
  facet normal 0.75471 -0.656058 0
    outer loop
      vertex 22.381 45.7841 39.3
      vertex 22.9077 46.39 36.9
      vertex 22.9077 46.39 39.3
    endloop
  endfacet
  facet normal 0.75471 -0.656058 0
    outer loop
      vertex 22.9077 46.39 36.9
      vertex 22.381 45.7841 39.3
      vertex 22.381 45.7841 36.9
    endloop
  endfacet
  facet normal 0.358361 0.933583 -0
    outer loop
      vertex 32.1335 9.38707 36.9
      vertex 31.384 9.67477 39.3
      vertex 32.1335 9.38707 39.3
    endloop
  endfacet
  facet normal 0.358361 0.933583 0
    outer loop
      vertex 31.384 9.67477 39.3
      vertex 32.1335 9.38707 36.9
      vertex 31.384 9.67477 36.9
    endloop
  endfacet
  facet normal -0.121827 -0.992551 0
    outer loop
      vertex 42.4042 53.874 36.9
      vertex 43.201 53.7762 39.3
      vertex 42.4042 53.874 39.3
    endloop
  endfacet
  facet normal -0.121827 -0.992551 -0
    outer loop
      vertex 43.201 53.7762 39.3
      vertex 42.4042 53.874 36.9
      vertex 43.201 53.7762 36.9
    endloop
  endfacet
  facet normal 0.998639 0.0521628 0
    outer loop
      vertex 17.056 29.3956 39.3
      vertex 17.0401 29.7 36.9
      vertex 17.0401 29.7 39.3
    endloop
  endfacet
  facet normal 0.998639 0.0521628 0
    outer loop
      vertex 17.0401 29.7 36.9
      vertex 17.056 29.3956 39.3
      vertex 17.056 29.3956 36.9
    endloop
  endfacet
  facet normal 0 0 -1
    outer loop
      vertex 17.056 29.3956 36.9
      vertex 17.014 30.1973 36.9
      vertex 17.0401 29.7 36.9
    endloop
  endfacet
  facet normal 0.92048 0.39079 0
    outer loop
      vertex 18.9885 21.6451 39.3
      vertex 18.6748 22.384 36.9
      vertex 18.6748 22.384 39.3
    endloop
  endfacet
  facet normal 0.92048 0.39079 0
    outer loop
      vertex 18.6748 22.384 36.9
      vertex 18.9885 21.6451 39.3
      vertex 18.9885 21.6451 36.9
    endloop
  endfacet
  facet normal -0.656058 0.75471 0
    outer loop
      vertex 55.39 13.9077 36.9
      vertex 54.7841 13.381 39.3
      vertex 55.39 13.9077 39.3
    endloop
  endfacet
  facet normal -0.656058 0.75471 0
    outer loop
      vertex 54.7841 13.381 39.3
      vertex 55.39 13.9077 36.9
      vertex 54.7841 13.381 36.9
    endloop
  endfacet
  facet normal -0.544665 -0.838653 0
    outer loop
      vertex 52.6058 50.2339 36.9
      vertex 52.8614 50.0679 39.3
      vertex 52.6058 50.2339 39.3
    endloop
  endfacet
  facet normal -0.544665 -0.838653 -0
    outer loop
      vertex 52.8614 50.0679 39.3
      vertex 52.6058 50.2339 36.9
      vertex 52.8614 50.0679 36.9
    endloop
  endfacet
  facet normal 0 0 1
    outer loop
      vertex 52.8614 50.0679 36.9
      vertex 52.6058 50.2339 36.9
      vertex 52.1881 50.5051 36.9
    endloop
  endfacet
  facet normal -0.838697 0.544599 0
    outer loop
      vertex 59.0679 18.1386 36.9
      vertex 59.5051 18.8119 39.3
      vertex 59.5051 18.8119 36.9
    endloop
  endfacet
  facet normal -0.838697 0.544599 0
    outer loop
      vertex 59.5051 18.8119 39.3
      vertex 59.0679 18.1386 36.9
      vertex 59.0679 18.1386 39.3
    endloop
  endfacet
  facet normal -0.996192 0.0871886 0
    outer loop
      vertex 62.874 28.5958 36.9
      vertex 62.944 29.3956 39.3
      vertex 62.944 29.3956 36.9
    endloop
  endfacet
  facet normal -0.996192 0.0871886 0
    outer loop
      vertex 62.944 29.3956 39.3
      vertex 62.874 28.5958 36.9
      vertex 62.874 28.5958 39.3
    endloop
  endfacet
  facet normal 0.121827 -0.992551 0
    outer loop
      vertex 36.799 53.7762 36.9
      vertex 37.5958 53.874 39.3
      vertex 36.799 53.7762 39.3
    endloop
  endfacet
  facet normal 0.121827 -0.992551 0
    outer loop
      vertex 37.5958 53.874 39.3
      vertex 36.799 53.7762 36.9
      vertex 37.5958 53.874 36.9
    endloop
  endfacet
  facet normal -0.0174385 -0.999848 0
    outer loop
      vertex 40 54 36.9
      vertex 40.8027 53.986 39.3
      vertex 40 54 39.3
    endloop
  endfacet
  facet normal -0.0174385 -0.999848 -0
    outer loop
      vertex 40.8027 53.986 39.3
      vertex 40 54 36.9
      vertex 40.8027 53.986 36.9
    endloop
  endfacet
  facet normal -0.874639 0.484775 0
    outer loop
      vertex 59.9186 19.5 36.9
      vertex 60.3078 20.2022 39.3
      vertex 60.3078 20.2022 36.9
    endloop
  endfacet
  facet normal -0.874639 0.484775 0
    outer loop
      vertex 60.3078 20.2022 39.3
      vertex 59.9186 19.5 36.9
      vertex 59.9186 19.5 39.3
    endloop
  endfacet
  facet normal -0.573554 0.819168 0
    outer loop
      vertex 53.5191 12.3926 36.9
      vertex 52.8614 11.9321 39.3
      vertex 53.5191 12.3926 39.3
    endloop
  endfacet
  facet normal -0.573554 0.819168 0
    outer loop
      vertex 52.8614 11.9321 39.3
      vertex 53.5191 12.3926 36.9
      vertex 52.8614 11.9321 36.9
    endloop
  endfacet
  facet normal -0.974366 -0.224969 0
    outer loop
      vertex 62.4974 35.782 36.9
      vertex 62.3168 36.5642 39.3
      vertex 62.3168 36.5642 36.9
    endloop
  endfacet
  facet normal -0.974366 -0.224969 0
    outer loop
      vertex 62.3168 36.5642 39.3
      vertex 62.4974 35.782 36.9
      vertex 62.4974 35.782 39.3
    endloop
  endfacet
  facet normal 0.190808 0.981627 -0
    outer loop
      vertex 36.0061 8.34942 36.9
      vertex 35.218 8.50261 39.3
      vertex 36.0061 8.34942 39.3
    endloop
  endfacet
  facet normal 0.190808 0.981627 0
    outer loop
      vertex 35.218 8.50261 39.3
      vertex 36.0061 8.34942 36.9
      vertex 35.218 8.50261 36.9
    endloop
  endfacet
  facet normal 0.874639 -0.484775 0
    outer loop
      vertex 19.6922 41.7978 39.3
      vertex 20.0814 42.5 36.9
      vertex 20.0814 42.5 39.3
    endloop
  endfacet
  facet normal 0.874639 -0.484775 0
    outer loop
      vertex 20.0814 42.5 36.9
      vertex 19.6922 41.7978 39.3
      vertex 19.6922 41.7978 36.9
    endloop
  endfacet
  facet normal 0.981625 0.19082 0
    outer loop
      vertex 17.5026 26.218 39.3
      vertex 17.3494 27.0061 36.9
      vertex 17.3494 27.0061 39.3
    endloop
  endfacet
  facet normal 0.981625 0.19082 0
    outer loop
      vertex 17.3494 27.0061 36.9
      vertex 17.5026 26.218 39.3
      vertex 17.5026 26.218 36.9
    endloop
  endfacet
  facet normal 0.987685 -0.156455 0
    outer loop
      vertex 17.2238 34.201 39.3
      vertex 17.3494 34.9939 36.9
      vertex 17.3494 34.9939 39.3
    endloop
  endfacet
  facet normal 0.987685 -0.156455 0
    outer loop
      vertex 17.3494 34.9939 36.9
      vertex 17.2238 34.201 39.3
      vertex 17.2238 34.201 36.9
    endloop
  endfacet
  facet normal -0.121864 0.992547 0
    outer loop
      vertex 43.201 8.22383 36.9
      vertex 42.4042 8.126 39.3
      vertex 43.201 8.22383 39.3
    endloop
  endfacet
  facet normal -0.121864 0.992547 0
    outer loop
      vertex 42.4042 8.126 39.3
      vertex 43.201 8.22383 36.9
      vertex 42.4042 8.126 36.9
    endloop
  endfacet
  facet normal -0.819168 -0.573554 0
    outer loop
      vertex 59.0679 43.8614 36.9
      vertex 58.6074 44.5191 39.3
      vertex 58.6074 44.5191 36.9
    endloop
  endfacet
  facet normal -0.819168 -0.573554 0
    outer loop
      vertex 58.6074 44.5191 39.3
      vertex 59.0679 43.8614 36.9
      vertex 59.0679 43.8614 39.3
    endloop
  endfacet
  facet normal 0.224969 -0.974366 0
    outer loop
      vertex 34.4358 53.3168 36.9
      vertex 35.218 53.4974 39.3
      vertex 34.4358 53.3168 39.3
    endloop
  endfacet
  facet normal 0.224969 -0.974366 0
    outer loop
      vertex 35.218 53.4974 39.3
      vertex 34.4358 53.3168 36.9
      vertex 35.218 53.4974 36.9
    endloop
  endfacet
  facet normal -0.981625 -0.19082 0
    outer loop
      vertex 62.6506 34.9939 36.9
      vertex 62.4974 35.782 39.3
      vertex 62.4974 35.782 36.9
    endloop
  endfacet
  facet normal -0.981625 -0.19082 0
    outer loop
      vertex 62.4974 35.782 39.3
      vertex 62.6506 34.9939 36.9
      vertex 62.6506 34.9939 39.3
    endloop
  endfacet
  facet normal 0.981625 -0.19082 0
    outer loop
      vertex 17.3494 34.9939 39.3
      vertex 17.5026 35.782 36.9
      vertex 17.5026 35.782 39.3
    endloop
  endfacet
  facet normal 0.981625 -0.19082 0
    outer loop
      vertex 17.5026 35.782 36.9
      vertex 17.3494 34.9939 39.3
      vertex 17.3494 34.9939 36.9
    endloop
  endfacet
  facet normal 0.656058 0.75471 -0
    outer loop
      vertex 25.2159 13.381 36.9
      vertex 24.61 13.9077 39.3
      vertex 25.2159 13.381 39.3
    endloop
  endfacet
  facet normal 0.656058 0.75471 0
    outer loop
      vertex 24.61 13.9077 39.3
      vertex 25.2159 13.381 36.9
      vertex 24.61 13.9077 36.9
    endloop
  endfacet
  facet normal -0.992551 0.121827 0
    outer loop
      vertex 62.7762 27.799 36.9
      vertex 62.874 28.5958 39.3
      vertex 62.874 28.5958 36.9
    endloop
  endfacet
  facet normal -0.992551 0.121827 0
    outer loop
      vertex 62.874 28.5958 39.3
      vertex 62.7762 27.799 36.9
      vertex 62.7762 27.799 39.3
    endloop
  endfacet
  facet normal -0.682012 0.731341 0
    outer loop
      vertex 55.9771 14.4552 36.9
      vertex 55.39 13.9077 39.3
      vertex 55.9771 14.4552 39.3
    endloop
  endfacet
  facet normal -0.682012 0.731341 0
    outer loop
      vertex 55.39 13.9077 39.3
      vertex 55.9771 14.4552 36.9
      vertex 55.39 13.9077 36.9
    endloop
  endfacet
  facet normal 0.325558 0.945522 -0
    outer loop
      vertex 32.8926 9.1257 36.9
      vertex 32.1335 9.38707 39.3
      vertex 32.8926 9.1257 39.3
    endloop
  endfacet
  facet normal 0.325558 0.945522 0
    outer loop
      vertex 32.1335 9.38707 39.3
      vertex 32.8926 9.1257 36.9
      vertex 32.1335 9.38707 36.9
    endloop
  endfacet
  facet normal -0.422531 -0.906349 0
    outer loop
      vertex 49.3549 52.0115 36.9
      vertex 50.0825 51.6723 39.3
      vertex 49.3549 52.0115 39.3
    endloop
  endfacet
  facet normal -0.422531 -0.906349 -0
    outer loop
      vertex 50.0825 51.6723 39.3
      vertex 49.3549 52.0115 36.9
      vertex 50.0825 51.6723 36.9
    endloop
  endfacet
  facet normal -0.857141 -0.515082 0
    outer loop
      vertex 59.9186 42.5 36.9
      vertex 59.5051 43.1881 39.3
      vertex 59.5051 43.1881 36.9
    endloop
  endfacet
  facet normal -0.857141 -0.515082 0
    outer loop
      vertex 59.5051 43.1881 39.3
      vertex 59.9186 42.5 36.9
      vertex 59.9186 42.5 39.3
    endloop
  endfacet
  facet normal 0.798578 0.601892 0
    outer loop
      vertex 21.8758 16.8398 39.3
      vertex 21.3926 17.4809 36.9
      vertex 21.3926 17.4809 39.3
    endloop
  endfacet
  facet normal 0.798578 0.601892 0
    outer loop
      vertex 21.3926 17.4809 36.9
      vertex 21.8758 16.8398 39.3
      vertex 21.8758 16.8398 36.9
    endloop
  endfacet
  facet normal 0.906349 0.422531 0
    outer loop
      vertex 19.3277 20.9175 39.3
      vertex 18.9885 21.6451 36.9
      vertex 18.9885 21.6451 39.3
    endloop
  endfacet
  facet normal 0.906349 0.422531 0
    outer loop
      vertex 18.9885 21.6451 36.9
      vertex 19.3277 20.9175 39.3
      vertex 19.3277 20.9175 36.9
    endloop
  endfacet
  facet normal -0.573554 -0.819168 0
    outer loop
      vertex 52.8614 50.0679 36.9
      vertex 53.5191 49.6074 39.3
      vertex 52.8614 50.0679 39.3
    endloop
  endfacet
  facet normal -0.573554 -0.819168 -0
    outer loop
      vertex 53.5191 49.6074 39.3
      vertex 52.8614 50.0679 36.9
      vertex 53.5191 49.6074 36.9
    endloop
  endfacet
  facet normal -0.390769 0.920489 0
    outer loop
      vertex 49.3549 9.98845 36.9
      vertex 48.616 9.67477 39.3
      vertex 49.3549 9.98845 39.3
    endloop
  endfacet
  facet normal -0.390769 0.920489 0
    outer loop
      vertex 48.616 9.67477 39.3
      vertex 49.3549 9.98845 36.9
      vertex 48.616 9.67477 36.9
    endloop
  endfacet
  facet normal 0.629302 0.777161 -0
    outer loop
      vertex 25.8398 12.8758 36.9
      vertex 25.2159 13.381 39.3
      vertex 25.8398 12.8758 39.3
    endloop
  endfacet
  facet normal 0.629302 0.777161 0
    outer loop
      vertex 25.2159 13.381 39.3
      vertex 25.8398 12.8758 36.9
      vertex 25.2159 13.381 36.9
    endloop
  endfacet
  facet normal 0.39079 -0.92048 0
    outer loop
      vertex 30.6451 52.0115 36.9
      vertex 31.384 52.3252 39.3
      vertex 30.6451 52.0115 39.3
    endloop
  endfacet
  facet normal 0.39079 -0.92048 0
    outer loop
      vertex 31.384 52.3252 39.3
      vertex 30.6451 52.0115 36.9
      vertex 31.384 52.3252 36.9
    endloop
  endfacet
  facet normal 0.292361 -0.956308 0
    outer loop
      vertex 32.8926 52.8743 36.9
      vertex 33.6603 53.109 39.3
      vertex 32.8926 52.8743 39.3
    endloop
  endfacet
  facet normal 0.292361 -0.956308 0
    outer loop
      vertex 33.6603 53.109 39.3
      vertex 32.8926 52.8743 36.9
      vertex 33.6603 53.109 36.9
    endloop
  endfacet
  facet normal -0.75471 -0.656058 0
    outer loop
      vertex 57.619 45.7841 36.9
      vertex 57.0923 46.39 39.3
      vertex 57.0923 46.39 36.9
    endloop
  endfacet
  facet normal -0.75471 -0.656058 0
    outer loop
      vertex 57.0923 46.39 39.3
      vertex 57.619 45.7841 36.9
      vertex 57.619 45.7841 39.3
    endloop
  endfacet
  facet normal -0.224969 -0.974366 0
    outer loop
      vertex 44.782 53.4974 36.9
      vertex 45.5642 53.3168 39.3
      vertex 44.782 53.4974 39.3
    endloop
  endfacet
  facet normal -0.224969 -0.974366 -0
    outer loop
      vertex 45.5642 53.3168 39.3
      vertex 44.782 53.4974 36.9
      vertex 45.5642 53.3168 36.9
    endloop
  endfacet
  facet normal 0.0174385 -0.999848 0
    outer loop
      vertex 39.1973 53.986 36.9
      vertex 40 54 39.3
      vertex 39.1973 53.986 39.3
    endloop
  endfacet
  facet normal 0.0174385 -0.999848 0
    outer loop
      vertex 40 54 39.3
      vertex 39.1973 53.986 36.9
      vertex 40 54 36.9
    endloop
  endfacet
  facet normal -0.906349 0.422531 0
    outer loop
      vertex 60.6723 20.9175 36.9
      vertex 61.0115 21.6451 39.3
      vertex 61.0115 21.6451 36.9
    endloop
  endfacet
  facet normal -0.906349 0.422531 0
    outer loop
      vertex 61.0115 21.6451 39.3
      vertex 60.6723 20.9175 36.9
      vertex 60.6723 20.9175 39.3
    endloop
  endfacet
  facet normal 0.998639 -0.0521628 0
    outer loop
      vertex 17.0401 32.3 39.3
      vertex 17.056 32.6044 36.9
      vertex 17.056 32.6044 39.3
    endloop
  endfacet
  facet normal 0.998639 -0.0521628 0
    outer loop
      vertex 17.056 32.6044 36.9
      vertex 17.0401 32.3 39.3
      vertex 17.0401 32.3 36.9
    endloop
  endfacet
  facet normal 0 0 -1
    outer loop
      vertex 17.056 32.6044 36.9
      vertex 17.0401 32.3 36.9
      vertex 17.014 31.8027 36.9
    endloop
  endfacet
  facet normal -0.857141 0.515082 0
    outer loop
      vertex 59.5051 18.8119 36.9
      vertex 59.9186 19.5 39.3
      vertex 59.9186 19.5 36.9
    endloop
  endfacet
  facet normal -0.857141 0.515082 0
    outer loop
      vertex 59.9186 19.5 39.3
      vertex 59.5051 18.8119 36.9
      vertex 59.5051 18.8119 39.3
    endloop
  endfacet
  facet normal -0.0523418 0.998629 0
    outer loop
      vertex 41.6044 8.05603 36.9
      vertex 40.8027 8.01401 39.3
      vertex 41.6044 8.05603 39.3
    endloop
  endfacet
  facet normal -0.0523418 0.998629 0
    outer loop
      vertex 40.8027 8.01401 39.3
      vertex 41.6044 8.05603 36.9
      vertex 40.8027 8.01401 36.9
    endloop
  endfacet
  facet normal 0.890988 0.454027 0
    outer loop
      vertex 19.6922 20.2022 39.3
      vertex 19.3277 20.9175 36.9
      vertex 19.3277 20.9175 39.3
    endloop
  endfacet
  facet normal 0.890988 0.454027 0
    outer loop
      vertex 19.3277 20.9175 36.9
      vertex 19.6922 20.2022 39.3
      vertex 19.6922 20.2022 36.9
    endloop
  endfacet
  facet normal -0.956308 0.292361 0
    outer loop
      vertex 61.8743 23.8926 36.9
      vertex 62.109 24.6603 39.3
      vertex 62.109 24.6603 36.9
    endloop
  endfacet
  facet normal -0.956308 0.292361 0
    outer loop
      vertex 62.109 24.6603 39.3
      vertex 61.8743 23.8926 36.9
      vertex 61.8743 23.8926 39.3
    endloop
  endfacet
  facet normal 0.390769 0.920489 -0
    outer loop
      vertex 31.384 9.67477 36.9
      vertex 30.6451 9.98845 39.3
      vertex 31.384 9.67477 39.3
    endloop
  endfacet
  facet normal 0.390769 0.920489 0
    outer loop
      vertex 30.6451 9.98845 39.3
      vertex 31.384 9.67477 36.9
      vertex 30.6451 9.98845 36.9
    endloop
  endfacet
  facet normal 0.965924 0.258825 0
    outer loop
      vertex 17.891 24.6603 39.3
      vertex 17.6832 25.4358 36.9
      vertex 17.6832 25.4358 39.3
    endloop
  endfacet
  facet normal 0.965924 0.258825 0
    outer loop
      vertex 17.6832 25.4358 36.9
      vertex 17.891 24.6603 39.3
      vertex 17.891 24.6603 36.9
    endloop
  endfacet
  facet normal -0.75471 0.656058 0
    outer loop
      vertex 57.0923 15.61 36.9
      vertex 57.619 16.2159 39.3
      vertex 57.619 16.2159 36.9
    endloop
  endfacet
  facet normal -0.75471 0.656058 0
    outer loop
      vertex 57.619 16.2159 39.3
      vertex 57.0923 15.61 36.9
      vertex 57.0923 15.61 39.3
    endloop
  endfacet
  facet normal -0.0871886 -0.996192 0
    outer loop
      vertex 41.6044 53.944 36.9
      vertex 42.4042 53.874 39.3
      vertex 41.6044 53.944 39.3
    endloop
  endfacet
  facet normal -0.0871886 -0.996192 -0
    outer loop
      vertex 42.4042 53.874 39.3
      vertex 41.6044 53.944 36.9
      vertex 42.4042 53.874 36.9
    endloop
  endfacet
  facet normal 0.358361 -0.933583 0
    outer loop
      vertex 31.384 52.3252 36.9
      vertex 32.1335 52.6129 39.3
      vertex 31.384 52.3252 39.3
    endloop
  endfacet
  facet normal 0.358361 -0.933583 0
    outer loop
      vertex 32.1335 52.6129 39.3
      vertex 31.384 52.3252 36.9
      vertex 32.1335 52.6129 36.9
    endloop
  endfacet
  facet normal -0.974366 0.224969 0
    outer loop
      vertex 62.3168 25.4358 36.9
      vertex 62.4974 26.218 39.3
      vertex 62.4974 26.218 36.9
    endloop
  endfacet
  facet normal -0.974366 0.224969 0
    outer loop
      vertex 62.4974 26.218 39.3
      vertex 62.3168 25.4358 36.9
      vertex 62.3168 25.4358 39.3
    endloop
  endfacet
  facet normal -0.629302 0.777161 0
    outer loop
      vertex 54.7841 13.381 36.9
      vertex 54.1602 12.8758 39.3
      vertex 54.7841 13.381 39.3
    endloop
  endfacet
  facet normal -0.629302 0.777161 0
    outer loop
      vertex 54.1602 12.8758 39.3
      vertex 54.7841 13.381 36.9
      vertex 54.1602 12.8758 36.9
    endloop
  endfacet
  facet normal -0.992551 -0.121827 0
    outer loop
      vertex 62.874 33.4042 36.9
      vertex 62.7762 34.201 39.3
      vertex 62.7762 34.201 36.9
    endloop
  endfacet
  facet normal -0.992551 -0.121827 0
    outer loop
      vertex 62.7762 34.201 39.3
      vertex 62.874 33.4042 36.9
      vertex 62.874 33.4042 39.3
    endloop
  endfacet
  facet normal 0.121864 0.992547 -0
    outer loop
      vertex 37.5958 8.126 36.9
      vertex 36.799 8.22383 39.3
      vertex 37.5958 8.126 39.3
    endloop
  endfacet
  facet normal 0.121864 0.992547 0
    outer loop
      vertex 36.799 8.22383 39.3
      vertex 37.5958 8.126 36.9
      vertex 36.799 8.22383 36.9
    endloop
  endfacet
  facet normal 0.0174509 0.999848 -0
    outer loop
      vertex 40 8 36.9
      vertex 39.1973 8.01401 39.3
      vertex 40 8 39.3
    endloop
  endfacet
  facet normal 0.0174509 0.999848 0
    outer loop
      vertex 39.1973 8.01401 39.3
      vertex 40 8 36.9
      vertex 39.1973 8.01401 36.9
    endloop
  endfacet
  facet normal -0.798578 0.601892 0
    outer loop
      vertex 58.1242 16.8398 36.9
      vertex 58.6074 17.4809 39.3
      vertex 58.6074 17.4809 36.9
    endloop
  endfacet
  facet normal -0.798578 0.601892 0
    outer loop
      vertex 58.6074 17.4809 39.3
      vertex 58.1242 16.8398 36.9
      vertex 58.1242 16.8398 39.3
    endloop
  endfacet
  facet normal -0.945511 -0.325591 0
    outer loop
      vertex 61.8743 38.1074 36.9
      vertex 61.6129 38.8665 39.3
      vertex 61.6129 38.8665 36.9
    endloop
  endfacet
  facet normal -0.945511 -0.325591 0
    outer loop
      vertex 61.6129 38.8665 39.3
      vertex 61.8743 38.1074 36.9
      vertex 61.8743 38.1074 39.3
    endloop
  endfacet
  facet normal 0.974366 0.224969 0
    outer loop
      vertex 17.6832 25.4358 39.3
      vertex 17.5026 26.218 36.9
      vertex 17.5026 26.218 39.3
    endloop
  endfacet
  facet normal 0.974366 0.224969 0
    outer loop
      vertex 17.5026 26.218 36.9
      vertex 17.6832 25.4358 39.3
      vertex 17.6832 25.4358 36.9
    endloop
  endfacet
  facet normal 0.92048 -0.39079 0
    outer loop
      vertex 18.6748 39.616 39.3
      vertex 18.9885 40.3549 36.9
      vertex 18.9885 40.3549 39.3
    endloop
  endfacet
  facet normal 0.92048 -0.39079 0
    outer loop
      vertex 18.9885 40.3549 36.9
      vertex 18.6748 39.616 39.3
      vertex 18.6748 39.616 36.9
    endloop
  endfacet
  facet normal 0.857141 -0.515082 0
    outer loop
      vertex 20.0814 42.5 39.3
      vertex 20.4949 43.1881 36.9
      vertex 20.4949 43.1881 39.3
    endloop
  endfacet
  facet normal 0.857141 -0.515082 0
    outer loop
      vertex 20.4949 43.1881 36.9
      vertex 20.0814 42.5 39.3
      vertex 20.0814 42.5 36.9
    endloop
  endfacet
  facet normal 0.682012 -0.731341 0
    outer loop
      vertex 24.0229 47.5448 36.9
      vertex 24.61 48.0923 39.3
      vertex 24.0229 47.5448 39.3
    endloop
  endfacet
  facet normal 0.682012 -0.731341 0
    outer loop
      vertex 24.61 48.0923 39.3
      vertex 24.0229 47.5448 36.9
      vertex 24.61 48.0923 36.9
    endloop
  endfacet
  facet normal -0.601892 -0.798578 0
    outer loop
      vertex 53.5191 49.6074 36.9
      vertex 54.1602 49.1242 39.3
      vertex 53.5191 49.6074 39.3
    endloop
  endfacet
  facet normal -0.601892 -0.798578 -0
    outer loop
      vertex 54.1602 49.1242 39.3
      vertex 53.5191 49.6074 36.9
      vertex 54.1602 49.1242 36.9
    endloop
  endfacet
  facet normal 0.819168 0.573554 0
    outer loop
      vertex 21.3926 17.4809 39.3
      vertex 20.9321 18.1386 36.9
      vertex 20.9321 18.1386 39.3
    endloop
  endfacet
  facet normal 0.819168 0.573554 0
    outer loop
      vertex 20.9321 18.1386 36.9
      vertex 21.3926 17.4809 39.3
      vertex 21.3926 17.4809 36.9
    endloop
  endfacet
  facet normal -0.292384 0.956301 0
    outer loop
      vertex 47.1074 9.1257 36.9
      vertex 46.3397 8.89098 39.3
      vertex 47.1074 9.1257 39.3
    endloop
  endfacet
  facet normal -0.292384 0.956301 0
    outer loop
      vertex 46.3397 8.89098 39.3
      vertex 47.1074 9.1257 36.9
      vertex 46.3397 8.89098 36.9
    endloop
  endfacet
  facet normal -0.731341 -0.682012 0
    outer loop
      vertex 57.0923 46.39 36.9
      vertex 56.5448 46.9771 39.3
      vertex 56.5448 46.9771 36.9
    endloop
  endfacet
  facet normal -0.731341 -0.682012 0
    outer loop
      vertex 56.5448 46.9771 39.3
      vertex 57.0923 46.39 36.9
      vertex 57.0923 46.39 39.3
    endloop
  endfacet
  facet normal 0.857141 0.515082 0
    outer loop
      vertex 20.4949 18.8119 39.3
      vertex 20.0814 19.5 36.9
      vertex 20.0814 19.5 39.3
    endloop
  endfacet
  facet normal 0.857141 0.515082 0
    outer loop
      vertex 20.0814 19.5 36.9
      vertex 20.4949 18.8119 39.3
      vertex 20.4949 18.8119 36.9
    endloop
  endfacet
  facet normal 0.956308 0.292361 0
    outer loop
      vertex 18.1257 23.8926 39.3
      vertex 17.891 24.6603 36.9
      vertex 17.891 24.6603 39.3
    endloop
  endfacet
  facet normal 0.956308 0.292361 0
    outer loop
      vertex 17.891 24.6603 36.9
      vertex 18.1257 23.8926 39.3
      vertex 18.1257 23.8926 36.9
    endloop
  endfacet
  facet normal 0.0871886 -0.996192 0
    outer loop
      vertex 37.5958 53.874 36.9
      vertex 38.3956 53.944 39.3
      vertex 37.5958 53.874 39.3
    endloop
  endfacet
  facet normal 0.0871886 -0.996192 0
    outer loop
      vertex 38.3956 53.944 39.3
      vertex 37.5958 53.874 36.9
      vertex 38.3956 53.944 36.9
    endloop
  endfacet
  facet normal 0.601892 -0.798578 0
    outer loop
      vertex 25.8398 49.1242 36.9
      vertex 26.4809 49.6074 39.3
      vertex 25.8398 49.1242 39.3
    endloop
  endfacet
  facet normal 0.601892 -0.798578 0
    outer loop
      vertex 26.4809 49.6074 39.3
      vertex 25.8398 49.1242 36.9
      vertex 26.4809 49.6074 36.9
    endloop
  endfacet
  facet normal 0.292384 0.956301 -0
    outer loop
      vertex 33.6603 8.89098 36.9
      vertex 32.8926 9.1257 39.3
      vertex 33.6603 8.89098 39.3
    endloop
  endfacet
  facet normal 0.292384 0.956301 0
    outer loop
      vertex 32.8926 9.1257 39.3
      vertex 33.6603 8.89098 36.9
      vertex 32.8926 9.1257 36.9
    endloop
  endfacet
  facet normal -0.981625 0.19082 0
    outer loop
      vertex 62.4974 26.218 36.9
      vertex 62.6506 27.0061 39.3
      vertex 62.6506 27.0061 36.9
    endloop
  endfacet
  facet normal -0.981625 0.19082 0
    outer loop
      vertex 62.6506 27.0061 39.3
      vertex 62.4974 26.218 36.9
      vertex 62.4974 26.218 39.3
    endloop
  endfacet
  facet normal -0.454024 -0.890989 0
    outer loop
      vertex 50.0825 51.6723 36.9
      vertex 50.3541 51.5339 39.3
      vertex 50.0825 51.6723 39.3
    endloop
  endfacet
  facet normal -0.454024 -0.890989 -0
    outer loop
      vertex 50.3541 51.5339 39.3
      vertex 50.0825 51.6723 36.9
      vertex 50.3541 51.5339 36.9
    endloop
  endfacet
  facet normal 0 0 1
    outer loop
      vertex 50.0825 51.6723 36.9
      vertex 50.7978 51.3078 36.9
      vertex 50.3541 51.5339 36.9
    endloop
  endfacet
  facet normal 0.965924 -0.258825 0
    outer loop
      vertex 17.6832 36.5642 39.3
      vertex 17.891 37.3397 36.9
      vertex 17.891 37.3397 39.3
    endloop
  endfacet
  facet normal 0.965924 -0.258825 0
    outer loop
      vertex 17.891 37.3397 36.9
      vertex 17.6832 36.5642 39.3
      vertex 17.6832 36.5642 36.9
    endloop
  endfacet
  facet normal 0.19082 -0.981625 0
    outer loop
      vertex 35.218 53.4974 36.9
      vertex 36.0061 53.6506 39.3
      vertex 35.218 53.4974 39.3
    endloop
  endfacet
  facet normal 0.19082 -0.981625 0
    outer loop
      vertex 36.0061 53.6506 39.3
      vertex 35.218 53.4974 36.9
      vertex 36.0061 53.6506 36.9
    endloop
  endfacet
  facet normal -0.656058 -0.75471 0
    outer loop
      vertex 54.7841 48.619 36.9
      vertex 55.39 48.0923 39.3
      vertex 54.7841 48.619 39.3
    endloop
  endfacet
  facet normal -0.656058 -0.75471 -0
    outer loop
      vertex 55.39 48.0923 39.3
      vertex 54.7841 48.619 36.9
      vertex 55.39 48.0923 36.9
    endloop
  endfacet
  facet normal -0.933583 0.358361 0
    outer loop
      vertex 61.3252 22.384 36.9
      vertex 61.6129 23.1335 39.3
      vertex 61.6129 23.1335 36.9
    endloop
  endfacet
  facet normal -0.933583 0.358361 0
    outer loop
      vertex 61.6129 23.1335 39.3
      vertex 61.3252 22.384 36.9
      vertex 61.3252 22.384 39.3
    endloop
  endfacet
  facet normal 0.992551 0.121827 0
    outer loop
      vertex 17.2238 27.799 39.3
      vertex 17.126 28.5958 36.9
      vertex 17.126 28.5958 39.3
    endloop
  endfacet
  facet normal 0.992551 0.121827 0
    outer loop
      vertex 17.126 28.5958 36.9
      vertex 17.2238 27.799 39.3
      vertex 17.2238 27.799 36.9
    endloop
  endfacet
  facet normal 0.629302 -0.777161 0
    outer loop
      vertex 25.2159 48.619 36.9
      vertex 25.8398 49.1242 39.3
      vertex 25.2159 48.619 39.3
    endloop
  endfacet
  facet normal 0.629302 -0.777161 0
    outer loop
      vertex 25.8398 49.1242 39.3
      vertex 25.2159 48.619 36.9
      vertex 25.8398 49.1242 36.9
    endloop
  endfacet
  facet normal 0.987685 0.156455 0
    outer loop
      vertex 17.3494 27.0061 39.3
      vertex 17.2238 27.799 36.9
      vertex 17.2238 27.799 39.3
    endloop
  endfacet
  facet normal 0.987685 0.156455 0
    outer loop
      vertex 17.2238 27.799 36.9
      vertex 17.3494 27.0061 39.3
      vertex 17.3494 27.0061 36.9
    endloop
  endfacet
  facet normal -0.224957 0.974369 0
    outer loop
      vertex 45.5642 8.6832 36.9
      vertex 44.782 8.50261 39.3
      vertex 45.5642 8.6832 39.3
    endloop
  endfacet
  facet normal -0.224957 0.974369 0
    outer loop
      vertex 44.782 8.50261 39.3
      vertex 45.5642 8.6832 36.9
      vertex 44.782 8.50261 36.9
    endloop
  endfacet
  facet normal 0.422531 -0.906349 0
    outer loop
      vertex 29.9175 51.6723 36.9
      vertex 30.6451 52.0115 39.3
      vertex 29.9175 51.6723 39.3
    endloop
  endfacet
  facet normal 0.422531 -0.906349 0
    outer loop
      vertex 30.6451 52.0115 39.3
      vertex 29.9175 51.6723 36.9
      vertex 30.6451 52.0115 36.9
    endloop
  endfacet
  facet normal 0.933583 0.358361 0
    outer loop
      vertex 18.6748 22.384 39.3
      vertex 18.3871 23.1335 36.9
      vertex 18.3871 23.1335 39.3
    endloop
  endfacet
  facet normal 0.933583 0.358361 0
    outer loop
      vertex 18.3871 23.1335 36.9
      vertex 18.6748 22.384 39.3
      vertex 18.6748 22.384 36.9
    endloop
  endfacet
  facet normal -0.258825 -0.965924 0
    outer loop
      vertex 45.5642 53.3168 36.9
      vertex 46.3397 53.109 39.3
      vertex 45.5642 53.3168 39.3
    endloop
  endfacet
  facet normal -0.258825 -0.965924 -0
    outer loop
      vertex 46.3397 53.109 39.3
      vertex 45.5642 53.3168 36.9
      vertex 46.3397 53.109 36.9
    endloop
  endfacet
  facet normal 0.838697 0.544599 0
    outer loop
      vertex 20.9321 18.1386 39.3
      vertex 20.4949 18.8119 36.9
      vertex 20.4949 18.8119 39.3
    endloop
  endfacet
  facet normal 0.838697 0.544599 0
    outer loop
      vertex 20.4949 18.8119 36.9
      vertex 20.9321 18.1386 39.3
      vertex 20.9321 18.1386 36.9
    endloop
  endfacet
  facet normal -0.358361 0.933583 0
    outer loop
      vertex 48.616 9.67477 36.9
      vertex 47.8665 9.38707 39.3
      vertex 48.616 9.67477 39.3
    endloop
  endfacet
  facet normal -0.358361 0.933583 0
    outer loop
      vertex 47.8665 9.38707 39.3
      vertex 48.616 9.67477 36.9
      vertex 47.8665 9.38707 36.9
    endloop
  endfacet
  facet normal -0.838697 -0.544599 0
    outer loop
      vertex 59.5051 43.1881 36.9
      vertex 59.0679 43.8614 39.3
      vertex 59.0679 43.8614 36.9
    endloop
  endfacet
  facet normal -0.838697 -0.544599 0
    outer loop
      vertex 59.0679 43.8614 39.3
      vertex 59.5051 43.1881 36.9
      vertex 59.5051 43.1881 39.3
    endloop
  endfacet
  facet normal 0.544665 0.838653 -0
    outer loop
      vertex 27.3942 11.7661 36.9
      vertex 27.1386 11.9321 39.3
      vertex 27.3942 11.7661 39.3
    endloop
  endfacet
  facet normal 0.544665 0.838653 0
    outer loop
      vertex 27.1386 11.9321 39.3
      vertex 27.3942 11.7661 36.9
      vertex 27.1386 11.9321 36.9
    endloop
  endfacet
  facet normal -0 -0 1
    outer loop
      vertex 27.3942 11.7661 36.9
      vertex 27.8119 11.4949 36.9
      vertex 27.1386 11.9321 36.9
    endloop
  endfacet
  facet normal -0.945511 0.325591 0
    outer loop
      vertex 61.6129 23.1335 36.9
      vertex 61.8743 23.8926 39.3
      vertex 61.8743 23.8926 36.9
    endloop
  endfacet
  facet normal -0.945511 0.325591 0
    outer loop
      vertex 61.8743 23.8926 39.3
      vertex 61.6129 23.1335 36.9
      vertex 61.6129 23.1335 39.3
    endloop
  endfacet
  facet normal -0.358361 -0.933583 0
    outer loop
      vertex 47.8665 52.6129 36.9
      vertex 48.616 52.3252 39.3
      vertex 47.8665 52.6129 39.3
    endloop
  endfacet
  facet normal -0.358361 -0.933583 -0
    outer loop
      vertex 48.616 52.3252 39.3
      vertex 47.8665 52.6129 36.9
      vertex 48.616 52.3252 36.9
    endloop
  endfacet
  facet normal -0.707107 -0.707107 0
    outer loop
      vertex 56.5448 46.9771 36.9
      vertex 55.9771 47.5448 39.3
      vertex 55.9771 47.5448 36.9
    endloop
  endfacet
  facet normal -0.707107 -0.707107 0
    outer loop
      vertex 55.9771 47.5448 39.3
      vertex 56.5448 46.9771 36.9
      vertex 56.5448 46.9771 39.3
    endloop
  endfacet
  facet normal 0.325591 -0.945511 0
    outer loop
      vertex 32.1335 52.6129 36.9
      vertex 32.8926 52.8743 39.3
      vertex 32.1335 52.6129 39.3
    endloop
  endfacet
  facet normal 0.325591 -0.945511 0
    outer loop
      vertex 32.8926 52.8743 39.3
      vertex 32.1335 52.6129 36.9
      vertex 32.8926 52.8743 36.9
    endloop
  endfacet
  facet normal -0.422582 0.906325 0
    outer loop
      vertex 50.0825 10.3277 36.9
      vertex 49.3549 9.98845 39.3
      vertex 50.0825 10.3277 39.3
    endloop
  endfacet
  facet normal -0.422582 0.906325 0
    outer loop
      vertex 49.3549 9.98845 39.3
      vertex 50.0825 10.3277 36.9
      vertex 49.3549 9.98845 36.9
    endloop
  endfacet
  facet normal 0.777161 0.629302 0
    outer loop
      vertex 22.381 16.2159 39.3
      vertex 21.8758 16.8398 36.9
      vertex 21.8758 16.8398 39.3
    endloop
  endfacet
  facet normal 0.777161 0.629302 0
    outer loop
      vertex 21.8758 16.8398 36.9
      vertex 22.381 16.2159 39.3
      vertex 22.381 16.2159 36.9
    endloop
  endfacet
  facet normal -0.156455 -0.987685 0
    outer loop
      vertex 43.201 53.7762 36.9
      vertex 43.9939 53.6506 39.3
      vertex 43.201 53.7762 39.3
    endloop
  endfacet
  facet normal -0.156455 -0.987685 -0
    outer loop
      vertex 43.9939 53.6506 39.3
      vertex 43.201 53.7762 36.9
      vertex 43.9939 53.6506 36.9
    endloop
  endfacet
  facet normal -0.92048 -0.39079 0
    outer loop
      vertex 61.3252 39.616 36.9
      vertex 61.0115 40.3549 39.3
      vertex 61.0115 40.3549 36.9
    endloop
  endfacet
  facet normal -0.92048 -0.39079 0
    outer loop
      vertex 61.0115 40.3549 39.3
      vertex 61.3252 39.616 36.9
      vertex 61.3252 39.616 39.3
    endloop
  endfacet
  facet normal 0.0871515 0.996195 -0
    outer loop
      vertex 38.3956 8.05603 36.9
      vertex 37.5958 8.126 39.3
      vertex 38.3956 8.05603 39.3
    endloop
  endfacet
  facet normal 0.0871515 0.996195 0
    outer loop
      vertex 37.5958 8.126 39.3
      vertex 38.3956 8.05603 36.9
      vertex 37.5958 8.126 36.9
    endloop
  endfacet
  facet normal 0.707107 0.707107 0
    outer loop
      vertex 24.0229 14.4552 39.3
      vertex 23.4552 15.0229 36.9
      vertex 23.4552 15.0229 39.3
    endloop
  endfacet
  facet normal 0.707107 0.707107 0
    outer loop
      vertex 23.4552 15.0229 36.9
      vertex 24.0229 14.4552 39.3
      vertex 24.0229 14.4552 36.9
    endloop
  endfacet
  facet normal 0.838697 -0.544599 0
    outer loop
      vertex 20.4949 43.1881 39.3
      vertex 20.9321 43.8614 36.9
      vertex 20.9321 43.8614 39.3
    endloop
  endfacet
  facet normal 0.838697 -0.544599 0
    outer loop
      vertex 20.9321 43.8614 36.9
      vertex 20.4949 43.1881 39.3
      vertex 20.4949 43.1881 36.9
    endloop
  endfacet
  facet normal 0.224957 0.974369 -0
    outer loop
      vertex 35.218 8.50261 36.9
      vertex 34.4358 8.6832 39.3
      vertex 35.218 8.50261 39.3
    endloop
  endfacet
  facet normal 0.224957 0.974369 0
    outer loop
      vertex 34.4358 8.6832 39.3
      vertex 35.218 8.50261 36.9
      vertex 34.4358 8.6832 36.9
    endloop
  endfacet
  facet normal 0.956308 -0.292361 0
    outer loop
      vertex 17.891 37.3397 39.3
      vertex 18.1257 38.1074 36.9
      vertex 18.1257 38.1074 39.3
    endloop
  endfacet
  facet normal 0.956308 -0.292361 0
    outer loop
      vertex 18.1257 38.1074 36.9
      vertex 17.891 37.3397 39.3
      vertex 17.891 37.3397 36.9
    endloop
  endfacet
  facet normal 0.0523169 -0.998631 0
    outer loop
      vertex 38.3956 53.944 36.9
      vertex 39.1973 53.986 39.3
      vertex 38.3956 53.944 39.3
    endloop
  endfacet
  facet normal 0.0523169 -0.998631 0
    outer loop
      vertex 39.1973 53.986 39.3
      vertex 38.3956 53.944 36.9
      vertex 39.1973 53.986 36.9
    endloop
  endfacet
  facet normal -0.156443 0.987687 0
    outer loop
      vertex 43.9939 8.34942 36.9
      vertex 43.201 8.22383 39.3
      vertex 43.9939 8.34942 39.3
    endloop
  endfacet
  facet normal -0.156443 0.987687 0
    outer loop
      vertex 43.201 8.22383 39.3
      vertex 43.9939 8.34942 36.9
      vertex 43.201 8.22383 36.9
    endloop
  endfacet
  facet normal 0.454024 0.890989 -0
    outer loop
      vertex 29.9175 10.3277 36.9
      vertex 29.6459 10.4661 39.3
      vertex 29.9175 10.3277 39.3
    endloop
  endfacet
  facet normal 0.454024 0.890989 0
    outer loop
      vertex 29.6459 10.4661 39.3
      vertex 29.9175 10.3277 36.9
      vertex 29.6459 10.4661 36.9
    endloop
  endfacet
  facet normal 0 0 1
    outer loop
      vertex 29.9175 10.3277 36.9
      vertex 29.2022 10.6922 36.9
      vertex 29.6459 10.4661 36.9
    endloop
  endfacet
  facet normal 0.258825 -0.965924 0
    outer loop
      vertex 33.6603 53.109 36.9
      vertex 34.4358 53.3168 39.3
      vertex 33.6603 53.109 39.3
    endloop
  endfacet
  facet normal 0.258825 -0.965924 0
    outer loop
      vertex 34.4358 53.3168 39.3
      vertex 33.6603 53.109 36.9
      vertex 34.4358 53.3168 36.9
    endloop
  endfacet
  facet normal 0.992551 -0.121827 0
    outer loop
      vertex 17.126 33.4042 39.3
      vertex 17.2238 34.201 36.9
      vertex 17.2238 34.201 39.3
    endloop
  endfacet
  facet normal 0.992551 -0.121827 0
    outer loop
      vertex 17.2238 34.201 36.9
      vertex 17.126 33.4042 39.3
      vertex 17.126 33.4042 36.9
    endloop
  endfacet
  facet normal 0.890988 -0.454027 0
    outer loop
      vertex 19.3277 41.0825 39.3
      vertex 19.6922 41.7978 36.9
      vertex 19.6922 41.7978 39.3
    endloop
  endfacet
  facet normal 0.890988 -0.454027 0
    outer loop
      vertex 19.6922 41.7978 36.9
      vertex 19.3277 41.0825 39.3
      vertex 19.3277 41.0825 36.9
    endloop
  endfacet
  facet normal -0.707107 0.707107 0
    outer loop
      vertex 55.9771 14.4552 36.9
      vertex 56.5448 15.0229 39.3
      vertex 56.5448 15.0229 36.9
    endloop
  endfacet
  facet normal -0.707107 0.707107 0
    outer loop
      vertex 56.5448 15.0229 39.3
      vertex 55.9771 14.4552 36.9
      vertex 55.9771 14.4552 39.3
    endloop
  endfacet
  facet normal 0.777161 -0.629302 0
    outer loop
      vertex 21.8758 45.1602 39.3
      vertex 22.381 45.7841 36.9
      vertex 22.381 45.7841 39.3
    endloop
  endfacet
  facet normal 0.777161 -0.629302 0
    outer loop
      vertex 22.381 45.7841 36.9
      vertex 21.8758 45.1602 39.3
      vertex 21.8758 45.1602 36.9
    endloop
  endfacet
  facet normal -0.998639 0.0521628 0
    outer loop
      vertex 62.944 29.3956 36.9
      vertex 62.9599 29.7 39.3
      vertex 62.9599 29.7 36.9
    endloop
  endfacet
  facet normal -0.998639 0.0521628 0
    outer loop
      vertex 62.9599 29.7 39.3
      vertex 62.944 29.3956 36.9
      vertex 62.944 29.3956 39.3
    endloop
  endfacet
  facet normal 0 0 -1
    outer loop
      vertex 62.944 29.3956 36.9
      vertex 62.9599 29.7 36.9
      vertex 62.986 30.1973 36.9
    endloop
  endfacet
  facet normal 0.874639 0.484775 0
    outer loop
      vertex 20.0814 19.5 39.3
      vertex 19.6922 20.2022 36.9
      vertex 19.6922 20.2022 39.3
    endloop
  endfacet
  facet normal 0.874639 0.484775 0
    outer loop
      vertex 19.6922 20.2022 36.9
      vertex 20.0814 19.5 39.3
      vertex 20.0814 19.5 36.9
    endloop
  endfacet
  facet normal 0.798578 -0.601892 0
    outer loop
      vertex 21.3926 44.5191 39.3
      vertex 21.8758 45.1602 36.9
      vertex 21.8758 45.1602 39.3
    endloop
  endfacet
  facet normal 0.798578 -0.601892 0
    outer loop
      vertex 21.8758 45.1602 36.9
      vertex 21.3926 44.5191 39.3
      vertex 21.3926 44.5191 36.9
    endloop
  endfacet
  facet normal -0.92048 0.39079 0
    outer loop
      vertex 61.0115 21.6451 36.9
      vertex 61.3252 22.384 39.3
      vertex 61.3252 22.384 36.9
    endloop
  endfacet
  facet normal -0.92048 0.39079 0
    outer loop
      vertex 61.3252 22.384 39.3
      vertex 61.0115 21.6451 36.9
      vertex 61.0115 21.6451 39.3
    endloop
  endfacet
  facet normal -0.258802 0.96593 0
    outer loop
      vertex 46.3397 8.89098 36.9
      vertex 45.5642 8.6832 39.3
      vertex 46.3397 8.89098 39.3
    endloop
  endfacet
  facet normal -0.258802 0.96593 0
    outer loop
      vertex 45.5642 8.6832 39.3
      vertex 46.3397 8.89098 36.9
      vertex 45.5642 8.6832 36.9
    endloop
  endfacet
  facet normal -0.987685 0.156455 0
    outer loop
      vertex 62.6506 27.0061 36.9
      vertex 62.7762 27.799 39.3
      vertex 62.7762 27.799 36.9
    endloop
  endfacet
  facet normal -0.987685 0.156455 0
    outer loop
      vertex 62.7762 27.799 39.3
      vertex 62.6506 27.0061 36.9
      vertex 62.6506 27.0061 39.3
    endloop
  endfacet
  facet normal -0.965924 0.258825 0
    outer loop
      vertex 62.109 24.6603 36.9
      vertex 62.3168 25.4358 39.3
      vertex 62.3168 25.4358 36.9
    endloop
  endfacet
  facet normal -0.965924 0.258825 0
    outer loop
      vertex 62.3168 25.4358 39.3
      vertex 62.109 24.6603 36.9
      vertex 62.109 24.6603 39.3
    endloop
  endfacet
  facet normal -0.777161 0.629302 0
    outer loop
      vertex 57.619 16.2159 36.9
      vertex 58.1242 16.8398 39.3
      vertex 58.1242 16.8398 36.9
    endloop
  endfacet
  facet normal -0.777161 0.629302 0
    outer loop
      vertex 58.1242 16.8398 39.3
      vertex 57.619 16.2159 36.9
      vertex 57.619 16.2159 39.3
    endloop
  endfacet
  facet normal -0.292361 -0.956308 0
    outer loop
      vertex 46.3397 53.109 36.9
      vertex 47.1074 52.8743 39.3
      vertex 46.3397 53.109 39.3
    endloop
  endfacet
  facet normal -0.292361 -0.956308 -0
    outer loop
      vertex 47.1074 52.8743 39.3
      vertex 46.3397 53.109 36.9
      vertex 47.1074 52.8743 36.9
    endloop
  endfacet
  facet normal 0.707107 -0.707107 0
    outer loop
      vertex 23.4552 46.9771 39.3
      vertex 24.0229 47.5448 36.9
      vertex 24.0229 47.5448 39.3
    endloop
  endfacet
  facet normal 0.707107 -0.707107 0
    outer loop
      vertex 24.0229 47.5448 36.9
      vertex 23.4552 46.9771 39.3
      vertex 23.4552 46.9771 36.9
    endloop
  endfacet
  facet normal -0.987685 -0.156455 0
    outer loop
      vertex 62.7762 34.201 36.9
      vertex 62.6506 34.9939 39.3
      vertex 62.6506 34.9939 36.9
    endloop
  endfacet
  facet normal -0.987685 -0.156455 0
    outer loop
      vertex 62.6506 34.9939 39.3
      vertex 62.7762 34.201 36.9
      vertex 62.7762 34.201 39.3
    endloop
  endfacet
  facet normal 0.682012 0.731341 -0
    outer loop
      vertex 24.61 13.9077 36.9
      vertex 24.0229 14.4552 39.3
      vertex 24.61 13.9077 39.3
    endloop
  endfacet
  facet normal 0.682012 0.731341 0
    outer loop
      vertex 24.0229 14.4552 39.3
      vertex 24.61 13.9077 36.9
      vertex 24.0229 14.4552 36.9
    endloop
  endfacet
  facet normal 0.0523418 0.998629 -0
    outer loop
      vertex 39.1973 8.01401 36.9
      vertex 38.3956 8.05603 39.3
      vertex 39.1973 8.01401 39.3
    endloop
  endfacet
  facet normal 0.0523418 0.998629 0
    outer loop
      vertex 38.3956 8.05603 39.3
      vertex 39.1973 8.01401 36.9
      vertex 38.3956 8.05603 36.9
    endloop
  endfacet
  facet normal -0.0523169 -0.998631 0
    outer loop
      vertex 40.8027 53.986 36.9
      vertex 41.6044 53.944 39.3
      vertex 40.8027 53.986 39.3
    endloop
  endfacet
  facet normal -0.0523169 -0.998631 -0
    outer loop
      vertex 41.6044 53.944 39.3
      vertex 40.8027 53.986 36.9
      vertex 41.6044 53.944 36.9
    endloop
  endfacet
  facet normal 0.974366 -0.224969 0
    outer loop
      vertex 17.5026 35.782 39.3
      vertex 17.6832 36.5642 36.9
      vertex 17.6832 36.5642 39.3
    endloop
  endfacet
  facet normal 0.974366 -0.224969 0
    outer loop
      vertex 17.6832 36.5642 36.9
      vertex 17.5026 35.782 39.3
      vertex 17.5026 35.782 36.9
    endloop
  endfacet
  facet normal -0.890988 0.454027 0
    outer loop
      vertex 60.3078 20.2022 36.9
      vertex 60.6723 20.9175 39.3
      vertex 60.6723 20.9175 36.9
    endloop
  endfacet
  facet normal -0.890988 0.454027 0
    outer loop
      vertex 60.6723 20.9175 39.3
      vertex 60.3078 20.2022 36.9
      vertex 60.3078 20.2022 39.3
    endloop
  endfacet
  facet normal 0.573554 0.819168 -0
    outer loop
      vertex 27.1386 11.9321 36.9
      vertex 26.4809 12.3926 39.3
      vertex 27.1386 11.9321 39.3
    endloop
  endfacet
  facet normal 0.573554 0.819168 0
    outer loop
      vertex 26.4809 12.3926 39.3
      vertex 27.1386 11.9321 36.9
      vertex 26.4809 12.3926 36.9
    endloop
  endfacet
  facet normal 0.422582 0.906325 -0
    outer loop
      vertex 30.6451 9.98845 36.9
      vertex 29.9175 10.3277 39.3
      vertex 30.6451 9.98845 39.3
    endloop
  endfacet
  facet normal 0.422582 0.906325 0
    outer loop
      vertex 29.9175 10.3277 39.3
      vertex 30.6451 9.98845 36.9
      vertex 29.9175 10.3277 36.9
    endloop
  endfacet
  facet normal -0.798578 -0.601892 0
    outer loop
      vertex 58.6074 44.5191 36.9
      vertex 58.1242 45.1602 39.3
      vertex 58.1242 45.1602 36.9
    endloop
  endfacet
  facet normal -0.798578 -0.601892 0
    outer loop
      vertex 58.1242 45.1602 39.3
      vertex 58.6074 44.5191 36.9
      vertex 58.6074 44.5191 39.3
    endloop
  endfacet
  facet normal 0.996192 -0.0871886 0
    outer loop
      vertex 17.056 32.6044 39.3
      vertex 17.126 33.4042 36.9
      vertex 17.126 33.4042 39.3
    endloop
  endfacet
  facet normal 0.996192 -0.0871886 0
    outer loop
      vertex 17.126 33.4042 36.9
      vertex 17.056 32.6044 39.3
      vertex 17.056 32.6044 36.9
    endloop
  endfacet
  facet normal 0.454024 -0.890989 0
    outer loop
      vertex 29.6459 51.5339 36.9
      vertex 29.9175 51.6723 39.3
      vertex 29.6459 51.5339 39.3
    endloop
  endfacet
  facet normal 0.454024 -0.890989 0
    outer loop
      vertex 29.9175 51.6723 39.3
      vertex 29.6459 51.5339 36.9
      vertex 29.9175 51.6723 36.9
    endloop
  endfacet
  facet normal -0 0 1
    outer loop
      vertex 29.6459 51.5339 36.9
      vertex 29.2022 51.3078 36.9
      vertex 29.9175 51.6723 36.9
    endloop
  endfacet
  facet normal 0.945511 -0.325591 0
    outer loop
      vertex 18.1257 38.1074 39.3
      vertex 18.3871 38.8665 36.9
      vertex 18.3871 38.8665 39.3
    endloop
  endfacet
  facet normal 0.945511 -0.325591 0
    outer loop
      vertex 18.3871 38.8665 36.9
      vertex 18.1257 38.1074 39.3
      vertex 18.1257 38.1074 36.9
    endloop
  endfacet
  facet normal -0.819168 0.573554 0
    outer loop
      vertex 58.6074 17.4809 36.9
      vertex 59.0679 18.1386 39.3
      vertex 59.0679 18.1386 36.9
    endloop
  endfacet
  facet normal -0.819168 0.573554 0
    outer loop
      vertex 59.0679 18.1386 39.3
      vertex 58.6074 17.4809 36.9
      vertex 58.6074 17.4809 39.3
    endloop
  endfacet
  facet normal 0.601892 0.798578 -0
    outer loop
      vertex 26.4809 12.3926 36.9
      vertex 25.8398 12.8758 39.3
      vertex 26.4809 12.3926 39.3
    endloop
  endfacet
  facet normal 0.601892 0.798578 0
    outer loop
      vertex 25.8398 12.8758 39.3
      vertex 26.4809 12.3926 36.9
      vertex 25.8398 12.8758 36.9
    endloop
  endfacet
  facet normal -0.881948 0.471346 0
    outer loop
      vertex 21.6646 56.3844 36.9
      vertex 21.8485 56.7285 39.3
      vertex 21.8485 56.7285 36.9
    endloop
  endfacet
  facet normal -0.881948 0.471346 0
    outer loop
      vertex 21.8485 56.7285 39.3
      vertex 21.6646 56.3844 36.9
      vertex 21.6646 56.3844 39.3
    endloop
  endfacet
  facet normal -0.0979299 0.995193 0
    outer loop
      vertex 20.3982 55.5382 36.9
      vertex 20.01 55.5 39.3
      vertex 20.3982 55.5382 39.3
    endloop
  endfacet
  facet normal -0.0979299 0.995193 0
    outer loop
      vertex 20.01 55.5 39.3
      vertex 20.3982 55.5382 36.9
      vertex 20.01 55.5 36.9
    endloop
  endfacet
  facet normal -0.471346 -0.881948 0
    outer loop
      vertex 20.7715 59.3485 36.9
      vertex 21.1156 59.1646 39.3
      vertex 20.7715 59.3485 39.3
    endloop
  endfacet
  facet normal -0.471346 -0.881948 -0
    outer loop
      vertex 21.1156 59.1646 39.3
      vertex 20.7715 59.3485 36.9
      vertex 21.1156 59.1646 36.9
    endloop
  endfacet
  facet normal -0.881948 -0.471346 0
    outer loop
      vertex 21.8485 58.2715 36.9
      vertex 21.6646 58.6156 39.3
      vertex 21.6646 58.6156 36.9
    endloop
  endfacet
  facet normal -0.881948 -0.471346 0
    outer loop
      vertex 21.6646 58.6156 39.3
      vertex 21.8485 58.2715 36.9
      vertex 21.8485 58.2715 39.3
    endloop
  endfacet
  facet normal -0.0979299 -0.995193 0
    outer loop
      vertex 20.01 59.5 36.9
      vertex 20.3982 59.4618 39.3
      vertex 20.01 59.5 39.3
    endloop
  endfacet
  facet normal -0.0979299 -0.995193 -0
    outer loop
      vertex 20.3982 59.4618 39.3
      vertex 20.01 59.5 36.9
      vertex 20.3982 59.4618 36.9
    endloop
  endfacet
  facet normal 0.881948 -0.471346 0
    outer loop
      vertex 12.1515 58.2715 39.3
      vertex 12.3354 58.6156 36.9
      vertex 12.3354 58.6156 39.3
    endloop
  endfacet
  facet normal 0.881948 -0.471346 0
    outer loop
      vertex 12.3354 58.6156 36.9
      vertex 12.1515 58.2715 39.3
      vertex 12.1515 58.2715 36.9
    endloop
  endfacet
  facet normal 0.0979299 0.995193 -0
    outer loop
      vertex 13.99 55.5 36.9
      vertex 13.6018 55.5382 39.3
      vertex 13.99 55.5 39.3
    endloop
  endfacet
  facet normal 0.0979299 0.995193 0
    outer loop
      vertex 13.6018 55.5382 39.3
      vertex 13.99 55.5 36.9
      vertex 13.6018 55.5382 36.9
    endloop
  endfacet
  facet normal 0.881948 0.471346 0
    outer loop
      vertex 12.3354 56.3844 39.3
      vertex 12.1515 56.7285 36.9
      vertex 12.1515 56.7285 39.3
    endloop
  endfacet
  facet normal 0.881948 0.471346 0
    outer loop
      vertex 12.1515 56.7285 36.9
      vertex 12.3354 56.3844 39.3
      vertex 12.3354 56.3844 36.9
    endloop
  endfacet
  facet normal 0.634493 -0.772928 0
    outer loop
      vertex 12.5829 58.9171 36.9
      vertex 12.8844 59.1646 39.3
      vertex 12.5829 58.9171 39.3
    endloop
  endfacet
  facet normal 0.634493 -0.772928 0
    outer loop
      vertex 12.8844 59.1646 39.3
      vertex 12.5829 58.9171 36.9
      vertex 12.8844 59.1646 36.9
    endloop
  endfacet
  facet normal -0.995193 0.0979299 0
    outer loop
      vertex 21.9618 57.1018 36.9
      vertex 22 57.49 39.3
      vertex 22 57.49 36.9
    endloop
  endfacet
  facet normal -0.995193 0.0979299 0
    outer loop
      vertex 22 57.49 39.3
      vertex 21.9618 57.1018 36.9
      vertex 21.9618 57.1018 39.3
    endloop
  endfacet
  facet normal 0.956897 -0.290427 0
    outer loop
      vertex 12.0382 57.8982 39.3
      vertex 12.1515 58.2715 36.9
      vertex 12.1515 58.2715 39.3
    endloop
  endfacet
  facet normal 0.956897 -0.290427 0
    outer loop
      vertex 12.1515 58.2715 36.9
      vertex 12.0382 57.8982 39.3
      vertex 12.0382 57.8982 36.9
    endloop
  endfacet
  facet normal 0.0979299 -0.995193 0
    outer loop
      vertex 13.6018 59.4618 36.9
      vertex 13.99 59.5 39.3
      vertex 13.6018 59.4618 39.3
    endloop
  endfacet
  facet normal 0.0979299 -0.995193 0
    outer loop
      vertex 13.99 59.5 39.3
      vertex 13.6018 59.4618 36.9
      vertex 13.99 59.5 36.9
    endloop
  endfacet
  facet normal 0.772928 0.634493 0
    outer loop
      vertex 12.5829 56.0829 39.3
      vertex 12.3354 56.3844 36.9
      vertex 12.3354 56.3844 39.3
    endloop
  endfacet
  facet normal 0.772928 0.634493 0
    outer loop
      vertex 12.3354 56.3844 36.9
      vertex 12.5829 56.0829 39.3
      vertex 12.5829 56.0829 36.9
    endloop
  endfacet
  facet normal -0.290427 -0.956897 0
    outer loop
      vertex 20.3982 59.4618 36.9
      vertex 20.7715 59.3485 39.3
      vertex 20.3982 59.4618 39.3
    endloop
  endfacet
  facet normal -0.290427 -0.956897 -0
    outer loop
      vertex 20.7715 59.3485 39.3
      vertex 20.3982 59.4618 36.9
      vertex 20.7715 59.3485 36.9
    endloop
  endfacet
  facet normal 0 1 -0
    outer loop
      vertex 20.01 55.5 36.9
      vertex 13.99 55.5 39.3
      vertex 20.01 55.5 39.3
    endloop
  endfacet
  facet normal 0 1 0
    outer loop
      vertex 13.99 55.5 39.3
      vertex 20.01 55.5 36.9
      vertex 13.99 55.5 36.9
    endloop
  endfacet
  facet normal 0 -1 0
    outer loop
      vertex 13.99 59.5 36.9
      vertex 20.01 59.5 39.3
      vertex 13.99 59.5 39.3
    endloop
  endfacet
  facet normal 0 -1 -0
    outer loop
      vertex 20.01 59.5 39.3
      vertex 13.99 59.5 36.9
      vertex 20.01 59.5 36.9
    endloop
  endfacet
  facet normal -0.772928 0.634493 0
    outer loop
      vertex 21.4171 56.0829 36.9
      vertex 21.6646 56.3844 39.3
      vertex 21.6646 56.3844 36.9
    endloop
  endfacet
  facet normal -0.772928 0.634493 0
    outer loop
      vertex 21.6646 56.3844 39.3
      vertex 21.4171 56.0829 36.9
      vertex 21.4171 56.0829 39.3
    endloop
  endfacet
  facet normal 0.995193 0.0979299 0
    outer loop
      vertex 12.0382 57.1018 39.3
      vertex 12 57.49 36.9
      vertex 12 57.49 39.3
    endloop
  endfacet
  facet normal 0.995193 0.0979299 0
    outer loop
      vertex 12 57.49 36.9
      vertex 12.0382 57.1018 39.3
      vertex 12.0382 57.1018 36.9
    endloop
  endfacet
  facet normal 0.471346 -0.881948 0
    outer loop
      vertex 12.8844 59.1646 36.9
      vertex 13.2285 59.3485 39.3
      vertex 12.8844 59.1646 39.3
    endloop
  endfacet
  facet normal 0.471346 -0.881948 0
    outer loop
      vertex 13.2285 59.3485 39.3
      vertex 12.8844 59.1646 36.9
      vertex 13.2285 59.3485 36.9
    endloop
  endfacet
  facet normal 0.471346 0.881948 -0
    outer loop
      vertex 13.2285 55.6515 36.9
      vertex 12.8844 55.8354 39.3
      vertex 13.2285 55.6515 39.3
    endloop
  endfacet
  facet normal 0.471346 0.881948 0
    outer loop
      vertex 12.8844 55.8354 39.3
      vertex 13.2285 55.6515 36.9
      vertex 12.8844 55.8354 36.9
    endloop
  endfacet
  facet normal 0.772928 -0.634493 0
    outer loop
      vertex 12.3354 58.6156 39.3
      vertex 12.5829 58.9171 36.9
      vertex 12.5829 58.9171 39.3
    endloop
  endfacet
  facet normal 0.772928 -0.634493 0
    outer loop
      vertex 12.5829 58.9171 36.9
      vertex 12.3354 58.6156 39.3
      vertex 12.3354 58.6156 36.9
    endloop
  endfacet
  facet normal -0.956897 0.290427 0
    outer loop
      vertex 21.8485 56.7285 36.9
      vertex 21.9618 57.1018 39.3
      vertex 21.9618 57.1018 36.9
    endloop
  endfacet
  facet normal -0.956897 0.290427 0
    outer loop
      vertex 21.9618 57.1018 39.3
      vertex 21.8485 56.7285 36.9
      vertex 21.8485 56.7285 39.3
    endloop
  endfacet
  facet normal -0.995193 -0.0979299 0
    outer loop
      vertex 22 57.51 36.9
      vertex 21.9618 57.8982 39.3
      vertex 21.9618 57.8982 36.9
    endloop
  endfacet
  facet normal -0.995193 -0.0979299 0
    outer loop
      vertex 21.9618 57.8982 39.3
      vertex 22 57.51 36.9
      vertex 22 57.51 39.3
    endloop
  endfacet
  facet normal 0.290427 0.956897 -0
    outer loop
      vertex 13.6018 55.5382 36.9
      vertex 13.2285 55.6515 39.3
      vertex 13.6018 55.5382 39.3
    endloop
  endfacet
  facet normal 0.290427 0.956897 0
    outer loop
      vertex 13.2285 55.6515 39.3
      vertex 13.6018 55.5382 36.9
      vertex 13.2285 55.6515 36.9
    endloop
  endfacet
  facet normal 0.995193 -0.0979299 0
    outer loop
      vertex 12 57.51 39.3
      vertex 12.0382 57.8982 36.9
      vertex 12.0382 57.8982 39.3
    endloop
  endfacet
  facet normal 0.995193 -0.0979299 0
    outer loop
      vertex 12.0382 57.8982 36.9
      vertex 12 57.51 39.3
      vertex 12 57.51 36.9
    endloop
  endfacet
  facet normal 0.290427 -0.956897 0
    outer loop
      vertex 13.2285 59.3485 36.9
      vertex 13.6018 59.4618 39.3
      vertex 13.2285 59.3485 39.3
    endloop
  endfacet
  facet normal 0.290427 -0.956897 0
    outer loop
      vertex 13.6018 59.4618 39.3
      vertex 13.2285 59.3485 36.9
      vertex 13.6018 59.4618 36.9
    endloop
  endfacet
  facet normal -0.956897 -0.290427 0
    outer loop
      vertex 21.9618 57.8982 36.9
      vertex 21.8485 58.2715 39.3
      vertex 21.8485 58.2715 36.9
    endloop
  endfacet
  facet normal -0.956897 -0.290427 0
    outer loop
      vertex 21.8485 58.2715 39.3
      vertex 21.9618 57.8982 36.9
      vertex 21.9618 57.8982 39.3
    endloop
  endfacet
  facet normal -1 0 0
    outer loop
      vertex 22 57.49 36.9
      vertex 22 57.51 39.3
      vertex 22 57.51 36.9
    endloop
  endfacet
  facet normal -1 -0 0
    outer loop
      vertex 22 57.51 39.3
      vertex 22 57.49 36.9
      vertex 22 57.49 39.3
    endloop
  endfacet
  facet normal 0.634493 0.772928 -0
    outer loop
      vertex 12.8844 55.8354 36.9
      vertex 12.5829 56.0829 39.3
      vertex 12.8844 55.8354 39.3
    endloop
  endfacet
  facet normal 0.634493 0.772928 0
    outer loop
      vertex 12.5829 56.0829 39.3
      vertex 12.8844 55.8354 36.9
      vertex 12.5829 56.0829 36.9
    endloop
  endfacet
  facet normal -0.634493 -0.772928 0
    outer loop
      vertex 21.1156 59.1646 36.9
      vertex 21.4171 58.9171 39.3
      vertex 21.1156 59.1646 39.3
    endloop
  endfacet
  facet normal -0.634493 -0.772928 -0
    outer loop
      vertex 21.4171 58.9171 39.3
      vertex 21.1156 59.1646 36.9
      vertex 21.4171 58.9171 36.9
    endloop
  endfacet
  facet normal 0.956897 0.290427 0
    outer loop
      vertex 12.1515 56.7285 39.3
      vertex 12.0382 57.1018 36.9
      vertex 12.0382 57.1018 39.3
    endloop
  endfacet
  facet normal 0.956897 0.290427 0
    outer loop
      vertex 12.0382 57.1018 36.9
      vertex 12.1515 56.7285 39.3
      vertex 12.1515 56.7285 36.9
    endloop
  endfacet
  facet normal -0.772928 -0.634493 0
    outer loop
      vertex 21.6646 58.6156 36.9
      vertex 21.4171 58.9171 39.3
      vertex 21.4171 58.9171 36.9
    endloop
  endfacet
  facet normal -0.772928 -0.634493 0
    outer loop
      vertex 21.4171 58.9171 39.3
      vertex 21.6646 58.6156 36.9
      vertex 21.6646 58.6156 39.3
    endloop
  endfacet
  facet normal 1 -0 0
    outer loop
      vertex 12 57.49 39.3
      vertex 12 57.51 36.9
      vertex 12 57.51 39.3
    endloop
  endfacet
  facet normal 1 0 0
    outer loop
      vertex 12 57.51 36.9
      vertex 12 57.49 39.3
      vertex 12 57.49 36.9
    endloop
  endfacet
  facet normal -0.634493 0.772928 0
    outer loop
      vertex 21.4171 56.0829 36.9
      vertex 21.1156 55.8354 39.3
      vertex 21.4171 56.0829 39.3
    endloop
  endfacet
  facet normal -0.634493 0.772928 0
    outer loop
      vertex 21.1156 55.8354 39.3
      vertex 21.4171 56.0829 36.9
      vertex 21.1156 55.8354 36.9
    endloop
  endfacet
  facet normal -0.471346 0.881948 0
    outer loop
      vertex 21.1156 55.8354 36.9
      vertex 20.7715 55.6515 39.3
      vertex 21.1156 55.8354 39.3
    endloop
  endfacet
  facet normal -0.471346 0.881948 0
    outer loop
      vertex 20.7715 55.6515 39.3
      vertex 21.1156 55.8354 36.9
      vertex 20.7715 55.6515 36.9
    endloop
  endfacet
  facet normal -0.290427 0.956897 0
    outer loop
      vertex 20.7715 55.6515 36.9
      vertex 20.3982 55.5382 39.3
      vertex 20.7715 55.6515 39.3
    endloop
  endfacet
  facet normal -0.290427 0.956897 0
    outer loop
      vertex 20.3982 55.5382 39.3
      vertex 20.7715 55.6515 36.9
      vertex 20.3982 55.5382 36.9
    endloop
  endfacet
  facet normal 0 0 1
    outer loop
      vertex 48.9176 43.8458 39.3
      vertex 52.1881 50.5051 39.3
      vertex 51.5 50.9186 39.3
    endloop
  endfacet
  facet normal 0 0 1
    outer loop
      vertex 46.666 45.1458 39.3
      vertex 51.5 50.9186 39.3
      vertex 50.7978 51.3078 39.3
    endloop
  endfacet
  facet normal 0 0 1
    outer loop
      vertex 46.666 45.1458 39.3
      vertex 50.7978 51.3078 39.3
      vertex 50.3541 51.5339 39.3
    endloop
  endfacet
  facet normal 0 0 1
    outer loop
      vertex 52.1881 50.5051 39.3
      vertex 48.9176 43.8458 39.3
      vertex 52.6058 50.2339 39.3
    endloop
  endfacet
  facet normal 0 0 1
    outer loop
      vertex 50.0532 42.9809 39.3
      vertex 48.382 40.9892 39.3
      vertex 48.7255 40.6906 39.3
    endloop
  endfacet
  facet normal 0 0 1
    outer loop
      vertex 51.5 50.9186 39.3
      vertex 46.666 45.1458 39.3
      vertex 48.9176 43.8458 39.3
    endloop
  endfacet
  facet normal 0 -0 1
    outer loop
      vertex 47.6129 41.5859 39.3
      vertex 48.9176 43.8458 39.3
      vertex 46.666 45.1458 39.3
    endloop
  endfacet
  facet normal 0 0 1
    outer loop
      vertex 49.193 43.653 39.3
      vertex 48.0282 41.2757 39.3
      vertex 48.382 40.9892 39.3
    endloop
  endfacet
  facet normal 0 0 1
    outer loop
      vertex 49.193 43.653 39.3
      vertex 47.6647 41.5496 39.3
      vertex 48.0282 41.2757 39.3
    endloop
  endfacet
  facet normal 0 0 1
    outer loop
      vertex 49.193 43.653 39.3
      vertex 47.6129 41.5859 39.3
      vertex 47.6647 41.5496 39.3
    endloop
  endfacet
  facet normal 0 0 1
    outer loop
      vertex 45.3612 42.8859 39.3
      vertex 46.666 45.1458 39.3
      vertex 46.3614 45.2878 39.3
    endloop
  endfacet
  facet normal 0 0 1
    outer loop
      vertex 45.3038 42.9126 39.3
      vertex 46.3614 45.2878 39.3
      vertex 45.8588 45.5012 39.3
    endloop
  endfacet
  facet normal 0 0 1
    outer loop
      vertex 46.666 45.1458 39.3
      vertex 45.3612 42.8859 39.3
      vertex 47.6129 41.5859 39.3
    endloop
  endfacet
  facet normal 0 0 1
    outer loop
      vertex 45.3612 42.8859 39.3
      vertex 42.9641 33.534 39.3
      vertex 47.6129 41.5859 39.3
    endloop
  endfacet
  facet normal 0 0 1
    outer loop
      vertex 42.9641 33.534 39.3
      vertex 40.7104 34.8304 39.3
      vertex 42.9641 28.466 39.3
    endloop
  endfacet
  facet normal -0 0 1
    outer loop
      vertex 40.7104 34.8304 39.3
      vertex 42.9641 33.534 39.3
      vertex 45.3612 42.8859 39.3
    endloop
  endfacet
  facet normal -0 0 1
    outer loop
      vertex 43.6721 32.3 39.3
      vertex 52.9741 29.7 39.3
      vertex 52.9741 32.3 39.3
    endloop
  endfacet
  facet normal 0 0 1
    outer loop
      vertex 43.6721 32.3 39.3
      vertex 43.6721 29.7 39.3
      vertex 52.9741 29.7 39.3
    endloop
  endfacet
  facet normal 0 0 1
    outer loop
      vertex 43.41 32.8927 39.3
      vertex 43.6721 32.3 39.3
      vertex 43.5839 32.538 39.3
    endloop
  endfacet
  facet normal 0 0 1
    outer loop
      vertex 43.6721 32.3 39.3
      vertex 43.41 32.8927 39.3
      vertex 43.6721 29.7 39.3
    endloop
  endfacet
  facet normal 0 0 1
    outer loop
      vertex 43.41 29.1073 39.3
      vertex 43.6721 29.7 39.3
      vertex 43.41 32.8927 39.3
    endloop
  endfacet
  facet normal 0 0 1
    outer loop
      vertex 43.6721 29.7 39.3
      vertex 43.41 29.1073 39.3
      vertex 43.5839 29.462 39.3
    endloop
  endfacet
  facet normal 0 0 1
    outer loop
      vertex 43.201 33.2279 39.3
      vertex 43.41 29.1073 39.3
      vertex 43.41 32.8927 39.3
    endloop
  endfacet
  facet normal 0 0 1
    outer loop
      vertex 43.201 33.2279 39.3
      vertex 43.201 28.7721 39.3
      vertex 43.41 29.1073 39.3
    endloop
  endfacet
  facet normal 0 0 1
    outer loop
      vertex 42.9641 33.534 39.3
      vertex 43.201 28.7721 39.3
      vertex 43.201 33.2279 39.3
    endloop
  endfacet
  facet normal 0 0 1
    outer loop
      vertex 43.201 28.7721 39.3
      vertex 42.9641 33.534 39.3
      vertex 42.9641 28.466 39.3
    endloop
  endfacet
  facet normal 0 0 1
    outer loop
      vertex 55.5836 32.3 39.3
      vertex 63 31 39.3
      vertex 62.986 31.8027 39.3
    endloop
  endfacet
  facet normal -0 0 1
    outer loop
      vertex 55.5836 32.3 39.3
      vertex 62.986 31.8027 39.3
      vertex 62.9599 32.3 39.3
    endloop
  endfacet
  facet normal 0 0 1
    outer loop
      vertex 55.5836 29.7 39.3
      vertex 63 31 39.3
      vertex 55.5836 32.3 39.3
    endloop
  endfacet
  facet normal 0 0 1
    outer loop
      vertex 63 31 39.3
      vertex 55.5836 29.7 39.3
      vertex 62.986 30.1973 39.3
    endloop
  endfacet
  facet normal 0 0 1
    outer loop
      vertex 62.986 30.1973 39.3
      vertex 55.5836 29.7 39.3
      vertex 62.9599 29.7 39.3
    endloop
  endfacet
  facet normal 0 0 1
    outer loop
      vertex 52.9741 32.3 39.3
      vertex 55.5836 32.3 39.3
      vertex 55.5543 32.6348 39.3
    endloop
  endfacet
  facet normal 0 0 1
    outer loop
      vertex 55.5836 32.3 39.3
      vertex 52.9741 32.3 39.3
      vertex 55.5836 29.7 39.3
    endloop
  endfacet
  facet normal 0 0 1
    outer loop
      vertex 52.9686 32.3631 39.3
      vertex 55.5543 32.6348 39.3
      vertex 55.4878 33.1767 39.3
    endloop
  endfacet
  facet normal 0 0 1
    outer loop
      vertex 52.9741 29.7 39.3
      vertex 55.5836 29.7 39.3
      vertex 52.9741 32.3 39.3
    endloop
  endfacet
  facet normal 0 0 1
    outer loop
      vertex 52.9131 32.8148 39.3
      vertex 55.4878 33.1767 39.3
      vertex 55.4024 33.7159 39.3
    endloop
  endfacet
  facet normal 0 0 1
    outer loop
      vertex 55.5836 29.7 39.3
      vertex 52.9741 29.7 39.3
      vertex 55.5543 29.3652 39.3
    endloop
  endfacet
  facet normal 0 0 1
    outer loop
      vertex 52.8419 33.2644 39.3
      vertex 55.4024 33.7159 39.3
      vertex 55.2982 34.2517 39.3
    endloop
  endfacet
  facet normal -0 0 1
    outer loop
      vertex 52.9686 29.6369 39.3
      vertex 55.5543 29.3652 39.3
      vertex 52.9741 29.7 39.3
    endloop
  endfacet
  facet normal 0 0 1
    outer loop
      vertex 52.755 33.7112 39.3
      vertex 55.2982 34.2517 39.3
      vertex 55.1754 34.7837 39.3
    endloop
  endfacet
  facet normal 0 0 1
    outer loop
      vertex 55.5543 29.3652 39.3
      vertex 52.9686 29.6369 39.3
      vertex 55.4878 28.8233 39.3
    endloop
  endfacet
  facet normal 0 0 1
    outer loop
      vertex 52.6527 34.1547 39.3
      vertex 55.1754 34.7837 39.3
      vertex 55.0341 35.311 39.3
    endloop
  endfacet
  facet normal -0 0 1
    outer loop
      vertex 52.9131 29.1852 39.3
      vertex 55.4878 28.8233 39.3
      vertex 52.9686 29.6369 39.3
    endloop
  endfacet
  facet normal 0 0 1
    outer loop
      vertex 52.5349 34.5943 39.3
      vertex 55.0341 35.311 39.3
      vertex 54.8745 35.833 39.3
    endloop
  endfacet
  facet normal 0 0 1
    outer loop
      vertex 55.4878 28.8233 39.3
      vertex 52.9131 29.1852 39.3
      vertex 55.4024 28.2841 39.3
    endloop
  endfacet
  facet normal 0 0 1
    outer loop
      vertex 52.4018 35.0296 39.3
      vertex 54.8745 35.833 39.3
      vertex 54.6968 36.3492 39.3
    endloop
  endfacet
  facet normal -0 0 1
    outer loop
      vertex 52.8419 28.7356 39.3
      vertex 55.4024 28.2841 39.3
      vertex 52.9131 29.1852 39.3
    endloop
  endfacet
  facet normal 0 0 1
    outer loop
      vertex 52.2536 35.4599 39.3
      vertex 54.6968 36.3492 39.3
      vertex 54.5012 36.8588 39.3
    endloop
  endfacet
  facet normal 0 0 1
    outer loop
      vertex 55.4024 28.2841 39.3
      vertex 52.8419 28.7356 39.3
      vertex 55.2982 27.7483 39.3
    endloop
  endfacet
  facet normal 0 0 1
    outer loop
      vertex 52.0905 35.8849 39.3
      vertex 54.5012 36.8588 39.3
      vertex 54.2878 37.3614 39.3
    endloop
  endfacet
  facet normal -0 0 1
    outer loop
      vertex 52.755 28.2888 39.3
      vertex 55.2982 27.7483 39.3
      vertex 52.8419 28.7356 39.3
    endloop
  endfacet
  facet normal 0 0 1
    outer loop
      vertex 51.9126 36.3038 39.3
      vertex 54.2878 37.3614 39.3
      vertex 54.0571 37.8561 39.3
    endloop
  endfacet
  facet normal 0 0 1
    outer loop
      vertex 55.2982 27.7483 39.3
      vertex 52.755 28.2888 39.3
      vertex 55.1754 27.2163 39.3
    endloop
  endfacet
  facet normal 0 0 1
    outer loop
      vertex 51.7203 36.7164 39.3
      vertex 54.0571 37.8561 39.3
      vertex 53.8093 38.3425 39.3
    endloop
  endfacet
  facet normal -0 0 1
    outer loop
      vertex 52.6527 27.8453 39.3
      vertex 55.1754 27.2163 39.3
      vertex 52.755 28.2888 39.3
    endloop
  endfacet
  facet normal 0 0 1
    outer loop
      vertex 51.5136 37.1219 39.3
      vertex 53.8093 38.3425 39.3
      vertex 53.5446 38.82 39.3
    endloop
  endfacet
  facet normal 0 0 1
    outer loop
      vertex 55.1754 27.2163 39.3
      vertex 52.6527 27.8453 39.3
      vertex 55.0341 26.689 39.3
    endloop
  endfacet
  facet normal 0 0 1
    outer loop
      vertex 51.293 37.52 39.3
      vertex 53.5446 38.82 39.3
      vertex 53.2635 39.2879 39.3
    endloop
  endfacet
  facet normal -0 0 1
    outer loop
      vertex 52.5349 27.4057 39.3
      vertex 55.0341 26.689 39.3
      vertex 52.6527 27.8453 39.3
    endloop
  endfacet
  facet normal 0 0 1
    outer loop
      vertex 55.0341 26.689 39.3
      vertex 52.5349 27.4057 39.3
      vertex 54.8745 26.167 39.3
    endloop
  endfacet
  facet normal 0 0 1
    outer loop
      vertex 55.5543 32.6348 39.3
      vertex 52.9686 32.3631 39.3
      vertex 52.9741 32.3 39.3
    endloop
  endfacet
  facet normal 0 0 1
    outer loop
      vertex 51.0585 37.9101 39.3
      vertex 53.2635 39.2879 39.3
      vertex 52.9661 39.7458 39.3
    endloop
  endfacet
  facet normal 0 0 1
    outer loop
      vertex 55.4878 33.1767 39.3
      vertex 52.9131 32.8148 39.3
      vertex 52.9686 32.3631 39.3
    endloop
  endfacet
  facet normal 0 0 1
    outer loop
      vertex 55.4024 33.7159 39.3
      vertex 52.8419 33.2644 39.3
      vertex 52.9131 32.8148 39.3
    endloop
  endfacet
  facet normal 0 0 1
    outer loop
      vertex 55.2982 34.2517 39.3
      vertex 52.755 33.7112 39.3
      vertex 52.8419 33.2644 39.3
    endloop
  endfacet
  facet normal 0 0 1
    outer loop
      vertex 50.8106 38.2919 39.3
      vertex 52.9661 39.7458 39.3
      vertex 52.653 40.193 39.3
    endloop
  endfacet
  facet normal 0 0 1
    outer loop
      vertex 55.1754 34.7837 39.3
      vertex 52.6527 34.1547 39.3
      vertex 52.755 33.7112 39.3
    endloop
  endfacet
  facet normal 0 0 1
    outer loop
      vertex 55.0341 35.311 39.3
      vertex 52.5349 34.5943 39.3
      vertex 52.6527 34.1547 39.3
    endloop
  endfacet
  facet normal 0 0 1
    outer loop
      vertex 54.8745 35.833 39.3
      vertex 52.4018 35.0296 39.3
      vertex 52.5349 34.5943 39.3
    endloop
  endfacet
  facet normal 0 0 1
    outer loop
      vertex 50.5496 38.6647 39.3
      vertex 52.653 40.193 39.3
      vertex 52.3245 40.6289 39.3
    endloop
  endfacet
  facet normal 0 0 1
    outer loop
      vertex 54.6968 36.3492 39.3
      vertex 52.2536 35.4599 39.3
      vertex 52.4018 35.0296 39.3
    endloop
  endfacet
  facet normal 0 0 1
    outer loop
      vertex 54.5012 36.8588 39.3
      vertex 52.0905 35.8849 39.3
      vertex 52.2536 35.4599 39.3
    endloop
  endfacet
  facet normal 0 0 1
    outer loop
      vertex 50.2757 39.0282 39.3
      vertex 52.3245 40.6289 39.3
      vertex 51.9809 41.0532 39.3
    endloop
  endfacet
  facet normal 0 0 1
    outer loop
      vertex 54.2878 37.3614 39.3
      vertex 51.9126 36.3038 39.3
      vertex 52.0905 35.8849 39.3
    endloop
  endfacet
  facet normal 0 0 1
    outer loop
      vertex 54.0571 37.8561 39.3
      vertex 51.7203 36.7164 39.3
      vertex 51.9126 36.3038 39.3
    endloop
  endfacet
  facet normal 0 0 1
    outer loop
      vertex 49.9892 39.382 39.3
      vertex 51.9809 41.0532 39.3
      vertex 51.6228 41.4652 39.3
    endloop
  endfacet
  facet normal 0 0 1
    outer loop
      vertex 53.8093 38.3425 39.3
      vertex 51.5136 37.1219 39.3
      vertex 51.7203 36.7164 39.3
    endloop
  endfacet
  facet normal 0 0 1
    outer loop
      vertex 53.5446 38.82 39.3
      vertex 51.293 37.52 39.3
      vertex 51.5136 37.1219 39.3
    endloop
  endfacet
  facet normal 0 0 1
    outer loop
      vertex 49.6906 39.7255 39.3
      vertex 51.6228 41.4652 39.3
      vertex 51.2505 41.8645 39.3
    endloop
  endfacet
  facet normal 0 0 1
    outer loop
      vertex 53.2635 39.2879 39.3
      vertex 51.0585 37.9101 39.3
      vertex 51.293 37.52 39.3
    endloop
  endfacet
  facet normal 0 0 1
    outer loop
      vertex 49.3802 40.0583 39.3
      vertex 51.2505 41.8645 39.3
      vertex 50.8645 42.2505 39.3
    endloop
  endfacet
  facet normal 0 0 1
    outer loop
      vertex 52.9661 39.7458 39.3
      vertex 50.8106 38.2919 39.3
      vertex 51.0585 37.9101 39.3
    endloop
  endfacet
  facet normal 0 0 1
    outer loop
      vertex 52.653 40.193 39.3
      vertex 50.5496 38.6647 39.3
      vertex 50.8106 38.2919 39.3
    endloop
  endfacet
  facet normal 0 0 1
    outer loop
      vertex 49.0583 40.3802 39.3
      vertex 50.8645 42.2505 39.3
      vertex 50.4652 42.6228 39.3
    endloop
  endfacet
  facet normal 0 0 1
    outer loop
      vertex 52.3245 40.6289 39.3
      vertex 50.2757 39.0282 39.3
      vertex 50.5496 38.6647 39.3
    endloop
  endfacet
  facet normal 0 0 1
    outer loop
      vertex 48.7255 40.6906 39.3
      vertex 50.4652 42.6228 39.3
      vertex 50.0532 42.9809 39.3
    endloop
  endfacet
  facet normal 0 0 1
    outer loop
      vertex 51.9809 41.0532 39.3
      vertex 49.9892 39.382 39.3
      vertex 50.2757 39.0282 39.3
    endloop
  endfacet
  facet normal 0 0 1
    outer loop
      vertex 51.6228 41.4652 39.3
      vertex 49.6906 39.7255 39.3
      vertex 49.9892 39.382 39.3
    endloop
  endfacet
  facet normal 0 0 1
    outer loop
      vertex 48.382 40.9892 39.3
      vertex 50.0532 42.9809 39.3
      vertex 49.6289 43.3245 39.3
    endloop
  endfacet
  facet normal 0 0 1
    outer loop
      vertex 51.2505 41.8645 39.3
      vertex 49.3802 40.0583 39.3
      vertex 49.6906 39.7255 39.3
    endloop
  endfacet
  facet normal 0 0 1
    outer loop
      vertex 48.382 40.9892 39.3
      vertex 49.6289 43.3245 39.3
      vertex 49.193 43.653 39.3
    endloop
  endfacet
  facet normal 0 0 1
    outer loop
      vertex 50.8645 42.2505 39.3
      vertex 49.0583 40.3802 39.3
      vertex 49.3802 40.0583 39.3
    endloop
  endfacet
  facet normal 0 0 1
    outer loop
      vertex 47.6129 41.5859 39.3
      vertex 49.193 43.653 39.3
      vertex 48.9176 43.8458 39.3
    endloop
  endfacet
  facet normal 0 0 1
    outer loop
      vertex 50.4652 42.6228 39.3
      vertex 48.7255 40.6906 39.3
      vertex 49.0583 40.3802 39.3
    endloop
  endfacet
  facet normal -0 0 1
    outer loop
      vertex 52.4018 26.9704 39.3
      vertex 54.8745 26.167 39.3
      vertex 52.5349 27.4057 39.3
    endloop
  endfacet
  facet normal 0 0 1
    outer loop
      vertex 54.8745 26.167 39.3
      vertex 52.4018 26.9704 39.3
      vertex 54.6968 25.6508 39.3
    endloop
  endfacet
  facet normal -0 0 1
    outer loop
      vertex 52.2536 26.5401 39.3
      vertex 54.6968 25.6508 39.3
      vertex 52.4018 26.9704 39.3
    endloop
  endfacet
  facet normal 0 0 1
    outer loop
      vertex 54.6968 25.6508 39.3
      vertex 52.2536 26.5401 39.3
      vertex 54.5012 25.1412 39.3
    endloop
  endfacet
  facet normal -0 0 1
    outer loop
      vertex 52.0905 26.1151 39.3
      vertex 54.5012 25.1412 39.3
      vertex 52.2536 26.5401 39.3
    endloop
  endfacet
  facet normal 0 0 1
    outer loop
      vertex 54.5012 25.1412 39.3
      vertex 52.0905 26.1151 39.3
      vertex 54.2878 24.6386 39.3
    endloop
  endfacet
  facet normal -0 0 1
    outer loop
      vertex 51.9126 25.6962 39.3
      vertex 54.2878 24.6386 39.3
      vertex 52.0905 26.1151 39.3
    endloop
  endfacet
  facet normal 0 0 1
    outer loop
      vertex 54.2878 24.6386 39.3
      vertex 51.9126 25.6962 39.3
      vertex 54.0571 24.1439 39.3
    endloop
  endfacet
  facet normal -0 0 1
    outer loop
      vertex 51.7203 25.2836 39.3
      vertex 54.0571 24.1439 39.3
      vertex 51.9126 25.6962 39.3
    endloop
  endfacet
  facet normal 0 0 1
    outer loop
      vertex 54.0571 24.1439 39.3
      vertex 51.7203 25.2836 39.3
      vertex 53.8093 23.6575 39.3
    endloop
  endfacet
  facet normal -0 0 1
    outer loop
      vertex 51.5136 24.8781 39.3
      vertex 53.8093 23.6575 39.3
      vertex 51.7203 25.2836 39.3
    endloop
  endfacet
  facet normal 0 0 1
    outer loop
      vertex 53.8093 23.6575 39.3
      vertex 51.5136 24.8781 39.3
      vertex 53.5446 23.18 39.3
    endloop
  endfacet
  facet normal -0 0 1
    outer loop
      vertex 51.293 24.48 39.3
      vertex 53.5446 23.18 39.3
      vertex 51.5136 24.8781 39.3
    endloop
  endfacet
  facet normal 0 0 1
    outer loop
      vertex 53.5446 23.18 39.3
      vertex 51.293 24.48 39.3
      vertex 53.2635 22.7121 39.3
    endloop
  endfacet
  facet normal -0 0 1
    outer loop
      vertex 51.0585 24.0899 39.3
      vertex 53.2635 22.7121 39.3
      vertex 51.293 24.48 39.3
    endloop
  endfacet
  facet normal 0 0 1
    outer loop
      vertex 53.2635 22.7121 39.3
      vertex 51.0585 24.0899 39.3
      vertex 52.9661 22.2542 39.3
    endloop
  endfacet
  facet normal -0 0 1
    outer loop
      vertex 50.8106 23.7081 39.3
      vertex 52.9661 22.2542 39.3
      vertex 51.0585 24.0899 39.3
    endloop
  endfacet
  facet normal 0 0 1
    outer loop
      vertex 52.9661 22.2542 39.3
      vertex 50.8106 23.7081 39.3
      vertex 52.653 21.807 39.3
    endloop
  endfacet
  facet normal -0 0 1
    outer loop
      vertex 50.5496 23.3353 39.3
      vertex 52.653 21.807 39.3
      vertex 50.8106 23.7081 39.3
    endloop
  endfacet
  facet normal 0 0 1
    outer loop
      vertex 52.653 21.807 39.3
      vertex 50.5496 23.3353 39.3
      vertex 52.3245 21.3711 39.3
    endloop
  endfacet
  facet normal -0 0 1
    outer loop
      vertex 50.2757 22.9718 39.3
      vertex 52.3245 21.3711 39.3
      vertex 50.5496 23.3353 39.3
    endloop
  endfacet
  facet normal 0 0 1
    outer loop
      vertex 52.3245 21.3711 39.3
      vertex 50.2757 22.9718 39.3
      vertex 51.9809 20.9468 39.3
    endloop
  endfacet
  facet normal -0 0 1
    outer loop
      vertex 49.9892 22.618 39.3
      vertex 51.9809 20.9468 39.3
      vertex 50.2757 22.9718 39.3
    endloop
  endfacet
  facet normal 0 0 1
    outer loop
      vertex 51.9809 20.9468 39.3
      vertex 49.9892 22.618 39.3
      vertex 51.6228 20.5348 39.3
    endloop
  endfacet
  facet normal -0 0 1
    outer loop
      vertex 49.6906 22.2745 39.3
      vertex 51.6228 20.5348 39.3
      vertex 49.9892 22.618 39.3
    endloop
  endfacet
  facet normal 0 0 1
    outer loop
      vertex 51.6228 20.5348 39.3
      vertex 49.6906 22.2745 39.3
      vertex 51.2505 20.1355 39.3
    endloop
  endfacet
  facet normal -0 0 1
    outer loop
      vertex 49.3802 21.9417 39.3
      vertex 51.2505 20.1355 39.3
      vertex 49.6906 22.2745 39.3
    endloop
  endfacet
  facet normal 0 0 1
    outer loop
      vertex 51.2505 20.1355 39.3
      vertex 49.3802 21.9417 39.3
      vertex 50.8645 19.7495 39.3
    endloop
  endfacet
  facet normal -0 0 1
    outer loop
      vertex 49.0583 21.6198 39.3
      vertex 50.8645 19.7495 39.3
      vertex 49.3802 21.9417 39.3
    endloop
  endfacet
  facet normal 0 0 1
    outer loop
      vertex 50.8645 19.7495 39.3
      vertex 49.0583 21.6198 39.3
      vertex 50.4652 19.3772 39.3
    endloop
  endfacet
  facet normal -0 0 1
    outer loop
      vertex 48.7255 21.3094 39.3
      vertex 50.4652 19.3772 39.3
      vertex 49.0583 21.6198 39.3
    endloop
  endfacet
  facet normal 0 0 1
    outer loop
      vertex 50.4652 19.3772 39.3
      vertex 48.7255 21.3094 39.3
      vertex 50.0532 19.0191 39.3
    endloop
  endfacet
  facet normal -0 0 1
    outer loop
      vertex 48.382 21.0108 39.3
      vertex 50.0532 19.0191 39.3
      vertex 48.7255 21.3094 39.3
    endloop
  endfacet
  facet normal 0 0 1
    outer loop
      vertex 50.0532 19.0191 39.3
      vertex 48.382 21.0108 39.3
      vertex 49.6289 18.6755 39.3
    endloop
  endfacet
  facet normal -0 0 1
    outer loop
      vertex 48.0282 20.7243 39.3
      vertex 49.6289 18.6755 39.3
      vertex 48.382 21.0108 39.3
    endloop
  endfacet
  facet normal 0 0 1
    outer loop
      vertex 48.9176 18.1542 39.3
      vertex 52.1881 11.4949 39.3
      vertex 52.6058 11.7661 39.3
    endloop
  endfacet
  facet normal 0 0 1
    outer loop
      vertex 52.1881 11.4949 39.3
      vertex 48.9176 18.1542 39.3
      vertex 51.5 11.0814 39.3
    endloop
  endfacet
  facet normal -0 0 1
    outer loop
      vertex 46.666 16.8542 39.3
      vertex 51.5 11.0814 39.3
      vertex 48.9176 18.1542 39.3
    endloop
  endfacet
  facet normal 0 0 1
    outer loop
      vertex 51.5 11.0814 39.3
      vertex 46.666 16.8542 39.3
      vertex 50.7978 10.6922 39.3
    endloop
  endfacet
  facet normal 0 0 1
    outer loop
      vertex 49.6289 18.6755 39.3
      vertex 48.0282 20.7243 39.3
      vertex 49.193 18.347 39.3
    endloop
  endfacet
  facet normal -0 0 1
    outer loop
      vertex 47.6647 20.4504 39.3
      vertex 49.193 18.347 39.3
      vertex 48.0282 20.7243 39.3
    endloop
  endfacet
  facet normal -0 0 1
    outer loop
      vertex 47.6129 20.4141 39.3
      vertex 49.193 18.347 39.3
      vertex 47.6647 20.4504 39.3
    endloop
  endfacet
  facet normal 0 0 1
    outer loop
      vertex 49.193 18.347 39.3
      vertex 47.6129 20.4141 39.3
      vertex 48.9176 18.1542 39.3
    endloop
  endfacet
  facet normal 0 0 1
    outer loop
      vertex 48.9176 18.1542 39.3
      vertex 47.6129 20.4141 39.3
      vertex 46.666 16.8542 39.3
    endloop
  endfacet
  facet normal 0 0 1
    outer loop
      vertex 50.7978 10.6922 39.3
      vertex 46.666 16.8542 39.3
      vertex 50.3541 10.4661 39.3
    endloop
  endfacet
  facet normal -0 0 1
    outer loop
      vertex 45.3612 19.1141 39.3
      vertex 46.666 16.8542 39.3
      vertex 47.6129 20.4141 39.3
    endloop
  endfacet
  facet normal 0 0 1
    outer loop
      vertex 46.666 16.8542 39.3
      vertex 45.3612 19.1141 39.3
      vertex 46.3614 16.7122 39.3
    endloop
  endfacet
  facet normal -0 0 1
    outer loop
      vertex 45.3038 19.0874 39.3
      vertex 46.3614 16.7122 39.3
      vertex 45.3612 19.1141 39.3
    endloop
  endfacet
  facet normal 0 0 1
    outer loop
      vertex 42.9641 28.466 39.3
      vertex 45.3612 19.1141 39.3
      vertex 47.6129 20.4141 39.3
    endloop
  endfacet
  facet normal 0 0 1
    outer loop
      vertex 40.7104 27.1696 39.3
      vertex 42.9641 28.466 39.3
      vertex 40.7104 34.8304 39.3
    endloop
  endfacet
  facet normal 0 0 1
    outer loop
      vertex 42.9641 28.466 39.3
      vertex 40.7104 27.1696 39.3
      vertex 45.3612 19.1141 39.3
    endloop
  endfacet
  facet normal 0 0 1
    outer loop
      vertex 40.1975 34.895 39.3
      vertex 40.7104 34.8304 39.3
      vertex 40.5906 34.855 39.3
    endloop
  endfacet
  facet normal 0 0 1
    outer loop
      vertex 40.7104 34.8304 39.3
      vertex 40.1975 34.895 39.3
      vertex 40.7104 27.1696 39.3
    endloop
  endfacet
  facet normal 0 0 1
    outer loop
      vertex 40.1975 27.105 39.3
      vertex 40.7104 27.1696 39.3
      vertex 40.1975 34.895 39.3
    endloop
  endfacet
  facet normal 0 0 1
    outer loop
      vertex 40.7104 27.1696 39.3
      vertex 40.1975 27.105 39.3
      vertex 40.5906 27.145 39.3
    endloop
  endfacet
  facet normal -0 0 1
    outer loop
      vertex 39.8025 34.895 39.3
      vertex 40.1975 27.105 39.3
      vertex 40.1975 34.895 39.3
    endloop
  endfacet
  facet normal 0 0 1
    outer loop
      vertex 39.8025 34.895 39.3
      vertex 39.8025 27.105 39.3
      vertex 40.1975 27.105 39.3
    endloop
  endfacet
  facet normal 0 0 1
    outer loop
      vertex 39.2896 34.8304 39.3
      vertex 39.8025 34.895 39.3
      vertex 39.4094 34.855 39.3
    endloop
  endfacet
  facet normal 0 0 1
    outer loop
      vertex 39.8025 34.895 39.3
      vertex 39.2896 34.8304 39.3
      vertex 39.8025 27.105 39.3
    endloop
  endfacet
  facet normal -0 0 1
    outer loop
      vertex 39.2896 27.1696 39.3
      vertex 39.8025 27.105 39.3
      vertex 39.2896 34.8304 39.3
    endloop
  endfacet
  facet normal 0 0 1
    outer loop
      vertex 39.8025 27.105 39.3
      vertex 39.2896 27.1696 39.3
      vertex 39.4094 27.145 39.3
    endloop
  endfacet
  facet normal 0 0 1
    outer loop
      vertex 39.2896 34.8304 39.3
      vertex 37.0359 33.534 39.3
      vertex 39.2896 27.1696 39.3
    endloop
  endfacet
  facet normal 0 0 1
    outer loop
      vertex 34.6388 42.8859 39.3
      vertex 37.0359 33.534 39.3
      vertex 39.2896 34.8304 39.3
    endloop
  endfacet
  facet normal 0 0 1
    outer loop
      vertex 34.6962 42.9126 39.3
      vertex 33.6386 45.2878 39.3
      vertex 34.6388 42.8859 39.3
    endloop
  endfacet
  facet normal -0 0 1
    outer loop
      vertex 33.334 45.1458 39.3
      vertex 34.6388 42.8859 39.3
      vertex 33.6386 45.2878 39.3
    endloop
  endfacet
  facet normal 0 0 1
    outer loop
      vertex 34.6388 42.8859 39.3
      vertex 33.334 45.1458 39.3
      vertex 32.3871 41.5859 39.3
    endloop
  endfacet
  facet normal 0 0 1
    outer loop
      vertex 34.6388 42.8859 39.3
      vertex 32.3871 41.5859 39.3
      vertex 37.0359 33.534 39.3
    endloop
  endfacet
  facet normal -0 0 1
    outer loop
      vertex 31.0824 43.8458 39.3
      vertex 32.3871 41.5859 39.3
      vertex 33.334 45.1458 39.3
    endloop
  endfacet
  facet normal -0 0 1
    outer loop
      vertex 30.807 43.653 39.3
      vertex 32.3871 41.5859 39.3
      vertex 31.0824 43.8458 39.3
    endloop
  endfacet
  facet normal 0 0 1
    outer loop
      vertex 32.3871 41.5859 39.3
      vertex 30.807 43.653 39.3
      vertex 32.3353 41.5496 39.3
    endloop
  endfacet
  facet normal 0 0 1
    outer loop
      vertex 32.3353 41.5496 39.3
      vertex 30.807 43.653 39.3
      vertex 31.9718 41.2757 39.3
    endloop
  endfacet
  facet normal -0 0 1
    outer loop
      vertex 30.3711 43.3245 39.3
      vertex 31.9718 41.2757 39.3
      vertex 30.807 43.653 39.3
    endloop
  endfacet
  facet normal -0 0 1
    outer loop
      vertex 29.2022 51.3078 39.3
      vertex 33.334 45.1458 39.3
      vertex 29.6459 51.5339 39.3
    endloop
  endfacet
  facet normal -0 0 1
    outer loop
      vertex 28.5 50.9186 39.3
      vertex 33.334 45.1458 39.3
      vertex 29.2022 51.3078 39.3
    endloop
  endfacet
  facet normal 0 0 1
    outer loop
      vertex 33.334 45.1458 39.3
      vertex 28.5 50.9186 39.3
      vertex 31.0824 43.8458 39.3
    endloop
  endfacet
  facet normal -0 0 1
    outer loop
      vertex 27.8119 50.5051 39.3
      vertex 31.0824 43.8458 39.3
      vertex 28.5 50.9186 39.3
    endloop
  endfacet
  facet normal 0 0 1
    outer loop
      vertex 31.0824 43.8458 39.3
      vertex 27.8119 50.5051 39.3
      vertex 27.3942 50.2339 39.3
    endloop
  endfacet
  facet normal 0 0 1
    outer loop
      vertex 29.5348 19.3772 39.3
      vertex 31.2745 21.3094 39.3
      vertex 30.9417 21.6198 39.3
    endloop
  endfacet
  facet normal 0 0 1
    outer loop
      vertex 31.2745 21.3094 39.3
      vertex 30.807 18.347 39.3
      vertex 31.0824 18.1542 39.3
    endloop
  endfacet
  facet normal 0 0 1
    outer loop
      vertex 29.1355 19.7495 39.3
      vertex 30.9417 21.6198 39.3
      vertex 30.6198 21.9417 39.3
    endloop
  endfacet
  facet normal 0 0 1
    outer loop
      vertex 31.2745 21.3094 39.3
      vertex 30.3711 18.6755 39.3
      vertex 30.807 18.347 39.3
    endloop
  endfacet
  facet normal 0 0 1
    outer loop
      vertex 28.7495 20.1355 39.3
      vertex 30.6198 21.9417 39.3
      vertex 30.3094 22.2745 39.3
    endloop
  endfacet
  facet normal 0 0 1
    outer loop
      vertex 28.3772 20.5348 39.3
      vertex 30.3094 22.2745 39.3
      vertex 30.0108 22.618 39.3
    endloop
  endfacet
  facet normal 0 0 1
    outer loop
      vertex 31.2745 21.3094 39.3
      vertex 29.9468 19.0191 39.3
      vertex 30.3711 18.6755 39.3
    endloop
  endfacet
  facet normal 0 0 1
    outer loop
      vertex 28.0191 20.9468 39.3
      vertex 30.0108 22.618 39.3
      vertex 29.7243 22.9718 39.3
    endloop
  endfacet
  facet normal 0 0 1
    outer loop
      vertex 31.2745 21.3094 39.3
      vertex 29.5348 19.3772 39.3
      vertex 29.9468 19.0191 39.3
    endloop
  endfacet
  facet normal 0 0 1
    outer loop
      vertex 27.6755 21.3711 39.3
      vertex 29.7243 22.9718 39.3
      vertex 29.4504 23.3353 39.3
    endloop
  endfacet
  facet normal 0 0 1
    outer loop
      vertex 27.347 21.807 39.3
      vertex 29.4504 23.3353 39.3
      vertex 29.1894 23.7081 39.3
    endloop
  endfacet
  facet normal 0 0 1
    outer loop
      vertex 30.9417 21.6198 39.3
      vertex 29.1355 19.7495 39.3
      vertex 29.5348 19.3772 39.3
    endloop
  endfacet
  facet normal 0 0 1
    outer loop
      vertex 27.0339 22.2542 39.3
      vertex 29.1894 23.7081 39.3
      vertex 28.9415 24.0899 39.3
    endloop
  endfacet
  facet normal 0 0 1
    outer loop
      vertex 30.6198 21.9417 39.3
      vertex 28.7495 20.1355 39.3
      vertex 29.1355 19.7495 39.3
    endloop
  endfacet
  facet normal 0 0 1
    outer loop
      vertex 26.7365 22.7121 39.3
      vertex 28.9415 24.0899 39.3
      vertex 28.707 24.48 39.3
    endloop
  endfacet
  facet normal 0 0 1
    outer loop
      vertex 26.4554 23.18 39.3
      vertex 28.707 24.48 39.3
      vertex 28.4864 24.8781 39.3
    endloop
  endfacet
  facet normal 0 0 1
    outer loop
      vertex 30.3094 22.2745 39.3
      vertex 28.3772 20.5348 39.3
      vertex 28.7495 20.1355 39.3
    endloop
  endfacet
  facet normal 0 0 1
    outer loop
      vertex 26.1907 23.6575 39.3
      vertex 28.4864 24.8781 39.3
      vertex 28.2797 25.2836 39.3
    endloop
  endfacet
  facet normal 0 0 1
    outer loop
      vertex 25.9429 24.1439 39.3
      vertex 28.2797 25.2836 39.3
      vertex 28.0874 25.6962 39.3
    endloop
  endfacet
  facet normal 0 0 1
    outer loop
      vertex 30.0108 22.618 39.3
      vertex 28.0191 20.9468 39.3
      vertex 28.3772 20.5348 39.3
    endloop
  endfacet
  facet normal 0 0 1
    outer loop
      vertex 25.7122 24.6386 39.3
      vertex 28.0874 25.6962 39.3
      vertex 27.9095 26.1151 39.3
    endloop
  endfacet
  facet normal 0 0 1
    outer loop
      vertex 25.4988 25.1412 39.3
      vertex 27.9095 26.1151 39.3
      vertex 27.7464 26.5401 39.3
    endloop
  endfacet
  facet normal 0 0 1
    outer loop
      vertex 29.7243 22.9718 39.3
      vertex 27.6755 21.3711 39.3
      vertex 28.0191 20.9468 39.3
    endloop
  endfacet
  facet normal 0 0 1
    outer loop
      vertex 25.3032 25.6508 39.3
      vertex 27.7464 26.5401 39.3
      vertex 27.5982 26.9704 39.3
    endloop
  endfacet
  facet normal 0 0 1
    outer loop
      vertex 25.1255 26.167 39.3
      vertex 27.5982 26.9704 39.3
      vertex 27.4651 27.4057 39.3
    endloop
  endfacet
  facet normal 0 0 1
    outer loop
      vertex 24.9659 26.689 39.3
      vertex 27.4651 27.4057 39.3
      vertex 27.3473 27.8453 39.3
    endloop
  endfacet
  facet normal 0 0 1
    outer loop
      vertex 29.4504 23.3353 39.3
      vertex 27.347 21.807 39.3
      vertex 27.6755 21.3711 39.3
    endloop
  endfacet
  facet normal 0 0 1
    outer loop
      vertex 24.8246 27.2163 39.3
      vertex 27.3473 27.8453 39.3
      vertex 27.245 28.2888 39.3
    endloop
  endfacet
  facet normal 0 0 1
    outer loop
      vertex 24.7018 27.7483 39.3
      vertex 27.245 28.2888 39.3
      vertex 27.1581 28.7356 39.3
    endloop
  endfacet
  facet normal 0 0 1
    outer loop
      vertex 24.5976 28.2841 39.3
      vertex 27.1581 28.7356 39.3
      vertex 27.0869 29.1852 39.3
    endloop
  endfacet
  facet normal 0 0 1
    outer loop
      vertex 29.1894 23.7081 39.3
      vertex 27.0339 22.2542 39.3
      vertex 27.347 21.807 39.3
    endloop
  endfacet
  facet normal 0 0 1
    outer loop
      vertex 24.5122 28.8233 39.3
      vertex 27.0869 29.1852 39.3
      vertex 27.0314 29.6369 39.3
    endloop
  endfacet
  facet normal 0 0 1
    outer loop
      vertex 24.4457 29.3652 39.3
      vertex 27.0314 29.6369 39.3
      vertex 27.0259 29.7 39.3
    endloop
  endfacet
  facet normal -0 0 1
    outer loop
      vertex 24.9659 35.311 39.3
      vertex 27.4651 34.5943 39.3
      vertex 25.1255 35.833 39.3
    endloop
  endfacet
  facet normal 0 0 1
    outer loop
      vertex 28.9415 24.0899 39.3
      vertex 26.7365 22.7121 39.3
      vertex 27.0339 22.2542 39.3
    endloop
  endfacet
  facet normal 0 0 1
    outer loop
      vertex 27.4651 34.5943 39.3
      vertex 24.9659 35.311 39.3
      vertex 27.3473 34.1547 39.3
    endloop
  endfacet
  facet normal 0 0 1
    outer loop
      vertex 28.707 24.48 39.3
      vertex 26.4554 23.18 39.3
      vertex 26.7365 22.7121 39.3
    endloop
  endfacet
  facet normal -0 0 1
    outer loop
      vertex 24.8246 34.7837 39.3
      vertex 27.3473 34.1547 39.3
      vertex 24.9659 35.311 39.3
    endloop
  endfacet
  facet normal 0 0 1
    outer loop
      vertex 28.4864 24.8781 39.3
      vertex 26.1907 23.6575 39.3
      vertex 26.4554 23.18 39.3
    endloop
  endfacet
  facet normal 0 0 1
    outer loop
      vertex 27.3473 34.1547 39.3
      vertex 24.8246 34.7837 39.3
      vertex 27.245 33.7112 39.3
    endloop
  endfacet
  facet normal 0 0 1
    outer loop
      vertex 28.2797 25.2836 39.3
      vertex 25.9429 24.1439 39.3
      vertex 26.1907 23.6575 39.3
    endloop
  endfacet
  facet normal -0 0 1
    outer loop
      vertex 24.7018 34.2517 39.3
      vertex 27.245 33.7112 39.3
      vertex 24.8246 34.7837 39.3
    endloop
  endfacet
  facet normal 0 0 1
    outer loop
      vertex 28.0874 25.6962 39.3
      vertex 25.7122 24.6386 39.3
      vertex 25.9429 24.1439 39.3
    endloop
  endfacet
  facet normal 0 0 1
    outer loop
      vertex 27.245 33.7112 39.3
      vertex 24.7018 34.2517 39.3
      vertex 27.1581 33.2644 39.3
    endloop
  endfacet
  facet normal 0 0 1
    outer loop
      vertex 27.9095 26.1151 39.3
      vertex 25.4988 25.1412 39.3
      vertex 25.7122 24.6386 39.3
    endloop
  endfacet
  facet normal -0 0 1
    outer loop
      vertex 24.5976 33.7159 39.3
      vertex 27.1581 33.2644 39.3
      vertex 24.7018 34.2517 39.3
    endloop
  endfacet
  facet normal 0 0 1
    outer loop
      vertex 27.7464 26.5401 39.3
      vertex 25.3032 25.6508 39.3
      vertex 25.4988 25.1412 39.3
    endloop
  endfacet
  facet normal 0 0 1
    outer loop
      vertex 27.1581 33.2644 39.3
      vertex 24.5976 33.7159 39.3
      vertex 27.0869 32.8148 39.3
    endloop
  endfacet
  facet normal 0 0 1
    outer loop
      vertex 27.5982 26.9704 39.3
      vertex 25.1255 26.167 39.3
      vertex 25.3032 25.6508 39.3
    endloop
  endfacet
  facet normal -0 0 1
    outer loop
      vertex 24.5122 33.1767 39.3
      vertex 27.0869 32.8148 39.3
      vertex 24.5976 33.7159 39.3
    endloop
  endfacet
  facet normal 0 0 1
    outer loop
      vertex 27.4651 27.4057 39.3
      vertex 24.9659 26.689 39.3
      vertex 25.1255 26.167 39.3
    endloop
  endfacet
  facet normal 0 0 1
    outer loop
      vertex 27.0869 32.8148 39.3
      vertex 24.5122 33.1767 39.3
      vertex 27.0314 32.3631 39.3
    endloop
  endfacet
  facet normal 0 0 1
    outer loop
      vertex 27.3473 27.8453 39.3
      vertex 24.8246 27.2163 39.3
      vertex 24.9659 26.689 39.3
    endloop
  endfacet
  facet normal -0 0 1
    outer loop
      vertex 24.4457 32.6348 39.3
      vertex 27.0314 32.3631 39.3
      vertex 24.5122 33.1767 39.3
    endloop
  endfacet
  facet normal 0 0 1
    outer loop
      vertex 27.245 28.2888 39.3
      vertex 24.7018 27.7483 39.3
      vertex 24.8246 27.2163 39.3
    endloop
  endfacet
  facet normal 0 0 1
    outer loop
      vertex 27.0314 32.3631 39.3
      vertex 24.4457 32.6348 39.3
      vertex 27.0259 32.3 39.3
    endloop
  endfacet
  facet normal 0 0 1
    outer loop
      vertex 27.1581 28.7356 39.3
      vertex 24.5976 28.2841 39.3
      vertex 24.7018 27.7483 39.3
    endloop
  endfacet
  facet normal 0 0 1
    outer loop
      vertex 24.4164 32.3 39.3
      vertex 27.0259 32.3 39.3
      vertex 24.4457 32.6348 39.3
    endloop
  endfacet
  facet normal 0 0 1
    outer loop
      vertex 27.0869 29.1852 39.3
      vertex 24.5122 28.8233 39.3
      vertex 24.5976 28.2841 39.3
    endloop
  endfacet
  facet normal 0 0 1
    outer loop
      vertex 27.0259 32.3 39.3
      vertex 24.4164 32.3 39.3
      vertex 27.0259 29.7 39.3
    endloop
  endfacet
  facet normal 0 0 1
    outer loop
      vertex 27.0314 29.6369 39.3
      vertex 24.4457 29.3652 39.3
      vertex 24.5122 28.8233 39.3
    endloop
  endfacet
  facet normal 0 0 1
    outer loop
      vertex 24.4164 29.7 39.3
      vertex 27.0259 29.7 39.3
      vertex 24.4164 32.3 39.3
    endloop
  endfacet
  facet normal 0 0 1
    outer loop
      vertex 27.0259 29.7 39.3
      vertex 24.4164 29.7 39.3
      vertex 24.4457 29.3652 39.3
    endloop
  endfacet
  facet normal 0 0 1
    outer loop
      vertex 17.014 31.8027 39.3
      vertex 24.4164 32.3 39.3
      vertex 17.0401 32.3 39.3
    endloop
  endfacet
  facet normal 0 0 1
    outer loop
      vertex 17 31 39.3
      vertex 24.4164 32.3 39.3
      vertex 17.014 31.8027 39.3
    endloop
  endfacet
  facet normal 0 0 1
    outer loop
      vertex 24.4164 32.3 39.3
      vertex 17 31 39.3
      vertex 24.4164 29.7 39.3
    endloop
  endfacet
  facet normal 0 0 1
    outer loop
      vertex 24.4164 29.7 39.3
      vertex 17.014 30.1973 39.3
      vertex 17.0401 29.7 39.3
    endloop
  endfacet
  facet normal 0 0 1
    outer loop
      vertex 24.4164 29.7 39.3
      vertex 17 31 39.3
      vertex 17.014 30.1973 39.3
    endloop
  endfacet
  facet normal 0 0 1
    outer loop
      vertex 31.9718 41.2757 39.3
      vertex 30.3711 43.3245 39.3
      vertex 31.618 40.9892 39.3
    endloop
  endfacet
  facet normal -0 0 1
    outer loop
      vertex 29.9468 42.9809 39.3
      vertex 31.618 40.9892 39.3
      vertex 30.3711 43.3245 39.3
    endloop
  endfacet
  facet normal 0 0 1
    outer loop
      vertex 31.618 40.9892 39.3
      vertex 29.9468 42.9809 39.3
      vertex 31.2745 40.6906 39.3
    endloop
  endfacet
  facet normal -0 0 1
    outer loop
      vertex 29.5348 42.6228 39.3
      vertex 31.2745 40.6906 39.3
      vertex 29.9468 42.9809 39.3
    endloop
  endfacet
  facet normal 0 0 1
    outer loop
      vertex 31.2745 40.6906 39.3
      vertex 29.5348 42.6228 39.3
      vertex 30.9417 40.3802 39.3
    endloop
  endfacet
  facet normal -0 0 1
    outer loop
      vertex 29.1355 42.2505 39.3
      vertex 30.9417 40.3802 39.3
      vertex 29.5348 42.6228 39.3
    endloop
  endfacet
  facet normal 0 0 1
    outer loop
      vertex 30.9417 40.3802 39.3
      vertex 29.1355 42.2505 39.3
      vertex 30.6198 40.0583 39.3
    endloop
  endfacet
  facet normal -0 0 1
    outer loop
      vertex 28.7495 41.8645 39.3
      vertex 30.6198 40.0583 39.3
      vertex 29.1355 42.2505 39.3
    endloop
  endfacet
  facet normal 0 0 1
    outer loop
      vertex 30.6198 40.0583 39.3
      vertex 28.7495 41.8645 39.3
      vertex 30.3094 39.7255 39.3
    endloop
  endfacet
  facet normal -0 0 1
    outer loop
      vertex 28.3772 41.4652 39.3
      vertex 30.3094 39.7255 39.3
      vertex 28.7495 41.8645 39.3
    endloop
  endfacet
  facet normal 0 0 1
    outer loop
      vertex 30.3094 39.7255 39.3
      vertex 28.3772 41.4652 39.3
      vertex 30.0108 39.382 39.3
    endloop
  endfacet
  facet normal -0 0 1
    outer loop
      vertex 28.0191 41.0532 39.3
      vertex 30.0108 39.382 39.3
      vertex 28.3772 41.4652 39.3
    endloop
  endfacet
  facet normal 0 0 1
    outer loop
      vertex 30.0108 39.382 39.3
      vertex 28.0191 41.0532 39.3
      vertex 29.7243 39.0282 39.3
    endloop
  endfacet
  facet normal -0 0 1
    outer loop
      vertex 27.6755 40.6289 39.3
      vertex 29.7243 39.0282 39.3
      vertex 28.0191 41.0532 39.3
    endloop
  endfacet
  facet normal 0 0 1
    outer loop
      vertex 29.7243 39.0282 39.3
      vertex 27.6755 40.6289 39.3
      vertex 29.4504 38.6647 39.3
    endloop
  endfacet
  facet normal -0 0 1
    outer loop
      vertex 27.347 40.193 39.3
      vertex 29.4504 38.6647 39.3
      vertex 27.6755 40.6289 39.3
    endloop
  endfacet
  facet normal 0 0 1
    outer loop
      vertex 29.4504 38.6647 39.3
      vertex 27.347 40.193 39.3
      vertex 29.1894 38.2919 39.3
    endloop
  endfacet
  facet normal -0 0 1
    outer loop
      vertex 27.0339 39.7458 39.3
      vertex 29.1894 38.2919 39.3
      vertex 27.347 40.193 39.3
    endloop
  endfacet
  facet normal 0 0 1
    outer loop
      vertex 29.1894 38.2919 39.3
      vertex 27.0339 39.7458 39.3
      vertex 28.9415 37.9101 39.3
    endloop
  endfacet
  facet normal -0 0 1
    outer loop
      vertex 26.7365 39.2879 39.3
      vertex 28.9415 37.9101 39.3
      vertex 27.0339 39.7458 39.3
    endloop
  endfacet
  facet normal 0 0 1
    outer loop
      vertex 28.9415 37.9101 39.3
      vertex 26.7365 39.2879 39.3
      vertex 28.707 37.52 39.3
    endloop
  endfacet
  facet normal -0 0 1
    outer loop
      vertex 26.4554 38.82 39.3
      vertex 28.707 37.52 39.3
      vertex 26.7365 39.2879 39.3
    endloop
  endfacet
  facet normal 0 0 1
    outer loop
      vertex 28.707 37.52 39.3
      vertex 26.4554 38.82 39.3
      vertex 28.4864 37.1219 39.3
    endloop
  endfacet
  facet normal -0 0 1
    outer loop
      vertex 26.1907 38.3425 39.3
      vertex 28.4864 37.1219 39.3
      vertex 26.4554 38.82 39.3
    endloop
  endfacet
  facet normal 0 0 1
    outer loop
      vertex 28.4864 37.1219 39.3
      vertex 26.1907 38.3425 39.3
      vertex 28.2797 36.7164 39.3
    endloop
  endfacet
  facet normal -0 0 1
    outer loop
      vertex 25.9429 37.8561 39.3
      vertex 28.2797 36.7164 39.3
      vertex 26.1907 38.3425 39.3
    endloop
  endfacet
  facet normal 0 0 1
    outer loop
      vertex 28.2797 36.7164 39.3
      vertex 25.9429 37.8561 39.3
      vertex 28.0874 36.3038 39.3
    endloop
  endfacet
  facet normal -0 0 1
    outer loop
      vertex 25.7122 37.3614 39.3
      vertex 28.0874 36.3038 39.3
      vertex 25.9429 37.8561 39.3
    endloop
  endfacet
  facet normal 0 0 1
    outer loop
      vertex 28.0874 36.3038 39.3
      vertex 25.7122 37.3614 39.3
      vertex 27.9095 35.8849 39.3
    endloop
  endfacet
  facet normal -0 0 1
    outer loop
      vertex 25.4988 36.8588 39.3
      vertex 27.9095 35.8849 39.3
      vertex 25.7122 37.3614 39.3
    endloop
  endfacet
  facet normal 0 0 1
    outer loop
      vertex 27.9095 35.8849 39.3
      vertex 25.4988 36.8588 39.3
      vertex 27.7464 35.4599 39.3
    endloop
  endfacet
  facet normal -0 0 1
    outer loop
      vertex 25.3032 36.3492 39.3
      vertex 27.7464 35.4599 39.3
      vertex 25.4988 36.8588 39.3
    endloop
  endfacet
  facet normal 0 0 1
    outer loop
      vertex 27.7464 35.4599 39.3
      vertex 25.3032 36.3492 39.3
      vertex 27.5982 35.0296 39.3
    endloop
  endfacet
  facet normal 0 0 1
    outer loop
      vertex 27.5982 35.0296 39.3
      vertex 25.1255 35.833 39.3
      vertex 27.4651 34.5943 39.3
    endloop
  endfacet
  facet normal -0 0 1
    outer loop
      vertex 25.1255 35.833 39.3
      vertex 27.5982 35.0296 39.3
      vertex 25.3032 36.3492 39.3
    endloop
  endfacet
  facet normal -0 0 1
    outer loop
      vertex 36.799 33.2279 39.3
      vertex 37.0359 28.466 39.3
      vertex 37.0359 33.534 39.3
    endloop
  endfacet
  facet normal 0 0 1
    outer loop
      vertex 36.799 33.2279 39.3
      vertex 36.799 28.7721 39.3
      vertex 37.0359 28.466 39.3
    endloop
  endfacet
  facet normal -0 0 1
    outer loop
      vertex 36.59 32.8927 39.3
      vertex 36.799 28.7721 39.3
      vertex 36.799 33.2279 39.3
    endloop
  endfacet
  facet normal 0 0 1
    outer loop
      vertex 36.59 32.8927 39.3
      vertex 36.59 29.1073 39.3
      vertex 36.799 28.7721 39.3
    endloop
  endfacet
  facet normal 0 0 1
    outer loop
      vertex 36.3279 32.3 39.3
      vertex 36.59 32.8927 39.3
      vertex 36.4161 32.538 39.3
    endloop
  endfacet
  facet normal 0 0 1
    outer loop
      vertex 36.59 32.8927 39.3
      vertex 36.3279 32.3 39.3
      vertex 36.59 29.1073 39.3
    endloop
  endfacet
  facet normal -0 0 1
    outer loop
      vertex 36.3279 29.7 39.3
      vertex 36.59 29.1073 39.3
      vertex 36.3279 32.3 39.3
    endloop
  endfacet
  facet normal 0 0 1
    outer loop
      vertex 36.59 29.1073 39.3
      vertex 36.3279 29.7 39.3
      vertex 36.4161 29.462 39.3
    endloop
  endfacet
  facet normal -0 0 1
    outer loop
      vertex 27.0259 32.3 39.3
      vertex 36.3279 29.7 39.3
      vertex 36.3279 32.3 39.3
    endloop
  endfacet
  facet normal 0 0 1
    outer loop
      vertex 36.3279 29.7 39.3
      vertex 27.0259 32.3 39.3
      vertex 27.0259 29.7 39.3
    endloop
  endfacet
  facet normal -0 0 1
    outer loop
      vertex 37.0359 28.466 39.3
      vertex 39.2896 27.1696 39.3
      vertex 37.0359 33.534 39.3
    endloop
  endfacet
  facet normal 0 0 1
    outer loop
      vertex 37.0359 28.466 39.3
      vertex 34.6388 19.1141 39.3
      vertex 39.2896 27.1696 39.3
    endloop
  endfacet
  facet normal 0 0 1
    outer loop
      vertex 34.6962 19.0874 39.3
      vertex 33.6386 16.7122 39.3
      vertex 34.1412 16.4988 39.3
    endloop
  endfacet
  facet normal -0 0 1
    outer loop
      vertex 32.3871 20.4141 39.3
      vertex 34.6388 19.1141 39.3
      vertex 37.0359 28.466 39.3
    endloop
  endfacet
  facet normal 0 -0 1
    outer loop
      vertex 33.334 16.8542 39.3
      vertex 34.6388 19.1141 39.3
      vertex 32.3871 20.4141 39.3
    endloop
  endfacet
  facet normal 0 0 1
    outer loop
      vertex 34.6388 19.1141 39.3
      vertex 33.334 16.8542 39.3
      vertex 33.6386 16.7122 39.3
    endloop
  endfacet
  facet normal 0 0 1
    outer loop
      vertex 31.0824 18.1542 39.3
      vertex 32.3871 20.4141 39.3
      vertex 32.3353 20.4504 39.3
    endloop
  endfacet
  facet normal 0 0 1
    outer loop
      vertex 31.0824 18.1542 39.3
      vertex 32.3353 20.4504 39.3
      vertex 31.9718 20.7243 39.3
    endloop
  endfacet
  facet normal 0 0 1
    outer loop
      vertex 31.0824 18.1542 39.3
      vertex 31.9718 20.7243 39.3
      vertex 31.618 21.0108 39.3
    endloop
  endfacet
  facet normal 0 0 1
    outer loop
      vertex 31.0824 18.1542 39.3
      vertex 31.618 21.0108 39.3
      vertex 31.2745 21.3094 39.3
    endloop
  endfacet
  facet normal 0 0 1
    outer loop
      vertex 32.3871 20.4141 39.3
      vertex 31.0824 18.1542 39.3
      vertex 33.334 16.8542 39.3
    endloop
  endfacet
  facet normal 0 0 1
    outer loop
      vertex 28.5 11.0814 39.3
      vertex 33.334 16.8542 39.3
      vertex 31.0824 18.1542 39.3
    endloop
  endfacet
  facet normal 0 0 1
    outer loop
      vertex 33.334 16.8542 39.3
      vertex 29.2022 10.6922 39.3
      vertex 29.6459 10.4661 39.3
    endloop
  endfacet
  facet normal 0 0 1
    outer loop
      vertex 33.334 16.8542 39.3
      vertex 28.5 11.0814 39.3
      vertex 29.2022 10.6922 39.3
    endloop
  endfacet
  facet normal 0 0 1
    outer loop
      vertex 31.0824 18.1542 39.3
      vertex 27.8119 11.4949 39.3
      vertex 28.5 11.0814 39.3
    endloop
  endfacet
  facet normal 0 -0 1
    outer loop
      vertex 27.8119 11.4949 39.3
      vertex 31.0824 18.1542 39.3
      vertex 27.3942 11.7661 39.3
    endloop
  endfacet
  facet normal 0 0 1
    outer loop
      vertex 44.8849 43.0905 39.3
      vertex 45.8588 45.5012 39.3
      vertex 45.3492 45.6968 39.3
    endloop
  endfacet
  facet normal 0 0 1
    outer loop
      vertex 46.3614 45.2878 39.3
      vertex 45.3038 42.9126 39.3
      vertex 45.3612 42.8859 39.3
    endloop
  endfacet
  facet normal 0 0 1
    outer loop
      vertex 45.8588 45.5012 39.3
      vertex 44.8849 43.0905 39.3
      vertex 45.3038 42.9126 39.3
    endloop
  endfacet
  facet normal 0 0 1
    outer loop
      vertex 44.4599 43.2536 39.3
      vertex 45.3492 45.6968 39.3
      vertex 44.833 45.8745 39.3
    endloop
  endfacet
  facet normal 0 0 1
    outer loop
      vertex 45.3492 45.6968 39.3
      vertex 44.4599 43.2536 39.3
      vertex 44.8849 43.0905 39.3
    endloop
  endfacet
  facet normal 0 0 1
    outer loop
      vertex 44.0296 43.4018 39.3
      vertex 44.833 45.8745 39.3
      vertex 44.311 46.0341 39.3
    endloop
  endfacet
  facet normal 0 0 1
    outer loop
      vertex 44.833 45.8745 39.3
      vertex 44.0296 43.4018 39.3
      vertex 44.4599 43.2536 39.3
    endloop
  endfacet
  facet normal 0 0 1
    outer loop
      vertex 43.5943 43.5349 39.3
      vertex 44.311 46.0341 39.3
      vertex 43.7837 46.1754 39.3
    endloop
  endfacet
  facet normal 0 0 1
    outer loop
      vertex 44.311 46.0341 39.3
      vertex 43.5943 43.5349 39.3
      vertex 44.0296 43.4018 39.3
    endloop
  endfacet
  facet normal 0 0 1
    outer loop
      vertex 43.1547 43.6527 39.3
      vertex 43.7837 46.1754 39.3
      vertex 43.2517 46.2982 39.3
    endloop
  endfacet
  facet normal 0 0 1
    outer loop
      vertex 43.7837 46.1754 39.3
      vertex 43.1547 43.6527 39.3
      vertex 43.5943 43.5349 39.3
    endloop
  endfacet
  facet normal 0 0 1
    outer loop
      vertex 42.7112 43.755 39.3
      vertex 43.2517 46.2982 39.3
      vertex 42.7159 46.4024 39.3
    endloop
  endfacet
  facet normal 0 0 1
    outer loop
      vertex 43.2517 46.2982 39.3
      vertex 42.7112 43.755 39.3
      vertex 43.1547 43.6527 39.3
    endloop
  endfacet
  facet normal 0 0 1
    outer loop
      vertex 42.7159 46.4024 39.3
      vertex 42.2644 43.8419 39.3
      vertex 42.7112 43.755 39.3
    endloop
  endfacet
  facet normal 0 0 1
    outer loop
      vertex 42.1767 46.4878 39.3
      vertex 42.2644 43.8419 39.3
      vertex 42.7159 46.4024 39.3
    endloop
  endfacet
  facet normal 0 0 1
    outer loop
      vertex 42.1767 46.4878 39.3
      vertex 41.8148 43.9131 39.3
      vertex 42.2644 43.8419 39.3
    endloop
  endfacet
  facet normal 0 0 1
    outer loop
      vertex 41.6348 46.5543 39.3
      vertex 41.8148 43.9131 39.3
      vertex 42.1767 46.4878 39.3
    endloop
  endfacet
  facet normal 0 0 1
    outer loop
      vertex 41.6348 46.5543 39.3
      vertex 41.3631 43.9686 39.3
      vertex 41.8148 43.9131 39.3
    endloop
  endfacet
  facet normal 0 0 1
    outer loop
      vertex 41.091 46.6019 39.3
      vertex 41.3631 43.9686 39.3
      vertex 41.6348 46.5543 39.3
    endloop
  endfacet
  facet normal 0 0 1
    outer loop
      vertex 41.091 46.6019 39.3
      vertex 40.9096 44.0082 39.3
      vertex 41.3631 43.9686 39.3
    endloop
  endfacet
  facet normal 0 0 1
    outer loop
      vertex 40.5458 46.6305 39.3
      vertex 40.9096 44.0082 39.3
      vertex 41.091 46.6019 39.3
    endloop
  endfacet
  facet normal 0 0 1
    outer loop
      vertex 40.5458 46.6305 39.3
      vertex 40.4551 44.0321 39.3
      vertex 40.9096 44.0082 39.3
    endloop
  endfacet
  facet normal 0 0 1
    outer loop
      vertex 40 46.64 39.3
      vertex 40.4551 44.0321 39.3
      vertex 40.5458 46.6305 39.3
    endloop
  endfacet
  facet normal 0 0 1
    outer loop
      vertex 40 46.64 39.3
      vertex 40 44.04 39.3
      vertex 40.4551 44.0321 39.3
    endloop
  endfacet
  facet normal 0 0 1
    outer loop
      vertex 40 46.64 39.3
      vertex 39.5449 44.0321 39.3
      vertex 40 44.04 39.3
    endloop
  endfacet
  facet normal -0 0 1
    outer loop
      vertex 39.4542 46.6305 39.3
      vertex 39.5449 44.0321 39.3
      vertex 40 46.64 39.3
    endloop
  endfacet
  facet normal 0 0 1
    outer loop
      vertex 39.4542 46.6305 39.3
      vertex 39.0904 44.0082 39.3
      vertex 39.5449 44.0321 39.3
    endloop
  endfacet
  facet normal -0 0 1
    outer loop
      vertex 38.909 46.6019 39.3
      vertex 39.0904 44.0082 39.3
      vertex 39.4542 46.6305 39.3
    endloop
  endfacet
  facet normal 0 0 1
    outer loop
      vertex 38.909 46.6019 39.3
      vertex 38.6369 43.9686 39.3
      vertex 39.0904 44.0082 39.3
    endloop
  endfacet
  facet normal -0 0 1
    outer loop
      vertex 38.3652 46.5543 39.3
      vertex 38.6369 43.9686 39.3
      vertex 38.909 46.6019 39.3
    endloop
  endfacet
  facet normal 0 0 1
    outer loop
      vertex 38.3652 46.5543 39.3
      vertex 38.1852 43.9131 39.3
      vertex 38.6369 43.9686 39.3
    endloop
  endfacet
  facet normal -0 0 1
    outer loop
      vertex 37.8233 46.4878 39.3
      vertex 38.1852 43.9131 39.3
      vertex 38.3652 46.5543 39.3
    endloop
  endfacet
  facet normal 0 0 1
    outer loop
      vertex 37.8233 46.4878 39.3
      vertex 37.7356 43.8419 39.3
      vertex 38.1852 43.9131 39.3
    endloop
  endfacet
  facet normal -0 0 1
    outer loop
      vertex 37.2841 46.4024 39.3
      vertex 37.7356 43.8419 39.3
      vertex 37.8233 46.4878 39.3
    endloop
  endfacet
  facet normal 0 0 1
    outer loop
      vertex 37.7356 43.8419 39.3
      vertex 37.2841 46.4024 39.3
      vertex 37.2888 43.755 39.3
    endloop
  endfacet
  facet normal -0 0 1
    outer loop
      vertex 36.7483 46.2982 39.3
      vertex 37.2888 43.755 39.3
      vertex 37.2841 46.4024 39.3
    endloop
  endfacet
  facet normal 0 0 1
    outer loop
      vertex 37.2888 43.755 39.3
      vertex 36.7483 46.2982 39.3
      vertex 36.8453 43.6527 39.3
    endloop
  endfacet
  facet normal -0 0 1
    outer loop
      vertex 36.2163 46.1754 39.3
      vertex 36.8453 43.6527 39.3
      vertex 36.7483 46.2982 39.3
    endloop
  endfacet
  facet normal 0 0 1
    outer loop
      vertex 36.8453 43.6527 39.3
      vertex 36.2163 46.1754 39.3
      vertex 36.4057 43.5349 39.3
    endloop
  endfacet
  facet normal -0 0 1
    outer loop
      vertex 35.689 46.0341 39.3
      vertex 36.4057 43.5349 39.3
      vertex 36.2163 46.1754 39.3
    endloop
  endfacet
  facet normal 0 0 1
    outer loop
      vertex 36.4057 43.5349 39.3
      vertex 35.689 46.0341 39.3
      vertex 35.9704 43.4018 39.3
    endloop
  endfacet
  facet normal -0 0 1
    outer loop
      vertex 35.167 45.8745 39.3
      vertex 35.9704 43.4018 39.3
      vertex 35.689 46.0341 39.3
    endloop
  endfacet
  facet normal 0 0 1
    outer loop
      vertex 35.9704 43.4018 39.3
      vertex 35.167 45.8745 39.3
      vertex 35.5401 43.2536 39.3
    endloop
  endfacet
  facet normal -0 0 1
    outer loop
      vertex 34.6508 45.6968 39.3
      vertex 35.5401 43.2536 39.3
      vertex 35.167 45.8745 39.3
    endloop
  endfacet
  facet normal 0 0 1
    outer loop
      vertex 35.5401 43.2536 39.3
      vertex 34.6508 45.6968 39.3
      vertex 35.1151 43.0905 39.3
    endloop
  endfacet
  facet normal -0 0 1
    outer loop
      vertex 34.1412 45.5012 39.3
      vertex 35.1151 43.0905 39.3
      vertex 34.6508 45.6968 39.3
    endloop
  endfacet
  facet normal 0 0 1
    outer loop
      vertex 35.1151 43.0905 39.3
      vertex 34.1412 45.5012 39.3
      vertex 34.6962 42.9126 39.3
    endloop
  endfacet
  facet normal -0 0 1
    outer loop
      vertex 33.6386 45.2878 39.3
      vertex 34.6962 42.9126 39.3
      vertex 34.1412 45.5012 39.3
    endloop
  endfacet
  facet normal 0 0 1
    outer loop
      vertex 46.3614 16.7122 39.3
      vertex 45.3038 19.0874 39.3
      vertex 45.8588 16.4988 39.3
    endloop
  endfacet
  facet normal -0 0 1
    outer loop
      vertex 44.8849 18.9095 39.3
      vertex 45.8588 16.4988 39.3
      vertex 45.3038 19.0874 39.3
    endloop
  endfacet
  facet normal 0 0 1
    outer loop
      vertex 45.8588 16.4988 39.3
      vertex 44.8849 18.9095 39.3
      vertex 45.3492 16.3032 39.3
    endloop
  endfacet
  facet normal -0 0 1
    outer loop
      vertex 44.4599 18.7464 39.3
      vertex 45.3492 16.3032 39.3
      vertex 44.8849 18.9095 39.3
    endloop
  endfacet
  facet normal 0 0 1
    outer loop
      vertex 45.3492 16.3032 39.3
      vertex 44.4599 18.7464 39.3
      vertex 44.833 16.1255 39.3
    endloop
  endfacet
  facet normal -0 0 1
    outer loop
      vertex 44.0296 18.5982 39.3
      vertex 44.833 16.1255 39.3
      vertex 44.4599 18.7464 39.3
    endloop
  endfacet
  facet normal 0 0 1
    outer loop
      vertex 44.833 16.1255 39.3
      vertex 44.0296 18.5982 39.3
      vertex 44.311 15.9659 39.3
    endloop
  endfacet
  facet normal -0 0 1
    outer loop
      vertex 43.5943 18.4651 39.3
      vertex 44.311 15.9659 39.3
      vertex 44.0296 18.5982 39.3
    endloop
  endfacet
  facet normal 0 0 1
    outer loop
      vertex 44.311 15.9659 39.3
      vertex 43.5943 18.4651 39.3
      vertex 43.7837 15.8246 39.3
    endloop
  endfacet
  facet normal -0 0 1
    outer loop
      vertex 43.1547 18.3473 39.3
      vertex 43.7837 15.8246 39.3
      vertex 43.5943 18.4651 39.3
    endloop
  endfacet
  facet normal 0 0 1
    outer loop
      vertex 43.7837 15.8246 39.3
      vertex 43.1547 18.3473 39.3
      vertex 43.2517 15.7018 39.3
    endloop
  endfacet
  facet normal -0 0 1
    outer loop
      vertex 42.7112 18.245 39.3
      vertex 43.2517 15.7018 39.3
      vertex 43.1547 18.3473 39.3
    endloop
  endfacet
  facet normal 0 0 1
    outer loop
      vertex 43.2517 15.7018 39.3
      vertex 42.7112 18.245 39.3
      vertex 42.7159 15.5976 39.3
    endloop
  endfacet
  facet normal -0 0 1
    outer loop
      vertex 42.2644 18.1581 39.3
      vertex 42.7159 15.5976 39.3
      vertex 42.7112 18.245 39.3
    endloop
  endfacet
  facet normal 0 0 1
    outer loop
      vertex 42.2644 18.1581 39.3
      vertex 42.1767 15.5122 39.3
      vertex 42.7159 15.5976 39.3
    endloop
  endfacet
  facet normal -0 0 1
    outer loop
      vertex 41.8148 18.0869 39.3
      vertex 42.1767 15.5122 39.3
      vertex 42.2644 18.1581 39.3
    endloop
  endfacet
  facet normal 0 0 1
    outer loop
      vertex 41.8148 18.0869 39.3
      vertex 41.6348 15.4457 39.3
      vertex 42.1767 15.5122 39.3
    endloop
  endfacet
  facet normal -0 0 1
    outer loop
      vertex 41.3631 18.0314 39.3
      vertex 41.6348 15.4457 39.3
      vertex 41.8148 18.0869 39.3
    endloop
  endfacet
  facet normal 0 0 1
    outer loop
      vertex 41.3631 18.0314 39.3
      vertex 41.091 15.3981 39.3
      vertex 41.6348 15.4457 39.3
    endloop
  endfacet
  facet normal -0 0 1
    outer loop
      vertex 40.9096 17.9918 39.3
      vertex 41.091 15.3981 39.3
      vertex 41.3631 18.0314 39.3
    endloop
  endfacet
  facet normal 0 0 1
    outer loop
      vertex 40.9096 17.9918 39.3
      vertex 40.5458 15.3695 39.3
      vertex 41.091 15.3981 39.3
    endloop
  endfacet
  facet normal -0 0 1
    outer loop
      vertex 40.4551 17.9679 39.3
      vertex 40.5458 15.3695 39.3
      vertex 40.9096 17.9918 39.3
    endloop
  endfacet
  facet normal -0 0 1
    outer loop
      vertex 40 17.96 39.3
      vertex 40.5458 15.3695 39.3
      vertex 40.4551 17.9679 39.3
    endloop
  endfacet
  facet normal 0 0 1
    outer loop
      vertex 40 17.96 39.3
      vertex 40 15.36 39.3
      vertex 40.5458 15.3695 39.3
    endloop
  endfacet
  facet normal 0 0 1
    outer loop
      vertex 39.5449 17.9679 39.3
      vertex 40 15.36 39.3
      vertex 40 17.96 39.3
    endloop
  endfacet
  facet normal 0 0 1
    outer loop
      vertex 39.5449 17.9679 39.3
      vertex 39.4542 15.3695 39.3
      vertex 40 15.36 39.3
    endloop
  endfacet
  facet normal 0 0 1
    outer loop
      vertex 39.0904 17.9918 39.3
      vertex 39.4542 15.3695 39.3
      vertex 39.5449 17.9679 39.3
    endloop
  endfacet
  facet normal 0 0 1
    outer loop
      vertex 39.0904 17.9918 39.3
      vertex 38.909 15.3981 39.3
      vertex 39.4542 15.3695 39.3
    endloop
  endfacet
  facet normal 0 0 1
    outer loop
      vertex 38.6369 18.0314 39.3
      vertex 38.909 15.3981 39.3
      vertex 39.0904 17.9918 39.3
    endloop
  endfacet
  facet normal 0 0 1
    outer loop
      vertex 38.6369 18.0314 39.3
      vertex 38.3652 15.4457 39.3
      vertex 38.909 15.3981 39.3
    endloop
  endfacet
  facet normal 0 0 1
    outer loop
      vertex 38.1852 18.0869 39.3
      vertex 38.3652 15.4457 39.3
      vertex 38.6369 18.0314 39.3
    endloop
  endfacet
  facet normal 0 0 1
    outer loop
      vertex 38.1852 18.0869 39.3
      vertex 37.8233 15.5122 39.3
      vertex 38.3652 15.4457 39.3
    endloop
  endfacet
  facet normal 0 0 1
    outer loop
      vertex 37.7356 18.1581 39.3
      vertex 37.8233 15.5122 39.3
      vertex 38.1852 18.0869 39.3
    endloop
  endfacet
  facet normal 0 0 1
    outer loop
      vertex 37.2841 15.5976 39.3
      vertex 37.7356 18.1581 39.3
      vertex 37.2888 18.245 39.3
    endloop
  endfacet
  facet normal 0 0 1
    outer loop
      vertex 37.7356 18.1581 39.3
      vertex 37.2841 15.5976 39.3
      vertex 37.8233 15.5122 39.3
    endloop
  endfacet
  facet normal 0 0 1
    outer loop
      vertex 36.7483 15.7018 39.3
      vertex 37.2888 18.245 39.3
      vertex 36.8453 18.3473 39.3
    endloop
  endfacet
  facet normal 0 0 1
    outer loop
      vertex 37.2888 18.245 39.3
      vertex 36.7483 15.7018 39.3
      vertex 37.2841 15.5976 39.3
    endloop
  endfacet
  facet normal 0 0 1
    outer loop
      vertex 36.2163 15.8246 39.3
      vertex 36.8453 18.3473 39.3
      vertex 36.4057 18.4651 39.3
    endloop
  endfacet
  facet normal 0 0 1
    outer loop
      vertex 36.8453 18.3473 39.3
      vertex 36.2163 15.8246 39.3
      vertex 36.7483 15.7018 39.3
    endloop
  endfacet
  facet normal 0 0 1
    outer loop
      vertex 35.689 15.9659 39.3
      vertex 36.4057 18.4651 39.3
      vertex 35.9704 18.5982 39.3
    endloop
  endfacet
  facet normal 0 0 1
    outer loop
      vertex 36.4057 18.4651 39.3
      vertex 35.689 15.9659 39.3
      vertex 36.2163 15.8246 39.3
    endloop
  endfacet
  facet normal 0 0 1
    outer loop
      vertex 35.167 16.1255 39.3
      vertex 35.9704 18.5982 39.3
      vertex 35.5401 18.7464 39.3
    endloop
  endfacet
  facet normal 0 0 1
    outer loop
      vertex 35.9704 18.5982 39.3
      vertex 35.167 16.1255 39.3
      vertex 35.689 15.9659 39.3
    endloop
  endfacet
  facet normal 0 0 1
    outer loop
      vertex 34.6508 16.3032 39.3
      vertex 35.5401 18.7464 39.3
      vertex 35.1151 18.9095 39.3
    endloop
  endfacet
  facet normal 0 0 1
    outer loop
      vertex 34.1412 16.4988 39.3
      vertex 35.1151 18.9095 39.3
      vertex 34.6962 19.0874 39.3
    endloop
  endfacet
  facet normal 0 0 1
    outer loop
      vertex 35.5401 18.7464 39.3
      vertex 34.6508 16.3032 39.3
      vertex 35.167 16.1255 39.3
    endloop
  endfacet
  facet normal 0 0 1
    outer loop
      vertex 33.6386 16.7122 39.3
      vertex 34.6962 19.0874 39.3
      vertex 34.6388 19.1141 39.3
    endloop
  endfacet
  facet normal 0 0 1
    outer loop
      vertex 35.1151 18.9095 39.3
      vertex 34.1412 16.4988 39.3
      vertex 34.6508 16.3032 39.3
    endloop
  endfacet
  facet normal 0 0 -1
    outer loop
      vertex 48.9176 18.1542 36.9
      vertex 52.1881 11.4949 36.9
      vertex 51.5 11.0814 36.9
    endloop
  endfacet
  facet normal 0 0 -1
    outer loop
      vertex 46.666 16.8542 36.9
      vertex 51.5 11.0814 36.9
      vertex 50.7978 10.6922 36.9
    endloop
  endfacet
  facet normal 0 0 -1
    outer loop
      vertex 46.666 16.8542 36.9
      vertex 50.7978 10.6922 36.9
      vertex 50.3541 10.4661 36.9
    endloop
  endfacet
  facet normal 0 0 -1
    outer loop
      vertex 52.1881 11.4949 36.9
      vertex 48.9176 18.1542 36.9
      vertex 52.6058 11.7661 36.9
    endloop
  endfacet
  facet normal 0 0 -1
    outer loop
      vertex 50.0532 19.0191 36.9
      vertex 48.382 21.0108 36.9
      vertex 48.7255 21.3094 36.9
    endloop
  endfacet
  facet normal 0 0 -1
    outer loop
      vertex 51.5 11.0814 36.9
      vertex 46.666 16.8542 36.9
      vertex 48.9176 18.1542 36.9
    endloop
  endfacet
  facet normal 0 -0 -1
    outer loop
      vertex 47.6129 20.4141 36.9
      vertex 48.9176 18.1542 36.9
      vertex 46.666 16.8542 36.9
    endloop
  endfacet
  facet normal 0 0 -1
    outer loop
      vertex 49.193 18.347 36.9
      vertex 48.0282 20.7243 36.9
      vertex 48.382 21.0108 36.9
    endloop
  endfacet
  facet normal 0 0 -1
    outer loop
      vertex 49.193 18.347 36.9
      vertex 47.6647 20.4504 36.9
      vertex 48.0282 20.7243 36.9
    endloop
  endfacet
  facet normal 0 0 -1
    outer loop
      vertex 49.193 18.347 36.9
      vertex 47.6129 20.4141 36.9
      vertex 47.6647 20.4504 36.9
    endloop
  endfacet
  facet normal 0 0 -1
    outer loop
      vertex 45.3612 19.1141 36.9
      vertex 46.666 16.8542 36.9
      vertex 46.3614 16.7122 36.9
    endloop
  endfacet
  facet normal 0 0 -1
    outer loop
      vertex 45.3038 19.0874 36.9
      vertex 46.3614 16.7122 36.9
      vertex 45.8588 16.4988 36.9
    endloop
  endfacet
  facet normal 0 0 -1
    outer loop
      vertex 46.666 16.8542 36.9
      vertex 45.3612 19.1141 36.9
      vertex 47.6129 20.4141 36.9
    endloop
  endfacet
  facet normal 0 0 -1
    outer loop
      vertex 45.3612 19.1141 36.9
      vertex 42.9641 28.466 36.9
      vertex 47.6129 20.4141 36.9
    endloop
  endfacet
  facet normal -0 0 -1
    outer loop
      vertex 42.9641 28.466 36.9
      vertex 40.7104 27.1696 36.9
      vertex 42.9641 33.534 36.9
    endloop
  endfacet
  facet normal 0 0 -1
    outer loop
      vertex 40.7104 27.1696 36.9
      vertex 42.9641 28.466 36.9
      vertex 45.3612 19.1141 36.9
    endloop
  endfacet
  facet normal 0 0 -1
    outer loop
      vertex 43.6721 29.7 36.9
      vertex 52.9741 32.3 36.9
      vertex 52.9741 29.7 36.9
    endloop
  endfacet
  facet normal 0 0 -1
    outer loop
      vertex 43.6721 29.7 36.9
      vertex 43.6721 32.3 36.9
      vertex 52.9741 32.3 36.9
    endloop
  endfacet
  facet normal 0 0 -1
    outer loop
      vertex 43.41 29.1073 36.9
      vertex 43.6721 29.7 36.9
      vertex 43.5839 29.462 36.9
    endloop
  endfacet
  facet normal -0 0 -1
    outer loop
      vertex 43.6721 29.7 36.9
      vertex 43.41 29.1073 36.9
      vertex 43.6721 32.3 36.9
    endloop
  endfacet
  facet normal 0 0 -1
    outer loop
      vertex 43.41 32.8927 36.9
      vertex 43.6721 32.3 36.9
      vertex 43.41 29.1073 36.9
    endloop
  endfacet
  facet normal 0 0 -1
    outer loop
      vertex 43.6721 32.3 36.9
      vertex 43.41 32.8927 36.9
      vertex 43.5839 32.538 36.9
    endloop
  endfacet
  facet normal 0 0 -1
    outer loop
      vertex 43.201 28.7721 36.9
      vertex 43.41 32.8927 36.9
      vertex 43.41 29.1073 36.9
    endloop
  endfacet
  facet normal 0 0 -1
    outer loop
      vertex 43.201 28.7721 36.9
      vertex 43.201 33.2279 36.9
      vertex 43.41 32.8927 36.9
    endloop
  endfacet
  facet normal 0 0 -1
    outer loop
      vertex 42.9641 28.466 36.9
      vertex 43.201 33.2279 36.9
      vertex 43.201 28.7721 36.9
    endloop
  endfacet
  facet normal -0 0 -1
    outer loop
      vertex 43.201 33.2279 36.9
      vertex 42.9641 28.466 36.9
      vertex 42.9641 33.534 36.9
    endloop
  endfacet
  facet normal 0 0 -1
    outer loop
      vertex 55.5836 29.7 36.9
      vertex 63 31 36.9
      vertex 62.986 30.1973 36.9
    endloop
  endfacet
  facet normal 0 0 -1
    outer loop
      vertex 55.5836 29.7 36.9
      vertex 62.986 30.1973 36.9
      vertex 62.9599 29.7 36.9
    endloop
  endfacet
  facet normal 0 0 -1
    outer loop
      vertex 55.5836 32.3 36.9
      vertex 63 31 36.9
      vertex 55.5836 29.7 36.9
    endloop
  endfacet
  facet normal 0 0 -1
    outer loop
      vertex 63 31 36.9
      vertex 55.5836 32.3 36.9
      vertex 62.986 31.8027 36.9
    endloop
  endfacet
  facet normal 0 0 -1
    outer loop
      vertex 62.986 31.8027 36.9
      vertex 55.5836 32.3 36.9
      vertex 62.9599 32.3 36.9
    endloop
  endfacet
  facet normal 0 0 -1
    outer loop
      vertex 52.9741 29.7 36.9
      vertex 55.5836 29.7 36.9
      vertex 55.5543 29.3652 36.9
    endloop
  endfacet
  facet normal 0 0 -1
    outer loop
      vertex 55.5836 29.7 36.9
      vertex 52.9741 29.7 36.9
      vertex 55.5836 32.3 36.9
    endloop
  endfacet
  facet normal 0 0 -1
    outer loop
      vertex 52.9686 29.6369 36.9
      vertex 55.5543 29.3652 36.9
      vertex 55.4878 28.8233 36.9
    endloop
  endfacet
  facet normal 0 0 -1
    outer loop
      vertex 52.9741 32.3 36.9
      vertex 55.5836 32.3 36.9
      vertex 52.9741 29.7 36.9
    endloop
  endfacet
  facet normal 0 0 -1
    outer loop
      vertex 52.9131 29.1852 36.9
      vertex 55.4878 28.8233 36.9
      vertex 55.4024 28.2841 36.9
    endloop
  endfacet
  facet normal 0 0 -1
    outer loop
      vertex 55.5836 32.3 36.9
      vertex 52.9741 32.3 36.9
      vertex 55.5543 32.6348 36.9
    endloop
  endfacet
  facet normal 0 0 -1
    outer loop
      vertex 52.8419 28.7356 36.9
      vertex 55.4024 28.2841 36.9
      vertex 55.2982 27.7483 36.9
    endloop
  endfacet
  facet normal 0 0 -1
    outer loop
      vertex 52.9686 32.3631 36.9
      vertex 55.5543 32.6348 36.9
      vertex 52.9741 32.3 36.9
    endloop
  endfacet
  facet normal 0 0 -1
    outer loop
      vertex 52.755 28.2888 36.9
      vertex 55.2982 27.7483 36.9
      vertex 55.1754 27.2163 36.9
    endloop
  endfacet
  facet normal -0 0 -1
    outer loop
      vertex 55.5543 32.6348 36.9
      vertex 52.9686 32.3631 36.9
      vertex 55.4878 33.1767 36.9
    endloop
  endfacet
  facet normal 0 0 -1
    outer loop
      vertex 52.6527 27.8453 36.9
      vertex 55.1754 27.2163 36.9
      vertex 55.0341 26.689 36.9
    endloop
  endfacet
  facet normal 0 0 -1
    outer loop
      vertex 52.9131 32.8148 36.9
      vertex 55.4878 33.1767 36.9
      vertex 52.9686 32.3631 36.9
    endloop
  endfacet
  facet normal 0 0 -1
    outer loop
      vertex 52.5349 27.4057 36.9
      vertex 55.0341 26.689 36.9
      vertex 54.8745 26.167 36.9
    endloop
  endfacet
  facet normal -0 0 -1
    outer loop
      vertex 55.4878 33.1767 36.9
      vertex 52.9131 32.8148 36.9
      vertex 55.4024 33.7159 36.9
    endloop
  endfacet
  facet normal 0 0 -1
    outer loop
      vertex 52.4018 26.9704 36.9
      vertex 54.8745 26.167 36.9
      vertex 54.6968 25.6508 36.9
    endloop
  endfacet
  facet normal 0 0 -1
    outer loop
      vertex 52.8419 33.2644 36.9
      vertex 55.4024 33.7159 36.9
      vertex 52.9131 32.8148 36.9
    endloop
  endfacet
  facet normal 0 0 -1
    outer loop
      vertex 52.2536 26.5401 36.9
      vertex 54.6968 25.6508 36.9
      vertex 54.5012 25.1412 36.9
    endloop
  endfacet
  facet normal -0 0 -1
    outer loop
      vertex 55.4024 33.7159 36.9
      vertex 52.8419 33.2644 36.9
      vertex 55.2982 34.2517 36.9
    endloop
  endfacet
  facet normal 0 0 -1
    outer loop
      vertex 52.0905 26.1151 36.9
      vertex 54.5012 25.1412 36.9
      vertex 54.2878 24.6386 36.9
    endloop
  endfacet
  facet normal 0 0 -1
    outer loop
      vertex 52.755 33.7112 36.9
      vertex 55.2982 34.2517 36.9
      vertex 52.8419 33.2644 36.9
    endloop
  endfacet
  facet normal 0 0 -1
    outer loop
      vertex 51.9126 25.6962 36.9
      vertex 54.2878 24.6386 36.9
      vertex 54.0571 24.1439 36.9
    endloop
  endfacet
  facet normal -0 0 -1
    outer loop
      vertex 55.2982 34.2517 36.9
      vertex 52.755 33.7112 36.9
      vertex 55.1754 34.7837 36.9
    endloop
  endfacet
  facet normal 0 0 -1
    outer loop
      vertex 51.7203 25.2836 36.9
      vertex 54.0571 24.1439 36.9
      vertex 53.8093 23.6575 36.9
    endloop
  endfacet
  facet normal 0 0 -1
    outer loop
      vertex 52.6527 34.1547 36.9
      vertex 55.1754 34.7837 36.9
      vertex 52.755 33.7112 36.9
    endloop
  endfacet
  facet normal 0 0 -1
    outer loop
      vertex 51.5136 24.8781 36.9
      vertex 53.8093 23.6575 36.9
      vertex 53.5446 23.18 36.9
    endloop
  endfacet
  facet normal -0 0 -1
    outer loop
      vertex 55.1754 34.7837 36.9
      vertex 52.6527 34.1547 36.9
      vertex 55.0341 35.311 36.9
    endloop
  endfacet
  facet normal 0 0 -1
    outer loop
      vertex 51.293 24.48 36.9
      vertex 53.5446 23.18 36.9
      vertex 53.2635 22.7121 36.9
    endloop
  endfacet
  facet normal 0 0 -1
    outer loop
      vertex 52.5349 34.5943 36.9
      vertex 55.0341 35.311 36.9
      vertex 52.6527 34.1547 36.9
    endloop
  endfacet
  facet normal -0 0 -1
    outer loop
      vertex 55.0341 35.311 36.9
      vertex 52.5349 34.5943 36.9
      vertex 54.8745 35.833 36.9
    endloop
  endfacet
  facet normal 0 0 -1
    outer loop
      vertex 55.5543 29.3652 36.9
      vertex 52.9686 29.6369 36.9
      vertex 52.9741 29.7 36.9
    endloop
  endfacet
  facet normal 0 0 -1
    outer loop
      vertex 51.0585 24.0899 36.9
      vertex 53.2635 22.7121 36.9
      vertex 52.9661 22.2542 36.9
    endloop
  endfacet
  facet normal 0 0 -1
    outer loop
      vertex 55.4878 28.8233 36.9
      vertex 52.9131 29.1852 36.9
      vertex 52.9686 29.6369 36.9
    endloop
  endfacet
  facet normal 0 0 -1
    outer loop
      vertex 55.4024 28.2841 36.9
      vertex 52.8419 28.7356 36.9
      vertex 52.9131 29.1852 36.9
    endloop
  endfacet
  facet normal 0 0 -1
    outer loop
      vertex 55.2982 27.7483 36.9
      vertex 52.755 28.2888 36.9
      vertex 52.8419 28.7356 36.9
    endloop
  endfacet
  facet normal 0 0 -1
    outer loop
      vertex 50.8106 23.7081 36.9
      vertex 52.9661 22.2542 36.9
      vertex 52.653 21.807 36.9
    endloop
  endfacet
  facet normal 0 0 -1
    outer loop
      vertex 55.1754 27.2163 36.9
      vertex 52.6527 27.8453 36.9
      vertex 52.755 28.2888 36.9
    endloop
  endfacet
  facet normal 0 0 -1
    outer loop
      vertex 55.0341 26.689 36.9
      vertex 52.5349 27.4057 36.9
      vertex 52.6527 27.8453 36.9
    endloop
  endfacet
  facet normal 0 0 -1
    outer loop
      vertex 54.8745 26.167 36.9
      vertex 52.4018 26.9704 36.9
      vertex 52.5349 27.4057 36.9
    endloop
  endfacet
  facet normal 0 0 -1
    outer loop
      vertex 50.5496 23.3353 36.9
      vertex 52.653 21.807 36.9
      vertex 52.3245 21.3711 36.9
    endloop
  endfacet
  facet normal 0 0 -1
    outer loop
      vertex 54.6968 25.6508 36.9
      vertex 52.2536 26.5401 36.9
      vertex 52.4018 26.9704 36.9
    endloop
  endfacet
  facet normal 0 0 -1
    outer loop
      vertex 54.5012 25.1412 36.9
      vertex 52.0905 26.1151 36.9
      vertex 52.2536 26.5401 36.9
    endloop
  endfacet
  facet normal 0 0 -1
    outer loop
      vertex 50.2757 22.9718 36.9
      vertex 52.3245 21.3711 36.9
      vertex 51.9809 20.9468 36.9
    endloop
  endfacet
  facet normal 0 0 -1
    outer loop
      vertex 54.2878 24.6386 36.9
      vertex 51.9126 25.6962 36.9
      vertex 52.0905 26.1151 36.9
    endloop
  endfacet
  facet normal 0 0 -1
    outer loop
      vertex 54.0571 24.1439 36.9
      vertex 51.7203 25.2836 36.9
      vertex 51.9126 25.6962 36.9
    endloop
  endfacet
  facet normal 0 0 -1
    outer loop
      vertex 49.9892 22.618 36.9
      vertex 51.9809 20.9468 36.9
      vertex 51.6228 20.5348 36.9
    endloop
  endfacet
  facet normal 0 0 -1
    outer loop
      vertex 53.8093 23.6575 36.9
      vertex 51.5136 24.8781 36.9
      vertex 51.7203 25.2836 36.9
    endloop
  endfacet
  facet normal 0 0 -1
    outer loop
      vertex 53.5446 23.18 36.9
      vertex 51.293 24.48 36.9
      vertex 51.5136 24.8781 36.9
    endloop
  endfacet
  facet normal 0 0 -1
    outer loop
      vertex 49.6906 22.2745 36.9
      vertex 51.6228 20.5348 36.9
      vertex 51.2505 20.1355 36.9
    endloop
  endfacet
  facet normal 0 0 -1
    outer loop
      vertex 53.2635 22.7121 36.9
      vertex 51.0585 24.0899 36.9
      vertex 51.293 24.48 36.9
    endloop
  endfacet
  facet normal 0 0 -1
    outer loop
      vertex 49.3802 21.9417 36.9
      vertex 51.2505 20.1355 36.9
      vertex 50.8645 19.7495 36.9
    endloop
  endfacet
  facet normal 0 0 -1
    outer loop
      vertex 52.9661 22.2542 36.9
      vertex 50.8106 23.7081 36.9
      vertex 51.0585 24.0899 36.9
    endloop
  endfacet
  facet normal 0 0 -1
    outer loop
      vertex 52.653 21.807 36.9
      vertex 50.5496 23.3353 36.9
      vertex 50.8106 23.7081 36.9
    endloop
  endfacet
  facet normal 0 0 -1
    outer loop
      vertex 49.0583 21.6198 36.9
      vertex 50.8645 19.7495 36.9
      vertex 50.4652 19.3772 36.9
    endloop
  endfacet
  facet normal 0 0 -1
    outer loop
      vertex 52.3245 21.3711 36.9
      vertex 50.2757 22.9718 36.9
      vertex 50.5496 23.3353 36.9
    endloop
  endfacet
  facet normal 0 0 -1
    outer loop
      vertex 48.7255 21.3094 36.9
      vertex 50.4652 19.3772 36.9
      vertex 50.0532 19.0191 36.9
    endloop
  endfacet
  facet normal 0 0 -1
    outer loop
      vertex 51.9809 20.9468 36.9
      vertex 49.9892 22.618 36.9
      vertex 50.2757 22.9718 36.9
    endloop
  endfacet
  facet normal 0 0 -1
    outer loop
      vertex 51.6228 20.5348 36.9
      vertex 49.6906 22.2745 36.9
      vertex 49.9892 22.618 36.9
    endloop
  endfacet
  facet normal 0 0 -1
    outer loop
      vertex 48.382 21.0108 36.9
      vertex 50.0532 19.0191 36.9
      vertex 49.6289 18.6755 36.9
    endloop
  endfacet
  facet normal 0 0 -1
    outer loop
      vertex 51.2505 20.1355 36.9
      vertex 49.3802 21.9417 36.9
      vertex 49.6906 22.2745 36.9
    endloop
  endfacet
  facet normal 0 0 -1
    outer loop
      vertex 48.382 21.0108 36.9
      vertex 49.6289 18.6755 36.9
      vertex 49.193 18.347 36.9
    endloop
  endfacet
  facet normal 0 0 -1
    outer loop
      vertex 50.8645 19.7495 36.9
      vertex 49.0583 21.6198 36.9
      vertex 49.3802 21.9417 36.9
    endloop
  endfacet
  facet normal 0 0 -1
    outer loop
      vertex 47.6129 20.4141 36.9
      vertex 49.193 18.347 36.9
      vertex 48.9176 18.1542 36.9
    endloop
  endfacet
  facet normal 0 0 -1
    outer loop
      vertex 50.4652 19.3772 36.9
      vertex 48.7255 21.3094 36.9
      vertex 49.0583 21.6198 36.9
    endloop
  endfacet
  facet normal 0 0 -1
    outer loop
      vertex 52.4018 35.0296 36.9
      vertex 54.8745 35.833 36.9
      vertex 52.5349 34.5943 36.9
    endloop
  endfacet
  facet normal -0 0 -1
    outer loop
      vertex 54.8745 35.833 36.9
      vertex 52.4018 35.0296 36.9
      vertex 54.6968 36.3492 36.9
    endloop
  endfacet
  facet normal 0 0 -1
    outer loop
      vertex 52.2536 35.4599 36.9
      vertex 54.6968 36.3492 36.9
      vertex 52.4018 35.0296 36.9
    endloop
  endfacet
  facet normal -0 0 -1
    outer loop
      vertex 54.6968 36.3492 36.9
      vertex 52.2536 35.4599 36.9
      vertex 54.5012 36.8588 36.9
    endloop
  endfacet
  facet normal 0 0 -1
    outer loop
      vertex 52.0905 35.8849 36.9
      vertex 54.5012 36.8588 36.9
      vertex 52.2536 35.4599 36.9
    endloop
  endfacet
  facet normal -0 0 -1
    outer loop
      vertex 54.5012 36.8588 36.9
      vertex 52.0905 35.8849 36.9
      vertex 54.2878 37.3614 36.9
    endloop
  endfacet
  facet normal 0 0 -1
    outer loop
      vertex 51.9126 36.3038 36.9
      vertex 54.2878 37.3614 36.9
      vertex 52.0905 35.8849 36.9
    endloop
  endfacet
  facet normal -0 0 -1
    outer loop
      vertex 54.2878 37.3614 36.9
      vertex 51.9126 36.3038 36.9
      vertex 54.0571 37.8561 36.9
    endloop
  endfacet
  facet normal 0 0 -1
    outer loop
      vertex 51.7203 36.7164 36.9
      vertex 54.0571 37.8561 36.9
      vertex 51.9126 36.3038 36.9
    endloop
  endfacet
  facet normal -0 0 -1
    outer loop
      vertex 54.0571 37.8561 36.9
      vertex 51.7203 36.7164 36.9
      vertex 53.8093 38.3425 36.9
    endloop
  endfacet
  facet normal 0 0 -1
    outer loop
      vertex 51.5136 37.1219 36.9
      vertex 53.8093 38.3425 36.9
      vertex 51.7203 36.7164 36.9
    endloop
  endfacet
  facet normal -0 0 -1
    outer loop
      vertex 53.8093 38.3425 36.9
      vertex 51.5136 37.1219 36.9
      vertex 53.5446 38.82 36.9
    endloop
  endfacet
  facet normal 0 0 -1
    outer loop
      vertex 51.293 37.52 36.9
      vertex 53.5446 38.82 36.9
      vertex 51.5136 37.1219 36.9
    endloop
  endfacet
  facet normal -0 0 -1
    outer loop
      vertex 53.5446 38.82 36.9
      vertex 51.293 37.52 36.9
      vertex 53.2635 39.2879 36.9
    endloop
  endfacet
  facet normal 0 0 -1
    outer loop
      vertex 51.0585 37.9101 36.9
      vertex 53.2635 39.2879 36.9
      vertex 51.293 37.52 36.9
    endloop
  endfacet
  facet normal -0 0 -1
    outer loop
      vertex 53.2635 39.2879 36.9
      vertex 51.0585 37.9101 36.9
      vertex 52.9661 39.7458 36.9
    endloop
  endfacet
  facet normal 0 0 -1
    outer loop
      vertex 50.8106 38.2919 36.9
      vertex 52.9661 39.7458 36.9
      vertex 51.0585 37.9101 36.9
    endloop
  endfacet
  facet normal -0 0 -1
    outer loop
      vertex 52.9661 39.7458 36.9
      vertex 50.8106 38.2919 36.9
      vertex 52.653 40.193 36.9
    endloop
  endfacet
  facet normal 0 0 -1
    outer loop
      vertex 50.5496 38.6647 36.9
      vertex 52.653 40.193 36.9
      vertex 50.8106 38.2919 36.9
    endloop
  endfacet
  facet normal -0 0 -1
    outer loop
      vertex 52.653 40.193 36.9
      vertex 50.5496 38.6647 36.9
      vertex 52.3245 40.6289 36.9
    endloop
  endfacet
  facet normal 0 0 -1
    outer loop
      vertex 50.2757 39.0282 36.9
      vertex 52.3245 40.6289 36.9
      vertex 50.5496 38.6647 36.9
    endloop
  endfacet
  facet normal -0 0 -1
    outer loop
      vertex 52.3245 40.6289 36.9
      vertex 50.2757 39.0282 36.9
      vertex 51.9809 41.0532 36.9
    endloop
  endfacet
  facet normal 0 0 -1
    outer loop
      vertex 49.9892 39.382 36.9
      vertex 51.9809 41.0532 36.9
      vertex 50.2757 39.0282 36.9
    endloop
  endfacet
  facet normal -0 0 -1
    outer loop
      vertex 51.9809 41.0532 36.9
      vertex 49.9892 39.382 36.9
      vertex 51.6228 41.4652 36.9
    endloop
  endfacet
  facet normal 0 0 -1
    outer loop
      vertex 49.6906 39.7255 36.9
      vertex 51.6228 41.4652 36.9
      vertex 49.9892 39.382 36.9
    endloop
  endfacet
  facet normal -0 0 -1
    outer loop
      vertex 51.6228 41.4652 36.9
      vertex 49.6906 39.7255 36.9
      vertex 51.2505 41.8645 36.9
    endloop
  endfacet
  facet normal 0 0 -1
    outer loop
      vertex 49.3802 40.0583 36.9
      vertex 51.2505 41.8645 36.9
      vertex 49.6906 39.7255 36.9
    endloop
  endfacet
  facet normal -0 0 -1
    outer loop
      vertex 51.2505 41.8645 36.9
      vertex 49.3802 40.0583 36.9
      vertex 50.8645 42.2505 36.9
    endloop
  endfacet
  facet normal 0 0 -1
    outer loop
      vertex 49.0583 40.3802 36.9
      vertex 50.8645 42.2505 36.9
      vertex 49.3802 40.0583 36.9
    endloop
  endfacet
  facet normal -0 0 -1
    outer loop
      vertex 50.8645 42.2505 36.9
      vertex 49.0583 40.3802 36.9
      vertex 50.4652 42.6228 36.9
    endloop
  endfacet
  facet normal 0 0 -1
    outer loop
      vertex 48.7255 40.6906 36.9
      vertex 50.4652 42.6228 36.9
      vertex 49.0583 40.3802 36.9
    endloop
  endfacet
  facet normal -0 0 -1
    outer loop
      vertex 50.4652 42.6228 36.9
      vertex 48.7255 40.6906 36.9
      vertex 50.0532 42.9809 36.9
    endloop
  endfacet
  facet normal 0 0 -1
    outer loop
      vertex 48.382 40.9892 36.9
      vertex 50.0532 42.9809 36.9
      vertex 48.7255 40.6906 36.9
    endloop
  endfacet
  facet normal -0 0 -1
    outer loop
      vertex 50.0532 42.9809 36.9
      vertex 48.382 40.9892 36.9
      vertex 49.6289 43.3245 36.9
    endloop
  endfacet
  facet normal 0 0 -1
    outer loop
      vertex 48.0282 41.2757 36.9
      vertex 49.6289 43.3245 36.9
      vertex 48.382 40.9892 36.9
    endloop
  endfacet
  facet normal 0 0 -1
    outer loop
      vertex 48.9176 43.8458 36.9
      vertex 52.1881 50.5051 36.9
      vertex 52.6058 50.2339 36.9
    endloop
  endfacet
  facet normal -0 0 -1
    outer loop
      vertex 52.1881 50.5051 36.9
      vertex 48.9176 43.8458 36.9
      vertex 51.5 50.9186 36.9
    endloop
  endfacet
  facet normal 0 0 -1
    outer loop
      vertex 46.666 45.1458 36.9
      vertex 51.5 50.9186 36.9
      vertex 48.9176 43.8458 36.9
    endloop
  endfacet
  facet normal -0 0 -1
    outer loop
      vertex 51.5 50.9186 36.9
      vertex 46.666 45.1458 36.9
      vertex 50.7978 51.3078 36.9
    endloop
  endfacet
  facet normal -0 0 -1
    outer loop
      vertex 49.6289 43.3245 36.9
      vertex 48.0282 41.2757 36.9
      vertex 49.193 43.653 36.9
    endloop
  endfacet
  facet normal 0 0 -1
    outer loop
      vertex 47.6647 41.5496 36.9
      vertex 49.193 43.653 36.9
      vertex 48.0282 41.2757 36.9
    endloop
  endfacet
  facet normal 0 0 -1
    outer loop
      vertex 47.6129 41.5859 36.9
      vertex 49.193 43.653 36.9
      vertex 47.6647 41.5496 36.9
    endloop
  endfacet
  facet normal -0 0 -1
    outer loop
      vertex 49.193 43.653 36.9
      vertex 47.6129 41.5859 36.9
      vertex 48.9176 43.8458 36.9
    endloop
  endfacet
  facet normal -0 0 -1
    outer loop
      vertex 48.9176 43.8458 36.9
      vertex 47.6129 41.5859 36.9
      vertex 46.666 45.1458 36.9
    endloop
  endfacet
  facet normal -0 0 -1
    outer loop
      vertex 50.7978 51.3078 36.9
      vertex 46.666 45.1458 36.9
      vertex 50.3541 51.5339 36.9
    endloop
  endfacet
  facet normal 0 0 -1
    outer loop
      vertex 45.3612 42.8859 36.9
      vertex 46.666 45.1458 36.9
      vertex 47.6129 41.5859 36.9
    endloop
  endfacet
  facet normal -0 0 -1
    outer loop
      vertex 46.666 45.1458 36.9
      vertex 45.3612 42.8859 36.9
      vertex 46.3614 45.2878 36.9
    endloop
  endfacet
  facet normal 0 0 -1
    outer loop
      vertex 45.3038 42.9126 36.9
      vertex 46.3614 45.2878 36.9
      vertex 45.3612 42.8859 36.9
    endloop
  endfacet
  facet normal 0 0 -1
    outer loop
      vertex 42.9641 33.534 36.9
      vertex 45.3612 42.8859 36.9
      vertex 47.6129 41.5859 36.9
    endloop
  endfacet
  facet normal 0 0 -1
    outer loop
      vertex 40.7104 34.8304 36.9
      vertex 42.9641 33.534 36.9
      vertex 40.7104 27.1696 36.9
    endloop
  endfacet
  facet normal 0 0 -1
    outer loop
      vertex 42.9641 33.534 36.9
      vertex 40.7104 34.8304 36.9
      vertex 45.3612 42.8859 36.9
    endloop
  endfacet
  facet normal 0 0 -1
    outer loop
      vertex 40.1975 27.105 36.9
      vertex 40.7104 27.1696 36.9
      vertex 40.5906 27.145 36.9
    endloop
  endfacet
  facet normal -0 0 -1
    outer loop
      vertex 40.7104 27.1696 36.9
      vertex 40.1975 27.105 36.9
      vertex 40.7104 34.8304 36.9
    endloop
  endfacet
  facet normal 0 0 -1
    outer loop
      vertex 40.1975 34.895 36.9
      vertex 40.7104 34.8304 36.9
      vertex 40.1975 27.105 36.9
    endloop
  endfacet
  facet normal 0 0 -1
    outer loop
      vertex 40.7104 34.8304 36.9
      vertex 40.1975 34.895 36.9
      vertex 40.5906 34.855 36.9
    endloop
  endfacet
  facet normal 0 0 -1
    outer loop
      vertex 39.8025 27.105 36.9
      vertex 40.1975 34.895 36.9
      vertex 40.1975 27.105 36.9
    endloop
  endfacet
  facet normal 0 0 -1
    outer loop
      vertex 39.8025 27.105 36.9
      vertex 39.8025 34.895 36.9
      vertex 40.1975 34.895 36.9
    endloop
  endfacet
  facet normal 0 0 -1
    outer loop
      vertex 39.2896 27.1696 36.9
      vertex 39.8025 27.105 36.9
      vertex 39.4094 27.145 36.9
    endloop
  endfacet
  facet normal 0 0 -1
    outer loop
      vertex 39.8025 27.105 36.9
      vertex 39.2896 27.1696 36.9
      vertex 39.8025 34.895 36.9
    endloop
  endfacet
  facet normal 0 0 -1
    outer loop
      vertex 39.2896 34.8304 36.9
      vertex 39.8025 34.895 36.9
      vertex 39.2896 27.1696 36.9
    endloop
  endfacet
  facet normal 0 0 -1
    outer loop
      vertex 39.8025 34.895 36.9
      vertex 39.2896 34.8304 36.9
      vertex 39.4094 34.855 36.9
    endloop
  endfacet
  facet normal 0 0 -1
    outer loop
      vertex 39.2896 27.1696 36.9
      vertex 37.0359 28.466 36.9
      vertex 39.2896 34.8304 36.9
    endloop
  endfacet
  facet normal 0 0 -1
    outer loop
      vertex 34.6388 19.1141 36.9
      vertex 37.0359 28.466 36.9
      vertex 39.2896 27.1696 36.9
    endloop
  endfacet
  facet normal -0 0 -1
    outer loop
      vertex 34.6962 19.0874 36.9
      vertex 33.6386 16.7122 36.9
      vertex 34.6388 19.1141 36.9
    endloop
  endfacet
  facet normal 0 0 -1
    outer loop
      vertex 33.334 16.8542 36.9
      vertex 34.6388 19.1141 36.9
      vertex 33.6386 16.7122 36.9
    endloop
  endfacet
  facet normal -0 0 -1
    outer loop
      vertex 34.6388 19.1141 36.9
      vertex 33.334 16.8542 36.9
      vertex 32.3871 20.4141 36.9
    endloop
  endfacet
  facet normal 0 0 -1
    outer loop
      vertex 34.6388 19.1141 36.9
      vertex 32.3871 20.4141 36.9
      vertex 37.0359 28.466 36.9
    endloop
  endfacet
  facet normal 0 0 -1
    outer loop
      vertex 31.0824 18.1542 36.9
      vertex 32.3871 20.4141 36.9
      vertex 33.334 16.8542 36.9
    endloop
  endfacet
  facet normal 0 0 -1
    outer loop
      vertex 30.807 18.347 36.9
      vertex 32.3871 20.4141 36.9
      vertex 31.0824 18.1542 36.9
    endloop
  endfacet
  facet normal -0 0 -1
    outer loop
      vertex 32.3871 20.4141 36.9
      vertex 30.807 18.347 36.9
      vertex 32.3353 20.4504 36.9
    endloop
  endfacet
  facet normal -0 0 -1
    outer loop
      vertex 32.3353 20.4504 36.9
      vertex 30.807 18.347 36.9
      vertex 31.9718 20.7243 36.9
    endloop
  endfacet
  facet normal 0 0 -1
    outer loop
      vertex 30.3711 18.6755 36.9
      vertex 31.9718 20.7243 36.9
      vertex 30.807 18.347 36.9
    endloop
  endfacet
  facet normal 0 0 -1
    outer loop
      vertex 29.2022 10.6922 36.9
      vertex 33.334 16.8542 36.9
      vertex 29.6459 10.4661 36.9
    endloop
  endfacet
  facet normal 0 0 -1
    outer loop
      vertex 28.5 11.0814 36.9
      vertex 33.334 16.8542 36.9
      vertex 29.2022 10.6922 36.9
    endloop
  endfacet
  facet normal -0 0 -1
    outer loop
      vertex 33.334 16.8542 36.9
      vertex 28.5 11.0814 36.9
      vertex 31.0824 18.1542 36.9
    endloop
  endfacet
  facet normal 0 0 -1
    outer loop
      vertex 27.8119 11.4949 36.9
      vertex 31.0824 18.1542 36.9
      vertex 28.5 11.0814 36.9
    endloop
  endfacet
  facet normal 0 0 -1
    outer loop
      vertex 31.0824 18.1542 36.9
      vertex 27.8119 11.4949 36.9
      vertex 27.3942 11.7661 36.9
    endloop
  endfacet
  facet normal 0 0 -1
    outer loop
      vertex 29.5348 42.6228 36.9
      vertex 31.2745 40.6906 36.9
      vertex 30.9417 40.3802 36.9
    endloop
  endfacet
  facet normal 0 0 -1
    outer loop
      vertex 31.2745 40.6906 36.9
      vertex 30.807 43.653 36.9
      vertex 31.0824 43.8458 36.9
    endloop
  endfacet
  facet normal 0 0 -1
    outer loop
      vertex 29.1355 42.2505 36.9
      vertex 30.9417 40.3802 36.9
      vertex 30.6198 40.0583 36.9
    endloop
  endfacet
  facet normal 0 0 -1
    outer loop
      vertex 31.2745 40.6906 36.9
      vertex 30.3711 43.3245 36.9
      vertex 30.807 43.653 36.9
    endloop
  endfacet
  facet normal 0 0 -1
    outer loop
      vertex 28.7495 41.8645 36.9
      vertex 30.6198 40.0583 36.9
      vertex 30.3094 39.7255 36.9
    endloop
  endfacet
  facet normal 0 0 -1
    outer loop
      vertex 28.3772 41.4652 36.9
      vertex 30.3094 39.7255 36.9
      vertex 30.0108 39.382 36.9
    endloop
  endfacet
  facet normal 0 0 -1
    outer loop
      vertex 31.2745 40.6906 36.9
      vertex 29.9468 42.9809 36.9
      vertex 30.3711 43.3245 36.9
    endloop
  endfacet
  facet normal 0 0 -1
    outer loop
      vertex 28.0191 41.0532 36.9
      vertex 30.0108 39.382 36.9
      vertex 29.7243 39.0282 36.9
    endloop
  endfacet
  facet normal 0 0 -1
    outer loop
      vertex 31.2745 40.6906 36.9
      vertex 29.5348 42.6228 36.9
      vertex 29.9468 42.9809 36.9
    endloop
  endfacet
  facet normal 0 0 -1
    outer loop
      vertex 27.6755 40.6289 36.9
      vertex 29.7243 39.0282 36.9
      vertex 29.4504 38.6647 36.9
    endloop
  endfacet
  facet normal 0 0 -1
    outer loop
      vertex 27.347 40.193 36.9
      vertex 29.4504 38.6647 36.9
      vertex 29.1894 38.2919 36.9
    endloop
  endfacet
  facet normal 0 0 -1
    outer loop
      vertex 30.9417 40.3802 36.9
      vertex 29.1355 42.2505 36.9
      vertex 29.5348 42.6228 36.9
    endloop
  endfacet
  facet normal 0 0 -1
    outer loop
      vertex 27.0339 39.7458 36.9
      vertex 29.1894 38.2919 36.9
      vertex 28.9415 37.9101 36.9
    endloop
  endfacet
  facet normal 0 0 -1
    outer loop
      vertex 30.6198 40.0583 36.9
      vertex 28.7495 41.8645 36.9
      vertex 29.1355 42.2505 36.9
    endloop
  endfacet
  facet normal 0 0 -1
    outer loop
      vertex 26.7365 39.2879 36.9
      vertex 28.9415 37.9101 36.9
      vertex 28.707 37.52 36.9
    endloop
  endfacet
  facet normal 0 0 -1
    outer loop
      vertex 26.4554 38.82 36.9
      vertex 28.707 37.52 36.9
      vertex 28.4864 37.1219 36.9
    endloop
  endfacet
  facet normal 0 0 -1
    outer loop
      vertex 30.3094 39.7255 36.9
      vertex 28.3772 41.4652 36.9
      vertex 28.7495 41.8645 36.9
    endloop
  endfacet
  facet normal 0 0 -1
    outer loop
      vertex 26.1907 38.3425 36.9
      vertex 28.4864 37.1219 36.9
      vertex 28.2797 36.7164 36.9
    endloop
  endfacet
  facet normal 0 0 -1
    outer loop
      vertex 25.9429 37.8561 36.9
      vertex 28.2797 36.7164 36.9
      vertex 28.0874 36.3038 36.9
    endloop
  endfacet
  facet normal 0 0 -1
    outer loop
      vertex 30.0108 39.382 36.9
      vertex 28.0191 41.0532 36.9
      vertex 28.3772 41.4652 36.9
    endloop
  endfacet
  facet normal 0 0 -1
    outer loop
      vertex 25.7122 37.3614 36.9
      vertex 28.0874 36.3038 36.9
      vertex 27.9095 35.8849 36.9
    endloop
  endfacet
  facet normal 0 0 -1
    outer loop
      vertex 25.4988 36.8588 36.9
      vertex 27.9095 35.8849 36.9
      vertex 27.7464 35.4599 36.9
    endloop
  endfacet
  facet normal 0 0 -1
    outer loop
      vertex 29.7243 39.0282 36.9
      vertex 27.6755 40.6289 36.9
      vertex 28.0191 41.0532 36.9
    endloop
  endfacet
  facet normal 0 0 -1
    outer loop
      vertex 25.3032 36.3492 36.9
      vertex 27.7464 35.4599 36.9
      vertex 27.5982 35.0296 36.9
    endloop
  endfacet
  facet normal 0 0 -1
    outer loop
      vertex 25.1255 35.833 36.9
      vertex 27.5982 35.0296 36.9
      vertex 27.4651 34.5943 36.9
    endloop
  endfacet
  facet normal 0 0 -1
    outer loop
      vertex 24.9659 35.311 36.9
      vertex 27.4651 34.5943 36.9
      vertex 27.3473 34.1547 36.9
    endloop
  endfacet
  facet normal 0 0 -1
    outer loop
      vertex 29.4504 38.6647 36.9
      vertex 27.347 40.193 36.9
      vertex 27.6755 40.6289 36.9
    endloop
  endfacet
  facet normal 0 0 -1
    outer loop
      vertex 24.8246 34.7837 36.9
      vertex 27.3473 34.1547 36.9
      vertex 27.245 33.7112 36.9
    endloop
  endfacet
  facet normal 0 0 -1
    outer loop
      vertex 24.7018 34.2517 36.9
      vertex 27.245 33.7112 36.9
      vertex 27.1581 33.2644 36.9
    endloop
  endfacet
  facet normal 0 0 -1
    outer loop
      vertex 24.5976 33.7159 36.9
      vertex 27.1581 33.2644 36.9
      vertex 27.0869 32.8148 36.9
    endloop
  endfacet
  facet normal 0 0 -1
    outer loop
      vertex 29.1894 38.2919 36.9
      vertex 27.0339 39.7458 36.9
      vertex 27.347 40.193 36.9
    endloop
  endfacet
  facet normal 0 0 -1
    outer loop
      vertex 24.5122 33.1767 36.9
      vertex 27.0869 32.8148 36.9
      vertex 27.0314 32.3631 36.9
    endloop
  endfacet
  facet normal 0 0 -1
    outer loop
      vertex 24.4457 32.6348 36.9
      vertex 27.0314 32.3631 36.9
      vertex 27.0259 32.3 36.9
    endloop
  endfacet
  facet normal 0 0 -1
    outer loop
      vertex 24.9659 26.689 36.9
      vertex 27.4651 27.4057 36.9
      vertex 25.1255 26.167 36.9
    endloop
  endfacet
  facet normal 0 0 -1
    outer loop
      vertex 28.9415 37.9101 36.9
      vertex 26.7365 39.2879 36.9
      vertex 27.0339 39.7458 36.9
    endloop
  endfacet
  facet normal -0 0 -1
    outer loop
      vertex 27.4651 27.4057 36.9
      vertex 24.9659 26.689 36.9
      vertex 27.3473 27.8453 36.9
    endloop
  endfacet
  facet normal 0 0 -1
    outer loop
      vertex 28.707 37.52 36.9
      vertex 26.4554 38.82 36.9
      vertex 26.7365 39.2879 36.9
    endloop
  endfacet
  facet normal 0 0 -1
    outer loop
      vertex 24.8246 27.2163 36.9
      vertex 27.3473 27.8453 36.9
      vertex 24.9659 26.689 36.9
    endloop
  endfacet
  facet normal 0 0 -1
    outer loop
      vertex 28.4864 37.1219 36.9
      vertex 26.1907 38.3425 36.9
      vertex 26.4554 38.82 36.9
    endloop
  endfacet
  facet normal -0 0 -1
    outer loop
      vertex 27.3473 27.8453 36.9
      vertex 24.8246 27.2163 36.9
      vertex 27.245 28.2888 36.9
    endloop
  endfacet
  facet normal 0 0 -1
    outer loop
      vertex 28.2797 36.7164 36.9
      vertex 25.9429 37.8561 36.9
      vertex 26.1907 38.3425 36.9
    endloop
  endfacet
  facet normal 0 0 -1
    outer loop
      vertex 24.7018 27.7483 36.9
      vertex 27.245 28.2888 36.9
      vertex 24.8246 27.2163 36.9
    endloop
  endfacet
  facet normal 0 0 -1
    outer loop
      vertex 28.0874 36.3038 36.9
      vertex 25.7122 37.3614 36.9
      vertex 25.9429 37.8561 36.9
    endloop
  endfacet
  facet normal -0 0 -1
    outer loop
      vertex 27.245 28.2888 36.9
      vertex 24.7018 27.7483 36.9
      vertex 27.1581 28.7356 36.9
    endloop
  endfacet
  facet normal 0 0 -1
    outer loop
      vertex 27.9095 35.8849 36.9
      vertex 25.4988 36.8588 36.9
      vertex 25.7122 37.3614 36.9
    endloop
  endfacet
  facet normal 0 0 -1
    outer loop
      vertex 24.5976 28.2841 36.9
      vertex 27.1581 28.7356 36.9
      vertex 24.7018 27.7483 36.9
    endloop
  endfacet
  facet normal 0 0 -1
    outer loop
      vertex 27.7464 35.4599 36.9
      vertex 25.3032 36.3492 36.9
      vertex 25.4988 36.8588 36.9
    endloop
  endfacet
  facet normal -0 0 -1
    outer loop
      vertex 27.1581 28.7356 36.9
      vertex 24.5976 28.2841 36.9
      vertex 27.0869 29.1852 36.9
    endloop
  endfacet
  facet normal 0 0 -1
    outer loop
      vertex 27.5982 35.0296 36.9
      vertex 25.1255 35.833 36.9
      vertex 25.3032 36.3492 36.9
    endloop
  endfacet
  facet normal 0 0 -1
    outer loop
      vertex 24.5122 28.8233 36.9
      vertex 27.0869 29.1852 36.9
      vertex 24.5976 28.2841 36.9
    endloop
  endfacet
  facet normal 0 0 -1
    outer loop
      vertex 27.4651 34.5943 36.9
      vertex 24.9659 35.311 36.9
      vertex 25.1255 35.833 36.9
    endloop
  endfacet
  facet normal -0 0 -1
    outer loop
      vertex 27.0869 29.1852 36.9
      vertex 24.5122 28.8233 36.9
      vertex 27.0314 29.6369 36.9
    endloop
  endfacet
  facet normal 0 0 -1
    outer loop
      vertex 27.3473 34.1547 36.9
      vertex 24.8246 34.7837 36.9
      vertex 24.9659 35.311 36.9
    endloop
  endfacet
  facet normal 0 0 -1
    outer loop
      vertex 24.4457 29.3652 36.9
      vertex 27.0314 29.6369 36.9
      vertex 24.5122 28.8233 36.9
    endloop
  endfacet
  facet normal 0 0 -1
    outer loop
      vertex 27.245 33.7112 36.9
      vertex 24.7018 34.2517 36.9
      vertex 24.8246 34.7837 36.9
    endloop
  endfacet
  facet normal -0 0 -1
    outer loop
      vertex 27.0314 29.6369 36.9
      vertex 24.4457 29.3652 36.9
      vertex 27.0259 29.7 36.9
    endloop
  endfacet
  facet normal 0 0 -1
    outer loop
      vertex 27.1581 33.2644 36.9
      vertex 24.5976 33.7159 36.9
      vertex 24.7018 34.2517 36.9
    endloop
  endfacet
  facet normal 0 0 -1
    outer loop
      vertex 24.4164 29.7 36.9
      vertex 27.0259 29.7 36.9
      vertex 24.4457 29.3652 36.9
    endloop
  endfacet
  facet normal 0 0 -1
    outer loop
      vertex 27.0869 32.8148 36.9
      vertex 24.5122 33.1767 36.9
      vertex 24.5976 33.7159 36.9
    endloop
  endfacet
  facet normal 0 0 -1
    outer loop
      vertex 27.0259 29.7 36.9
      vertex 24.4164 29.7 36.9
      vertex 27.0259 32.3 36.9
    endloop
  endfacet
  facet normal 0 0 -1
    outer loop
      vertex 27.0314 32.3631 36.9
      vertex 24.4457 32.6348 36.9
      vertex 24.5122 33.1767 36.9
    endloop
  endfacet
  facet normal 0 0 -1
    outer loop
      vertex 24.4164 32.3 36.9
      vertex 27.0259 32.3 36.9
      vertex 24.4164 29.7 36.9
    endloop
  endfacet
  facet normal 0 0 -1
    outer loop
      vertex 27.0259 32.3 36.9
      vertex 24.4164 32.3 36.9
      vertex 24.4457 32.6348 36.9
    endloop
  endfacet
  facet normal 0 0 -1
    outer loop
      vertex 17.014 30.1973 36.9
      vertex 24.4164 29.7 36.9
      vertex 17.0401 29.7 36.9
    endloop
  endfacet
  facet normal 0 0 -1
    outer loop
      vertex 17 31 36.9
      vertex 24.4164 29.7 36.9
      vertex 17.014 30.1973 36.9
    endloop
  endfacet
  facet normal 0 0 -1
    outer loop
      vertex 24.4164 29.7 36.9
      vertex 17 31 36.9
      vertex 24.4164 32.3 36.9
    endloop
  endfacet
  facet normal -0 0 -1
    outer loop
      vertex 24.4164 32.3 36.9
      vertex 17.014 31.8027 36.9
      vertex 17.0401 32.3 36.9
    endloop
  endfacet
  facet normal 0 0 -1
    outer loop
      vertex 24.4164 32.3 36.9
      vertex 17 31 36.9
      vertex 17.014 31.8027 36.9
    endloop
  endfacet
  facet normal -0 0 -1
    outer loop
      vertex 31.9718 20.7243 36.9
      vertex 30.3711 18.6755 36.9
      vertex 31.618 21.0108 36.9
    endloop
  endfacet
  facet normal 0 0 -1
    outer loop
      vertex 29.9468 19.0191 36.9
      vertex 31.618 21.0108 36.9
      vertex 30.3711 18.6755 36.9
    endloop
  endfacet
  facet normal -0 0 -1
    outer loop
      vertex 31.618 21.0108 36.9
      vertex 29.9468 19.0191 36.9
      vertex 31.2745 21.3094 36.9
    endloop
  endfacet
  facet normal 0 0 -1
    outer loop
      vertex 29.5348 19.3772 36.9
      vertex 31.2745 21.3094 36.9
      vertex 29.9468 19.0191 36.9
    endloop
  endfacet
  facet normal -0 0 -1
    outer loop
      vertex 31.2745 21.3094 36.9
      vertex 29.5348 19.3772 36.9
      vertex 30.9417 21.6198 36.9
    endloop
  endfacet
  facet normal 0 0 -1
    outer loop
      vertex 29.1355 19.7495 36.9
      vertex 30.9417 21.6198 36.9
      vertex 29.5348 19.3772 36.9
    endloop
  endfacet
  facet normal -0 0 -1
    outer loop
      vertex 30.9417 21.6198 36.9
      vertex 29.1355 19.7495 36.9
      vertex 30.6198 21.9417 36.9
    endloop
  endfacet
  facet normal 0 0 -1
    outer loop
      vertex 28.7495 20.1355 36.9
      vertex 30.6198 21.9417 36.9
      vertex 29.1355 19.7495 36.9
    endloop
  endfacet
  facet normal -0 0 -1
    outer loop
      vertex 30.6198 21.9417 36.9
      vertex 28.7495 20.1355 36.9
      vertex 30.3094 22.2745 36.9
    endloop
  endfacet
  facet normal 0 0 -1
    outer loop
      vertex 28.3772 20.5348 36.9
      vertex 30.3094 22.2745 36.9
      vertex 28.7495 20.1355 36.9
    endloop
  endfacet
  facet normal -0 0 -1
    outer loop
      vertex 30.3094 22.2745 36.9
      vertex 28.3772 20.5348 36.9
      vertex 30.0108 22.618 36.9
    endloop
  endfacet
  facet normal 0 0 -1
    outer loop
      vertex 28.0191 20.9468 36.9
      vertex 30.0108 22.618 36.9
      vertex 28.3772 20.5348 36.9
    endloop
  endfacet
  facet normal -0 0 -1
    outer loop
      vertex 30.0108 22.618 36.9
      vertex 28.0191 20.9468 36.9
      vertex 29.7243 22.9718 36.9
    endloop
  endfacet
  facet normal 0 0 -1
    outer loop
      vertex 27.6755 21.3711 36.9
      vertex 29.7243 22.9718 36.9
      vertex 28.0191 20.9468 36.9
    endloop
  endfacet
  facet normal -0 0 -1
    outer loop
      vertex 29.7243 22.9718 36.9
      vertex 27.6755 21.3711 36.9
      vertex 29.4504 23.3353 36.9
    endloop
  endfacet
  facet normal 0 0 -1
    outer loop
      vertex 27.347 21.807 36.9
      vertex 29.4504 23.3353 36.9
      vertex 27.6755 21.3711 36.9
    endloop
  endfacet
  facet normal -0 0 -1
    outer loop
      vertex 29.4504 23.3353 36.9
      vertex 27.347 21.807 36.9
      vertex 29.1894 23.7081 36.9
    endloop
  endfacet
  facet normal 0 0 -1
    outer loop
      vertex 27.0339 22.2542 36.9
      vertex 29.1894 23.7081 36.9
      vertex 27.347 21.807 36.9
    endloop
  endfacet
  facet normal -0 0 -1
    outer loop
      vertex 29.1894 23.7081 36.9
      vertex 27.0339 22.2542 36.9
      vertex 28.9415 24.0899 36.9
    endloop
  endfacet
  facet normal 0 0 -1
    outer loop
      vertex 26.7365 22.7121 36.9
      vertex 28.9415 24.0899 36.9
      vertex 27.0339 22.2542 36.9
    endloop
  endfacet
  facet normal -0 0 -1
    outer loop
      vertex 28.9415 24.0899 36.9
      vertex 26.7365 22.7121 36.9
      vertex 28.707 24.48 36.9
    endloop
  endfacet
  facet normal 0 0 -1
    outer loop
      vertex 26.4554 23.18 36.9
      vertex 28.707 24.48 36.9
      vertex 26.7365 22.7121 36.9
    endloop
  endfacet
  facet normal -0 0 -1
    outer loop
      vertex 28.707 24.48 36.9
      vertex 26.4554 23.18 36.9
      vertex 28.4864 24.8781 36.9
    endloop
  endfacet
  facet normal 0 0 -1
    outer loop
      vertex 26.1907 23.6575 36.9
      vertex 28.4864 24.8781 36.9
      vertex 26.4554 23.18 36.9
    endloop
  endfacet
  facet normal -0 0 -1
    outer loop
      vertex 28.4864 24.8781 36.9
      vertex 26.1907 23.6575 36.9
      vertex 28.2797 25.2836 36.9
    endloop
  endfacet
  facet normal 0 0 -1
    outer loop
      vertex 25.9429 24.1439 36.9
      vertex 28.2797 25.2836 36.9
      vertex 26.1907 23.6575 36.9
    endloop
  endfacet
  facet normal -0 0 -1
    outer loop
      vertex 28.2797 25.2836 36.9
      vertex 25.9429 24.1439 36.9
      vertex 28.0874 25.6962 36.9
    endloop
  endfacet
  facet normal 0 0 -1
    outer loop
      vertex 25.7122 24.6386 36.9
      vertex 28.0874 25.6962 36.9
      vertex 25.9429 24.1439 36.9
    endloop
  endfacet
  facet normal -0 0 -1
    outer loop
      vertex 28.0874 25.6962 36.9
      vertex 25.7122 24.6386 36.9
      vertex 27.9095 26.1151 36.9
    endloop
  endfacet
  facet normal 0 0 -1
    outer loop
      vertex 25.4988 25.1412 36.9
      vertex 27.9095 26.1151 36.9
      vertex 25.7122 24.6386 36.9
    endloop
  endfacet
  facet normal -0 0 -1
    outer loop
      vertex 27.9095 26.1151 36.9
      vertex 25.4988 25.1412 36.9
      vertex 27.7464 26.5401 36.9
    endloop
  endfacet
  facet normal 0 0 -1
    outer loop
      vertex 25.3032 25.6508 36.9
      vertex 27.7464 26.5401 36.9
      vertex 25.4988 25.1412 36.9
    endloop
  endfacet
  facet normal -0 0 -1
    outer loop
      vertex 27.7464 26.5401 36.9
      vertex 25.3032 25.6508 36.9
      vertex 27.5982 26.9704 36.9
    endloop
  endfacet
  facet normal -0 0 -1
    outer loop
      vertex 27.5982 26.9704 36.9
      vertex 25.1255 26.167 36.9
      vertex 27.4651 27.4057 36.9
    endloop
  endfacet
  facet normal 0 0 -1
    outer loop
      vertex 25.1255 26.167 36.9
      vertex 27.5982 26.9704 36.9
      vertex 25.3032 25.6508 36.9
    endloop
  endfacet
  facet normal 0 0 -1
    outer loop
      vertex 36.799 28.7721 36.9
      vertex 37.0359 33.534 36.9
      vertex 37.0359 28.466 36.9
    endloop
  endfacet
  facet normal 0 0 -1
    outer loop
      vertex 36.799 28.7721 36.9
      vertex 36.799 33.2279 36.9
      vertex 37.0359 33.534 36.9
    endloop
  endfacet
  facet normal 0 0 -1
    outer loop
      vertex 36.59 29.1073 36.9
      vertex 36.799 33.2279 36.9
      vertex 36.799 28.7721 36.9
    endloop
  endfacet
  facet normal 0 0 -1
    outer loop
      vertex 36.59 29.1073 36.9
      vertex 36.59 32.8927 36.9
      vertex 36.799 33.2279 36.9
    endloop
  endfacet
  facet normal 0 0 -1
    outer loop
      vertex 36.3279 29.7 36.9
      vertex 36.59 29.1073 36.9
      vertex 36.4161 29.462 36.9
    endloop
  endfacet
  facet normal 0 0 -1
    outer loop
      vertex 36.59 29.1073 36.9
      vertex 36.3279 29.7 36.9
      vertex 36.59 32.8927 36.9
    endloop
  endfacet
  facet normal 0 0 -1
    outer loop
      vertex 36.3279 32.3 36.9
      vertex 36.59 32.8927 36.9
      vertex 36.3279 29.7 36.9
    endloop
  endfacet
  facet normal 0 0 -1
    outer loop
      vertex 36.59 32.8927 36.9
      vertex 36.3279 32.3 36.9
      vertex 36.4161 32.538 36.9
    endloop
  endfacet
  facet normal 0 0 -1
    outer loop
      vertex 27.0259 29.7 36.9
      vertex 36.3279 32.3 36.9
      vertex 36.3279 29.7 36.9
    endloop
  endfacet
  facet normal -0 0 -1
    outer loop
      vertex 36.3279 32.3 36.9
      vertex 27.0259 29.7 36.9
      vertex 27.0259 32.3 36.9
    endloop
  endfacet
  facet normal 0 0 -1
    outer loop
      vertex 37.0359 33.534 36.9
      vertex 39.2896 34.8304 36.9
      vertex 37.0359 28.466 36.9
    endloop
  endfacet
  facet normal 0 0 -1
    outer loop
      vertex 37.0359 33.534 36.9
      vertex 34.6388 42.8859 36.9
      vertex 39.2896 34.8304 36.9
    endloop
  endfacet
  facet normal 0 0 -1
    outer loop
      vertex 34.6962 42.9126 36.9
      vertex 33.6386 45.2878 36.9
      vertex 34.1412 45.5012 36.9
    endloop
  endfacet
  facet normal 0 0 -1
    outer loop
      vertex 32.3871 41.5859 36.9
      vertex 34.6388 42.8859 36.9
      vertex 37.0359 33.534 36.9
    endloop
  endfacet
  facet normal 0 -0 -1
    outer loop
      vertex 33.334 45.1458 36.9
      vertex 34.6388 42.8859 36.9
      vertex 32.3871 41.5859 36.9
    endloop
  endfacet
  facet normal 0 0 -1
    outer loop
      vertex 34.6388 42.8859 36.9
      vertex 33.334 45.1458 36.9
      vertex 33.6386 45.2878 36.9
    endloop
  endfacet
  facet normal 0 0 -1
    outer loop
      vertex 31.0824 43.8458 36.9
      vertex 32.3871 41.5859 36.9
      vertex 32.3353 41.5496 36.9
    endloop
  endfacet
  facet normal 0 0 -1
    outer loop
      vertex 31.0824 43.8458 36.9
      vertex 32.3353 41.5496 36.9
      vertex 31.9718 41.2757 36.9
    endloop
  endfacet
  facet normal 0 0 -1
    outer loop
      vertex 31.0824 43.8458 36.9
      vertex 31.9718 41.2757 36.9
      vertex 31.618 40.9892 36.9
    endloop
  endfacet
  facet normal 0 0 -1
    outer loop
      vertex 31.0824 43.8458 36.9
      vertex 31.618 40.9892 36.9
      vertex 31.2745 40.6906 36.9
    endloop
  endfacet
  facet normal 0 0 -1
    outer loop
      vertex 32.3871 41.5859 36.9
      vertex 31.0824 43.8458 36.9
      vertex 33.334 45.1458 36.9
    endloop
  endfacet
  facet normal 0 0 -1
    outer loop
      vertex 28.5 50.9186 36.9
      vertex 33.334 45.1458 36.9
      vertex 31.0824 43.8458 36.9
    endloop
  endfacet
  facet normal 0 0 -1
    outer loop
      vertex 33.334 45.1458 36.9
      vertex 29.2022 51.3078 36.9
      vertex 29.6459 51.5339 36.9
    endloop
  endfacet
  facet normal 0 0 -1
    outer loop
      vertex 33.334 45.1458 36.9
      vertex 28.5 50.9186 36.9
      vertex 29.2022 51.3078 36.9
    endloop
  endfacet
  facet normal 0 0 -1
    outer loop
      vertex 31.0824 43.8458 36.9
      vertex 27.8119 50.5051 36.9
      vertex 28.5 50.9186 36.9
    endloop
  endfacet
  facet normal 0 -0 -1
    outer loop
      vertex 27.8119 50.5051 36.9
      vertex 31.0824 43.8458 36.9
      vertex 27.3942 50.2339 36.9
    endloop
  endfacet
  facet normal 0 0 -1
    outer loop
      vertex 44.8849 18.9095 36.9
      vertex 45.8588 16.4988 36.9
      vertex 45.3492 16.3032 36.9
    endloop
  endfacet
  facet normal 0 0 -1
    outer loop
      vertex 46.3614 16.7122 36.9
      vertex 45.3038 19.0874 36.9
      vertex 45.3612 19.1141 36.9
    endloop
  endfacet
  facet normal 0 0 -1
    outer loop
      vertex 45.8588 16.4988 36.9
      vertex 44.8849 18.9095 36.9
      vertex 45.3038 19.0874 36.9
    endloop
  endfacet
  facet normal 0 0 -1
    outer loop
      vertex 44.4599 18.7464 36.9
      vertex 45.3492 16.3032 36.9
      vertex 44.833 16.1255 36.9
    endloop
  endfacet
  facet normal 0 0 -1
    outer loop
      vertex 45.3492 16.3032 36.9
      vertex 44.4599 18.7464 36.9
      vertex 44.8849 18.9095 36.9
    endloop
  endfacet
  facet normal 0 0 -1
    outer loop
      vertex 44.0296 18.5982 36.9
      vertex 44.833 16.1255 36.9
      vertex 44.311 15.9659 36.9
    endloop
  endfacet
  facet normal 0 0 -1
    outer loop
      vertex 44.833 16.1255 36.9
      vertex 44.0296 18.5982 36.9
      vertex 44.4599 18.7464 36.9
    endloop
  endfacet
  facet normal 0 0 -1
    outer loop
      vertex 43.5943 18.4651 36.9
      vertex 44.311 15.9659 36.9
      vertex 43.7837 15.8246 36.9
    endloop
  endfacet
  facet normal 0 0 -1
    outer loop
      vertex 44.311 15.9659 36.9
      vertex 43.5943 18.4651 36.9
      vertex 44.0296 18.5982 36.9
    endloop
  endfacet
  facet normal 0 0 -1
    outer loop
      vertex 43.1547 18.3473 36.9
      vertex 43.7837 15.8246 36.9
      vertex 43.2517 15.7018 36.9
    endloop
  endfacet
  facet normal 0 0 -1
    outer loop
      vertex 43.7837 15.8246 36.9
      vertex 43.1547 18.3473 36.9
      vertex 43.5943 18.4651 36.9
    endloop
  endfacet
  facet normal 0 0 -1
    outer loop
      vertex 42.7112 18.245 36.9
      vertex 43.2517 15.7018 36.9
      vertex 42.7159 15.5976 36.9
    endloop
  endfacet
  facet normal 0 0 -1
    outer loop
      vertex 43.2517 15.7018 36.9
      vertex 42.7112 18.245 36.9
      vertex 43.1547 18.3473 36.9
    endloop
  endfacet
  facet normal 0 0 -1
    outer loop
      vertex 42.7159 15.5976 36.9
      vertex 42.2644 18.1581 36.9
      vertex 42.7112 18.245 36.9
    endloop
  endfacet
  facet normal 0 0 -1
    outer loop
      vertex 42.1767 15.5122 36.9
      vertex 42.2644 18.1581 36.9
      vertex 42.7159 15.5976 36.9
    endloop
  endfacet
  facet normal 0 0 -1
    outer loop
      vertex 42.1767 15.5122 36.9
      vertex 41.8148 18.0869 36.9
      vertex 42.2644 18.1581 36.9
    endloop
  endfacet
  facet normal 0 0 -1
    outer loop
      vertex 41.6348 15.4457 36.9
      vertex 41.8148 18.0869 36.9
      vertex 42.1767 15.5122 36.9
    endloop
  endfacet
  facet normal 0 0 -1
    outer loop
      vertex 41.6348 15.4457 36.9
      vertex 41.3631 18.0314 36.9
      vertex 41.8148 18.0869 36.9
    endloop
  endfacet
  facet normal 0 0 -1
    outer loop
      vertex 41.091 15.3981 36.9
      vertex 41.3631 18.0314 36.9
      vertex 41.6348 15.4457 36.9
    endloop
  endfacet
  facet normal 0 0 -1
    outer loop
      vertex 41.091 15.3981 36.9
      vertex 40.9096 17.9918 36.9
      vertex 41.3631 18.0314 36.9
    endloop
  endfacet
  facet normal 0 0 -1
    outer loop
      vertex 40.5458 15.3695 36.9
      vertex 40.9096 17.9918 36.9
      vertex 41.091 15.3981 36.9
    endloop
  endfacet
  facet normal 0 0 -1
    outer loop
      vertex 40.5458 15.3695 36.9
      vertex 40.4551 17.9679 36.9
      vertex 40.9096 17.9918 36.9
    endloop
  endfacet
  facet normal 0 0 -1
    outer loop
      vertex 40 15.36 36.9
      vertex 40.4551 17.9679 36.9
      vertex 40.5458 15.3695 36.9
    endloop
  endfacet
  facet normal 0 0 -1
    outer loop
      vertex 40 15.36 36.9
      vertex 40 17.96 36.9
      vertex 40.4551 17.9679 36.9
    endloop
  endfacet
  facet normal 0 0 -1
    outer loop
      vertex 40 15.36 36.9
      vertex 39.5449 17.9679 36.9
      vertex 40 17.96 36.9
    endloop
  endfacet
  facet normal 0 0 -1
    outer loop
      vertex 39.4542 15.3695 36.9
      vertex 39.5449 17.9679 36.9
      vertex 40 15.36 36.9
    endloop
  endfacet
  facet normal 0 0 -1
    outer loop
      vertex 39.4542 15.3695 36.9
      vertex 39.0904 17.9918 36.9
      vertex 39.5449 17.9679 36.9
    endloop
  endfacet
  facet normal 0 0 -1
    outer loop
      vertex 38.909 15.3981 36.9
      vertex 39.0904 17.9918 36.9
      vertex 39.4542 15.3695 36.9
    endloop
  endfacet
  facet normal 0 0 -1
    outer loop
      vertex 38.909 15.3981 36.9
      vertex 38.6369 18.0314 36.9
      vertex 39.0904 17.9918 36.9
    endloop
  endfacet
  facet normal 0 0 -1
    outer loop
      vertex 38.3652 15.4457 36.9
      vertex 38.6369 18.0314 36.9
      vertex 38.909 15.3981 36.9
    endloop
  endfacet
  facet normal 0 0 -1
    outer loop
      vertex 38.3652 15.4457 36.9
      vertex 38.1852 18.0869 36.9
      vertex 38.6369 18.0314 36.9
    endloop
  endfacet
  facet normal 0 0 -1
    outer loop
      vertex 37.8233 15.5122 36.9
      vertex 38.1852 18.0869 36.9
      vertex 38.3652 15.4457 36.9
    endloop
  endfacet
  facet normal 0 0 -1
    outer loop
      vertex 37.8233 15.5122 36.9
      vertex 37.7356 18.1581 36.9
      vertex 38.1852 18.0869 36.9
    endloop
  endfacet
  facet normal 0 0 -1
    outer loop
      vertex 37.2841 15.5976 36.9
      vertex 37.7356 18.1581 36.9
      vertex 37.8233 15.5122 36.9
    endloop
  endfacet
  facet normal -0 0 -1
    outer loop
      vertex 37.7356 18.1581 36.9
      vertex 37.2841 15.5976 36.9
      vertex 37.2888 18.245 36.9
    endloop
  endfacet
  facet normal 0 0 -1
    outer loop
      vertex 36.7483 15.7018 36.9
      vertex 37.2888 18.245 36.9
      vertex 37.2841 15.5976 36.9
    endloop
  endfacet
  facet normal -0 0 -1
    outer loop
      vertex 37.2888 18.245 36.9
      vertex 36.7483 15.7018 36.9
      vertex 36.8453 18.3473 36.9
    endloop
  endfacet
  facet normal 0 0 -1
    outer loop
      vertex 36.2163 15.8246 36.9
      vertex 36.8453 18.3473 36.9
      vertex 36.7483 15.7018 36.9
    endloop
  endfacet
  facet normal -0 0 -1
    outer loop
      vertex 36.8453 18.3473 36.9
      vertex 36.2163 15.8246 36.9
      vertex 36.4057 18.4651 36.9
    endloop
  endfacet
  facet normal 0 0 -1
    outer loop
      vertex 35.689 15.9659 36.9
      vertex 36.4057 18.4651 36.9
      vertex 36.2163 15.8246 36.9
    endloop
  endfacet
  facet normal -0 0 -1
    outer loop
      vertex 36.4057 18.4651 36.9
      vertex 35.689 15.9659 36.9
      vertex 35.9704 18.5982 36.9
    endloop
  endfacet
  facet normal 0 0 -1
    outer loop
      vertex 35.167 16.1255 36.9
      vertex 35.9704 18.5982 36.9
      vertex 35.689 15.9659 36.9
    endloop
  endfacet
  facet normal -0 0 -1
    outer loop
      vertex 35.9704 18.5982 36.9
      vertex 35.167 16.1255 36.9
      vertex 35.5401 18.7464 36.9
    endloop
  endfacet
  facet normal 0 0 -1
    outer loop
      vertex 34.6508 16.3032 36.9
      vertex 35.5401 18.7464 36.9
      vertex 35.167 16.1255 36.9
    endloop
  endfacet
  facet normal -0 0 -1
    outer loop
      vertex 35.5401 18.7464 36.9
      vertex 34.6508 16.3032 36.9
      vertex 35.1151 18.9095 36.9
    endloop
  endfacet
  facet normal 0 0 -1
    outer loop
      vertex 34.1412 16.4988 36.9
      vertex 35.1151 18.9095 36.9
      vertex 34.6508 16.3032 36.9
    endloop
  endfacet
  facet normal -0 0 -1
    outer loop
      vertex 35.1151 18.9095 36.9
      vertex 34.1412 16.4988 36.9
      vertex 34.6962 19.0874 36.9
    endloop
  endfacet
  facet normal 0 0 -1
    outer loop
      vertex 33.6386 16.7122 36.9
      vertex 34.6962 19.0874 36.9
      vertex 34.1412 16.4988 36.9
    endloop
  endfacet
  facet normal -0 0 -1
    outer loop
      vertex 46.3614 45.2878 36.9
      vertex 45.3038 42.9126 36.9
      vertex 45.8588 45.5012 36.9
    endloop
  endfacet
  facet normal 0 0 -1
    outer loop
      vertex 44.8849 43.0905 36.9
      vertex 45.8588 45.5012 36.9
      vertex 45.3038 42.9126 36.9
    endloop
  endfacet
  facet normal -0 0 -1
    outer loop
      vertex 45.8588 45.5012 36.9
      vertex 44.8849 43.0905 36.9
      vertex 45.3492 45.6968 36.9
    endloop
  endfacet
  facet normal 0 0 -1
    outer loop
      vertex 44.4599 43.2536 36.9
      vertex 45.3492 45.6968 36.9
      vertex 44.8849 43.0905 36.9
    endloop
  endfacet
  facet normal -0 0 -1
    outer loop
      vertex 45.3492 45.6968 36.9
      vertex 44.4599 43.2536 36.9
      vertex 44.833 45.8745 36.9
    endloop
  endfacet
  facet normal 0 0 -1
    outer loop
      vertex 44.0296 43.4018 36.9
      vertex 44.833 45.8745 36.9
      vertex 44.4599 43.2536 36.9
    endloop
  endfacet
  facet normal -0 0 -1
    outer loop
      vertex 44.833 45.8745 36.9
      vertex 44.0296 43.4018 36.9
      vertex 44.311 46.0341 36.9
    endloop
  endfacet
  facet normal 0 0 -1
    outer loop
      vertex 43.5943 43.5349 36.9
      vertex 44.311 46.0341 36.9
      vertex 44.0296 43.4018 36.9
    endloop
  endfacet
  facet normal -0 0 -1
    outer loop
      vertex 44.311 46.0341 36.9
      vertex 43.5943 43.5349 36.9
      vertex 43.7837 46.1754 36.9
    endloop
  endfacet
  facet normal 0 0 -1
    outer loop
      vertex 43.1547 43.6527 36.9
      vertex 43.7837 46.1754 36.9
      vertex 43.5943 43.5349 36.9
    endloop
  endfacet
  facet normal -0 0 -1
    outer loop
      vertex 43.7837 46.1754 36.9
      vertex 43.1547 43.6527 36.9
      vertex 43.2517 46.2982 36.9
    endloop
  endfacet
  facet normal 0 0 -1
    outer loop
      vertex 42.7112 43.755 36.9
      vertex 43.2517 46.2982 36.9
      vertex 43.1547 43.6527 36.9
    endloop
  endfacet
  facet normal -0 0 -1
    outer loop
      vertex 43.2517 46.2982 36.9
      vertex 42.7112 43.755 36.9
      vertex 42.7159 46.4024 36.9
    endloop
  endfacet
  facet normal 0 0 -1
    outer loop
      vertex 42.2644 43.8419 36.9
      vertex 42.7159 46.4024 36.9
      vertex 42.7112 43.755 36.9
    endloop
  endfacet
  facet normal 0 0 -1
    outer loop
      vertex 42.2644 43.8419 36.9
      vertex 42.1767 46.4878 36.9
      vertex 42.7159 46.4024 36.9
    endloop
  endfacet
  facet normal 0 0 -1
    outer loop
      vertex 41.8148 43.9131 36.9
      vertex 42.1767 46.4878 36.9
      vertex 42.2644 43.8419 36.9
    endloop
  endfacet
  facet normal 0 0 -1
    outer loop
      vertex 41.8148 43.9131 36.9
      vertex 41.6348 46.5543 36.9
      vertex 42.1767 46.4878 36.9
    endloop
  endfacet
  facet normal 0 0 -1
    outer loop
      vertex 41.3631 43.9686 36.9
      vertex 41.6348 46.5543 36.9
      vertex 41.8148 43.9131 36.9
    endloop
  endfacet
  facet normal 0 0 -1
    outer loop
      vertex 41.3631 43.9686 36.9
      vertex 41.091 46.6019 36.9
      vertex 41.6348 46.5543 36.9
    endloop
  endfacet
  facet normal 0 0 -1
    outer loop
      vertex 40.9096 44.0082 36.9
      vertex 41.091 46.6019 36.9
      vertex 41.3631 43.9686 36.9
    endloop
  endfacet
  facet normal 0 0 -1
    outer loop
      vertex 40.9096 44.0082 36.9
      vertex 40.5458 46.6305 36.9
      vertex 41.091 46.6019 36.9
    endloop
  endfacet
  facet normal 0 0 -1
    outer loop
      vertex 40.4551 44.0321 36.9
      vertex 40.5458 46.6305 36.9
      vertex 40.9096 44.0082 36.9
    endloop
  endfacet
  facet normal 0 0 -1
    outer loop
      vertex 40 44.04 36.9
      vertex 40.5458 46.6305 36.9
      vertex 40.4551 44.0321 36.9
    endloop
  endfacet
  facet normal 0 0 -1
    outer loop
      vertex 40 44.04 36.9
      vertex 40 46.64 36.9
      vertex 40.5458 46.6305 36.9
    endloop
  endfacet
  facet normal 0 0 -1
    outer loop
      vertex 39.5449 44.0321 36.9
      vertex 40 46.64 36.9
      vertex 40 44.04 36.9
    endloop
  endfacet
  facet normal 0 0 -1
    outer loop
      vertex 39.5449 44.0321 36.9
      vertex 39.4542 46.6305 36.9
      vertex 40 46.64 36.9
    endloop
  endfacet
  facet normal 0 0 -1
    outer loop
      vertex 39.0904 44.0082 36.9
      vertex 39.4542 46.6305 36.9
      vertex 39.5449 44.0321 36.9
    endloop
  endfacet
  facet normal 0 0 -1
    outer loop
      vertex 39.0904 44.0082 36.9
      vertex 38.909 46.6019 36.9
      vertex 39.4542 46.6305 36.9
    endloop
  endfacet
  facet normal 0 0 -1
    outer loop
      vertex 38.6369 43.9686 36.9
      vertex 38.909 46.6019 36.9
      vertex 39.0904 44.0082 36.9
    endloop
  endfacet
  facet normal 0 0 -1
    outer loop
      vertex 38.6369 43.9686 36.9
      vertex 38.3652 46.5543 36.9
      vertex 38.909 46.6019 36.9
    endloop
  endfacet
  facet normal 0 0 -1
    outer loop
      vertex 38.1852 43.9131 36.9
      vertex 38.3652 46.5543 36.9
      vertex 38.6369 43.9686 36.9
    endloop
  endfacet
  facet normal 0 0 -1
    outer loop
      vertex 38.1852 43.9131 36.9
      vertex 37.8233 46.4878 36.9
      vertex 38.3652 46.5543 36.9
    endloop
  endfacet
  facet normal 0 0 -1
    outer loop
      vertex 37.7356 43.8419 36.9
      vertex 37.8233 46.4878 36.9
      vertex 38.1852 43.9131 36.9
    endloop
  endfacet
  facet normal 0 0 -1
    outer loop
      vertex 37.2841 46.4024 36.9
      vertex 37.7356 43.8419 36.9
      vertex 37.2888 43.755 36.9
    endloop
  endfacet
  facet normal 0 0 -1
    outer loop
      vertex 37.7356 43.8419 36.9
      vertex 37.2841 46.4024 36.9
      vertex 37.8233 46.4878 36.9
    endloop
  endfacet
  facet normal 0 0 -1
    outer loop
      vertex 36.7483 46.2982 36.9
      vertex 37.2888 43.755 36.9
      vertex 36.8453 43.6527 36.9
    endloop
  endfacet
  facet normal 0 0 -1
    outer loop
      vertex 37.2888 43.755 36.9
      vertex 36.7483 46.2982 36.9
      vertex 37.2841 46.4024 36.9
    endloop
  endfacet
  facet normal 0 0 -1
    outer loop
      vertex 36.2163 46.1754 36.9
      vertex 36.8453 43.6527 36.9
      vertex 36.4057 43.5349 36.9
    endloop
  endfacet
  facet normal 0 0 -1
    outer loop
      vertex 36.8453 43.6527 36.9
      vertex 36.2163 46.1754 36.9
      vertex 36.7483 46.2982 36.9
    endloop
  endfacet
  facet normal 0 0 -1
    outer loop
      vertex 35.689 46.0341 36.9
      vertex 36.4057 43.5349 36.9
      vertex 35.9704 43.4018 36.9
    endloop
  endfacet
  facet normal 0 0 -1
    outer loop
      vertex 36.4057 43.5349 36.9
      vertex 35.689 46.0341 36.9
      vertex 36.2163 46.1754 36.9
    endloop
  endfacet
  facet normal 0 0 -1
    outer loop
      vertex 35.167 45.8745 36.9
      vertex 35.9704 43.4018 36.9
      vertex 35.5401 43.2536 36.9
    endloop
  endfacet
  facet normal 0 0 -1
    outer loop
      vertex 35.9704 43.4018 36.9
      vertex 35.167 45.8745 36.9
      vertex 35.689 46.0341 36.9
    endloop
  endfacet
  facet normal 0 0 -1
    outer loop
      vertex 34.6508 45.6968 36.9
      vertex 35.5401 43.2536 36.9
      vertex 35.1151 43.0905 36.9
    endloop
  endfacet
  facet normal 0 0 -1
    outer loop
      vertex 34.1412 45.5012 36.9
      vertex 35.1151 43.0905 36.9
      vertex 34.6962 42.9126 36.9
    endloop
  endfacet
  facet normal 0 0 -1
    outer loop
      vertex 35.5401 43.2536 36.9
      vertex 34.6508 45.6968 36.9
      vertex 35.167 45.8745 36.9
    endloop
  endfacet
  facet normal 0 0 -1
    outer loop
      vertex 33.6386 45.2878 36.9
      vertex 34.6962 42.9126 36.9
      vertex 34.6388 42.8859 36.9
    endloop
  endfacet
  facet normal 0 0 -1
    outer loop
      vertex 35.1151 43.0905 36.9
      vertex 34.1412 45.5012 36.9
      vertex 34.6508 45.6968 36.9
    endloop
  endfacet
  facet normal 0 1 -0
    outer loop
      vertex 36.3279 32.3 36.9
      vertex 27.0259 32.3 39.3
      vertex 36.3279 32.3 39.3
    endloop
  endfacet
  facet normal 0 1 0
    outer loop
      vertex 27.0259 32.3 39.3
      vertex 36.3279 32.3 36.9
      vertex 27.0259 32.3 36.9
    endloop
  endfacet
  facet normal 0 1 -0
    outer loop
      vertex 52.9741 32.3 36.9
      vertex 43.6721 32.3 39.3
      vertex 52.9741 32.3 39.3
    endloop
  endfacet
  facet normal 0 1 0
    outer loop
      vertex 43.6721 32.3 39.3
      vertex 52.9741 32.3 36.9
      vertex 43.6721 32.3 36.9
    endloop
  endfacet
  facet normal 0 1 -0
    outer loop
      vertex 24.4164 32.3 36.9
      vertex 17.0401 32.3 39.3
      vertex 24.4164 32.3 39.3
    endloop
  endfacet
  facet normal 0 1 0
    outer loop
      vertex 17.0401 32.3 39.3
      vertex 24.4164 32.3 36.9
      vertex 17.0401 32.3 36.9
    endloop
  endfacet
  facet normal 0 1 -0
    outer loop
      vertex 62.9599 32.3 36.9
      vertex 55.5836 32.3 39.3
      vertex 62.9599 32.3 39.3
    endloop
  endfacet
  facet normal 0 1 0
    outer loop
      vertex 55.5836 32.3 39.3
      vertex 62.9599 32.3 36.9
      vertex 55.5836 32.3 36.9
    endloop
  endfacet
  facet normal 0 -1 0
    outer loop
      vertex 27.0259 29.7 36.9
      vertex 36.3279 29.7 39.3
      vertex 27.0259 29.7 39.3
    endloop
  endfacet
  facet normal 0 -1 -0
    outer loop
      vertex 36.3279 29.7 39.3
      vertex 27.0259 29.7 36.9
      vertex 36.3279 29.7 36.9
    endloop
  endfacet
  facet normal 0 -1 0
    outer loop
      vertex 43.6721 29.7 36.9
      vertex 52.9741 29.7 39.3
      vertex 43.6721 29.7 39.3
    endloop
  endfacet
  facet normal 0 -1 -0
    outer loop
      vertex 52.9741 29.7 39.3
      vertex 43.6721 29.7 36.9
      vertex 52.9741 29.7 36.9
    endloop
  endfacet
  facet normal 0 -1 0
    outer loop
      vertex 17.0401 29.7 36.9
      vertex 24.4164 29.7 39.3
      vertex 17.0401 29.7 39.3
    endloop
  endfacet
  facet normal 0 -1 -0
    outer loop
      vertex 24.4164 29.7 39.3
      vertex 17.0401 29.7 36.9
      vertex 24.4164 29.7 36.9
    endloop
  endfacet
  facet normal 0 -1 0
    outer loop
      vertex 55.5836 29.7 36.9
      vertex 62.9599 29.7 39.3
      vertex 55.5836 29.7 39.3
    endloop
  endfacet
  facet normal 0 -1 -0
    outer loop
      vertex 62.9599 29.7 39.3
      vertex 55.5836 29.7 36.9
      vertex 62.9599 29.7 36.9
    endloop
  endfacet
  facet normal -0.866024 0.500003 0
    outer loop
      vertex 32.3871 20.4141 36.9
      vertex 37.0359 28.466 39.3
      vertex 37.0359 28.466 36.9
    endloop
  endfacet
  facet normal -0.866024 0.500003 0
    outer loop
      vertex 37.0359 28.466 39.3
      vertex 32.3871 20.4141 36.9
      vertex 32.3871 20.4141 39.3
    endloop
  endfacet
  facet normal -0.866028 0.499996 0
    outer loop
      vertex 40.7104 34.8304 36.9
      vertex 45.3612 42.8859 39.3
      vertex 45.3612 42.8859 36.9
    endloop
  endfacet
  facet normal -0.866028 0.499996 0
    outer loop
      vertex 45.3612 42.8859 39.3
      vertex 40.7104 34.8304 36.9
      vertex 40.7104 34.8304 39.3
    endloop
  endfacet
  facet normal -0.866024 0.500003 0
    outer loop
      vertex 27.3942 11.7661 36.9
      vertex 31.0824 18.1542 39.3
      vertex 31.0824 18.1542 36.9
    endloop
  endfacet
  facet normal -0.866024 0.500003 0
    outer loop
      vertex 31.0824 18.1542 39.3
      vertex 27.3942 11.7661 36.9
      vertex 27.3942 11.7661 39.3
    endloop
  endfacet
  facet normal -0.86603 0.499993 0
    outer loop
      vertex 46.666 45.1458 36.9
      vertex 50.3541 51.5339 39.3
      vertex 50.3541 51.5339 36.9
    endloop
  endfacet
  facet normal -0.86603 0.499993 0
    outer loop
      vertex 50.3541 51.5339 39.3
      vertex 46.666 45.1458 36.9
      vertex 46.666 45.1458 39.3
    endloop
  endfacet
  facet normal 0.866028 -0.499996 0
    outer loop
      vertex 34.6388 19.1141 39.3
      vertex 39.2896 27.1696 36.9
      vertex 39.2896 27.1696 39.3
    endloop
  endfacet
  facet normal 0.866028 -0.499996 0
    outer loop
      vertex 39.2896 27.1696 36.9
      vertex 34.6388 19.1141 39.3
      vertex 34.6388 19.1141 36.9
    endloop
  endfacet
  facet normal 0.866024 -0.500003 0
    outer loop
      vertex 42.9641 33.534 39.3
      vertex 47.6129 41.5859 36.9
      vertex 47.6129 41.5859 39.3
    endloop
  endfacet
  facet normal 0.866024 -0.500003 0
    outer loop
      vertex 47.6129 41.5859 36.9
      vertex 42.9641 33.534 39.3
      vertex 42.9641 33.534 36.9
    endloop
  endfacet
  facet normal 0.86603 -0.499993 0
    outer loop
      vertex 29.6459 10.4661 39.3
      vertex 33.334 16.8542 36.9
      vertex 33.334 16.8542 39.3
    endloop
  endfacet
  facet normal 0.86603 -0.499993 0
    outer loop
      vertex 33.334 16.8542 36.9
      vertex 29.6459 10.4661 39.3
      vertex 29.6459 10.4661 36.9
    endloop
  endfacet
  facet normal 0.866024 -0.500003 0
    outer loop
      vertex 48.9176 43.8458 39.3
      vertex 52.6058 50.2339 36.9
      vertex 52.6058 50.2339 39.3
    endloop
  endfacet
  facet normal 0.866024 -0.500003 0
    outer loop
      vertex 52.6058 50.2339 36.9
      vertex 48.9176 43.8458 39.3
      vertex 48.9176 43.8458 36.9
    endloop
  endfacet
  facet normal -0.866024 -0.500003 0
    outer loop
      vertex 37.0359 33.534 36.9
      vertex 32.3871 41.5859 39.3
      vertex 32.3871 41.5859 36.9
    endloop
  endfacet
  facet normal -0.866024 -0.500003 0
    outer loop
      vertex 32.3871 41.5859 39.3
      vertex 37.0359 33.534 36.9
      vertex 37.0359 33.534 39.3
    endloop
  endfacet
  facet normal -0.866028 -0.499996 0
    outer loop
      vertex 45.3612 19.1141 36.9
      vertex 40.7104 27.1696 39.3
      vertex 40.7104 27.1696 36.9
    endloop
  endfacet
  facet normal -0.866028 -0.499996 0
    outer loop
      vertex 40.7104 27.1696 39.3
      vertex 45.3612 19.1141 36.9
      vertex 45.3612 19.1141 39.3
    endloop
  endfacet
  facet normal -0.866024 -0.500003 0
    outer loop
      vertex 31.0824 43.8458 36.9
      vertex 27.3942 50.2339 39.3
      vertex 27.3942 50.2339 36.9
    endloop
  endfacet
  facet normal -0.866024 -0.500003 0
    outer loop
      vertex 27.3942 50.2339 39.3
      vertex 31.0824 43.8458 36.9
      vertex 31.0824 43.8458 39.3
    endloop
  endfacet
  facet normal -0.86603 -0.499993 0
    outer loop
      vertex 50.3541 10.4661 36.9
      vertex 46.666 16.8542 39.3
      vertex 46.666 16.8542 36.9
    endloop
  endfacet
  facet normal -0.86603 -0.499993 0
    outer loop
      vertex 46.666 16.8542 39.3
      vertex 50.3541 10.4661 36.9
      vertex 50.3541 10.4661 39.3
    endloop
  endfacet
  facet normal 0.866028 0.499996 0
    outer loop
      vertex 39.2896 34.8304 39.3
      vertex 34.6388 42.8859 36.9
      vertex 34.6388 42.8859 39.3
    endloop
  endfacet
  facet normal 0.866028 0.499996 0
    outer loop
      vertex 34.6388 42.8859 36.9
      vertex 39.2896 34.8304 39.3
      vertex 39.2896 34.8304 36.9
    endloop
  endfacet
  facet normal 0.866024 0.500003 0
    outer loop
      vertex 47.6129 20.4141 39.3
      vertex 42.9641 28.466 36.9
      vertex 42.9641 28.466 39.3
    endloop
  endfacet
  facet normal 0.866024 0.500003 0
    outer loop
      vertex 42.9641 28.466 36.9
      vertex 47.6129 20.4141 39.3
      vertex 47.6129 20.4141 36.9
    endloop
  endfacet
  facet normal 0.86603 0.499993 0
    outer loop
      vertex 33.334 45.1458 39.3
      vertex 29.6459 51.5339 36.9
      vertex 29.6459 51.5339 39.3
    endloop
  endfacet
  facet normal 0.86603 0.499993 0
    outer loop
      vertex 29.6459 51.5339 36.9
      vertex 33.334 45.1458 39.3
      vertex 33.334 45.1458 36.9
    endloop
  endfacet
  facet normal 0.866024 0.500003 0
    outer loop
      vertex 52.6058 11.7661 39.3
      vertex 48.9176 18.1542 36.9
      vertex 48.9176 18.1542 39.3
    endloop
  endfacet
  facet normal 0.866024 0.500003 0
    outer loop
      vertex 48.9176 18.1542 36.9
      vertex 52.6058 11.7661 39.3
      vertex 52.6058 11.7661 36.9
    endloop
  endfacet
  facet normal 0.996192 0.0871817 0
    outer loop
      vertex 55.5836 32.3 39.3
      vertex 55.5543 32.6348 36.9
      vertex 55.5543 32.6348 39.3
    endloop
  endfacet
  facet normal 0.996192 0.0871817 0
    outer loop
      vertex 55.5543 32.6348 36.9
      vertex 55.5836 32.3 39.3
      vertex 55.5836 32.3 36.9
    endloop
  endfacet
  facet normal -0.987689 -0.156433 0
    outer loop
      vertex 24.5976 28.2841 36.9
      vertex 24.5122 28.8233 39.3
      vertex 24.5122 28.8233 36.9
    endloop
  endfacet
  facet normal -0.987689 -0.156433 0
    outer loop
      vertex 24.5122 28.8233 39.3
      vertex 24.5976 28.2841 36.9
      vertex 24.5976 28.2841 39.3
    endloop
  endfacet
  facet normal -0.83864 0.544686 0
    outer loop
      vertex 26.7365 39.2879 36.9
      vertex 27.0339 39.7458 39.3
      vertex 27.0339 39.7458 36.9
    endloop
  endfacet
  facet normal -0.83864 0.544686 0
    outer loop
      vertex 27.0339 39.7458 39.3
      vertex 26.7365 39.2879 36.9
      vertex 26.7365 39.2879 39.3
    endloop
  endfacet
  facet normal 0.992554 0.121803 0
    outer loop
      vertex 55.5543 32.6348 39.3
      vertex 55.4878 33.1767 36.9
      vertex 55.4878 33.1767 39.3
    endloop
  endfacet
  facet normal 0.992554 0.121803 0
    outer loop
      vertex 55.4878 33.1767 36.9
      vertex 55.5543 32.6348 39.3
      vertex 55.5543 32.6348 36.9
    endloop
  endfacet
  facet normal -0.121803 -0.992554 0
    outer loop
      vertex 37.8233 15.5122 36.9
      vertex 38.3652 15.4457 39.3
      vertex 37.8233 15.5122 39.3
    endloop
  endfacet
  facet normal -0.121803 -0.992554 -0
    outer loop
      vertex 38.3652 15.4457 39.3
      vertex 37.8233 15.5122 36.9
      vertex 38.3652 15.4457 36.9
    endloop
  endfacet
  facet normal -0.121803 0.992554 0
    outer loop
      vertex 38.3652 46.5543 36.9
      vertex 37.8233 46.4878 39.3
      vertex 38.3652 46.5543 39.3
    endloop
  endfacet
  facet normal -0.121803 0.992554 0
    outer loop
      vertex 37.8233 46.4878 39.3
      vertex 38.3652 46.5543 36.9
      vertex 37.8233 46.4878 36.9
    endloop
  endfacet
  facet normal -0.017403 0.999849 0
    outer loop
      vertex 40 46.64 36.9
      vertex 39.4542 46.6305 39.3
      vertex 40 46.64 39.3
    endloop
  endfacet
  facet normal -0.017403 0.999849 0
    outer loop
      vertex 39.4542 46.6305 39.3
      vertex 40 46.64 36.9
      vertex 39.4542 46.6305 36.9
    endloop
  endfacet
  facet normal 0.3255 0.945542 -0
    outer loop
      vertex 45.3492 45.6968 36.9
      vertex 44.833 45.8745 39.3
      vertex 45.3492 45.6968 39.3
    endloop
  endfacet
  facet normal 0.3255 0.945542 0
    outer loop
      vertex 44.833 45.8745 39.3
      vertex 45.3492 45.6968 36.9
      vertex 44.833 45.8745 36.9
    endloop
  endfacet
  facet normal 0.83864 0.544686 0
    outer loop
      vertex 53.2635 39.2879 39.3
      vertex 52.9661 39.7458 36.9
      vertex 52.9661 39.7458 39.3
    endloop
  endfacet
  facet normal 0.83864 0.544686 0
    outer loop
      vertex 52.9661 39.7458 36.9
      vertex 53.2635 39.2879 39.3
      vertex 53.2635 39.2879 36.9
    endloop
  endfacet
  facet normal 0.9563 0.292386 0
    outer loop
      vertex 55.0341 35.311 39.3
      vertex 54.8745 35.833 36.9
      vertex 54.8745 35.833 39.3
    endloop
  endfacet
  facet normal 0.9563 0.292386 0
    outer loop
      vertex 54.8745 35.833 36.9
      vertex 55.0341 35.311 39.3
      vertex 55.0341 35.311 36.9
    endloop
  endfacet
  facet normal -0.422527 0.90635 0
    outer loop
      vertex 33.6386 45.2878 36.9
      vertex 33.334 45.1458 39.3
      vertex 33.6386 45.2878 39.3
    endloop
  endfacet
  facet normal -0.422527 0.90635 0
    outer loop
      vertex 33.334 45.1458 39.3
      vertex 33.6386 45.2878 36.9
      vertex 33.334 45.1458 36.9
    endloop
  endfacet
  facet normal -0.017403 -0.999849 0
    outer loop
      vertex 39.4542 15.3695 36.9
      vertex 40 15.36 39.3
      vertex 39.4542 15.3695 39.3
    endloop
  endfacet
  facet normal -0.017403 -0.999849 -0
    outer loop
      vertex 40 15.36 39.3
      vertex 39.4542 15.3695 36.9
      vertex 40 15.36 36.9
    endloop
  endfacet
  facet normal -0.156433 0.987689 0
    outer loop
      vertex 37.8233 46.4878 36.9
      vertex 37.2841 46.4024 39.3
      vertex 37.8233 46.4878 39.3
    endloop
  endfacet
  facet normal -0.156433 0.987689 0
    outer loop
      vertex 37.2841 46.4024 39.3
      vertex 37.8233 46.4878 36.9
      vertex 37.2841 46.4024 36.9
    endloop
  endfacet
  facet normal 0.798613 0.601845 0
    outer loop
      vertex 52.653 40.193 39.3
      vertex 52.3245 40.6289 36.9
      vertex 52.3245 40.6289 39.3
    endloop
  endfacet
  facet normal 0.798613 0.601845 0
    outer loop
      vertex 52.3245 40.6289 36.9
      vertex 52.653 40.193 39.3
      vertex 52.653 40.193 36.9
    endloop
  endfacet
  facet normal 0.9563 -0.292386 0
    outer loop
      vertex 54.8745 26.167 39.3
      vertex 55.0341 26.689 36.9
      vertex 55.0341 26.689 39.3
    endloop
  endfacet
  facet normal 0.9563 -0.292386 0
    outer loop
      vertex 55.0341 26.689 36.9
      vertex 54.8745 26.167 39.3
      vertex 54.8745 26.167 36.9
    endloop
  endfacet
  facet normal 0.656011 0.754751 -0
    outer loop
      vertex 50.4652 42.6228 36.9
      vertex 50.0532 42.9809 39.3
      vertex 50.4652 42.6228 39.3
    endloop
  endfacet
  facet normal 0.656011 0.754751 0
    outer loop
      vertex 50.0532 42.9809 39.3
      vertex 50.4652 42.6228 36.9
      vertex 50.0532 42.9809 36.9
    endloop
  endfacet
  facet normal -0.0871988 0.996191 0
    outer loop
      vertex 38.909 46.6019 36.9
      vertex 38.3652 46.5543 39.3
      vertex 38.909 46.6019 39.3
    endloop
  endfacet
  facet normal -0.0871988 0.996191 0
    outer loop
      vertex 38.3652 46.5543 39.3
      vertex 38.909 46.6019 36.9
      vertex 38.3652 46.5543 36.9
    endloop
  endfacet
  facet normal 0.945542 0.3255 0
    outer loop
      vertex 54.8745 35.833 39.3
      vertex 54.6968 36.3492 36.9
      vertex 54.6968 36.3492 39.3
    endloop
  endfacet
  facet normal 0.945542 0.3255 0
    outer loop
      vertex 54.6968 36.3492 36.9
      vertex 54.8745 35.833 39.3
      vertex 54.8745 35.833 36.9
    endloop
  endfacet
  facet normal 0.573502 0.819204 -0
    outer loop
      vertex 49.193 43.653 36.9
      vertex 48.9176 43.8458 39.3
      vertex 49.193 43.653 39.3
    endloop
  endfacet
  facet normal 0.573502 0.819204 0
    outer loop
      vertex 48.9176 43.8458 39.3
      vertex 49.193 43.653 36.9
      vertex 48.9176 43.8458 36.9
    endloop
  endfacet
  facet normal 0.292386 -0.9563 0
    outer loop
      vertex 44.311 15.9659 36.9
      vertex 44.833 16.1255 39.3
      vertex 44.311 15.9659 39.3
    endloop
  endfacet
  facet normal 0.292386 -0.9563 0
    outer loop
      vertex 44.833 16.1255 39.3
      vertex 44.311 15.9659 36.9
      vertex 44.833 16.1255 36.9
    endloop
  endfacet
  facet normal 0.017403 -0.999849 0
    outer loop
      vertex 40 15.36 36.9
      vertex 40.5458 15.3695 39.3
      vertex 40 15.36 39.3
    endloop
  endfacet
  facet normal 0.017403 -0.999849 0
    outer loop
      vertex 40.5458 15.3695 39.3
      vertex 40 15.36 36.9
      vertex 40.5458 15.3695 36.9
    endloop
  endfacet
  facet normal 0.62933 0.777138 -0
    outer loop
      vertex 50.0532 42.9809 36.9
      vertex 49.6289 43.3245 39.3
      vertex 50.0532 42.9809 39.3
    endloop
  endfacet
  facet normal 0.62933 0.777138 0
    outer loop
      vertex 49.6289 43.3245 39.3
      vertex 50.0532 42.9809 36.9
      vertex 49.6289 43.3245 36.9
    endloop
  endfacet
  facet normal 0.0523858 -0.998627 0
    outer loop
      vertex 40.5458 15.3695 36.9
      vertex 41.091 15.3981 39.3
      vertex 40.5458 15.3695 39.3
    endloop
  endfacet
  facet normal 0.0523858 -0.998627 0
    outer loop
      vertex 41.091 15.3981 39.3
      vertex 40.5458 15.3695 36.9
      vertex 41.091 15.3981 36.9
    endloop
  endfacet
  facet normal 0.190899 -0.98161 0
    outer loop
      vertex 42.7159 15.5976 36.9
      vertex 43.2517 15.7018 39.3
      vertex 42.7159 15.5976 39.3
    endloop
  endfacet
  facet normal 0.190899 -0.98161 0
    outer loop
      vertex 43.2517 15.7018 39.3
      vertex 42.7159 15.5976 36.9
      vertex 43.2517 15.7018 36.9
    endloop
  endfacet
  facet normal -0.83864 -0.544686 0
    outer loop
      vertex 27.0339 22.2542 36.9
      vertex 26.7365 22.7121 39.3
      vertex 26.7365 22.7121 36.9
    endloop
  endfacet
  facet normal -0.83864 -0.544686 0
    outer loop
      vertex 26.7365 22.7121 39.3
      vertex 27.0339 22.2542 36.9
      vertex 27.0339 22.2542 39.3
    endloop
  endfacet
  facet normal 0.874606 0.484834 0
    outer loop
      vertex 53.8093 38.3425 39.3
      vertex 53.5446 38.82 36.9
      vertex 53.5446 38.82 39.3
    endloop
  endfacet
  facet normal 0.874606 0.484834 0
    outer loop
      vertex 53.5446 38.82 36.9
      vertex 53.8093 38.3425 39.3
      vertex 53.8093 38.3425 36.9
    endloop
  endfacet
  facet normal -0.190899 -0.98161 0
    outer loop
      vertex 36.7483 15.7018 36.9
      vertex 37.2841 15.5976 39.3
      vertex 36.7483 15.7018 39.3
    endloop
  endfacet
  facet normal -0.190899 -0.98161 -0
    outer loop
      vertex 37.2841 15.5976 39.3
      vertex 36.7483 15.7018 36.9
      vertex 37.2841 15.5976 36.9
    endloop
  endfacet
  facet normal -0.874606 0.484834 0
    outer loop
      vertex 26.1907 38.3425 36.9
      vertex 26.4554 38.82 39.3
      vertex 26.4554 38.82 36.9
    endloop
  endfacet
  facet normal -0.874606 0.484834 0
    outer loop
      vertex 26.4554 38.82 39.3
      vertex 26.1907 38.3425 36.9
      vertex 26.1907 38.3425 39.3
    endloop
  endfacet
  facet normal -0.601845 0.798613 0
    outer loop
      vertex 30.807 43.653 36.9
      vertex 30.3711 43.3245 39.3
      vertex 30.807 43.653 39.3
    endloop
  endfacet
  facet normal -0.601845 0.798613 0
    outer loop
      vertex 30.3711 43.3245 39.3
      vertex 30.807 43.653 36.9
      vertex 30.3711 43.3245 36.9
    endloop
  endfacet
  facet normal -0.98161 0.190899 0
    outer loop
      vertex 24.5976 33.7159 36.9
      vertex 24.7018 34.2517 39.3
      vertex 24.7018 34.2517 36.9
    endloop
  endfacet
  facet normal -0.98161 0.190899 0
    outer loop
      vertex 24.7018 34.2517 39.3
      vertex 24.5976 33.7159 36.9
      vertex 24.5976 33.7159 39.3
    endloop
  endfacet
  facet normal 0.121803 0.992554 -0
    outer loop
      vertex 42.1767 46.4878 36.9
      vertex 41.6348 46.5543 39.3
      vertex 42.1767 46.4878 39.3
    endloop
  endfacet
  facet normal 0.121803 0.992554 0
    outer loop
      vertex 41.6348 46.5543 39.3
      vertex 42.1767 46.4878 36.9
      vertex 41.6348 46.5543 36.9
    endloop
  endfacet
  facet normal 0.601845 -0.798613 0
    outer loop
      vertex 49.193 18.347 36.9
      vertex 49.6289 18.6755 39.3
      vertex 49.193 18.347 39.3
    endloop
  endfacet
  facet normal 0.601845 -0.798613 0
    outer loop
      vertex 49.6289 18.6755 39.3
      vertex 49.193 18.347 36.9
      vertex 49.6289 18.6755 36.9
    endloop
  endfacet
  facet normal 0.857202 -0.514981 0
    outer loop
      vertex 53.2635 22.7121 39.3
      vertex 53.5446 23.18 36.9
      vertex 53.5446 23.18 39.3
    endloop
  endfacet
  facet normal 0.857202 -0.514981 0
    outer loop
      vertex 53.5446 23.18 36.9
      vertex 53.2635 22.7121 39.3
      vertex 53.2635 22.7121 36.9
    endloop
  endfacet
  facet normal 0.987689 0.156433 0
    outer loop
      vertex 55.4878 33.1767 39.3
      vertex 55.4024 33.7159 36.9
      vertex 55.4024 33.7159 39.3
    endloop
  endfacet
  facet normal 0.987689 0.156433 0
    outer loop
      vertex 55.4024 33.7159 36.9
      vertex 55.4878 33.1767 39.3
      vertex 55.4878 33.1767 36.9
    endloop
  endfacet
  facet normal 0.190899 0.98161 -0
    outer loop
      vertex 43.2517 46.2982 36.9
      vertex 42.7159 46.4024 39.3
      vertex 43.2517 46.2982 39.3
    endloop
  endfacet
  facet normal 0.190899 0.98161 0
    outer loop
      vertex 42.7159 46.4024 39.3
      vertex 43.2517 46.2982 36.9
      vertex 42.7159 46.4024 36.9
    endloop
  endfacet
  facet normal -0.390823 -0.920466 0
    outer loop
      vertex 33.6386 16.7122 36.9
      vertex 34.1412 16.4988 39.3
      vertex 33.6386 16.7122 39.3
    endloop
  endfacet
  facet normal -0.390823 -0.920466 -0
    outer loop
      vertex 34.1412 16.4988 39.3
      vertex 33.6386 16.7122 36.9
      vertex 34.1412 16.4988 36.9
    endloop
  endfacet
  facet normal 0.390823 -0.920466 0
    outer loop
      vertex 45.8588 16.4988 36.9
      vertex 46.3614 16.7122 39.3
      vertex 45.8588 16.4988 39.3
    endloop
  endfacet
  facet normal 0.390823 -0.920466 0
    outer loop
      vertex 46.3614 16.7122 39.3
      vertex 45.8588 16.4988 36.9
      vertex 46.3614 16.7122 36.9
    endloop
  endfacet
  facet normal -0.98161 -0.190899 0
    outer loop
      vertex 24.7018 27.7483 36.9
      vertex 24.5976 28.2841 39.3
      vertex 24.5976 28.2841 36.9
    endloop
  endfacet
  facet normal -0.98161 -0.190899 0
    outer loop
      vertex 24.5976 28.2841 39.3
      vertex 24.7018 27.7483 36.9
      vertex 24.7018 27.7483 39.3
    endloop
  endfacet
  facet normal 0.121803 -0.992554 0
    outer loop
      vertex 41.6348 15.4457 36.9
      vertex 42.1767 15.5122 39.3
      vertex 41.6348 15.4457 39.3
    endloop
  endfacet
  facet normal 0.121803 -0.992554 0
    outer loop
      vertex 42.1767 15.5122 39.3
      vertex 41.6348 15.4457 36.9
      vertex 42.1767 15.5122 36.9
    endloop
  endfacet
  facet normal -0.857202 -0.514981 0
    outer loop
      vertex 26.7365 22.7121 36.9
      vertex 26.4554 23.18 39.3
      vertex 26.4554 23.18 36.9
    endloop
  endfacet
  facet normal -0.857202 -0.514981 0
    outer loop
      vertex 26.4554 23.18 39.3
      vertex 26.7365 22.7121 36.9
      vertex 26.7365 22.7121 39.3
    endloop
  endfacet
  facet normal 0.224913 -0.974379 0
    outer loop
      vertex 43.2517 15.7018 36.9
      vertex 43.7837 15.8246 39.3
      vertex 43.2517 15.7018 39.3
    endloop
  endfacet
  facet normal 0.224913 -0.974379 0
    outer loop
      vertex 43.7837 15.8246 39.3
      vertex 43.2517 15.7018 36.9
      vertex 43.7837 15.8246 36.9
    endloop
  endfacet
  facet normal 0.754751 0.656011 0
    outer loop
      vertex 51.9809 41.0532 39.3
      vertex 51.6228 41.4652 36.9
      vertex 51.6228 41.4652 39.3
    endloop
  endfacet
  facet normal 0.754751 0.656011 0
    outer loop
      vertex 51.6228 41.4652 36.9
      vertex 51.9809 41.0532 39.3
      vertex 51.9809 41.0532 36.9
    endloop
  endfacet
  facet normal -0.933591 0.358341 0
    outer loop
      vertex 25.3032 36.3492 36.9
      vertex 25.4988 36.8588 39.3
      vertex 25.4988 36.8588 36.9
    endloop
  endfacet
  facet normal -0.933591 0.358341 0
    outer loop
      vertex 25.4988 36.8588 39.3
      vertex 25.3032 36.3492 36.9
      vertex 25.3032 36.3492 39.3
    endloop
  endfacet
  facet normal 0.754751 -0.656011 0
    outer loop
      vertex 51.6228 20.5348 39.3
      vertex 51.9809 20.9468 36.9
      vertex 51.9809 20.9468 39.3
    endloop
  endfacet
  facet normal 0.754751 -0.656011 0
    outer loop
      vertex 51.9809 20.9468 36.9
      vertex 51.6228 20.5348 39.3
      vertex 51.6228 20.5348 36.9
    endloop
  endfacet
  facet normal 0.422527 -0.90635 0
    outer loop
      vertex 46.3614 16.7122 36.9
      vertex 46.666 16.8542 39.3
      vertex 46.3614 16.7122 39.3
    endloop
  endfacet
  facet normal 0.422527 -0.90635 0
    outer loop
      vertex 46.666 16.8542 39.3
      vertex 46.3614 16.7122 36.9
      vertex 46.666 16.8542 36.9
    endloop
  endfacet
  facet normal 0.992554 -0.121803 0
    outer loop
      vertex 55.4878 28.8233 39.3
      vertex 55.5543 29.3652 36.9
      vertex 55.5543 29.3652 39.3
    endloop
  endfacet
  facet normal 0.992554 -0.121803 0
    outer loop
      vertex 55.5543 29.3652 36.9
      vertex 55.4878 28.8233 39.3
      vertex 55.4878 28.8233 36.9
    endloop
  endfacet
  facet normal 0.933591 -0.358341 0
    outer loop
      vertex 54.5012 25.1412 39.3
      vertex 54.6968 25.6508 36.9
      vertex 54.6968 25.6508 39.3
    endloop
  endfacet
  facet normal 0.933591 -0.358341 0
    outer loop
      vertex 54.6968 25.6508 36.9
      vertex 54.5012 25.1412 39.3
      vertex 54.5012 25.1412 36.9
    endloop
  endfacet
  facet normal -0.292386 0.9563 0
    outer loop
      vertex 35.689 46.0341 36.9
      vertex 35.167 45.8745 39.3
      vertex 35.689 46.0341 39.3
    endloop
  endfacet
  facet normal -0.292386 0.9563 0
    outer loop
      vertex 35.167 45.8745 39.3
      vertex 35.689 46.0341 36.9
      vertex 35.167 45.8745 36.9
    endloop
  endfacet
  facet normal -0.974379 0.224913 0
    outer loop
      vertex 24.7018 34.2517 36.9
      vertex 24.8246 34.7837 39.3
      vertex 24.8246 34.7837 36.9
    endloop
  endfacet
  facet normal -0.974379 0.224913 0
    outer loop
      vertex 24.8246 34.7837 39.3
      vertex 24.7018 34.2517 36.9
      vertex 24.7018 34.2517 39.3
    endloop
  endfacet
  facet normal 0.857202 0.514981 0
    outer loop
      vertex 53.5446 38.82 39.3
      vertex 53.2635 39.2879 36.9
      vertex 53.2635 39.2879 39.3
    endloop
  endfacet
  facet normal 0.857202 0.514981 0
    outer loop
      vertex 53.2635 39.2879 36.9
      vertex 53.5446 38.82 39.3
      vertex 53.5446 38.82 36.9
    endloop
  endfacet
  facet normal 0.777138 -0.62933 0
    outer loop
      vertex 51.9809 20.9468 39.3
      vertex 52.3245 21.3711 36.9
      vertex 52.3245 21.3711 39.3
    endloop
  endfacet
  facet normal 0.777138 -0.62933 0
    outer loop
      vertex 52.3245 21.3711 36.9
      vertex 51.9809 20.9468 39.3
      vertex 51.9809 20.9468 36.9
    endloop
  endfacet
  facet normal -0.573502 0.819204 0
    outer loop
      vertex 31.0824 43.8458 36.9
      vertex 30.807 43.653 39.3
      vertex 31.0824 43.8458 39.3
    endloop
  endfacet
  facet normal -0.573502 0.819204 0
    outer loop
      vertex 30.807 43.653 39.3
      vertex 31.0824 43.8458 36.9
      vertex 30.807 43.653 36.9
    endloop
  endfacet
  facet normal -0.754751 0.656011 0
    outer loop
      vertex 28.0191 41.0532 36.9
      vertex 28.3772 41.4652 39.3
      vertex 28.3772 41.4652 36.9
    endloop
  endfacet
  facet normal -0.754751 0.656011 0
    outer loop
      vertex 28.3772 41.4652 39.3
      vertex 28.0191 41.0532 36.9
      vertex 28.0191 41.0532 39.3
    endloop
  endfacet
  facet normal 0.996192 -0.0871817 0
    outer loop
      vertex 55.5543 29.3652 39.3
      vertex 55.5836 29.7 36.9
      vertex 55.5836 29.7 39.3
    endloop
  endfacet
  facet normal 0.996192 -0.0871817 0
    outer loop
      vertex 55.5836 29.7 36.9
      vertex 55.5543 29.3652 39.3
      vertex 55.5543 29.3652 36.9
    endloop
  endfacet
  facet normal -0.358341 0.933591 0
    outer loop
      vertex 34.6508 45.6968 36.9
      vertex 34.1412 45.5012 39.3
      vertex 34.6508 45.6968 39.3
    endloop
  endfacet
  facet normal -0.358341 0.933591 0
    outer loop
      vertex 34.1412 45.5012 39.3
      vertex 34.6508 45.6968 36.9
      vertex 34.1412 45.5012 36.9
    endloop
  endfacet
  facet normal -0.224913 -0.974379 0
    outer loop
      vertex 36.2163 15.8246 36.9
      vertex 36.7483 15.7018 39.3
      vertex 36.2163 15.8246 39.3
    endloop
  endfacet
  facet normal -0.224913 -0.974379 -0
    outer loop
      vertex 36.7483 15.7018 39.3
      vertex 36.2163 15.8246 36.9
      vertex 36.7483 15.7018 36.9
    endloop
  endfacet
  facet normal -0.390823 0.920466 0
    outer loop
      vertex 34.1412 45.5012 36.9
      vertex 33.6386 45.2878 39.3
      vertex 34.1412 45.5012 39.3
    endloop
  endfacet
  facet normal -0.390823 0.920466 0
    outer loop
      vertex 33.6386 45.2878 39.3
      vertex 34.1412 45.5012 36.9
      vertex 33.6386 45.2878 36.9
    endloop
  endfacet
  facet normal 0.681946 0.731402 -0
    outer loop
      vertex 50.8645 42.2505 36.9
      vertex 50.4652 42.6228 39.3
      vertex 50.8645 42.2505 39.3
    endloop
  endfacet
  facet normal 0.681946 0.731402 0
    outer loop
      vertex 50.4652 42.6228 39.3
      vertex 50.8645 42.2505 36.9
      vertex 50.4652 42.6228 36.9
    endloop
  endfacet
  facet normal 0.965921 0.258837 0
    outer loop
      vertex 55.1754 34.7837 39.3
      vertex 55.0341 35.311 36.9
      vertex 55.0341 35.311 39.3
    endloop
  endfacet
  facet normal 0.965921 0.258837 0
    outer loop
      vertex 55.0341 35.311 36.9
      vertex 55.1754 34.7837 39.3
      vertex 55.1754 34.7837 36.9
    endloop
  endfacet
  facet normal 0.945542 -0.3255 0
    outer loop
      vertex 54.6968 25.6508 39.3
      vertex 54.8745 26.167 36.9
      vertex 54.8745 26.167 39.3
    endloop
  endfacet
  facet normal 0.945542 -0.3255 0
    outer loop
      vertex 54.8745 26.167 36.9
      vertex 54.6968 25.6508 39.3
      vertex 54.6968 25.6508 36.9
    endloop
  endfacet
  facet normal 0.017403 0.999849 -0
    outer loop
      vertex 40.5458 46.6305 36.9
      vertex 40 46.64 39.3
      vertex 40.5458 46.6305 39.3
    endloop
  endfacet
  facet normal 0.017403 0.999849 0
    outer loop
      vertex 40 46.64 39.3
      vertex 40.5458 46.6305 36.9
      vertex 40 46.64 36.9
    endloop
  endfacet
  facet normal 0.224913 0.974379 -0
    outer loop
      vertex 43.7837 46.1754 36.9
      vertex 43.2517 46.2982 39.3
      vertex 43.7837 46.1754 39.3
    endloop
  endfacet
  facet normal 0.224913 0.974379 0
    outer loop
      vertex 43.2517 46.2982 39.3
      vertex 43.7837 46.1754 36.9
      vertex 43.2517 46.2982 36.9
    endloop
  endfacet
  facet normal -0.3255 -0.945542 0
    outer loop
      vertex 34.6508 16.3032 36.9
      vertex 35.167 16.1255 39.3
      vertex 34.6508 16.3032 39.3
    endloop
  endfacet
  facet normal -0.3255 -0.945542 -0
    outer loop
      vertex 35.167 16.1255 39.3
      vertex 34.6508 16.3032 36.9
      vertex 35.167 16.1255 36.9
    endloop
  endfacet
  facet normal -0.707107 0.707107 0
    outer loop
      vertex 28.7495 41.8645 36.9
      vertex 29.1355 42.2505 39.3
      vertex 29.1355 42.2505 36.9
    endloop
  endfacet
  facet normal -0.707107 0.707107 0
    outer loop
      vertex 29.1355 42.2505 39.3
      vertex 28.7495 41.8645 36.9
      vertex 28.7495 41.8645 39.3
    endloop
  endfacet
  facet normal 0.798613 -0.601845 0
    outer loop
      vertex 52.3245 21.3711 39.3
      vertex 52.653 21.807 36.9
      vertex 52.653 21.807 39.3
    endloop
  endfacet
  facet normal 0.798613 -0.601845 0
    outer loop
      vertex 52.653 21.807 36.9
      vertex 52.3245 21.3711 39.3
      vertex 52.3245 21.3711 36.9
    endloop
  endfacet
  facet normal -0.9563 0.292386 0
    outer loop
      vertex 24.9659 35.311 36.9
      vertex 25.1255 35.833 39.3
      vertex 25.1255 35.833 36.9
    endloop
  endfacet
  facet normal -0.9563 0.292386 0
    outer loop
      vertex 25.1255 35.833 39.3
      vertex 24.9659 35.311 36.9
      vertex 24.9659 35.311 39.3
    endloop
  endfacet
  facet normal 0.891031 0.453942 0
    outer loop
      vertex 54.0571 37.8561 39.3
      vertex 53.8093 38.3425 36.9
      vertex 53.8093 38.3425 39.3
    endloop
  endfacet
  facet normal 0.891031 0.453942 0
    outer loop
      vertex 53.8093 38.3425 36.9
      vertex 54.0571 37.8561 39.3
      vertex 54.0571 37.8561 36.9
    endloop
  endfacet
  facet normal 0.974379 0.224913 0
    outer loop
      vertex 55.2982 34.2517 39.3
      vertex 55.1754 34.7837 36.9
      vertex 55.1754 34.7837 39.3
    endloop
  endfacet
  facet normal 0.974379 0.224913 0
    outer loop
      vertex 55.1754 34.7837 36.9
      vertex 55.2982 34.2517 39.3
      vertex 55.2982 34.2517 36.9
    endloop
  endfacet
  facet normal -0.987689 0.156433 0
    outer loop
      vertex 24.5122 33.1767 36.9
      vertex 24.5976 33.7159 39.3
      vertex 24.5976 33.7159 36.9
    endloop
  endfacet
  facet normal -0.987689 0.156433 0
    outer loop
      vertex 24.5976 33.7159 39.3
      vertex 24.5122 33.1767 36.9
      vertex 24.5122 33.1767 39.3
    endloop
  endfacet
  facet normal 0.358341 0.933591 -0
    outer loop
      vertex 45.8588 45.5012 36.9
      vertex 45.3492 45.6968 39.3
      vertex 45.8588 45.5012 39.3
    endloop
  endfacet
  facet normal 0.358341 0.933591 0
    outer loop
      vertex 45.3492 45.6968 39.3
      vertex 45.8588 45.5012 36.9
      vertex 45.3492 45.6968 36.9
    endloop
  endfacet
  facet normal -0.656011 0.754751 0
    outer loop
      vertex 29.9468 42.9809 36.9
      vertex 29.5348 42.6228 39.3
      vertex 29.9468 42.9809 39.3
    endloop
  endfacet
  facet normal -0.656011 0.754751 0
    outer loop
      vertex 29.5348 42.6228 39.3
      vertex 29.9468 42.9809 36.9
      vertex 29.5348 42.6228 36.9
    endloop
  endfacet
  facet normal 0.601845 0.798613 -0
    outer loop
      vertex 49.6289 43.3245 36.9
      vertex 49.193 43.653 39.3
      vertex 49.6289 43.3245 39.3
    endloop
  endfacet
  facet normal 0.601845 0.798613 0
    outer loop
      vertex 49.193 43.653 39.3
      vertex 49.6289 43.3245 36.9
      vertex 49.193 43.653 36.9
    endloop
  endfacet
  facet normal 0.920466 -0.390823 0
    outer loop
      vertex 54.2878 24.6386 39.3
      vertex 54.5012 25.1412 36.9
      vertex 54.5012 25.1412 39.3
    endloop
  endfacet
  facet normal 0.920466 -0.390823 0
    outer loop
      vertex 54.5012 25.1412 36.9
      vertex 54.2878 24.6386 39.3
      vertex 54.2878 24.6386 36.9
    endloop
  endfacet
  facet normal -0.996192 0.0871817 0
    outer loop
      vertex 24.4164 32.3 36.9
      vertex 24.4457 32.6348 39.3
      vertex 24.4457 32.6348 36.9
    endloop
  endfacet
  facet normal -0.996192 0.0871817 0
    outer loop
      vertex 24.4457 32.6348 39.3
      vertex 24.4164 32.3 36.9
      vertex 24.4164 32.3 39.3
    endloop
  endfacet
  facet normal 0.987689 -0.156433 0
    outer loop
      vertex 55.4024 28.2841 39.3
      vertex 55.4878 28.8233 36.9
      vertex 55.4878 28.8233 39.3
    endloop
  endfacet
  facet normal 0.987689 -0.156433 0
    outer loop
      vertex 55.4878 28.8233 36.9
      vertex 55.4024 28.2841 39.3
      vertex 55.4024 28.2841 36.9
    endloop
  endfacet
  facet normal -0.258837 0.965921 0
    outer loop
      vertex 36.2163 46.1754 36.9
      vertex 35.689 46.0341 39.3
      vertex 36.2163 46.1754 39.3
    endloop
  endfacet
  facet normal -0.258837 0.965921 0
    outer loop
      vertex 35.689 46.0341 39.3
      vertex 36.2163 46.1754 36.9
      vertex 35.689 46.0341 36.9
    endloop
  endfacet
  facet normal 0.891031 -0.453942 0
    outer loop
      vertex 53.8093 23.6575 39.3
      vertex 54.0571 24.1439 36.9
      vertex 54.0571 24.1439 39.3
    endloop
  endfacet
  facet normal 0.891031 -0.453942 0
    outer loop
      vertex 54.0571 24.1439 36.9
      vertex 53.8093 23.6575 39.3
      vertex 53.8093 23.6575 36.9
    endloop
  endfacet
  facet normal 0.920466 0.390823 0
    outer loop
      vertex 54.5012 36.8588 39.3
      vertex 54.2878 37.3614 36.9
      vertex 54.2878 37.3614 39.3
    endloop
  endfacet
  facet normal 0.920466 0.390823 0
    outer loop
      vertex 54.2878 37.3614 36.9
      vertex 54.5012 36.8588 39.3
      vertex 54.5012 36.8588 36.9
    endloop
  endfacet
  facet normal -0.891031 -0.453942 0
    outer loop
      vertex 26.1907 23.6575 36.9
      vertex 25.9429 24.1439 39.3
      vertex 25.9429 24.1439 36.9
    endloop
  endfacet
  facet normal -0.891031 -0.453942 0
    outer loop
      vertex 25.9429 24.1439 39.3
      vertex 26.1907 23.6575 36.9
      vertex 26.1907 23.6575 39.3
    endloop
  endfacet
  facet normal 0.656011 -0.754751 0
    outer loop
      vertex 50.0532 19.0191 36.9
      vertex 50.4652 19.3772 39.3
      vertex 50.0532 19.0191 39.3
    endloop
  endfacet
  facet normal 0.656011 -0.754751 0
    outer loop
      vertex 50.4652 19.3772 39.3
      vertex 50.0532 19.0191 36.9
      vertex 50.4652 19.3772 36.9
    endloop
  endfacet
  facet normal -0.857202 0.514981 0
    outer loop
      vertex 26.4554 38.82 36.9
      vertex 26.7365 39.2879 39.3
      vertex 26.7365 39.2879 36.9
    endloop
  endfacet
  facet normal -0.857202 0.514981 0
    outer loop
      vertex 26.7365 39.2879 39.3
      vertex 26.4554 38.82 36.9
      vertex 26.4554 38.82 39.3
    endloop
  endfacet
  facet normal 0.422527 0.90635 -0
    outer loop
      vertex 46.666 45.1458 36.9
      vertex 46.3614 45.2878 39.3
      vertex 46.666 45.1458 39.3
    endloop
  endfacet
  facet normal 0.422527 0.90635 0
    outer loop
      vertex 46.3614 45.2878 39.3
      vertex 46.666 45.1458 36.9
      vertex 46.3614 45.2878 36.9
    endloop
  endfacet
  facet normal -0.754751 -0.656011 0
    outer loop
      vertex 28.3772 20.5348 36.9
      vertex 28.0191 20.9468 39.3
      vertex 28.0191 20.9468 36.9
    endloop
  endfacet
  facet normal -0.754751 -0.656011 0
    outer loop
      vertex 28.0191 20.9468 39.3
      vertex 28.3772 20.5348 36.9
      vertex 28.3772 20.5348 39.3
    endloop
  endfacet
  facet normal -0.681946 0.731402 0
    outer loop
      vertex 29.5348 42.6228 36.9
      vertex 29.1355 42.2505 39.3
      vertex 29.5348 42.6228 39.3
    endloop
  endfacet
  facet normal -0.681946 0.731402 0
    outer loop
      vertex 29.1355 42.2505 39.3
      vertex 29.5348 42.6228 36.9
      vertex 29.1355 42.2505 36.9
    endloop
  endfacet
  facet normal -0.777138 -0.62933 0
    outer loop
      vertex 28.0191 20.9468 36.9
      vertex 27.6755 21.3711 39.3
      vertex 27.6755 21.3711 36.9
    endloop
  endfacet
  facet normal -0.777138 -0.62933 0
    outer loop
      vertex 27.6755 21.3711 39.3
      vertex 28.0191 20.9468 36.9
      vertex 28.0191 20.9468 39.3
    endloop
  endfacet
  facet normal -0.920466 0.390823 0
    outer loop
      vertex 25.4988 36.8588 36.9
      vertex 25.7122 37.3614 39.3
      vertex 25.7122 37.3614 36.9
    endloop
  endfacet
  facet normal -0.920466 0.390823 0
    outer loop
      vertex 25.7122 37.3614 39.3
      vertex 25.4988 36.8588 36.9
      vertex 25.4988 36.8588 39.3
    endloop
  endfacet
  facet normal -0.0523858 0.998627 0
    outer loop
      vertex 39.4542 46.6305 36.9
      vertex 38.909 46.6019 39.3
      vertex 39.4542 46.6305 39.3
    endloop
  endfacet
  facet normal -0.0523858 0.998627 0
    outer loop
      vertex 38.909 46.6019 39.3
      vertex 39.4542 46.6305 36.9
      vertex 38.909 46.6019 36.9
    endloop
  endfacet
  facet normal 0.156433 -0.987689 0
    outer loop
      vertex 42.1767 15.5122 36.9
      vertex 42.7159 15.5976 39.3
      vertex 42.1767 15.5122 39.3
    endloop
  endfacet
  facet normal 0.156433 -0.987689 0
    outer loop
      vertex 42.7159 15.5976 39.3
      vertex 42.1767 15.5122 36.9
      vertex 42.7159 15.5976 36.9
    endloop
  endfacet
  facet normal 0.0871988 0.996191 -0
    outer loop
      vertex 41.6348 46.5543 36.9
      vertex 41.091 46.6019 39.3
      vertex 41.6348 46.5543 39.3
    endloop
  endfacet
  facet normal 0.0871988 0.996191 0
    outer loop
      vertex 41.091 46.6019 39.3
      vertex 41.6348 46.5543 36.9
      vertex 41.091 46.6019 36.9
    endloop
  endfacet
  facet normal -0.798613 0.601845 0
    outer loop
      vertex 27.347 40.193 36.9
      vertex 27.6755 40.6289 39.3
      vertex 27.6755 40.6289 36.9
    endloop
  endfacet
  facet normal -0.798613 0.601845 0
    outer loop
      vertex 27.6755 40.6289 39.3
      vertex 27.347 40.193 36.9
      vertex 27.347 40.193 39.3
    endloop
  endfacet
  facet normal 0.358341 -0.933591 0
    outer loop
      vertex 45.3492 16.3032 36.9
      vertex 45.8588 16.4988 39.3
      vertex 45.3492 16.3032 39.3
    endloop
  endfacet
  facet normal 0.358341 -0.933591 0
    outer loop
      vertex 45.8588 16.4988 39.3
      vertex 45.3492 16.3032 36.9
      vertex 45.8588 16.4988 36.9
    endloop
  endfacet
  facet normal -0.996192 -0.0871817 0
    outer loop
      vertex 24.4457 29.3652 36.9
      vertex 24.4164 29.7 39.3
      vertex 24.4164 29.7 36.9
    endloop
  endfacet
  facet normal -0.996192 -0.0871817 0
    outer loop
      vertex 24.4164 29.7 39.3
      vertex 24.4457 29.3652 36.9
      vertex 24.4457 29.3652 39.3
    endloop
  endfacet
  facet normal 0.292386 0.9563 -0
    outer loop
      vertex 44.833 45.8745 36.9
      vertex 44.311 46.0341 39.3
      vertex 44.833 45.8745 39.3
    endloop
  endfacet
  facet normal 0.292386 0.9563 0
    outer loop
      vertex 44.311 46.0341 39.3
      vertex 44.833 45.8745 36.9
      vertex 44.311 46.0341 36.9
    endloop
  endfacet
  facet normal 0.98161 -0.190899 0
    outer loop
      vertex 55.2982 27.7483 39.3
      vertex 55.4024 28.2841 36.9
      vertex 55.4024 28.2841 39.3
    endloop
  endfacet
  facet normal 0.98161 -0.190899 0
    outer loop
      vertex 55.4024 28.2841 36.9
      vertex 55.2982 27.7483 39.3
      vertex 55.2982 27.7483 36.9
    endloop
  endfacet
  facet normal -0.707107 -0.707107 0
    outer loop
      vertex 29.1355 19.7495 36.9
      vertex 28.7495 20.1355 39.3
      vertex 28.7495 20.1355 36.9
    endloop
  endfacet
  facet normal -0.707107 -0.707107 0
    outer loop
      vertex 28.7495 20.1355 39.3
      vertex 29.1355 19.7495 36.9
      vertex 29.1355 19.7495 39.3
    endloop
  endfacet
  facet normal 0.974379 -0.224913 0
    outer loop
      vertex 55.1754 27.2163 39.3
      vertex 55.2982 27.7483 36.9
      vertex 55.2982 27.7483 39.3
    endloop
  endfacet
  facet normal 0.974379 -0.224913 0
    outer loop
      vertex 55.2982 27.7483 36.9
      vertex 55.1754 27.2163 39.3
      vertex 55.1754 27.2163 36.9
    endloop
  endfacet
  facet normal 0.98161 0.190899 0
    outer loop
      vertex 55.4024 33.7159 39.3
      vertex 55.2982 34.2517 36.9
      vertex 55.2982 34.2517 39.3
    endloop
  endfacet
  facet normal 0.98161 0.190899 0
    outer loop
      vertex 55.2982 34.2517 36.9
      vertex 55.4024 33.7159 39.3
      vertex 55.4024 33.7159 36.9
    endloop
  endfacet
  facet normal -0.945542 0.3255 0
    outer loop
      vertex 25.1255 35.833 36.9
      vertex 25.3032 36.3492 39.3
      vertex 25.3032 36.3492 36.9
    endloop
  endfacet
  facet normal -0.945542 0.3255 0
    outer loop
      vertex 25.3032 36.3492 39.3
      vertex 25.1255 35.833 36.9
      vertex 25.1255 35.833 39.3
    endloop
  endfacet
  facet normal -0.62933 0.777138 0
    outer loop
      vertex 30.3711 43.3245 36.9
      vertex 29.9468 42.9809 39.3
      vertex 30.3711 43.3245 39.3
    endloop
  endfacet
  facet normal -0.62933 0.777138 0
    outer loop
      vertex 29.9468 42.9809 39.3
      vertex 30.3711 43.3245 36.9
      vertex 29.9468 42.9809 36.9
    endloop
  endfacet
  facet normal 0.0871988 -0.996191 0
    outer loop
      vertex 41.091 15.3981 36.9
      vertex 41.6348 15.4457 39.3
      vertex 41.091 15.3981 39.3
    endloop
  endfacet
  facet normal 0.0871988 -0.996191 0
    outer loop
      vertex 41.6348 15.4457 39.3
      vertex 41.091 15.3981 36.9
      vertex 41.6348 15.4457 36.9
    endloop
  endfacet
  facet normal 0.965921 -0.258837 0
    outer loop
      vertex 55.0341 26.689 39.3
      vertex 55.1754 27.2163 36.9
      vertex 55.1754 27.2163 39.3
    endloop
  endfacet
  facet normal 0.965921 -0.258837 0
    outer loop
      vertex 55.1754 27.2163 36.9
      vertex 55.0341 26.689 39.3
      vertex 55.0341 26.689 36.9
    endloop
  endfacet
  facet normal -0.965921 0.258837 0
    outer loop
      vertex 24.8246 34.7837 36.9
      vertex 24.9659 35.311 39.3
      vertex 24.9659 35.311 36.9
    endloop
  endfacet
  facet normal -0.965921 0.258837 0
    outer loop
      vertex 24.9659 35.311 39.3
      vertex 24.8246 34.7837 36.9
      vertex 24.8246 34.7837 39.3
    endloop
  endfacet
  facet normal -0.156433 -0.987689 0
    outer loop
      vertex 37.2841 15.5976 36.9
      vertex 37.8233 15.5122 39.3
      vertex 37.2841 15.5976 39.3
    endloop
  endfacet
  facet normal -0.156433 -0.987689 -0
    outer loop
      vertex 37.8233 15.5122 39.3
      vertex 37.2841 15.5976 36.9
      vertex 37.8233 15.5122 36.9
    endloop
  endfacet
  facet normal 0.81918 0.573536 0
    outer loop
      vertex 52.9661 39.7458 39.3
      vertex 52.653 40.193 36.9
      vertex 52.653 40.193 39.3
    endloop
  endfacet
  facet normal 0.81918 0.573536 0
    outer loop
      vertex 52.653 40.193 36.9
      vertex 52.9661 39.7458 39.3
      vertex 52.9661 39.7458 36.9
    endloop
  endfacet
  facet normal 0.933591 0.358341 0
    outer loop
      vertex 54.6968 36.3492 39.3
      vertex 54.5012 36.8588 36.9
      vertex 54.5012 36.8588 39.3
    endloop
  endfacet
  facet normal 0.933591 0.358341 0
    outer loop
      vertex 54.5012 36.8588 36.9
      vertex 54.6968 36.3492 39.3
      vertex 54.6968 36.3492 36.9
    endloop
  endfacet
  facet normal -0.81918 -0.573536 0
    outer loop
      vertex 27.347 21.807 36.9
      vertex 27.0339 22.2542 39.3
      vertex 27.0339 22.2542 36.9
    endloop
  endfacet
  facet normal -0.81918 -0.573536 0
    outer loop
      vertex 27.0339 22.2542 39.3
      vertex 27.347 21.807 36.9
      vertex 27.347 21.807 39.3
    endloop
  endfacet
  facet normal 0.62933 -0.777138 0
    outer loop
      vertex 49.6289 18.6755 36.9
      vertex 50.0532 19.0191 39.3
      vertex 49.6289 18.6755 39.3
    endloop
  endfacet
  facet normal 0.62933 -0.777138 0
    outer loop
      vertex 50.0532 19.0191 39.3
      vertex 49.6289 18.6755 36.9
      vertex 50.0532 19.0191 36.9
    endloop
  endfacet
  facet normal 0.906295 -0.422645 0
    outer loop
      vertex 54.0571 24.1439 39.3
      vertex 54.2878 24.6386 36.9
      vertex 54.2878 24.6386 39.3
    endloop
  endfacet
  facet normal 0.906295 -0.422645 0
    outer loop
      vertex 54.2878 24.6386 36.9
      vertex 54.0571 24.1439 39.3
      vertex 54.0571 24.1439 36.9
    endloop
  endfacet
  facet normal -0.965921 -0.258837 0
    outer loop
      vertex 24.9659 26.689 36.9
      vertex 24.8246 27.2163 39.3
      vertex 24.8246 27.2163 36.9
    endloop
  endfacet
  facet normal -0.965921 -0.258837 0
    outer loop
      vertex 24.8246 27.2163 39.3
      vertex 24.9659 26.689 36.9
      vertex 24.9659 26.689 39.3
    endloop
  endfacet
  facet normal -0.920466 -0.390823 0
    outer loop
      vertex 25.7122 24.6386 36.9
      vertex 25.4988 25.1412 39.3
      vertex 25.4988 25.1412 36.9
    endloop
  endfacet
  facet normal -0.920466 -0.390823 0
    outer loop
      vertex 25.4988 25.1412 39.3
      vertex 25.7122 24.6386 36.9
      vertex 25.7122 24.6386 39.3
    endloop
  endfacet
  facet normal 0.3255 -0.945542 0
    outer loop
      vertex 44.833 16.1255 36.9
      vertex 45.3492 16.3032 39.3
      vertex 44.833 16.1255 39.3
    endloop
  endfacet
  facet normal 0.3255 -0.945542 0
    outer loop
      vertex 45.3492 16.3032 39.3
      vertex 44.833 16.1255 36.9
      vertex 45.3492 16.3032 36.9
    endloop
  endfacet
  facet normal 0.707107 -0.707107 0
    outer loop
      vertex 50.8645 19.7495 39.3
      vertex 51.2505 20.1355 36.9
      vertex 51.2505 20.1355 39.3
    endloop
  endfacet
  facet normal 0.707107 -0.707107 0
    outer loop
      vertex 51.2505 20.1355 36.9
      vertex 50.8645 19.7495 39.3
      vertex 50.8645 19.7495 36.9
    endloop
  endfacet
  facet normal -0.422527 -0.90635 0
    outer loop
      vertex 33.334 16.8542 36.9
      vertex 33.6386 16.7122 39.3
      vertex 33.334 16.8542 39.3
    endloop
  endfacet
  facet normal -0.422527 -0.90635 -0
    outer loop
      vertex 33.6386 16.7122 39.3
      vertex 33.334 16.8542 36.9
      vertex 33.6386 16.7122 36.9
    endloop
  endfacet
  facet normal -0.906295 -0.422645 0
    outer loop
      vertex 25.9429 24.1439 36.9
      vertex 25.7122 24.6386 39.3
      vertex 25.7122 24.6386 36.9
    endloop
  endfacet
  facet normal -0.906295 -0.422645 0
    outer loop
      vertex 25.7122 24.6386 39.3
      vertex 25.9429 24.1439 36.9
      vertex 25.9429 24.1439 39.3
    endloop
  endfacet
  facet normal -0.974379 -0.224913 0
    outer loop
      vertex 24.8246 27.2163 36.9
      vertex 24.7018 27.7483 39.3
      vertex 24.7018 27.7483 36.9
    endloop
  endfacet
  facet normal -0.974379 -0.224913 0
    outer loop
      vertex 24.7018 27.7483 39.3
      vertex 24.8246 27.2163 36.9
      vertex 24.8246 27.2163 39.3
    endloop
  endfacet
  facet normal 0.906295 0.422645 0
    outer loop
      vertex 54.2878 37.3614 39.3
      vertex 54.0571 37.8561 36.9
      vertex 54.0571 37.8561 39.3
    endloop
  endfacet
  facet normal 0.906295 0.422645 0
    outer loop
      vertex 54.0571 37.8561 36.9
      vertex 54.2878 37.3614 39.3
      vertex 54.2878 37.3614 36.9
    endloop
  endfacet
  facet normal -0.3255 0.945542 0
    outer loop
      vertex 35.167 45.8745 36.9
      vertex 34.6508 45.6968 39.3
      vertex 35.167 45.8745 39.3
    endloop
  endfacet
  facet normal -0.3255 0.945542 0
    outer loop
      vertex 34.6508 45.6968 39.3
      vertex 35.167 45.8745 36.9
      vertex 34.6508 45.6968 36.9
    endloop
  endfacet
  facet normal 0.681946 -0.731402 0
    outer loop
      vertex 50.4652 19.3772 36.9
      vertex 50.8645 19.7495 39.3
      vertex 50.4652 19.3772 39.3
    endloop
  endfacet
  facet normal 0.681946 -0.731402 0
    outer loop
      vertex 50.8645 19.7495 39.3
      vertex 50.4652 19.3772 36.9
      vertex 50.8645 19.7495 36.9
    endloop
  endfacet
  facet normal -0.992554 -0.121803 0
    outer loop
      vertex 24.5122 28.8233 36.9
      vertex 24.4457 29.3652 39.3
      vertex 24.4457 29.3652 36.9
    endloop
  endfacet
  facet normal -0.992554 -0.121803 0
    outer loop
      vertex 24.4457 29.3652 39.3
      vertex 24.5122 28.8233 36.9
      vertex 24.5122 28.8233 39.3
    endloop
  endfacet
  facet normal -0.81918 0.573536 0
    outer loop
      vertex 27.0339 39.7458 36.9
      vertex 27.347 40.193 39.3
      vertex 27.347 40.193 36.9
    endloop
  endfacet
  facet normal -0.81918 0.573536 0
    outer loop
      vertex 27.347 40.193 39.3
      vertex 27.0339 39.7458 36.9
      vertex 27.0339 39.7458 39.3
    endloop
  endfacet
  facet normal -0.731402 -0.681946 0
    outer loop
      vertex 28.7495 20.1355 36.9
      vertex 28.3772 20.5348 39.3
      vertex 28.3772 20.5348 36.9
    endloop
  endfacet
  facet normal -0.731402 -0.681946 0
    outer loop
      vertex 28.3772 20.5348 39.3
      vertex 28.7495 20.1355 36.9
      vertex 28.7495 20.1355 39.3
    endloop
  endfacet
  facet normal -0.292386 -0.9563 0
    outer loop
      vertex 35.167 16.1255 36.9
      vertex 35.689 15.9659 39.3
      vertex 35.167 16.1255 39.3
    endloop
  endfacet
  facet normal -0.292386 -0.9563 -0
    outer loop
      vertex 35.689 15.9659 39.3
      vertex 35.167 16.1255 36.9
      vertex 35.689 15.9659 36.9
    endloop
  endfacet
  facet normal 0.390823 0.920466 -0
    outer loop
      vertex 46.3614 45.2878 36.9
      vertex 45.8588 45.5012 39.3
      vertex 46.3614 45.2878 39.3
    endloop
  endfacet
  facet normal 0.390823 0.920466 0
    outer loop
      vertex 45.8588 45.5012 39.3
      vertex 46.3614 45.2878 36.9
      vertex 45.8588 45.5012 36.9
    endloop
  endfacet
  facet normal -0.731402 0.681946 0
    outer loop
      vertex 28.3772 41.4652 36.9
      vertex 28.7495 41.8645 39.3
      vertex 28.7495 41.8645 36.9
    endloop
  endfacet
  facet normal -0.731402 0.681946 0
    outer loop
      vertex 28.7495 41.8645 39.3
      vertex 28.3772 41.4652 36.9
      vertex 28.3772 41.4652 39.3
    endloop
  endfacet
  facet normal -0.224913 0.974379 0
    outer loop
      vertex 36.7483 46.2982 36.9
      vertex 36.2163 46.1754 39.3
      vertex 36.7483 46.2982 39.3
    endloop
  endfacet
  facet normal -0.224913 0.974379 0
    outer loop
      vertex 36.2163 46.1754 39.3
      vertex 36.7483 46.2982 36.9
      vertex 36.2163 46.1754 36.9
    endloop
  endfacet
  facet normal -0.992554 0.121803 0
    outer loop
      vertex 24.4457 32.6348 36.9
      vertex 24.5122 33.1767 39.3
      vertex 24.5122 33.1767 36.9
    endloop
  endfacet
  facet normal -0.992554 0.121803 0
    outer loop
      vertex 24.5122 33.1767 39.3
      vertex 24.4457 32.6348 36.9
      vertex 24.4457 32.6348 39.3
    endloop
  endfacet
  facet normal -0.190899 0.98161 0
    outer loop
      vertex 37.2841 46.4024 36.9
      vertex 36.7483 46.2982 39.3
      vertex 37.2841 46.4024 39.3
    endloop
  endfacet
  facet normal -0.190899 0.98161 0
    outer loop
      vertex 36.7483 46.2982 39.3
      vertex 37.2841 46.4024 36.9
      vertex 36.7483 46.2982 36.9
    endloop
  endfacet
  facet normal -0.874606 -0.484834 0
    outer loop
      vertex 26.4554 23.18 36.9
      vertex 26.1907 23.6575 39.3
      vertex 26.1907 23.6575 36.9
    endloop
  endfacet
  facet normal -0.874606 -0.484834 0
    outer loop
      vertex 26.1907 23.6575 39.3
      vertex 26.4554 23.18 36.9
      vertex 26.4554 23.18 39.3
    endloop
  endfacet
  facet normal 0.83864 -0.544686 0
    outer loop
      vertex 52.9661 22.2542 39.3
      vertex 53.2635 22.7121 36.9
      vertex 53.2635 22.7121 39.3
    endloop
  endfacet
  facet normal 0.83864 -0.544686 0
    outer loop
      vertex 53.2635 22.7121 36.9
      vertex 52.9661 22.2542 39.3
      vertex 52.9661 22.2542 36.9
    endloop
  endfacet
  facet normal 0.573502 -0.819204 0
    outer loop
      vertex 48.9176 18.1542 36.9
      vertex 49.193 18.347 39.3
      vertex 48.9176 18.1542 39.3
    endloop
  endfacet
  facet normal 0.573502 -0.819204 0
    outer loop
      vertex 49.193 18.347 39.3
      vertex 48.9176 18.1542 36.9
      vertex 49.193 18.347 36.9
    endloop
  endfacet
  facet normal 0.156433 0.987689 -0
    outer loop
      vertex 42.7159 46.4024 36.9
      vertex 42.1767 46.4878 39.3
      vertex 42.7159 46.4024 39.3
    endloop
  endfacet
  facet normal 0.156433 0.987689 0
    outer loop
      vertex 42.1767 46.4878 39.3
      vertex 42.7159 46.4024 36.9
      vertex 42.1767 46.4878 36.9
    endloop
  endfacet
  facet normal 0.731402 -0.681946 0
    outer loop
      vertex 51.2505 20.1355 39.3
      vertex 51.6228 20.5348 36.9
      vertex 51.6228 20.5348 39.3
    endloop
  endfacet
  facet normal 0.731402 -0.681946 0
    outer loop
      vertex 51.6228 20.5348 36.9
      vertex 51.2505 20.1355 39.3
      vertex 51.2505 20.1355 36.9
    endloop
  endfacet
  facet normal -0.798613 -0.601845 0
    outer loop
      vertex 27.6755 21.3711 36.9
      vertex 27.347 21.807 39.3
      vertex 27.347 21.807 36.9
    endloop
  endfacet
  facet normal -0.798613 -0.601845 0
    outer loop
      vertex 27.347 21.807 39.3
      vertex 27.6755 21.3711 36.9
      vertex 27.6755 21.3711 39.3
    endloop
  endfacet
  facet normal 0.874606 -0.484834 0
    outer loop
      vertex 53.5446 23.18 39.3
      vertex 53.8093 23.6575 36.9
      vertex 53.8093 23.6575 39.3
    endloop
  endfacet
  facet normal 0.874606 -0.484834 0
    outer loop
      vertex 53.8093 23.6575 36.9
      vertex 53.5446 23.18 39.3
      vertex 53.5446 23.18 36.9
    endloop
  endfacet
  facet normal 0.731402 0.681946 0
    outer loop
      vertex 51.6228 41.4652 39.3
      vertex 51.2505 41.8645 36.9
      vertex 51.2505 41.8645 39.3
    endloop
  endfacet
  facet normal 0.731402 0.681946 0
    outer loop
      vertex 51.2505 41.8645 36.9
      vertex 51.6228 41.4652 39.3
      vertex 51.6228 41.4652 36.9
    endloop
  endfacet
  facet normal 0.258837 0.965921 -0
    outer loop
      vertex 44.311 46.0341 36.9
      vertex 43.7837 46.1754 39.3
      vertex 44.311 46.0341 39.3
    endloop
  endfacet
  facet normal 0.258837 0.965921 0
    outer loop
      vertex 43.7837 46.1754 39.3
      vertex 44.311 46.0341 36.9
      vertex 43.7837 46.1754 36.9
    endloop
  endfacet
  facet normal -0.681946 -0.731402 0
    outer loop
      vertex 29.1355 19.7495 36.9
      vertex 29.5348 19.3772 39.3
      vertex 29.1355 19.7495 39.3
    endloop
  endfacet
  facet normal -0.681946 -0.731402 -0
    outer loop
      vertex 29.5348 19.3772 39.3
      vertex 29.1355 19.7495 36.9
      vertex 29.5348 19.3772 36.9
    endloop
  endfacet
  facet normal -0.601845 -0.798613 0
    outer loop
      vertex 30.3711 18.6755 36.9
      vertex 30.807 18.347 39.3
      vertex 30.3711 18.6755 39.3
    endloop
  endfacet
  facet normal -0.601845 -0.798613 -0
    outer loop
      vertex 30.807 18.347 39.3
      vertex 30.3711 18.6755 36.9
      vertex 30.807 18.347 36.9
    endloop
  endfacet
  facet normal 0.0523858 0.998627 -0
    outer loop
      vertex 41.091 46.6019 36.9
      vertex 40.5458 46.6305 39.3
      vertex 41.091 46.6019 39.3
    endloop
  endfacet
  facet normal 0.0523858 0.998627 0
    outer loop
      vertex 40.5458 46.6305 39.3
      vertex 41.091 46.6019 36.9
      vertex 40.5458 46.6305 36.9
    endloop
  endfacet
  facet normal -0.9563 -0.292386 0
    outer loop
      vertex 25.1255 26.167 36.9
      vertex 24.9659 26.689 39.3
      vertex 24.9659 26.689 36.9
    endloop
  endfacet
  facet normal -0.9563 -0.292386 0
    outer loop
      vertex 24.9659 26.689 39.3
      vertex 25.1255 26.167 36.9
      vertex 25.1255 26.167 39.3
    endloop
  endfacet
  facet normal -0.573502 -0.819204 0
    outer loop
      vertex 30.807 18.347 36.9
      vertex 31.0824 18.1542 39.3
      vertex 30.807 18.347 39.3
    endloop
  endfacet
  facet normal -0.573502 -0.819204 -0
    outer loop
      vertex 31.0824 18.1542 39.3
      vertex 30.807 18.347 36.9
      vertex 31.0824 18.1542 36.9
    endloop
  endfacet
  facet normal -0.62933 -0.777138 0
    outer loop
      vertex 29.9468 19.0191 36.9
      vertex 30.3711 18.6755 39.3
      vertex 29.9468 19.0191 39.3
    endloop
  endfacet
  facet normal -0.62933 -0.777138 -0
    outer loop
      vertex 30.3711 18.6755 39.3
      vertex 29.9468 19.0191 36.9
      vertex 30.3711 18.6755 36.9
    endloop
  endfacet
  facet normal -0.258837 -0.965921 0
    outer loop
      vertex 35.689 15.9659 36.9
      vertex 36.2163 15.8246 39.3
      vertex 35.689 15.9659 39.3
    endloop
  endfacet
  facet normal -0.258837 -0.965921 -0
    outer loop
      vertex 36.2163 15.8246 39.3
      vertex 35.689 15.9659 36.9
      vertex 36.2163 15.8246 36.9
    endloop
  endfacet
  facet normal 0.81918 -0.573536 0
    outer loop
      vertex 52.653 21.807 39.3
      vertex 52.9661 22.2542 36.9
      vertex 52.9661 22.2542 39.3
    endloop
  endfacet
  facet normal 0.81918 -0.573536 0
    outer loop
      vertex 52.9661 22.2542 36.9
      vertex 52.653 21.807 39.3
      vertex 52.653 21.807 36.9
    endloop
  endfacet
  facet normal 0.777138 0.62933 0
    outer loop
      vertex 52.3245 40.6289 39.3
      vertex 51.9809 41.0532 36.9
      vertex 51.9809 41.0532 39.3
    endloop
  endfacet
  facet normal 0.777138 0.62933 0
    outer loop
      vertex 51.9809 41.0532 36.9
      vertex 52.3245 40.6289 39.3
      vertex 52.3245 40.6289 36.9
    endloop
  endfacet
  facet normal -0.933591 -0.358341 0
    outer loop
      vertex 25.4988 25.1412 36.9
      vertex 25.3032 25.6508 39.3
      vertex 25.3032 25.6508 36.9
    endloop
  endfacet
  facet normal -0.933591 -0.358341 0
    outer loop
      vertex 25.3032 25.6508 39.3
      vertex 25.4988 25.1412 36.9
      vertex 25.4988 25.1412 39.3
    endloop
  endfacet
  facet normal -0.945542 -0.3255 0
    outer loop
      vertex 25.3032 25.6508 36.9
      vertex 25.1255 26.167 39.3
      vertex 25.1255 26.167 36.9
    endloop
  endfacet
  facet normal -0.945542 -0.3255 0
    outer loop
      vertex 25.1255 26.167 39.3
      vertex 25.3032 25.6508 36.9
      vertex 25.3032 25.6508 39.3
    endloop
  endfacet
  facet normal -0.656011 -0.754751 0
    outer loop
      vertex 29.5348 19.3772 36.9
      vertex 29.9468 19.0191 39.3
      vertex 29.5348 19.3772 39.3
    endloop
  endfacet
  facet normal -0.656011 -0.754751 -0
    outer loop
      vertex 29.9468 19.0191 39.3
      vertex 29.5348 19.3772 36.9
      vertex 29.9468 19.0191 36.9
    endloop
  endfacet
  facet normal -0.358341 -0.933591 0
    outer loop
      vertex 34.1412 16.4988 36.9
      vertex 34.6508 16.3032 39.3
      vertex 34.1412 16.4988 39.3
    endloop
  endfacet
  facet normal -0.358341 -0.933591 -0
    outer loop
      vertex 34.6508 16.3032 39.3
      vertex 34.1412 16.4988 36.9
      vertex 34.6508 16.3032 36.9
    endloop
  endfacet
  facet normal 0.258837 -0.965921 0
    outer loop
      vertex 43.7837 15.8246 36.9
      vertex 44.311 15.9659 39.3
      vertex 43.7837 15.8246 39.3
    endloop
  endfacet
  facet normal 0.258837 -0.965921 0
    outer loop
      vertex 44.311 15.9659 39.3
      vertex 43.7837 15.8246 36.9
      vertex 44.311 15.9659 36.9
    endloop
  endfacet
  facet normal 0.707107 0.707107 0
    outer loop
      vertex 51.2505 41.8645 39.3
      vertex 50.8645 42.2505 36.9
      vertex 50.8645 42.2505 39.3
    endloop
  endfacet
  facet normal 0.707107 0.707107 0
    outer loop
      vertex 50.8645 42.2505 36.9
      vertex 51.2505 41.8645 39.3
      vertex 51.2505 41.8645 36.9
    endloop
  endfacet
  facet normal -0.906295 0.422645 0
    outer loop
      vertex 25.7122 37.3614 36.9
      vertex 25.9429 37.8561 39.3
      vertex 25.9429 37.8561 36.9
    endloop
  endfacet
  facet normal -0.906295 0.422645 0
    outer loop
      vertex 25.9429 37.8561 39.3
      vertex 25.7122 37.3614 36.9
      vertex 25.7122 37.3614 39.3
    endloop
  endfacet
  facet normal -0.777138 0.62933 0
    outer loop
      vertex 27.6755 40.6289 36.9
      vertex 28.0191 41.0532 39.3
      vertex 28.0191 41.0532 36.9
    endloop
  endfacet
  facet normal -0.777138 0.62933 0
    outer loop
      vertex 28.0191 41.0532 39.3
      vertex 27.6755 40.6289 36.9
      vertex 27.6755 40.6289 39.3
    endloop
  endfacet
  facet normal -0.0871988 -0.996191 0
    outer loop
      vertex 38.3652 15.4457 36.9
      vertex 38.909 15.3981 39.3
      vertex 38.3652 15.4457 39.3
    endloop
  endfacet
  facet normal -0.0871988 -0.996191 -0
    outer loop
      vertex 38.909 15.3981 39.3
      vertex 38.3652 15.4457 36.9
      vertex 38.909 15.3981 36.9
    endloop
  endfacet
  facet normal -0.0523858 -0.998627 0
    outer loop
      vertex 38.909 15.3981 36.9
      vertex 39.4542 15.3695 39.3
      vertex 38.909 15.3981 39.3
    endloop
  endfacet
  facet normal -0.0523858 -0.998627 -0
    outer loop
      vertex 39.4542 15.3695 39.3
      vertex 38.909 15.3981 36.9
      vertex 39.4542 15.3695 36.9
    endloop
  endfacet
  facet normal -0.891031 0.453942 0
    outer loop
      vertex 25.9429 37.8561 36.9
      vertex 26.1907 38.3425 39.3
      vertex 26.1907 38.3425 36.9
    endloop
  endfacet
  facet normal -0.891031 0.453942 0
    outer loop
      vertex 26.1907 38.3425 39.3
      vertex 25.9429 37.8561 36.9
      vertex 25.9429 37.8561 39.3
    endloop
  endfacet
  facet normal 0.358287 -0.933611 0
    outer loop
      vertex 35.1151 43.0905 36.9
      vertex 35.5401 43.2536 39.3
      vertex 35.1151 43.0905 39.3
    endloop
  endfacet
  facet normal 0.358287 -0.933611 0
    outer loop
      vertex 35.5401 43.2536 39.3
      vertex 35.1151 43.0905 36.9
      vertex 35.5401 43.2536 36.9
    endloop
  endfacet
  facet normal -0.421761 -0.906707 0
    outer loop
      vertex 45.3038 42.9126 36.9
      vertex 45.3612 42.8859 39.3
      vertex 45.3038 42.9126 39.3
    endloop
  endfacet
  facet normal -0.421761 -0.906707 -0
    outer loop
      vertex 45.3612 42.8859 39.3
      vertex 45.3038 42.9126 36.9
      vertex 45.3612 42.8859 36.9
    endloop
  endfacet
  facet normal -0.0869898 0.996209 0
    outer loop
      vertex 41.3631 18.0314 36.9
      vertex 40.9096 17.9918 39.3
      vertex 41.3631 18.0314 39.3
    endloop
  endfacet
  facet normal -0.0869898 0.996209 0
    outer loop
      vertex 40.9096 17.9918 39.3
      vertex 41.3631 18.0314 36.9
      vertex 40.9096 17.9918 36.9
    endloop
  endfacet
  facet normal -0.421761 0.906707 0
    outer loop
      vertex 45.3612 19.1141 36.9
      vertex 45.3038 19.0874 39.3
      vertex 45.3612 19.1141 39.3
    endloop
  endfacet
  facet normal -0.421761 0.906707 0
    outer loop
      vertex 45.3038 19.0874 39.3
      vertex 45.3612 19.1141 36.9
      vertex 45.3038 19.0874 36.9
    endloop
  endfacet
  facet normal -0.777148 0.629318 0
    outer loop
      vertex 49.9892 22.618 36.9
      vertex 50.2757 22.9718 39.3
      vertex 50.2757 22.9718 36.9
    endloop
  endfacet
  facet normal -0.777148 0.629318 0
    outer loop
      vertex 50.2757 22.9718 39.3
      vertex 49.9892 22.618 36.9
      vertex 49.9892 22.618 39.3
    endloop
  endfacet
  facet normal -0.292403 -0.956295 0
    outer loop
      vertex 43.5943 43.5349 36.9
      vertex 44.0296 43.4018 39.3
      vertex 43.5943 43.5349 39.3
    endloop
  endfacet
  facet normal -0.292403 -0.956295 -0
    outer loop
      vertex 44.0296 43.4018 39.3
      vertex 43.5943 43.5349 36.9
      vertex 44.0296 43.4018 36.9
    endloop
  endfacet
  facet normal -0.965921 -0.258839 0
    outer loop
      vertex 52.6527 34.1547 36.9
      vertex 52.5349 34.5943 39.3
      vertex 52.5349 34.5943 36.9
    endloop
  endfacet
  facet normal -0.965921 -0.258839 0
    outer loop
      vertex 52.5349 34.5943 39.3
      vertex 52.6527 34.1547 36.9
      vertex 52.6527 34.1547 39.3
    endloop
  endfacet
  facet normal 0.292403 -0.956295 0
    outer loop
      vertex 35.9704 43.4018 36.9
      vertex 36.4057 43.5349 39.3
      vertex 35.9704 43.4018 39.3
    endloop
  endfacet
  facet normal 0.292403 -0.956295 0
    outer loop
      vertex 36.4057 43.5349 39.3
      vertex 35.9704 43.4018 36.9
      vertex 36.4057 43.5349 36.9
    endloop
  endfacet
  facet normal 0.857066 0.515206 0
    outer loop
      vertex 28.9415 24.0899 39.3
      vertex 28.707 24.48 36.9
      vertex 28.707 24.48 39.3
    endloop
  endfacet
  facet normal 0.857066 0.515206 0
    outer loop
      vertex 28.707 24.48 36.9
      vertex 28.9415 24.0899 39.3
      vertex 28.9415 24.0899 36.9
    endloop
  endfacet
  facet normal 0.819191 0.573521 0
    outer loop
      vertex 29.4504 23.3353 39.3
      vertex 29.1894 23.7081 36.9
      vertex 29.1894 23.7081 39.3
    endloop
  endfacet
  facet normal 0.819191 0.573521 0
    outer loop
      vertex 29.1894 23.7081 36.9
      vertex 29.4504 23.3353 39.3
      vertex 29.4504 23.3353 36.9
    endloop
  endfacet
  facet normal -0.258839 0.965921 0
    outer loop
      vertex 43.5943 18.4651 36.9
      vertex 43.1547 18.3473 39.3
      vertex 43.5943 18.4651 39.3
    endloop
  endfacet
  facet normal -0.258839 0.965921 0
    outer loop
      vertex 43.1547 18.3473 39.3
      vertex 43.5943 18.4651 36.9
      vertex 43.1547 18.3473 36.9
    endloop
  endfacet
  facet normal 0.974413 -0.224763 0
    outer loop
      vertex 27.245 33.7112 39.3
      vertex 27.3473 34.1547 36.9
      vertex 27.3473 34.1547 39.3
    endloop
  endfacet
  facet normal 0.974413 -0.224763 0
    outer loop
      vertex 27.3473 34.1547 36.9
      vertex 27.245 33.7112 39.3
      vertex 27.245 33.7112 36.9
    endloop
  endfacet
  facet normal -0.0869898 -0.996209 0
    outer loop
      vertex 40.9096 44.0082 36.9
      vertex 41.3631 43.9686 39.3
      vertex 40.9096 44.0082 39.3
    endloop
  endfacet
  facet normal -0.0869898 -0.996209 -0
    outer loop
      vertex 41.3631 43.9686 39.3
      vertex 40.9096 44.0082 36.9
      vertex 41.3631 43.9686 36.9
    endloop
  endfacet
  facet normal 0.325639 0.945494 -0
    outer loop
      vertex 35.9704 18.5982 36.9
      vertex 35.5401 18.7464 39.3
      vertex 35.9704 18.5982 39.3
    endloop
  endfacet
  facet normal 0.325639 0.945494 0
    outer loop
      vertex 35.5401 18.7464 39.3
      vertex 35.9704 18.5982 36.9
      vertex 35.5401 18.7464 36.9
    endloop
  endfacet
  facet normal -0.992536 0.121952 0
    outer loop
      vertex 52.9131 29.1852 36.9
      vertex 52.9686 29.6369 39.3
      vertex 52.9686 29.6369 36.9
    endloop
  endfacet
  facet normal -0.992536 0.121952 0
    outer loop
      vertex 52.9686 29.6369 39.3
      vertex 52.9131 29.1852 36.9
      vertex 52.9131 29.1852 39.3
    endloop
  endfacet
  facet normal -0.390894 -0.920436 0
    outer loop
      vertex 44.8849 43.0905 36.9
      vertex 45.3038 42.9126 39.3
      vertex 44.8849 43.0905 39.3
    endloop
  endfacet
  facet normal -0.390894 -0.920436 -0
    outer loop
      vertex 45.3038 42.9126 39.3
      vertex 44.8849 43.0905 36.9
      vertex 45.3038 42.9126 36.9
    endloop
  endfacet
  facet normal 0.874685 0.484691 0
    outer loop
      vertex 28.707 24.48 39.3
      vertex 28.4864 24.8781 36.9
      vertex 28.4864 24.8781 39.3
    endloop
  endfacet
  facet normal 0.874685 0.484691 0
    outer loop
      vertex 28.4864 24.8781 36.9
      vertex 28.707 24.48 39.3
      vertex 28.707 24.48 36.9
    endloop
  endfacet
  facet normal -0.0173562 0.999849 0
    outer loop
      vertex 40.4551 17.9679 36.9
      vertex 40 17.96 39.3
      vertex 40.4551 17.9679 39.3
    endloop
  endfacet
  facet normal -0.0173562 0.999849 0
    outer loop
      vertex 40 17.96 39.3
      vertex 40.4551 17.9679 36.9
      vertex 40 17.96 36.9
    endloop
  endfacet
  facet normal -0.933611 -0.358287 0
    outer loop
      vertex 52.2536 35.4599 36.9
      vertex 52.0905 35.8849 39.3
      vertex 52.0905 35.8849 36.9
    endloop
  endfacet
  facet normal -0.933611 -0.358287 0
    outer loop
      vertex 52.0905 35.8849 39.3
      vertex 52.2536 35.4599 36.9
      vertex 52.2536 35.4599 39.3
    endloop
  endfacet
  facet normal 0.0525127 0.99862 -0
    outer loop
      vertex 39.5449 17.9679 36.9
      vertex 39.0904 17.9918 39.3
      vertex 39.5449 17.9679 39.3
    endloop
  endfacet
  facet normal 0.0525127 0.99862 0
    outer loop
      vertex 39.0904 17.9918 39.3
      vertex 39.5449 17.9679 36.9
      vertex 39.0904 17.9918 36.9
    endloop
  endfacet
  facet normal 0.987692 -0.156414 0
    outer loop
      vertex 27.0869 32.8148 39.3
      vertex 27.1581 33.2644 36.9
      vertex 27.1581 33.2644 39.3
    endloop
  endfacet
  facet normal 0.987692 -0.156414 0
    outer loop
      vertex 27.1581 33.2644 36.9
      vertex 27.0869 32.8148 39.3
      vertex 27.0869 32.8148 36.9
    endloop
  endfacet
  facet normal 0.920436 0.390894 0
    outer loop
      vertex 28.0874 25.6962 39.3
      vertex 27.9095 26.1151 36.9
      vertex 27.9095 26.1151 39.3
    endloop
  endfacet
  facet normal 0.920436 0.390894 0
    outer loop
      vertex 27.9095 26.1151 36.9
      vertex 28.0874 25.6962 39.3
      vertex 28.0874 25.6962 36.9
    endloop
  endfacet
  facet normal -0.956295 -0.292403 0
    outer loop
      vertex 52.5349 34.5943 36.9
      vertex 52.4018 35.0296 39.3
      vertex 52.4018 35.0296 36.9
    endloop
  endfacet
  facet normal -0.956295 -0.292403 0
    outer loop
      vertex 52.4018 35.0296 39.3
      vertex 52.5349 34.5943 36.9
      vertex 52.5349 34.5943 39.3
    endloop
  endfacet
  facet normal 0.325639 -0.945494 0
    outer loop
      vertex 35.5401 43.2536 36.9
      vertex 35.9704 43.4018 39.3
      vertex 35.5401 43.2536 39.3
    endloop
  endfacet
  facet normal 0.325639 -0.945494 0
    outer loop
      vertex 35.9704 43.4018 39.3
      vertex 35.5401 43.2536 36.9
      vertex 35.9704 43.4018 36.9
    endloop
  endfacet
  facet normal -0.121952 0.992536 0
    outer loop
      vertex 41.8148 18.0869 36.9
      vertex 41.3631 18.0314 39.3
      vertex 41.8148 18.0869 39.3
    endloop
  endfacet
  facet normal -0.121952 0.992536 0
    outer loop
      vertex 41.3631 18.0314 39.3
      vertex 41.8148 18.0869 36.9
      vertex 41.3631 18.0314 36.9
    endloop
  endfacet
  facet normal -0.965921 0.258839 0
    outer loop
      vertex 52.5349 27.4057 36.9
      vertex 52.6527 27.8453 39.3
      vertex 52.6527 27.8453 36.9
    endloop
  endfacet
  facet normal -0.965921 0.258839 0
    outer loop
      vertex 52.6527 27.8453 39.3
      vertex 52.5349 27.4057 36.9
      vertex 52.5349 27.4057 39.3
    endloop
  endfacet
  facet normal 0.0525127 -0.99862 0
    outer loop
      vertex 39.0904 44.0082 36.9
      vertex 39.5449 44.0321 39.3
      vertex 39.0904 44.0082 39.3
    endloop
  endfacet
  facet normal 0.0525127 -0.99862 0
    outer loop
      vertex 39.5449 44.0321 39.3
      vertex 39.0904 44.0082 36.9
      vertex 39.5449 44.0321 36.9
    endloop
  endfacet
  facet normal 0.121952 0.992536 -0
    outer loop
      vertex 38.6369 18.0314 36.9
      vertex 38.1852 18.0869 39.3
      vertex 38.6369 18.0314 39.3
    endloop
  endfacet
  facet normal 0.121952 0.992536 0
    outer loop
      vertex 38.1852 18.0869 39.3
      vertex 38.6369 18.0314 36.9
      vertex 38.1852 18.0869 36.9
    endloop
  endfacet
  facet normal 0.731289 -0.682068 0
    outer loop
      vertex 30.3094 39.7255 39.3
      vertex 30.6198 40.0583 36.9
      vertex 30.6198 40.0583 39.3
    endloop
  endfacet
  facet normal 0.731289 -0.682068 0
    outer loop
      vertex 30.6198 40.0583 36.9
      vertex 30.3094 39.7255 39.3
      vertex 30.3094 39.7255 36.9
    endloop
  endfacet
  facet normal -0.857066 0.515206 0
    outer loop
      vertex 51.0585 24.0899 36.9
      vertex 51.293 24.48 39.3
      vertex 51.293 24.48 36.9
    endloop
  endfacet
  facet normal -0.857066 0.515206 0
    outer loop
      vertex 51.293 24.48 39.3
      vertex 51.0585 24.0899 36.9
      vertex 51.0585 24.0899 39.3
    endloop
  endfacet
  facet normal 0.573887 -0.818935 0
    outer loop
      vertex 32.3353 41.5496 36.9
      vertex 32.3871 41.5859 39.3
      vertex 32.3353 41.5496 39.3
    endloop
  endfacet
  facet normal 0.573887 -0.818935 0
    outer loop
      vertex 32.3871 41.5859 39.3
      vertex 32.3353 41.5496 36.9
      vertex 32.3871 41.5859 36.9
    endloop
  endfacet
  facet normal -0.838715 0.544571 0
    outer loop
      vertex 50.8106 23.7081 36.9
      vertex 51.0585 24.0899 39.3
      vertex 51.0585 24.0899 36.9
    endloop
  endfacet
  facet normal -0.838715 0.544571 0
    outer loop
      vertex 51.0585 24.0899 39.3
      vertex 50.8106 23.7081 36.9
      vertex 50.8106 23.7081 39.3
    endloop
  endfacet
  facet normal 0.390894 0.920436 -0
    outer loop
      vertex 35.1151 18.9095 36.9
      vertex 34.6962 19.0874 39.3
      vertex 35.1151 18.9095 39.3
    endloop
  endfacet
  facet normal 0.390894 0.920436 0
    outer loop
      vertex 34.6962 19.0874 39.3
      vertex 35.1151 18.9095 36.9
      vertex 34.6962 19.0874 36.9
    endloop
  endfacet
  facet normal 0.292403 0.956295 -0
    outer loop
      vertex 36.4057 18.4651 36.9
      vertex 35.9704 18.5982 39.3
      vertex 36.4057 18.4651 39.3
    endloop
  endfacet
  facet normal 0.292403 0.956295 0
    outer loop
      vertex 35.9704 18.5982 39.3
      vertex 36.4057 18.4651 36.9
      vertex 35.9704 18.5982 36.9
    endloop
  endfacet
  facet normal 0.731289 0.682068 0
    outer loop
      vertex 30.6198 21.9417 39.3
      vertex 30.3094 22.2745 36.9
      vertex 30.3094 22.2745 39.3
    endloop
  endfacet
  facet normal 0.731289 0.682068 0
    outer loop
      vertex 30.3094 22.2745 36.9
      vertex 30.6198 21.9417 39.3
      vertex 30.6198 21.9417 36.9
    endloop
  endfacet
  facet normal 0.933611 -0.358287 0
    outer loop
      vertex 27.7464 35.4599 39.3
      vertex 27.9095 35.8849 36.9
      vertex 27.9095 35.8849 39.3
    endloop
  endfacet
  facet normal 0.933611 -0.358287 0
    outer loop
      vertex 27.9095 35.8849 36.9
      vertex 27.7464 35.4599 39.3
      vertex 27.7464 35.4599 36.9
    endloop
  endfacet
  facet normal 0.421761 0.906707 -0
    outer loop
      vertex 34.6962 19.0874 36.9
      vertex 34.6388 19.1141 39.3
      vertex 34.6962 19.0874 39.3
    endloop
  endfacet
  facet normal 0.421761 0.906707 0
    outer loop
      vertex 34.6388 19.1141 39.3
      vertex 34.6962 19.0874 36.9
      vertex 34.6388 19.1141 36.9
    endloop
  endfacet
  facet normal -0.629318 0.777148 0
    outer loop
      vertex 48.382 21.0108 36.9
      vertex 48.0282 20.7243 39.3
      vertex 48.382 21.0108 39.3
    endloop
  endfacet
  facet normal -0.629318 0.777148 0
    outer loop
      vertex 48.0282 20.7243 39.3
      vertex 48.382 21.0108 36.9
      vertex 48.0282 20.7243 36.9
    endloop
  endfacet
  facet normal 0.981606 -0.190917 0
    outer loop
      vertex 27.1581 33.2644 39.3
      vertex 27.245 33.7112 36.9
      vertex 27.245 33.7112 39.3
    endloop
  endfacet
  facet normal 0.981606 -0.190917 0
    outer loop
      vertex 27.245 33.7112 36.9
      vertex 27.1581 33.2644 39.3
      vertex 27.1581 33.2644 36.9
    endloop
  endfacet
  facet normal -0.974413 0.224763 0
    outer loop
      vertex 52.6527 27.8453 36.9
      vertex 52.755 28.2888 39.3
      vertex 52.755 28.2888 36.9
    endloop
  endfacet
  facet normal -0.974413 0.224763 0
    outer loop
      vertex 52.755 28.2888 39.3
      vertex 52.6527 27.8453 36.9
      vertex 52.6527 27.8453 39.3
    endloop
  endfacet
  facet normal -0.945494 0.325639 0
    outer loop
      vertex 52.2536 26.5401 36.9
      vertex 52.4018 26.9704 39.3
      vertex 52.4018 26.9704 36.9
    endloop
  endfacet
  facet normal -0.945494 0.325639 0
    outer loop
      vertex 52.4018 26.9704 39.3
      vertex 52.2536 26.5401 36.9
      vertex 52.2536 26.5401 39.3
    endloop
  endfacet
  facet normal 0.920436 -0.390894 0
    outer loop
      vertex 27.9095 35.8849 39.3
      vertex 28.0874 36.3038 36.9
      vertex 28.0874 36.3038 39.3
    endloop
  endfacet
  facet normal 0.920436 -0.390894 0
    outer loop
      vertex 28.0874 36.3038 36.9
      vertex 27.9095 35.8849 39.3
      vertex 27.9095 35.8849 36.9
    endloop
  endfacet
  facet normal -0.874685 -0.484691 0
    outer loop
      vertex 51.5136 37.1219 36.9
      vertex 51.293 37.52 39.3
      vertex 51.293 37.52 36.9
    endloop
  endfacet
  facet normal -0.874685 -0.484691 0
    outer loop
      vertex 51.293 37.52 39.3
      vertex 51.5136 37.1219 36.9
      vertex 51.5136 37.1219 39.3
    endloop
  endfacet
  facet normal -0.906391 -0.42244 0
    outer loop
      vertex 51.9126 36.3038 36.9
      vertex 51.7203 36.7164 39.3
      vertex 51.7203 36.7164 36.9
    endloop
  endfacet
  facet normal -0.906391 -0.42244 0
    outer loop
      vertex 51.7203 36.7164 39.3
      vertex 51.9126 36.3038 36.9
      vertex 51.9126 36.3038 39.3
    endloop
  endfacet
  facet normal 0.121952 -0.992536 0
    outer loop
      vertex 38.1852 43.9131 36.9
      vertex 38.6369 43.9686 39.3
      vertex 38.1852 43.9131 39.3
    endloop
  endfacet
  facet normal 0.121952 -0.992536 0
    outer loop
      vertex 38.6369 43.9686 39.3
      vertex 38.1852 43.9131 36.9
      vertex 38.6369 43.9686 36.9
    endloop
  endfacet
  facet normal -0.933611 0.358287 0
    outer loop
      vertex 52.0905 26.1151 36.9
      vertex 52.2536 26.5401 39.3
      vertex 52.2536 26.5401 36.9
    endloop
  endfacet
  facet normal -0.933611 0.358287 0
    outer loop
      vertex 52.2536 26.5401 39.3
      vertex 52.0905 26.1151 36.9
      vertex 52.0905 26.1151 39.3
    endloop
  endfacet
  facet normal -0.121952 -0.992536 0
    outer loop
      vertex 41.3631 43.9686 36.9
      vertex 41.8148 43.9131 39.3
      vertex 41.3631 43.9686 39.3
    endloop
  endfacet
  facet normal -0.121952 -0.992536 -0
    outer loop
      vertex 41.8148 43.9131 39.3
      vertex 41.3631 43.9686 36.9
      vertex 41.8148 43.9131 36.9
    endloop
  endfacet
  facet normal 0.890929 -0.454143 0
    outer loop
      vertex 28.2797 36.7164 39.3
      vertex 28.4864 37.1219 36.9
      vertex 28.4864 37.1219 39.3
    endloop
  endfacet
  facet normal 0.890929 -0.454143 0
    outer loop
      vertex 28.4864 37.1219 36.9
      vertex 28.2797 36.7164 39.3
      vertex 28.2797 36.7164 36.9
    endloop
  endfacet
  facet normal 0.945494 0.325639 0
    outer loop
      vertex 27.7464 26.5401 39.3
      vertex 27.5982 26.9704 36.9
      vertex 27.5982 26.9704 39.3
    endloop
  endfacet
  facet normal 0.945494 0.325639 0
    outer loop
      vertex 27.5982 26.9704 36.9
      vertex 27.7464 26.5401 39.3
      vertex 27.7464 26.5401 36.9
    endloop
  endfacet
  facet normal -0.601791 -0.798653 0
    outer loop
      vertex 47.6647 41.5496 36.9
      vertex 48.0282 41.2757 39.3
      vertex 47.6647 41.5496 39.3
    endloop
  endfacet
  facet normal -0.601791 -0.798653 -0
    outer loop
      vertex 48.0282 41.2757 39.3
      vertex 47.6647 41.5496 36.9
      vertex 48.0282 41.2757 36.9
    endloop
  endfacet
  facet normal -0.819191 -0.573521 0
    outer loop
      vertex 50.8106 38.2919 36.9
      vertex 50.5496 38.6647 39.3
      vertex 50.5496 38.6647 36.9
    endloop
  endfacet
  facet normal -0.819191 -0.573521 0
    outer loop
      vertex 50.5496 38.6647 39.3
      vertex 50.8106 38.2919 36.9
      vertex 50.8106 38.2919 39.3
    endloop
  endfacet
  facet normal 0.996223 0.086834 0
    outer loop
      vertex 27.0314 29.6369 39.3
      vertex 27.0259 29.7 36.9
      vertex 27.0259 29.7 39.3
    endloop
  endfacet
  facet normal 0.996223 0.086834 0
    outer loop
      vertex 27.0259 29.7 36.9
      vertex 27.0314 29.6369 39.3
      vertex 27.0314 29.6369 36.9
    endloop
  endfacet
  facet normal 0.798653 0.601791 0
    outer loop
      vertex 29.7243 22.9718 39.3
      vertex 29.4504 23.3353 36.9
      vertex 29.4504 23.3353 39.3
    endloop
  endfacet
  facet normal 0.798653 0.601791 0
    outer loop
      vertex 29.4504 23.3353 36.9
      vertex 29.7243 22.9718 39.3
      vertex 29.7243 22.9718 36.9
    endloop
  endfacet
  facet normal -0.0525127 0.99862 0
    outer loop
      vertex 40.9096 17.9918 36.9
      vertex 40.4551 17.9679 39.3
      vertex 40.9096 17.9918 39.3
    endloop
  endfacet
  facet normal -0.0525127 0.99862 0
    outer loop
      vertex 40.4551 17.9679 39.3
      vertex 40.9096 17.9918 36.9
      vertex 40.4551 17.9679 36.9
    endloop
  endfacet
  facet normal 0.258839 0.965921 -0
    outer loop
      vertex 36.8453 18.3473 36.9
      vertex 36.4057 18.4651 39.3
      vertex 36.8453 18.3473 39.3
    endloop
  endfacet
  facet normal 0.258839 0.965921 0
    outer loop
      vertex 36.4057 18.4651 39.3
      vertex 36.8453 18.3473 36.9
      vertex 36.4057 18.4651 36.9
    endloop
  endfacet
  facet normal 0.656059 -0.75471 0
    outer loop
      vertex 31.2745 40.6906 36.9
      vertex 31.618 40.9892 39.3
      vertex 31.2745 40.6906 39.3
    endloop
  endfacet
  facet normal 0.656059 -0.75471 0
    outer loop
      vertex 31.618 40.9892 39.3
      vertex 31.2745 40.6906 36.9
      vertex 31.618 40.9892 36.9
    endloop
  endfacet
  facet normal -0.573887 -0.818935 0
    outer loop
      vertex 47.6129 41.5859 36.9
      vertex 47.6647 41.5496 39.3
      vertex 47.6129 41.5859 39.3
    endloop
  endfacet
  facet normal -0.573887 -0.818935 -0
    outer loop
      vertex 47.6647 41.5496 39.3
      vertex 47.6129 41.5859 36.9
      vertex 47.6647 41.5496 36.9
    endloop
  endfacet
  facet normal -0.0525127 -0.99862 0
    outer loop
      vertex 40.4551 44.0321 36.9
      vertex 40.9096 44.0082 39.3
      vertex 40.4551 44.0321 39.3
    endloop
  endfacet
  facet normal -0.0525127 -0.99862 -0
    outer loop
      vertex 40.9096 44.0082 39.3
      vertex 40.4551 44.0321 36.9
      vertex 40.9096 44.0082 36.9
    endloop
  endfacet
  facet normal 0.358287 0.933611 -0
    outer loop
      vertex 35.5401 18.7464 36.9
      vertex 35.1151 18.9095 39.3
      vertex 35.5401 18.7464 39.3
    endloop
  endfacet
  facet normal 0.358287 0.933611 0
    outer loop
      vertex 35.1151 18.9095 39.3
      vertex 35.5401 18.7464 36.9
      vertex 35.1151 18.9095 36.9
    endloop
  endfacet
  facet normal -0.981606 0.190917 0
    outer loop
      vertex 52.755 28.2888 36.9
      vertex 52.8419 28.7356 39.3
      vertex 52.8419 28.7356 36.9
    endloop
  endfacet
  facet normal -0.981606 0.190917 0
    outer loop
      vertex 52.8419 28.7356 39.3
      vertex 52.755 28.2888 36.9
      vertex 52.755 28.2888 39.3
    endloop
  endfacet
  facet normal -0.390894 0.920436 0
    outer loop
      vertex 45.3038 19.0874 36.9
      vertex 44.8849 18.9095 39.3
      vertex 45.3038 19.0874 39.3
    endloop
  endfacet
  facet normal -0.390894 0.920436 0
    outer loop
      vertex 44.8849 18.9095 39.3
      vertex 45.3038 19.0874 36.9
      vertex 44.8849 18.9095 36.9
    endloop
  endfacet
  facet normal -0.992536 -0.121952 0
    outer loop
      vertex 52.9686 32.3631 36.9
      vertex 52.9131 32.8148 39.3
      vertex 52.9131 32.8148 36.9
    endloop
  endfacet
  facet normal -0.992536 -0.121952 0
    outer loop
      vertex 52.9131 32.8148 39.3
      vertex 52.9686 32.3631 36.9
      vertex 52.9686 32.3631 39.3
    endloop
  endfacet
  facet normal -0.358287 0.933611 0
    outer loop
      vertex 44.8849 18.9095 36.9
      vertex 44.4599 18.7464 39.3
      vertex 44.8849 18.9095 39.3
    endloop
  endfacet
  facet normal -0.358287 0.933611 0
    outer loop
      vertex 44.4599 18.7464 39.3
      vertex 44.8849 18.9095 36.9
      vertex 44.4599 18.7464 36.9
    endloop
  endfacet
  facet normal -0.707107 -0.707107 0
    outer loop
      vertex 49.3802 40.0583 36.9
      vertex 49.0583 40.3802 39.3
      vertex 49.0583 40.3802 36.9
    endloop
  endfacet
  facet normal -0.707107 -0.707107 0
    outer loop
      vertex 49.0583 40.3802 39.3
      vertex 49.3802 40.0583 36.9
      vertex 49.3802 40.0583 39.3
    endloop
  endfacet
  facet normal 0.629318 0.777148 -0
    outer loop
      vertex 31.9718 20.7243 36.9
      vertex 31.618 21.0108 39.3
      vertex 31.9718 20.7243 39.3
    endloop
  endfacet
  facet normal 0.629318 0.777148 0
    outer loop
      vertex 31.618 21.0108 39.3
      vertex 31.9718 20.7243 36.9
      vertex 31.618 21.0108 36.9
    endloop
  endfacet
  facet normal -0.857066 -0.515206 0
    outer loop
      vertex 51.293 37.52 36.9
      vertex 51.0585 37.9101 39.3
      vertex 51.0585 37.9101 36.9
    endloop
  endfacet
  facet normal -0.857066 -0.515206 0
    outer loop
      vertex 51.0585 37.9101 39.3
      vertex 51.293 37.52 36.9
      vertex 51.293 37.52 39.3
    endloop
  endfacet
  facet normal 0.224763 -0.974413 0
    outer loop
      vertex 36.8453 43.6527 36.9
      vertex 37.2888 43.755 39.3
      vertex 36.8453 43.6527 39.3
    endloop
  endfacet
  facet normal 0.224763 -0.974413 0
    outer loop
      vertex 37.2888 43.755 39.3
      vertex 36.8453 43.6527 36.9
      vertex 37.2888 43.755 36.9
    endloop
  endfacet
  facet normal -0.996223 0.086834 0
    outer loop
      vertex 52.9686 29.6369 36.9
      vertex 52.9741 29.7 39.3
      vertex 52.9741 29.7 36.9
    endloop
  endfacet
  facet normal -0.996223 0.086834 0
    outer loop
      vertex 52.9741 29.7 39.3
      vertex 52.9686 29.6369 36.9
      vertex 52.9686 29.6369 39.3
    endloop
  endfacet
  facet normal 0.656059 0.75471 -0
    outer loop
      vertex 31.618 21.0108 36.9
      vertex 31.2745 21.3094 39.3
      vertex 31.618 21.0108 39.3
    endloop
  endfacet
  facet normal 0.656059 0.75471 0
    outer loop
      vertex 31.2745 21.3094 39.3
      vertex 31.618 21.0108 36.9
      vertex 31.2745 21.3094 36.9
    endloop
  endfacet
  facet normal -0.190917 -0.981606 0
    outer loop
      vertex 42.2644 43.8419 36.9
      vertex 42.7112 43.755 39.3
      vertex 42.2644 43.8419 39.3
    endloop
  endfacet
  facet normal -0.190917 -0.981606 -0
    outer loop
      vertex 42.7112 43.755 39.3
      vertex 42.2644 43.8419 36.9
      vertex 42.7112 43.755 36.9
    endloop
  endfacet
  facet normal -0.798653 -0.601791 0
    outer loop
      vertex 50.5496 38.6647 36.9
      vertex 50.2757 39.0282 39.3
      vertex 50.2757 39.0282 36.9
    endloop
  endfacet
  facet normal -0.798653 -0.601791 0
    outer loop
      vertex 50.2757 39.0282 39.3
      vertex 50.5496 38.6647 36.9
      vertex 50.5496 38.6647 39.3
    endloop
  endfacet
  facet normal -0.819191 0.573521 0
    outer loop
      vertex 50.5496 23.3353 36.9
      vertex 50.8106 23.7081 39.3
      vertex 50.8106 23.7081 36.9
    endloop
  endfacet
  facet normal -0.819191 0.573521 0
    outer loop
      vertex 50.8106 23.7081 39.3
      vertex 50.5496 23.3353 36.9
      vertex 50.5496 23.3353 39.3
    endloop
  endfacet
  facet normal -0.974413 -0.224763 0
    outer loop
      vertex 52.755 33.7112 36.9
      vertex 52.6527 34.1547 39.3
      vertex 52.6527 34.1547 36.9
    endloop
  endfacet
  facet normal -0.974413 -0.224763 0
    outer loop
      vertex 52.6527 34.1547 39.3
      vertex 52.755 33.7112 36.9
      vertex 52.755 33.7112 39.3
    endloop
  endfacet
  facet normal -0.987692 -0.156414 0
    outer loop
      vertex 52.9131 32.8148 36.9
      vertex 52.8419 33.2644 39.3
      vertex 52.8419 33.2644 36.9
    endloop
  endfacet
  facet normal -0.987692 -0.156414 0
    outer loop
      vertex 52.8419 33.2644 39.3
      vertex 52.9131 32.8148 36.9
      vertex 52.9131 32.8148 39.3
    endloop
  endfacet
  facet normal -0.707107 0.707107 0
    outer loop
      vertex 49.0583 21.6198 36.9
      vertex 49.3802 21.9417 39.3
      vertex 49.3802 21.9417 36.9
    endloop
  endfacet
  facet normal -0.707107 0.707107 0
    outer loop
      vertex 49.3802 21.9417 39.3
      vertex 49.0583 21.6198 36.9
      vertex 49.0583 21.6198 39.3
    endloop
  endfacet
  facet normal 0.190917 0.981606 -0
    outer loop
      vertex 37.7356 18.1581 36.9
      vertex 37.2888 18.245 39.3
      vertex 37.7356 18.1581 39.3
    endloop
  endfacet
  facet normal 0.190917 0.981606 0
    outer loop
      vertex 37.2888 18.245 39.3
      vertex 37.7356 18.1581 36.9
      vertex 37.2888 18.245 36.9
    endloop
  endfacet
  facet normal -0.956295 0.292403 0
    outer loop
      vertex 52.4018 26.9704 36.9
      vertex 52.5349 27.4057 39.3
      vertex 52.5349 27.4057 36.9
    endloop
  endfacet
  facet normal -0.956295 0.292403 0
    outer loop
      vertex 52.5349 27.4057 39.3
      vertex 52.4018 26.9704 36.9
      vertex 52.4018 26.9704 39.3
    endloop
  endfacet
  facet normal 0.933611 0.358287 0
    outer loop
      vertex 27.9095 26.1151 39.3
      vertex 27.7464 26.5401 36.9
      vertex 27.7464 26.5401 39.3
    endloop
  endfacet
  facet normal 0.933611 0.358287 0
    outer loop
      vertex 27.7464 26.5401 36.9
      vertex 27.9095 26.1151 39.3
      vertex 27.9095 26.1151 36.9
    endloop
  endfacet
  facet normal 0.992536 0.121952 0
    outer loop
      vertex 27.0869 29.1852 39.3
      vertex 27.0314 29.6369 36.9
      vertex 27.0314 29.6369 39.3
    endloop
  endfacet
  facet normal 0.992536 0.121952 0
    outer loop
      vertex 27.0314 29.6369 36.9
      vertex 27.0869 29.1852 39.3
      vertex 27.0869 29.1852 36.9
    endloop
  endfacet
  facet normal -0.0173562 -0.999849 0
    outer loop
      vertex 40 44.04 36.9
      vertex 40.4551 44.0321 39.3
      vertex 40 44.04 39.3
    endloop
  endfacet
  facet normal -0.0173562 -0.999849 -0
    outer loop
      vertex 40.4551 44.0321 39.3
      vertex 40 44.04 36.9
      vertex 40.4551 44.0321 36.9
    endloop
  endfacet
  facet normal -0.325639 -0.945494 0
    outer loop
      vertex 44.0296 43.4018 36.9
      vertex 44.4599 43.2536 39.3
      vertex 44.0296 43.4018 39.3
    endloop
  endfacet
  facet normal -0.325639 -0.945494 -0
    outer loop
      vertex 44.4599 43.2536 39.3
      vertex 44.0296 43.4018 36.9
      vertex 44.4599 43.2536 36.9
    endloop
  endfacet
  facet normal -0.629318 -0.777148 0
    outer loop
      vertex 48.0282 41.2757 36.9
      vertex 48.382 40.9892 39.3
      vertex 48.0282 41.2757 39.3
    endloop
  endfacet
  facet normal -0.629318 -0.777148 -0
    outer loop
      vertex 48.382 40.9892 39.3
      vertex 48.0282 41.2757 36.9
      vertex 48.382 40.9892 36.9
    endloop
  endfacet
  facet normal 0.798653 -0.601791 0
    outer loop
      vertex 29.4504 38.6647 39.3
      vertex 29.7243 39.0282 36.9
      vertex 29.7243 39.0282 39.3
    endloop
  endfacet
  facet normal 0.798653 -0.601791 0
    outer loop
      vertex 29.7243 39.0282 36.9
      vertex 29.4504 38.6647 39.3
      vertex 29.4504 38.6647 36.9
    endloop
  endfacet
  facet normal 0.0869898 -0.996209 0
    outer loop
      vertex 38.6369 43.9686 36.9
      vertex 39.0904 44.0082 39.3
      vertex 38.6369 43.9686 39.3
    endloop
  endfacet
  facet normal 0.0869898 -0.996209 0
    outer loop
      vertex 39.0904 44.0082 39.3
      vertex 38.6369 43.9686 36.9
      vertex 39.0904 44.0082 36.9
    endloop
  endfacet
  facet normal -0.731289 0.682068 0
    outer loop
      vertex 49.3802 21.9417 36.9
      vertex 49.6906 22.2745 39.3
      vertex 49.6906 22.2745 36.9
    endloop
  endfacet
  facet normal -0.731289 0.682068 0
    outer loop
      vertex 49.6906 22.2745 39.3
      vertex 49.3802 21.9417 36.9
      vertex 49.3802 21.9417 39.3
    endloop
  endfacet
  facet normal -0.358287 -0.933611 0
    outer loop
      vertex 44.4599 43.2536 36.9
      vertex 44.8849 43.0905 39.3
      vertex 44.4599 43.2536 39.3
    endloop
  endfacet
  facet normal -0.358287 -0.933611 -0
    outer loop
      vertex 44.8849 43.0905 39.3
      vertex 44.4599 43.2536 36.9
      vertex 44.8849 43.0905 36.9
    endloop
  endfacet
  facet normal 0.629318 -0.777148 0
    outer loop
      vertex 31.618 40.9892 36.9
      vertex 31.9718 41.2757 39.3
      vertex 31.618 40.9892 39.3
    endloop
  endfacet
  facet normal 0.629318 -0.777148 0
    outer loop
      vertex 31.9718 41.2757 39.3
      vertex 31.618 40.9892 36.9
      vertex 31.9718 41.2757 36.9
    endloop
  endfacet
  facet normal -0.906391 0.42244 0
    outer loop
      vertex 51.7203 25.2836 36.9
      vertex 51.9126 25.6962 39.3
      vertex 51.9126 25.6962 36.9
    endloop
  endfacet
  facet normal -0.906391 0.42244 0
    outer loop
      vertex 51.9126 25.6962 39.3
      vertex 51.7203 25.2836 36.9
      vertex 51.7203 25.2836 39.3
    endloop
  endfacet
  facet normal -0.731289 -0.682068 0
    outer loop
      vertex 49.6906 39.7255 36.9
      vertex 49.3802 40.0583 39.3
      vertex 49.3802 40.0583 36.9
    endloop
  endfacet
  facet normal -0.731289 -0.682068 0
    outer loop
      vertex 49.3802 40.0583 39.3
      vertex 49.6906 39.7255 36.9
      vertex 49.6906 39.7255 39.3
    endloop
  endfacet
  facet normal 0.707107 0.707107 0
    outer loop
      vertex 30.9417 21.6198 39.3
      vertex 30.6198 21.9417 36.9
      vertex 30.6198 21.9417 39.3
    endloop
  endfacet
  facet normal 0.707107 0.707107 0
    outer loop
      vertex 30.6198 21.9417 36.9
      vertex 30.9417 21.6198 39.3
      vertex 30.9417 21.6198 36.9
    endloop
  endfacet
  facet normal -0.798653 0.601791 0
    outer loop
      vertex 50.2757 22.9718 36.9
      vertex 50.5496 23.3353 39.3
      vertex 50.5496 23.3353 36.9
    endloop
  endfacet
  facet normal -0.798653 0.601791 0
    outer loop
      vertex 50.5496 23.3353 39.3
      vertex 50.2757 22.9718 36.9
      vertex 50.2757 22.9718 39.3
    endloop
  endfacet
  facet normal -0.75471 0.656059 0
    outer loop
      vertex 49.6906 22.2745 36.9
      vertex 49.9892 22.618 39.3
      vertex 49.9892 22.618 36.9
    endloop
  endfacet
  facet normal -0.75471 0.656059 0
    outer loop
      vertex 49.9892 22.618 39.3
      vertex 49.6906 22.2745 36.9
      vertex 49.6906 22.2745 39.3
    endloop
  endfacet
  facet normal -0.890929 0.454143 0
    outer loop
      vertex 51.5136 24.8781 36.9
      vertex 51.7203 25.2836 39.3
      vertex 51.7203 25.2836 36.9
    endloop
  endfacet
  facet normal -0.890929 0.454143 0
    outer loop
      vertex 51.7203 25.2836 39.3
      vertex 51.5136 24.8781 36.9
      vertex 51.5136 24.8781 39.3
    endloop
  endfacet
  facet normal -0.75471 -0.656059 0
    outer loop
      vertex 49.9892 39.382 36.9
      vertex 49.6906 39.7255 39.3
      vertex 49.6906 39.7255 36.9
    endloop
  endfacet
  facet normal -0.75471 -0.656059 0
    outer loop
      vertex 49.6906 39.7255 39.3
      vertex 49.9892 39.382 36.9
      vertex 49.9892 39.382 39.3
    endloop
  endfacet
  facet normal 0.75471 0.656059 0
    outer loop
      vertex 30.3094 22.2745 39.3
      vertex 30.0108 22.618 36.9
      vertex 30.0108 22.618 39.3
    endloop
  endfacet
  facet normal 0.75471 0.656059 0
    outer loop
      vertex 30.0108 22.618 36.9
      vertex 30.3094 22.2745 39.3
      vertex 30.3094 22.2745 36.9
    endloop
  endfacet
  facet normal 0.777148 0.629318 0
    outer loop
      vertex 30.0108 22.618 39.3
      vertex 29.7243 22.9718 36.9
      vertex 29.7243 22.9718 39.3
    endloop
  endfacet
  facet normal 0.777148 0.629318 0
    outer loop
      vertex 29.7243 22.9718 36.9
      vertex 30.0108 22.618 39.3
      vertex 30.0108 22.618 36.9
    endloop
  endfacet
  facet normal -0.890929 -0.454143 0
    outer loop
      vertex 51.7203 36.7164 36.9
      vertex 51.5136 37.1219 39.3
      vertex 51.5136 37.1219 36.9
    endloop
  endfacet
  facet normal -0.890929 -0.454143 0
    outer loop
      vertex 51.5136 37.1219 39.3
      vertex 51.7203 36.7164 36.9
      vertex 51.7203 36.7164 39.3
    endloop
  endfacet
  facet normal 0.992536 -0.121952 0
    outer loop
      vertex 27.0314 32.3631 39.3
      vertex 27.0869 32.8148 36.9
      vertex 27.0869 32.8148 39.3
    endloop
  endfacet
  facet normal 0.992536 -0.121952 0
    outer loop
      vertex 27.0869 32.8148 36.9
      vertex 27.0314 32.3631 39.3
      vertex 27.0314 32.3631 36.9
    endloop
  endfacet
  facet normal 0.390894 -0.920436 0
    outer loop
      vertex 34.6962 42.9126 36.9
      vertex 35.1151 43.0905 39.3
      vertex 34.6962 42.9126 39.3
    endloop
  endfacet
  facet normal 0.390894 -0.920436 0
    outer loop
      vertex 35.1151 43.0905 39.3
      vertex 34.6962 42.9126 36.9
      vertex 35.1151 43.0905 36.9
    endloop
  endfacet
  facet normal -0.920436 -0.390894 0
    outer loop
      vertex 52.0905 35.8849 36.9
      vertex 51.9126 36.3038 39.3
      vertex 51.9126 36.3038 36.9
    endloop
  endfacet
  facet normal -0.920436 -0.390894 0
    outer loop
      vertex 51.9126 36.3038 39.3
      vertex 52.0905 35.8849 36.9
      vertex 52.0905 35.8849 39.3
    endloop
  endfacet
  facet normal -0.224763 0.974413 0
    outer loop
      vertex 43.1547 18.3473 36.9
      vertex 42.7112 18.245 39.3
      vertex 43.1547 18.3473 39.3
    endloop
  endfacet
  facet normal -0.224763 0.974413 0
    outer loop
      vertex 42.7112 18.245 39.3
      vertex 43.1547 18.3473 36.9
      vertex 42.7112 18.245 36.9
    endloop
  endfacet
  facet normal 0.981606 0.190917 0
    outer loop
      vertex 27.245 28.2888 39.3
      vertex 27.1581 28.7356 36.9
      vertex 27.1581 28.7356 39.3
    endloop
  endfacet
  facet normal 0.981606 0.190917 0
    outer loop
      vertex 27.1581 28.7356 36.9
      vertex 27.245 28.2888 39.3
      vertex 27.245 28.2888 36.9
    endloop
  endfacet
  facet normal -0.682068 -0.731289 0
    outer loop
      vertex 48.7255 40.6906 36.9
      vertex 49.0583 40.3802 39.3
      vertex 48.7255 40.6906 39.3
    endloop
  endfacet
  facet normal -0.682068 -0.731289 -0
    outer loop
      vertex 49.0583 40.3802 39.3
      vertex 48.7255 40.6906 36.9
      vertex 49.0583 40.3802 36.9
    endloop
  endfacet
  facet normal -0.838715 -0.544571 0
    outer loop
      vertex 51.0585 37.9101 36.9
      vertex 50.8106 38.2919 39.3
      vertex 50.8106 38.2919 36.9
    endloop
  endfacet
  facet normal -0.838715 -0.544571 0
    outer loop
      vertex 50.8106 38.2919 39.3
      vertex 51.0585 37.9101 36.9
      vertex 51.0585 37.9101 39.3
    endloop
  endfacet
  facet normal 0.421761 -0.906707 0
    outer loop
      vertex 34.6388 42.8859 36.9
      vertex 34.6962 42.9126 39.3
      vertex 34.6388 42.8859 39.3
    endloop
  endfacet
  facet normal 0.421761 -0.906707 0
    outer loop
      vertex 34.6962 42.9126 39.3
      vertex 34.6388 42.8859 36.9
      vertex 34.6962 42.9126 36.9
    endloop
  endfacet
  facet normal 0.601791 -0.798653 0
    outer loop
      vertex 31.9718 41.2757 36.9
      vertex 32.3353 41.5496 39.3
      vertex 31.9718 41.2757 39.3
    endloop
  endfacet
  facet normal 0.601791 -0.798653 0
    outer loop
      vertex 32.3353 41.5496 39.3
      vertex 31.9718 41.2757 36.9
      vertex 32.3353 41.5496 36.9
    endloop
  endfacet
  facet normal -0.656059 -0.75471 0
    outer loop
      vertex 48.382 40.9892 36.9
      vertex 48.7255 40.6906 39.3
      vertex 48.382 40.9892 39.3
    endloop
  endfacet
  facet normal -0.656059 -0.75471 -0
    outer loop
      vertex 48.7255 40.6906 39.3
      vertex 48.382 40.9892 36.9
      vertex 48.7255 40.6906 36.9
    endloop
  endfacet
  facet normal -0.156414 -0.987692 0
    outer loop
      vertex 41.8148 43.9131 36.9
      vertex 42.2644 43.8419 39.3
      vertex 41.8148 43.9131 39.3
    endloop
  endfacet
  facet normal -0.156414 -0.987692 -0
    outer loop
      vertex 42.2644 43.8419 39.3
      vertex 41.8148 43.9131 36.9
      vertex 42.2644 43.8419 36.9
    endloop
  endfacet
  facet normal 0.156414 -0.987692 0
    outer loop
      vertex 37.7356 43.8419 36.9
      vertex 38.1852 43.9131 39.3
      vertex 37.7356 43.8419 39.3
    endloop
  endfacet
  facet normal 0.156414 -0.987692 0
    outer loop
      vertex 38.1852 43.9131 39.3
      vertex 37.7356 43.8419 36.9
      vertex 38.1852 43.9131 36.9
    endloop
  endfacet
  facet normal -0.945494 -0.325639 0
    outer loop
      vertex 52.4018 35.0296 36.9
      vertex 52.2536 35.4599 39.3
      vertex 52.2536 35.4599 36.9
    endloop
  endfacet
  facet normal -0.945494 -0.325639 0
    outer loop
      vertex 52.2536 35.4599 39.3
      vertex 52.4018 35.0296 36.9
      vertex 52.4018 35.0296 39.3
    endloop
  endfacet
  facet normal -0.981606 -0.190917 0
    outer loop
      vertex 52.8419 33.2644 36.9
      vertex 52.755 33.7112 39.3
      vertex 52.755 33.7112 36.9
    endloop
  endfacet
  facet normal -0.981606 -0.190917 0
    outer loop
      vertex 52.755 33.7112 39.3
      vertex 52.8419 33.2644 36.9
      vertex 52.8419 33.2644 39.3
    endloop
  endfacet
  facet normal -0.996223 -0.086834 0
    outer loop
      vertex 52.9741 32.3 36.9
      vertex 52.9686 32.3631 39.3
      vertex 52.9686 32.3631 36.9
    endloop
  endfacet
  facet normal -0.996223 -0.086834 0
    outer loop
      vertex 52.9686 32.3631 39.3
      vertex 52.9741 32.3 36.9
      vertex 52.9741 32.3 39.3
    endloop
  endfacet
  facet normal 0.190917 -0.981606 0
    outer loop
      vertex 37.2888 43.755 36.9
      vertex 37.7356 43.8419 39.3
      vertex 37.2888 43.755 39.3
    endloop
  endfacet
  facet normal 0.190917 -0.981606 0
    outer loop
      vertex 37.7356 43.8419 39.3
      vertex 37.2888 43.755 36.9
      vertex 37.7356 43.8419 36.9
    endloop
  endfacet
  facet normal -0.874685 0.484691 0
    outer loop
      vertex 51.293 24.48 36.9
      vertex 51.5136 24.8781 39.3
      vertex 51.5136 24.8781 36.9
    endloop
  endfacet
  facet normal -0.874685 0.484691 0
    outer loop
      vertex 51.5136 24.8781 39.3
      vertex 51.293 24.48 36.9
      vertex 51.293 24.48 39.3
    endloop
  endfacet
  facet normal 0.987692 0.156414 0
    outer loop
      vertex 27.1581 28.7356 39.3
      vertex 27.0869 29.1852 36.9
      vertex 27.0869 29.1852 39.3
    endloop
  endfacet
  facet normal 0.987692 0.156414 0
    outer loop
      vertex 27.0869 29.1852 36.9
      vertex 27.1581 28.7356 39.3
      vertex 27.1581 28.7356 36.9
    endloop
  endfacet
  facet normal 0.777148 -0.629318 0
    outer loop
      vertex 29.7243 39.0282 39.3
      vertex 30.0108 39.382 36.9
      vertex 30.0108 39.382 39.3
    endloop
  endfacet
  facet normal 0.777148 -0.629318 0
    outer loop
      vertex 30.0108 39.382 36.9
      vertex 29.7243 39.0282 39.3
      vertex 29.7243 39.0282 36.9
    endloop
  endfacet
  facet normal -0.601791 0.798653 0
    outer loop
      vertex 48.0282 20.7243 36.9
      vertex 47.6647 20.4504 39.3
      vertex 48.0282 20.7243 39.3
    endloop
  endfacet
  facet normal -0.601791 0.798653 0
    outer loop
      vertex 47.6647 20.4504 39.3
      vertex 48.0282 20.7243 36.9
      vertex 47.6647 20.4504 36.9
    endloop
  endfacet
  facet normal 0.682068 -0.731289 0
    outer loop
      vertex 30.9417 40.3802 36.9
      vertex 31.2745 40.6906 39.3
      vertex 30.9417 40.3802 39.3
    endloop
  endfacet
  facet normal 0.682068 -0.731289 0
    outer loop
      vertex 31.2745 40.6906 39.3
      vertex 30.9417 40.3802 36.9
      vertex 31.2745 40.6906 36.9
    endloop
  endfacet
  facet normal 0.819191 -0.573521 0
    outer loop
      vertex 29.1894 38.2919 39.3
      vertex 29.4504 38.6647 36.9
      vertex 29.4504 38.6647 39.3
    endloop
  endfacet
  facet normal 0.819191 -0.573521 0
    outer loop
      vertex 29.4504 38.6647 36.9
      vertex 29.1894 38.2919 39.3
      vertex 29.1894 38.2919 36.9
    endloop
  endfacet
  facet normal 0.906391 0.42244 0
    outer loop
      vertex 28.2797 25.2836 39.3
      vertex 28.0874 25.6962 36.9
      vertex 28.0874 25.6962 39.3
    endloop
  endfacet
  facet normal 0.906391 0.42244 0
    outer loop
      vertex 28.0874 25.6962 36.9
      vertex 28.2797 25.2836 39.3
      vertex 28.2797 25.2836 36.9
    endloop
  endfacet
  facet normal 0.996223 -0.086834 0
    outer loop
      vertex 27.0259 32.3 39.3
      vertex 27.0314 32.3631 36.9
      vertex 27.0314 32.3631 39.3
    endloop
  endfacet
  facet normal 0.996223 -0.086834 0
    outer loop
      vertex 27.0314 32.3631 36.9
      vertex 27.0259 32.3 39.3
      vertex 27.0259 32.3 36.9
    endloop
  endfacet
  facet normal -0.656059 0.75471 0
    outer loop
      vertex 48.7255 21.3094 36.9
      vertex 48.382 21.0108 39.3
      vertex 48.7255 21.3094 39.3
    endloop
  endfacet
  facet normal -0.656059 0.75471 0
    outer loop
      vertex 48.382 21.0108 39.3
      vertex 48.7255 21.3094 36.9
      vertex 48.382 21.0108 36.9
    endloop
  endfacet
  facet normal 0.965921 -0.258839 0
    outer loop
      vertex 27.3473 34.1547 39.3
      vertex 27.4651 34.5943 36.9
      vertex 27.4651 34.5943 39.3
    endloop
  endfacet
  facet normal 0.965921 -0.258839 0
    outer loop
      vertex 27.4651 34.5943 36.9
      vertex 27.3473 34.1547 39.3
      vertex 27.3473 34.1547 36.9
    endloop
  endfacet
  facet normal 0.707107 -0.707107 0
    outer loop
      vertex 30.6198 40.0583 39.3
      vertex 30.9417 40.3802 36.9
      vertex 30.9417 40.3802 39.3
    endloop
  endfacet
  facet normal 0.707107 -0.707107 0
    outer loop
      vertex 30.9417 40.3802 36.9
      vertex 30.6198 40.0583 39.3
      vertex 30.6198 40.0583 36.9
    endloop
  endfacet
  facet normal -0.258839 -0.965921 0
    outer loop
      vertex 43.1547 43.6527 36.9
      vertex 43.5943 43.5349 39.3
      vertex 43.1547 43.6527 39.3
    endloop
  endfacet
  facet normal -0.258839 -0.965921 -0
    outer loop
      vertex 43.5943 43.5349 39.3
      vertex 43.1547 43.6527 36.9
      vertex 43.5943 43.5349 36.9
    endloop
  endfacet
  facet normal 0.974413 0.224763 0
    outer loop
      vertex 27.3473 27.8453 39.3
      vertex 27.245 28.2888 36.9
      vertex 27.245 28.2888 39.3
    endloop
  endfacet
  facet normal 0.974413 0.224763 0
    outer loop
      vertex 27.245 28.2888 36.9
      vertex 27.3473 27.8453 39.3
      vertex 27.3473 27.8453 36.9
    endloop
  endfacet
  facet normal -0.573887 0.818935 0
    outer loop
      vertex 47.6647 20.4504 36.9
      vertex 47.6129 20.4141 39.3
      vertex 47.6647 20.4504 39.3
    endloop
  endfacet
  facet normal -0.573887 0.818935 0
    outer loop
      vertex 47.6129 20.4141 39.3
      vertex 47.6647 20.4504 36.9
      vertex 47.6129 20.4141 36.9
    endloop
  endfacet
  facet normal 0.258839 -0.965921 0
    outer loop
      vertex 36.4057 43.5349 36.9
      vertex 36.8453 43.6527 39.3
      vertex 36.4057 43.5349 39.3
    endloop
  endfacet
  facet normal 0.258839 -0.965921 0
    outer loop
      vertex 36.8453 43.6527 39.3
      vertex 36.4057 43.5349 36.9
      vertex 36.8453 43.6527 36.9
    endloop
  endfacet
  facet normal 0.601791 0.798653 -0
    outer loop
      vertex 32.3353 20.4504 36.9
      vertex 31.9718 20.7243 39.3
      vertex 32.3353 20.4504 39.3
    endloop
  endfacet
  facet normal 0.601791 0.798653 0
    outer loop
      vertex 31.9718 20.7243 39.3
      vertex 32.3353 20.4504 36.9
      vertex 31.9718 20.7243 36.9
    endloop
  endfacet
  facet normal 0.0869898 0.996209 -0
    outer loop
      vertex 39.0904 17.9918 36.9
      vertex 38.6369 18.0314 39.3
      vertex 39.0904 17.9918 39.3
    endloop
  endfacet
  facet normal 0.0869898 0.996209 0
    outer loop
      vertex 38.6369 18.0314 39.3
      vertex 39.0904 17.9918 36.9
      vertex 38.6369 18.0314 36.9
    endloop
  endfacet
  facet normal -0.190917 0.981606 0
    outer loop
      vertex 42.7112 18.245 36.9
      vertex 42.2644 18.1581 39.3
      vertex 42.7112 18.245 39.3
    endloop
  endfacet
  facet normal -0.190917 0.981606 0
    outer loop
      vertex 42.2644 18.1581 39.3
      vertex 42.7112 18.245 36.9
      vertex 42.2644 18.1581 36.9
    endloop
  endfacet
  facet normal 0.0173562 -0.999849 0
    outer loop
      vertex 39.5449 44.0321 36.9
      vertex 40 44.04 39.3
      vertex 39.5449 44.0321 39.3
    endloop
  endfacet
  facet normal 0.0173562 -0.999849 0
    outer loop
      vertex 40 44.04 39.3
      vertex 39.5449 44.0321 36.9
      vertex 40 44.04 36.9
    endloop
  endfacet
  facet normal 0.0173562 0.999849 -0
    outer loop
      vertex 40 17.96 36.9
      vertex 39.5449 17.9679 39.3
      vertex 40 17.96 39.3
    endloop
  endfacet
  facet normal 0.0173562 0.999849 0
    outer loop
      vertex 39.5449 17.9679 39.3
      vertex 40 17.96 36.9
      vertex 39.5449 17.9679 36.9
    endloop
  endfacet
  facet normal 0.857066 -0.515206 0
    outer loop
      vertex 28.707 37.52 39.3
      vertex 28.9415 37.9101 36.9
      vertex 28.9415 37.9101 39.3
    endloop
  endfacet
  facet normal 0.857066 -0.515206 0
    outer loop
      vertex 28.9415 37.9101 36.9
      vertex 28.707 37.52 39.3
      vertex 28.707 37.52 36.9
    endloop
  endfacet
  facet normal -0.987692 0.156414 0
    outer loop
      vertex 52.8419 28.7356 36.9
      vertex 52.9131 29.1852 39.3
      vertex 52.9131 29.1852 36.9
    endloop
  endfacet
  facet normal -0.987692 0.156414 0
    outer loop
      vertex 52.9131 29.1852 39.3
      vertex 52.8419 28.7356 36.9
      vertex 52.8419 28.7356 39.3
    endloop
  endfacet
  facet normal -0.156414 0.987692 0
    outer loop
      vertex 42.2644 18.1581 36.9
      vertex 41.8148 18.0869 39.3
      vertex 42.2644 18.1581 39.3
    endloop
  endfacet
  facet normal -0.156414 0.987692 0
    outer loop
      vertex 41.8148 18.0869 39.3
      vertex 42.2644 18.1581 36.9
      vertex 41.8148 18.0869 36.9
    endloop
  endfacet
  facet normal 0.965921 0.258839 0
    outer loop
      vertex 27.4651 27.4057 39.3
      vertex 27.3473 27.8453 36.9
      vertex 27.3473 27.8453 39.3
    endloop
  endfacet
  facet normal 0.965921 0.258839 0
    outer loop
      vertex 27.3473 27.8453 36.9
      vertex 27.4651 27.4057 39.3
      vertex 27.4651 27.4057 36.9
    endloop
  endfacet
  facet normal -0.292403 0.956295 0
    outer loop
      vertex 44.0296 18.5982 36.9
      vertex 43.5943 18.4651 39.3
      vertex 44.0296 18.5982 39.3
    endloop
  endfacet
  facet normal -0.292403 0.956295 0
    outer loop
      vertex 43.5943 18.4651 39.3
      vertex 44.0296 18.5982 36.9
      vertex 43.5943 18.4651 36.9
    endloop
  endfacet
  facet normal -0.777148 -0.629318 0
    outer loop
      vertex 50.2757 39.0282 36.9
      vertex 49.9892 39.382 39.3
      vertex 49.9892 39.382 36.9
    endloop
  endfacet
  facet normal -0.777148 -0.629318 0
    outer loop
      vertex 49.9892 39.382 39.3
      vertex 50.2757 39.0282 36.9
      vertex 50.2757 39.0282 39.3
    endloop
  endfacet
  facet normal 0.573887 0.818935 -0
    outer loop
      vertex 32.3871 20.4141 36.9
      vertex 32.3353 20.4504 39.3
      vertex 32.3871 20.4141 39.3
    endloop
  endfacet
  facet normal 0.573887 0.818935 0
    outer loop
      vertex 32.3353 20.4504 39.3
      vertex 32.3871 20.4141 36.9
      vertex 32.3353 20.4504 36.9
    endloop
  endfacet
  facet normal 0.75471 -0.656059 0
    outer loop
      vertex 30.0108 39.382 39.3
      vertex 30.3094 39.7255 36.9
      vertex 30.3094 39.7255 39.3
    endloop
  endfacet
  facet normal 0.75471 -0.656059 0
    outer loop
      vertex 30.3094 39.7255 36.9
      vertex 30.0108 39.382 39.3
      vertex 30.0108 39.382 36.9
    endloop
  endfacet
  facet normal 0.224763 0.974413 -0
    outer loop
      vertex 37.2888 18.245 36.9
      vertex 36.8453 18.3473 39.3
      vertex 37.2888 18.245 39.3
    endloop
  endfacet
  facet normal 0.224763 0.974413 0
    outer loop
      vertex 36.8453 18.3473 39.3
      vertex 37.2888 18.245 36.9
      vertex 36.8453 18.3473 36.9
    endloop
  endfacet
  facet normal 0.874685 -0.484691 0
    outer loop
      vertex 28.4864 37.1219 39.3
      vertex 28.707 37.52 36.9
      vertex 28.707 37.52 39.3
    endloop
  endfacet
  facet normal 0.874685 -0.484691 0
    outer loop
      vertex 28.707 37.52 36.9
      vertex 28.4864 37.1219 39.3
      vertex 28.4864 37.1219 36.9
    endloop
  endfacet
  facet normal -0.920436 0.390894 0
    outer loop
      vertex 51.9126 25.6962 36.9
      vertex 52.0905 26.1151 39.3
      vertex 52.0905 26.1151 36.9
    endloop
  endfacet
  facet normal -0.920436 0.390894 0
    outer loop
      vertex 52.0905 26.1151 39.3
      vertex 51.9126 25.6962 36.9
      vertex 51.9126 25.6962 39.3
    endloop
  endfacet
  facet normal 0.156414 0.987692 -0
    outer loop
      vertex 38.1852 18.0869 36.9
      vertex 37.7356 18.1581 39.3
      vertex 38.1852 18.0869 39.3
    endloop
  endfacet
  facet normal 0.156414 0.987692 0
    outer loop
      vertex 37.7356 18.1581 39.3
      vertex 38.1852 18.0869 36.9
      vertex 37.7356 18.1581 36.9
    endloop
  endfacet
  facet normal -0.224763 -0.974413 0
    outer loop
      vertex 42.7112 43.755 36.9
      vertex 43.1547 43.6527 39.3
      vertex 42.7112 43.755 39.3
    endloop
  endfacet
  facet normal -0.224763 -0.974413 -0
    outer loop
      vertex 43.1547 43.6527 39.3
      vertex 42.7112 43.755 36.9
      vertex 43.1547 43.6527 36.9
    endloop
  endfacet
  facet normal 0.956295 0.292403 0
    outer loop
      vertex 27.5982 26.9704 39.3
      vertex 27.4651 27.4057 36.9
      vertex 27.4651 27.4057 39.3
    endloop
  endfacet
  facet normal 0.956295 0.292403 0
    outer loop
      vertex 27.4651 27.4057 36.9
      vertex 27.5982 26.9704 39.3
      vertex 27.5982 26.9704 36.9
    endloop
  endfacet
  facet normal -0.325639 0.945494 0
    outer loop
      vertex 44.4599 18.7464 36.9
      vertex 44.0296 18.5982 39.3
      vertex 44.4599 18.7464 39.3
    endloop
  endfacet
  facet normal -0.325639 0.945494 0
    outer loop
      vertex 44.0296 18.5982 39.3
      vertex 44.4599 18.7464 36.9
      vertex 44.0296 18.5982 36.9
    endloop
  endfacet
  facet normal -0.682068 0.731289 0
    outer loop
      vertex 49.0583 21.6198 36.9
      vertex 48.7255 21.3094 39.3
      vertex 49.0583 21.6198 39.3
    endloop
  endfacet
  facet normal -0.682068 0.731289 0
    outer loop
      vertex 48.7255 21.3094 39.3
      vertex 49.0583 21.6198 36.9
      vertex 48.7255 21.3094 36.9
    endloop
  endfacet
  facet normal 0.890929 0.454143 0
    outer loop
      vertex 28.4864 24.8781 39.3
      vertex 28.2797 25.2836 36.9
      vertex 28.2797 25.2836 39.3
    endloop
  endfacet
  facet normal 0.890929 0.454143 0
    outer loop
      vertex 28.2797 25.2836 36.9
      vertex 28.4864 24.8781 39.3
      vertex 28.4864 24.8781 36.9
    endloop
  endfacet
  facet normal 0.945494 -0.325639 0
    outer loop
      vertex 27.5982 35.0296 39.3
      vertex 27.7464 35.4599 36.9
      vertex 27.7464 35.4599 39.3
    endloop
  endfacet
  facet normal 0.945494 -0.325639 0
    outer loop
      vertex 27.7464 35.4599 36.9
      vertex 27.5982 35.0296 39.3
      vertex 27.5982 35.0296 36.9
    endloop
  endfacet
  facet normal 0.906391 -0.42244 0
    outer loop
      vertex 28.0874 36.3038 39.3
      vertex 28.2797 36.7164 36.9
      vertex 28.2797 36.7164 39.3
    endloop
  endfacet
  facet normal 0.906391 -0.42244 0
    outer loop
      vertex 28.2797 36.7164 36.9
      vertex 28.0874 36.3038 39.3
      vertex 28.0874 36.3038 36.9
    endloop
  endfacet
  facet normal 0.682068 0.731289 -0
    outer loop
      vertex 31.2745 21.3094 36.9
      vertex 30.9417 21.6198 39.3
      vertex 31.2745 21.3094 39.3
    endloop
  endfacet
  facet normal 0.682068 0.731289 0
    outer loop
      vertex 30.9417 21.6198 39.3
      vertex 31.2745 21.3094 36.9
      vertex 30.9417 21.6198 36.9
    endloop
  endfacet
  facet normal 0.956295 -0.292403 0
    outer loop
      vertex 27.4651 34.5943 39.3
      vertex 27.5982 35.0296 36.9
      vertex 27.5982 35.0296 39.3
    endloop
  endfacet
  facet normal 0.956295 -0.292403 0
    outer loop
      vertex 27.5982 35.0296 36.9
      vertex 27.4651 34.5943 39.3
      vertex 27.4651 34.5943 36.9
    endloop
  endfacet
  facet normal 0.838715 -0.544571 0
    outer loop
      vertex 28.9415 37.9101 39.3
      vertex 29.1894 38.2919 36.9
      vertex 29.1894 38.2919 39.3
    endloop
  endfacet
  facet normal 0.838715 -0.544571 0
    outer loop
      vertex 29.1894 38.2919 36.9
      vertex 28.9415 37.9101 39.3
      vertex 28.9415 37.9101 36.9
    endloop
  endfacet
  facet normal 0.838715 0.544571 0
    outer loop
      vertex 29.1894 23.7081 39.3
      vertex 28.9415 24.0899 36.9
      vertex 28.9415 24.0899 39.3
    endloop
  endfacet
  facet normal 0.838715 0.544571 0
    outer loop
      vertex 28.9415 24.0899 36.9
      vertex 29.1894 23.7081 39.3
      vertex 29.1894 23.7081 36.9
    endloop
  endfacet
  facet normal 0.101233 0.994863 -0
    outer loop
      vertex 40.5906 34.855 36.9
      vertex 40.1975 34.895 39.3
      vertex 40.5906 34.855 39.3
    endloop
  endfacet
  facet normal 0.101233 0.994863 0
    outer loop
      vertex 40.1975 34.895 39.3
      vertex 40.5906 34.855 36.9
      vertex 40.1975 34.895 36.9
    endloop
  endfacet
  facet normal 0.937682 0.347494 0
    outer loop
      vertex 43.6721 32.3 39.3
      vertex 43.5839 32.538 36.9
      vertex 43.5839 32.538 39.3
    endloop
  endfacet
  facet normal 0.937682 0.347494 0
    outer loop
      vertex 43.5839 32.538 36.9
      vertex 43.6721 32.3 39.3
      vertex 43.6721 32.3 36.9
    endloop
  endfacet
  facet normal -0.201145 -0.979561 0
    outer loop
      vertex 39.2896 27.1696 36.9
      vertex 39.4094 27.145 39.3
      vertex 39.2896 27.1696 39.3
    endloop
  endfacet
  facet normal -0.201145 -0.979561 -0
    outer loop
      vertex 39.4094 27.145 39.3
      vertex 39.2896 27.1696 36.9
      vertex 39.4094 27.145 36.9
    endloop
  endfacet
  facet normal 0.101233 -0.994863 0
    outer loop
      vertex 40.1975 27.105 36.9
      vertex 40.5906 27.145 39.3
      vertex 40.1975 27.105 39.3
    endloop
  endfacet
  facet normal 0.101233 -0.994863 0
    outer loop
      vertex 40.5906 27.145 39.3
      vertex 40.1975 27.105 36.9
      vertex 40.5906 27.145 36.9
    endloop
  endfacet
  facet normal -0.790825 0.612043 0
    outer loop
      vertex 36.799 33.2279 36.9
      vertex 37.0359 33.534 39.3
      vertex 37.0359 33.534 36.9
    endloop
  endfacet
  facet normal -0.790825 0.612043 0
    outer loop
      vertex 37.0359 33.534 39.3
      vertex 36.799 33.2279 36.9
      vertex 36.799 33.2279 39.3
    endloop
  endfacet
  facet normal 0.897893 -0.440213 0
    outer loop
      vertex 43.41 29.1073 39.3
      vertex 43.5839 29.462 36.9
      vertex 43.5839 29.462 39.3
    endloop
  endfacet
  facet normal 0.897893 -0.440213 0
    outer loop
      vertex 43.5839 29.462 36.9
      vertex 43.41 29.1073 39.3
      vertex 43.41 29.1073 36.9
    endloop
  endfacet
  facet normal -0.101233 -0.994863 0
    outer loop
      vertex 39.4094 27.145 36.9
      vertex 39.8025 27.105 39.3
      vertex 39.4094 27.145 39.3
    endloop
  endfacet
  facet normal -0.101233 -0.994863 -0
    outer loop
      vertex 39.8025 27.105 39.3
      vertex 39.4094 27.145 36.9
      vertex 39.8025 27.105 36.9
    endloop
  endfacet
  facet normal 0 1 -0
    outer loop
      vertex 40.1975 34.895 36.9
      vertex 39.8025 34.895 39.3
      vertex 40.1975 34.895 39.3
    endloop
  endfacet
  facet normal 0 1 0
    outer loop
      vertex 39.8025 34.895 39.3
      vertex 40.1975 34.895 36.9
      vertex 39.8025 34.895 36.9
    endloop
  endfacet
  facet normal 0.790825 0.612043 0
    outer loop
      vertex 43.201 33.2279 39.3
      vertex 42.9641 33.534 36.9
      vertex 42.9641 33.534 39.3
    endloop
  endfacet
  facet normal 0.790825 0.612043 0
    outer loop
      vertex 42.9641 33.534 36.9
      vertex 43.201 33.2279 39.3
      vertex 43.201 33.2279 36.9
    endloop
  endfacet
  facet normal 0.848567 0.529088 0
    outer loop
      vertex 43.41 32.8927 39.3
      vertex 43.201 33.2279 36.9
      vertex 43.201 33.2279 39.3
    endloop
  endfacet
  facet normal 0.848567 0.529088 0
    outer loop
      vertex 43.201 33.2279 36.9
      vertex 43.41 32.8927 39.3
      vertex 43.41 32.8927 36.9
    endloop
  endfacet
  facet normal 0 -1 0
    outer loop
      vertex 39.8025 27.105 36.9
      vertex 40.1975 27.105 39.3
      vertex 39.8025 27.105 39.3
    endloop
  endfacet
  facet normal 0 -1 -0
    outer loop
      vertex 40.1975 27.105 39.3
      vertex 39.8025 27.105 36.9
      vertex 40.1975 27.105 36.9
    endloop
  endfacet
  facet normal -0.937682 -0.347494 0
    outer loop
      vertex 36.4161 29.462 36.9
      vertex 36.3279 29.7 39.3
      vertex 36.3279 29.7 36.9
    endloop
  endfacet
  facet normal -0.937682 -0.347494 0
    outer loop
      vertex 36.3279 29.7 39.3
      vertex 36.4161 29.462 36.9
      vertex 36.4161 29.462 39.3
    endloop
  endfacet
  facet normal -0.897893 -0.440213 0
    outer loop
      vertex 36.59 29.1073 36.9
      vertex 36.4161 29.462 39.3
      vertex 36.4161 29.462 36.9
    endloop
  endfacet
  facet normal -0.897893 -0.440213 0
    outer loop
      vertex 36.4161 29.462 39.3
      vertex 36.59 29.1073 36.9
      vertex 36.59 29.1073 39.3
    endloop
  endfacet
  facet normal -0.101233 0.994863 0
    outer loop
      vertex 39.8025 34.895 36.9
      vertex 39.4094 34.855 39.3
      vertex 39.8025 34.895 39.3
    endloop
  endfacet
  facet normal -0.101233 0.994863 0
    outer loop
      vertex 39.4094 34.855 39.3
      vertex 39.8025 34.895 36.9
      vertex 39.4094 34.855 36.9
    endloop
  endfacet
  facet normal 0.848567 -0.529088 0
    outer loop
      vertex 43.201 28.7721 39.3
      vertex 43.41 29.1073 36.9
      vertex 43.41 29.1073 39.3
    endloop
  endfacet
  facet normal 0.848567 -0.529088 0
    outer loop
      vertex 43.41 29.1073 36.9
      vertex 43.201 28.7721 39.3
      vertex 43.201 28.7721 36.9
    endloop
  endfacet
  facet normal 0.937682 -0.347494 0
    outer loop
      vertex 43.5839 29.462 39.3
      vertex 43.6721 29.7 36.9
      vertex 43.6721 29.7 39.3
    endloop
  endfacet
  facet normal 0.937682 -0.347494 0
    outer loop
      vertex 43.6721 29.7 36.9
      vertex 43.5839 29.462 39.3
      vertex 43.5839 29.462 36.9
    endloop
  endfacet
  facet normal -0.848567 0.529088 0
    outer loop
      vertex 36.59 32.8927 36.9
      vertex 36.799 33.2279 39.3
      vertex 36.799 33.2279 36.9
    endloop
  endfacet
  facet normal -0.848567 0.529088 0
    outer loop
      vertex 36.799 33.2279 39.3
      vertex 36.59 32.8927 36.9
      vertex 36.59 32.8927 39.3
    endloop
  endfacet
  facet normal 0.897893 0.440213 0
    outer loop
      vertex 43.5839 32.538 39.3
      vertex 43.41 32.8927 36.9
      vertex 43.41 32.8927 39.3
    endloop
  endfacet
  facet normal 0.897893 0.440213 0
    outer loop
      vertex 43.41 32.8927 36.9
      vertex 43.5839 32.538 39.3
      vertex 43.5839 32.538 36.9
    endloop
  endfacet
  facet normal 0.790825 -0.612043 0
    outer loop
      vertex 42.9641 28.466 39.3
      vertex 43.201 28.7721 36.9
      vertex 43.201 28.7721 39.3
    endloop
  endfacet
  facet normal 0.790825 -0.612043 0
    outer loop
      vertex 43.201 28.7721 36.9
      vertex 42.9641 28.466 39.3
      vertex 42.9641 28.466 36.9
    endloop
  endfacet
  facet normal -0.848567 -0.529088 0
    outer loop
      vertex 36.799 28.7721 36.9
      vertex 36.59 29.1073 39.3
      vertex 36.59 29.1073 36.9
    endloop
  endfacet
  facet normal -0.848567 -0.529088 0
    outer loop
      vertex 36.59 29.1073 39.3
      vertex 36.799 28.7721 36.9
      vertex 36.799 28.7721 39.3
    endloop
  endfacet
  facet normal -0.937682 0.347494 0
    outer loop
      vertex 36.3279 32.3 36.9
      vertex 36.4161 32.538 39.3
      vertex 36.4161 32.538 36.9
    endloop
  endfacet
  facet normal -0.937682 0.347494 0
    outer loop
      vertex 36.4161 32.538 39.3
      vertex 36.3279 32.3 36.9
      vertex 36.3279 32.3 39.3
    endloop
  endfacet
  facet normal -0.201145 0.979561 0
    outer loop
      vertex 39.4094 34.855 36.9
      vertex 39.2896 34.8304 39.3
      vertex 39.4094 34.855 39.3
    endloop
  endfacet
  facet normal -0.201145 0.979561 0
    outer loop
      vertex 39.2896 34.8304 39.3
      vertex 39.4094 34.855 36.9
      vertex 39.2896 34.8304 36.9
    endloop
  endfacet
  facet normal 0.201145 0.979561 -0
    outer loop
      vertex 40.7104 34.8304 36.9
      vertex 40.5906 34.855 39.3
      vertex 40.7104 34.8304 39.3
    endloop
  endfacet
  facet normal 0.201145 0.979561 0
    outer loop
      vertex 40.5906 34.855 39.3
      vertex 40.7104 34.8304 36.9
      vertex 40.5906 34.855 36.9
    endloop
  endfacet
  facet normal -0.790825 -0.612043 0
    outer loop
      vertex 37.0359 28.466 36.9
      vertex 36.799 28.7721 39.3
      vertex 36.799 28.7721 36.9
    endloop
  endfacet
  facet normal -0.790825 -0.612043 0
    outer loop
      vertex 36.799 28.7721 39.3
      vertex 37.0359 28.466 36.9
      vertex 37.0359 28.466 39.3
    endloop
  endfacet
  facet normal -0.897893 0.440213 0
    outer loop
      vertex 36.4161 32.538 36.9
      vertex 36.59 32.8927 39.3
      vertex 36.59 32.8927 36.9
    endloop
  endfacet
  facet normal -0.897893 0.440213 0
    outer loop
      vertex 36.59 32.8927 39.3
      vertex 36.4161 32.538 36.9
      vertex 36.4161 32.538 39.3
    endloop
  endfacet
  facet normal 0.201145 -0.979561 0
    outer loop
      vertex 40.5906 27.145 36.9
      vertex 40.7104 27.1696 39.3
      vertex 40.5906 27.145 39.3
    endloop
  endfacet
  facet normal 0.201145 -0.979561 0
    outer loop
      vertex 40.7104 27.1696 39.3
      vertex 40.5906 27.145 36.9
      vertex 40.7104 27.1696 36.9
    endloop
  endfacet
endsolid OpenSCAD_Model
