solid OpenSCAD_Model
  facet normal 1 -0 0
    outer loop
      vertex 73.7 -3 83.7
      vertex 73.7 0 56.8
      vertex 73.7 0 83.7
    endloop
  endfacet
  facet normal 1 0 0
    outer loop
      vertex 73.7 0 56.8
      vertex 73.7 -3 83.7
      vertex 73.7 -3 56.8
    endloop
  endfacet
  facet normal 1 -0 0
    outer loop
      vertex 73.7 -3 26.2
      vertex 73.7 0 0.299999
      vertex 73.7 0 26.2
    endloop
  endfacet
  facet normal 1 0 0
    outer loop
      vertex 73.7 0 0.299999
      vertex 73.7 -3 26.2
      vertex 73.7 -3 0.299999
    endloop
  endfacet
  facet normal 1 -0 0
    outer loop
      vertex 73.7 -3 51.2
      vertex 73.7 0 31.8
      vertex 73.7 0 51.2
    endloop
  endfacet
  facet normal 1 0 0
    outer loop
      vertex 73.7 0 31.8
      vertex 73.7 -3 51.2
      vertex 73.7 -3 31.8
    endloop
  endfacet
  facet normal -0 0 1
    outer loop
      vertex 0.299999 0 83.7
      vertex 73.7 -3 83.7
      vertex 73.7 0 83.7
    endloop
  endfacet
  facet normal 0 0 1
    outer loop
      vertex 73.7 -3 83.7
      vertex 0.299999 0 83.7
      vertex 0.299999 -3 83.7
    endloop
  endfacet
  facet normal 0 0 -1
    outer loop
      vertex 0.299999 -3 0.299999
      vertex 73.7 0 0.299999
      vertex 73.7 -3 0.299999
    endloop
  endfacet
  facet normal -0 0 -1
    outer loop
      vertex 73.7 0 0.299999
      vertex 0.299999 -3 0.299999
      vertex 0.299999 0 0.299999
    endloop
  endfacet
  facet normal -1 0 0
    outer loop
      vertex 0.299999 -3 56.8
      vertex 0.299999 0 83.7
      vertex 0.299999 0 56.8
    endloop
  endfacet
  facet normal -1 -0 0
    outer loop
      vertex 0.299999 0 83.7
      vertex 0.299999 -3 56.8
      vertex 0.299999 -3 83.7
    endloop
  endfacet
  facet normal -1 0 0
    outer loop
      vertex 0.299999 -3 0.299999
      vertex 0.299999 0 26.2
      vertex 0.299999 0 0.299999
    endloop
  endfacet
  facet normal -1 -0 0
    outer loop
      vertex 0.299999 0 26.2
      vertex 0.299999 -3 0.299999
      vertex 0.299999 -3 26.2
    endloop
  endfacet
  facet normal -1 0 0
    outer loop
      vertex 0.299999 -3 31.8
      vertex 0.299999 0 51.2
      vertex 0.299999 0 31.8
    endloop
  endfacet
  facet normal -1 -0 0
    outer loop
      vertex 0.299999 0 51.2
      vertex 0.299999 -3 31.8
      vertex 0.299999 -3 51.2
    endloop
  endfacet
  facet normal 0 -1 0
    outer loop
      vertex 73.7 0 26.2
      vertex 73.7 0 0.299999
      vertex 75 0 26.2
    endloop
  endfacet
  facet normal 0 -1 0
    outer loop
      vertex 73.7 0 51.2
      vertex 73.7 0 31.8
      vertex 75 0 51.2
    endloop
  endfacet
  facet normal 0 -1 0
    outer loop
      vertex -3 0 87
      vertex 0.299999 0 83.7
      vertex 77 0 87
    endloop
  endfacet
  facet normal 0 -1 0
    outer loop
      vertex -3 0 87
      vertex -1 0 56.8
      vertex 0.299999 0 83.7
    endloop
  endfacet
  facet normal 0 -1 0
    outer loop
      vertex -3 0 87
      vertex -1 0 51.2
      vertex -1 0 56.8
    endloop
  endfacet
  facet normal 0 -1 0
    outer loop
      vertex -1 0 51.2
      vertex -1 0 31.8
      vertex 0.299999 0 51.2
    endloop
  endfacet
  facet normal 0 -1 0
    outer loop
      vertex -3 0 87
      vertex -1 0 31.8
      vertex -1 0 51.2
    endloop
  endfacet
  facet normal 0 -1 0
    outer loop
      vertex -3 0 -3
      vertex -1 0 31.8
      vertex -3 0 87
    endloop
  endfacet
  facet normal 0 -1 0
    outer loop
      vertex -1 0 26.2
      vertex 0.299999 0 0.299999
      vertex 0.299999 0 26.2
    endloop
  endfacet
  facet normal 0 -1 -0
    outer loop
      vertex 0.299999 0 0.299999
      vertex -3 0 -3
      vertex 73.7 0 0.299999
    endloop
  endfacet
  facet normal 0 -1 -0
    outer loop
      vertex -1 0 26.2
      vertex -3 0 -3
      vertex 0.299999 0 0.299999
    endloop
  endfacet
  facet normal 0 -1 -0
    outer loop
      vertex -1 0 31.8
      vertex -3 0 -3
      vertex -1 0 26.2
    endloop
  endfacet
  facet normal 0 -1 0
    outer loop
      vertex 73.7 0 83.7
      vertex 77 0 87
      vertex 0.299999 0 83.7
    endloop
  endfacet
  facet normal 0 -1 0
    outer loop
      vertex 75 0 56.8
      vertex 73.7 0 83.7
      vertex 73.7 0 56.8
    endloop
  endfacet
  facet normal 0 -1 0
    outer loop
      vertex 73.7 0 83.7
      vertex 75 0 56.8
      vertex 77 0 87
    endloop
  endfacet
  facet normal 0 -1 0
    outer loop
      vertex 75 0 51.2
      vertex 77 0 87
      vertex 75 0 56.8
    endloop
  endfacet
  facet normal 0 -1 0
    outer loop
      vertex 75 0 31.8
      vertex 75 0 51.2
      vertex 73.7 0 31.8
    endloop
  endfacet
  facet normal 0 -1 0
    outer loop
      vertex 75 0 31.8
      vertex 77 0 87
      vertex 75 0 51.2
    endloop
  endfacet
  facet normal 0 -1 0
    outer loop
      vertex 77 0 -3
      vertex 75 0 31.8
      vertex 75 0 26.2
    endloop
  endfacet
  facet normal 0 -1 0
    outer loop
      vertex 75 0 31.8
      vertex 77 0 -3
      vertex 77 0 87
    endloop
  endfacet
  facet normal 0 -1 0
    outer loop
      vertex 73.7 0 0.299999
      vertex 77 0 -3
      vertex 75 0 26.2
    endloop
  endfacet
  facet normal 0 -1 0
    outer loop
      vertex 77 0 -3
      vertex 73.7 0 0.299999
      vertex -3 0 -3
    endloop
  endfacet
  facet normal 0 -1 -0
    outer loop
      vertex 0.299999 0 83.7
      vertex -1 0 56.8
      vertex 0.299999 0 56.8
    endloop
  endfacet
  facet normal 0 -1 -0
    outer loop
      vertex 0.299999 0 51.2
      vertex -1 0 31.8
      vertex 0.299999 0 31.8
    endloop
  endfacet
  facet normal 0 -1 0
    outer loop
      vertex 4 0 60.4
      vertex 4 0 56.8
      vertex 48 0 60.4
    endloop
  endfacet
  facet normal 0 -1 0
    outer loop
      vertex 48 0 75.6
      vertex 5.1217 0 80
      vertex 5.07059 0 79.8494
    endloop
  endfacet
  facet normal 0 -1 0
    outer loop
      vertex 5.1217 0 80
      vertex 48 0 75.6
      vertex 68.8783 0 80
    endloop
  endfacet
  facet normal 0 -1 0
    outer loop
      vertex 4 0 75.6
      vertex 5.07059 0 79.8494
      vertex 4.97224 0 79.65
    endloop
  endfacet
  facet normal 0 -1 -0
    outer loop
      vertex 68.8783 0 80
      vertex 48 0 75.6
      vertex 68.9294 0 79.8494
    endloop
  endfacet
  facet normal 0 -1 0
    outer loop
      vertex 4 0 75.6
      vertex 4.97224 0 79.65
      vertex 4.8487 0 79.4651
    endloop
  endfacet
  facet normal 0 -1 -0
    outer loop
      vertex 68.9294 0 79.8494
      vertex 48 0 75.6
      vertex 69.0278 0 79.65
    endloop
  endfacet
  facet normal 0 -1 0
    outer loop
      vertex 4 0 75.6
      vertex 4.8487 0 79.4651
      vertex 4.70208 0 79.2979
    endloop
  endfacet
  facet normal 0 -1 -0
    outer loop
      vertex 69.0278 0 79.65
      vertex 48 0 75.6
      vertex 69.1513 0 79.4651
    endloop
  endfacet
  facet normal 0 -1 0
    outer loop
      vertex 4 0 75.6
      vertex 4.70208 0 79.2979
      vertex 4.53489 0 79.1513
    endloop
  endfacet
  facet normal 0 -1 -0
    outer loop
      vertex 69.1513 0 79.4651
      vertex 48 0 75.6
      vertex 69.2979 0 79.2979
    endloop
  endfacet
  facet normal 0 -1 0
    outer loop
      vertex 4 0 75.6
      vertex 4.53489 0 79.1513
      vertex 4.35 0 79.0278
    endloop
  endfacet
  facet normal 0 -1 -0
    outer loop
      vertex 69.2979 0 79.2979
      vertex 48 0 75.6
      vertex 69.4651 0 79.1513
    endloop
  endfacet
  facet normal 0 -1 0
    outer loop
      vertex 4 0 75.6
      vertex 4.35 0 79.0278
      vertex 4.15056 0 78.9294
    endloop
  endfacet
  facet normal 0 -1 0
    outer loop
      vertex 48 0 60.4
      vertex 69.4651 0 79.1513
      vertex 48 0 75.6
    endloop
  endfacet
  facet normal 0 -1 0
    outer loop
      vertex 4 0 75.6
      vertex 4.15056 0 78.9294
      vertex 4 0 78.8783
    endloop
  endfacet
  facet normal 0 -1 0
    outer loop
      vertex 70 0 56.8
      vertex 69.4651 0 79.1513
      vertex 48 0 60.4
    endloop
  endfacet
  facet normal 0 -1 -0
    outer loop
      vertex 5.07059 0 79.8494
      vertex 4 0 75.6
      vertex 48 0 75.6
    endloop
  endfacet
  facet normal 0 -1 0
    outer loop
      vertex 69.4651 0 79.1513
      vertex 70 0 56.8
      vertex 69.65 0 79.0278
    endloop
  endfacet
  facet normal 0 -1 0
    outer loop
      vertex 69.65 0 79.0278
      vertex 70 0 56.8
      vertex 69.8494 0 78.9294
    endloop
  endfacet
  facet normal 0 -1 0
    outer loop
      vertex 69.8494 0 78.9294
      vertex 70 0 56.8
      vertex 70 0 78.8783
    endloop
  endfacet
  facet normal 0 -1 0
    outer loop
      vertex 70 0 56.8
      vertex 48 0 60.4
      vertex 4 0 56.8
    endloop
  endfacet
  facet normal 0 -1 0
    outer loop
      vertex 68.9294 0 4.15056
      vertex 70 0 26.2
      vertex 4 0 26.2
    endloop
  endfacet
  facet normal 0 -1 0
    outer loop
      vertex 4.15056 0 5.07059
      vertex 4 0 26.2
      vertex 4 0 5.1217
    endloop
  endfacet
  facet normal 0 -1 0
    outer loop
      vertex 4.35 0 4.97224
      vertex 4 0 26.2
      vertex 4.15056 0 5.07059
    endloop
  endfacet
  facet normal 0 -1 -0
    outer loop
      vertex 70 0 26.2
      vertex 69.8494 0 5.07059
      vertex 70 0 5.1217
    endloop
  endfacet
  facet normal 0 -1 0
    outer loop
      vertex 4.53489 0 4.8487
      vertex 4 0 26.2
      vertex 4.35 0 4.97224
    endloop
  endfacet
  facet normal 0 -1 0
    outer loop
      vertex 70 0 26.2
      vertex 69.65 0 4.97224
      vertex 69.8494 0 5.07059
    endloop
  endfacet
  facet normal 0 -1 0
    outer loop
      vertex 4.70208 0 4.70208
      vertex 4 0 26.2
      vertex 4.53489 0 4.8487
    endloop
  endfacet
  facet normal 0 -1 0
    outer loop
      vertex 70 0 26.2
      vertex 69.4651 0 4.8487
      vertex 69.65 0 4.97224
    endloop
  endfacet
  facet normal 0 -1 0
    outer loop
      vertex 4.8487 0 4.53489
      vertex 4 0 26.2
      vertex 4.70208 0 4.70208
    endloop
  endfacet
  facet normal 0 -1 0
    outer loop
      vertex 70 0 26.2
      vertex 69.2979 0 4.70208
      vertex 69.4651 0 4.8487
    endloop
  endfacet
  facet normal 0 -1 0
    outer loop
      vertex 4.97224 0 4.35
      vertex 4 0 26.2
      vertex 4.8487 0 4.53489
    endloop
  endfacet
  facet normal 0 -1 0
    outer loop
      vertex 70 0 26.2
      vertex 69.1513 0 4.53489
      vertex 69.2979 0 4.70208
    endloop
  endfacet
  facet normal 0 -1 0
    outer loop
      vertex 5.07059 0 4.15056
      vertex 4 0 26.2
      vertex 4.97224 0 4.35
    endloop
  endfacet
  facet normal 0 -1 0
    outer loop
      vertex 70 0 26.2
      vertex 69.0278 0 4.35
      vertex 69.1513 0 4.53489
    endloop
  endfacet
  facet normal 0 -1 0
    outer loop
      vertex 68.9294 0 4.15056
      vertex 4 0 26.2
      vertex 5.07059 0 4.15056
    endloop
  endfacet
  facet normal 0 -1 0
    outer loop
      vertex 70 0 26.2
      vertex 68.9294 0 4.15056
      vertex 69.0278 0 4.35
    endloop
  endfacet
  facet normal 0 -1 0
    outer loop
      vertex 5.1217 0 4
      vertex 68.9294 0 4.15056
      vertex 5.07059 0 4.15056
    endloop
  endfacet
  facet normal 0 -1 0
    outer loop
      vertex 68.9294 0 4.15056
      vertex 5.1217 0 4
      vertex 68.8783 0 4
    endloop
  endfacet
  facet normal 0 -1 0
    outer loop
      vertex 4 0 31.8
      vertex 70 0 51.2
      vertex 4 0 51.2
    endloop
  endfacet
  facet normal 0 -1 -0
    outer loop
      vertex 70 0 51.2
      vertex 4 0 31.8
      vertex 70 0 31.8
    endloop
  endfacet
  facet normal 0 -1 -0
    outer loop
      vertex 70.2781 -3 78.8145
      vertex 70 -3 56.8
      vertex 70.5 -3 78.8
    endloop
  endfacet
  facet normal 0 -1 -0
    outer loop
      vertex 70.06 -3 78.8579
      vertex 70 -3 56.8
      vertex 70.2781 -3 78.8145
    endloop
  endfacet
  facet normal 0 -1 0
    outer loop
      vertex 70 -3 56.8
      vertex 70.06 -3 78.8579
      vertex 70 -3 78.8783
    endloop
  endfacet
  facet normal 0 -1 0
    outer loop
      vertex 4.15056 -3 82.0706
      vertex 0.299999 -3 83.7
      vertex 3.93999 -3 82.1421
    endloop
  endfacet
  facet normal 0 -1 0
    outer loop
      vertex 73.7 -3 83.7
      vertex 70.2781 -3 82.1855
      vertex 70.5 -3 82.2
    endloop
  endfacet
  facet normal 0 -1 0
    outer loop
      vertex 0.299999 -3 83.7
      vertex 4.15056 -3 82.0706
      vertex 73.7 -3 83.7
    endloop
  endfacet
  facet normal 0 -1 0
    outer loop
      vertex 73.7 -3 83.7
      vertex 70.06 -3 82.1421
      vertex 70.2781 -3 82.1855
    endloop
  endfacet
  facet normal 0 -1 0
    outer loop
      vertex 69.8494 -3 82.0706
      vertex 73.7 -3 83.7
      vertex 4.15056 -3 82.0706
    endloop
  endfacet
  facet normal 0 -1 0
    outer loop
      vertex 73.7 -3 83.7
      vertex 69.8494 -3 82.0706
      vertex 70.06 -3 82.1421
    endloop
  endfacet
  facet normal 0 -1 0
    outer loop
      vertex 4.35 -3 81.9722
      vertex 69.8494 -3 82.0706
      vertex 4.15056 -3 82.0706
    endloop
  endfacet
  facet normal 0 -1 0
    outer loop
      vertex 4.35 -3 81.9722
      vertex 69.65 -3 81.9722
      vertex 69.8494 -3 82.0706
    endloop
  endfacet
  facet normal 0 -1 0
    outer loop
      vertex 4.53489 -3 81.8487
      vertex 69.65 -3 81.9722
      vertex 4.35 -3 81.9722
    endloop
  endfacet
  facet normal 0 -1 0
    outer loop
      vertex 4.53489 -3 81.8487
      vertex 69.4651 -3 81.8487
      vertex 69.65 -3 81.9722
    endloop
  endfacet
  facet normal 0 -1 0
    outer loop
      vertex 4.70208 -3 81.7021
      vertex 69.4651 -3 81.8487
      vertex 4.53489 -3 81.8487
    endloop
  endfacet
  facet normal 0 -1 0
    outer loop
      vertex 4.70208 -3 81.7021
      vertex 69.2979 -3 81.7021
      vertex 69.4651 -3 81.8487
    endloop
  endfacet
  facet normal 0 -1 0
    outer loop
      vertex 4.8487 -3 81.5349
      vertex 69.2979 -3 81.7021
      vertex 4.70208 -3 81.7021
    endloop
  endfacet
  facet normal 0 -1 0
    outer loop
      vertex 4.8487 -3 81.5349
      vertex 69.1513 -3 81.5349
      vertex 69.2979 -3 81.7021
    endloop
  endfacet
  facet normal 0 -1 0
    outer loop
      vertex 4.97224 -3 81.35
      vertex 69.1513 -3 81.5349
      vertex 4.8487 -3 81.5349
    endloop
  endfacet
  facet normal 0 -1 0
    outer loop
      vertex 4.97224 -3 81.35
      vertex 69.0278 -3 81.35
      vertex 69.1513 -3 81.5349
    endloop
  endfacet
  facet normal 0 -1 0
    outer loop
      vertex 5.07059 -3 81.1506
      vertex 69.0278 -3 81.35
      vertex 4.97224 -3 81.35
    endloop
  endfacet
  facet normal 0 -1 0
    outer loop
      vertex 5.07059 -3 81.1506
      vertex 68.9294 -3 81.1506
      vertex 69.0278 -3 81.35
    endloop
  endfacet
  facet normal 0 -1 0
    outer loop
      vertex 5.14207 -3 80.94
      vertex 68.9294 -3 81.1506
      vertex 5.07059 -3 81.1506
    endloop
  endfacet
  facet normal 0 -1 0
    outer loop
      vertex 5.14207 -3 80.94
      vertex 68.8579 -3 80.94
      vertex 68.9294 -3 81.1506
    endloop
  endfacet
  facet normal 0 -1 0
    outer loop
      vertex 5.18546 -3 80.7219
      vertex 68.8579 -3 80.94
      vertex 5.14207 -3 80.94
    endloop
  endfacet
  facet normal 0 -1 0
    outer loop
      vertex 5.18546 -3 80.7219
      vertex 68.8145 -3 80.7219
      vertex 68.8579 -3 80.94
    endloop
  endfacet
  facet normal 0 -1 0
    outer loop
      vertex 5.2 -3 80.5
      vertex 68.8145 -3 80.7219
      vertex 5.18546 -3 80.7219
    endloop
  endfacet
  facet normal 0 -1 0
    outer loop
      vertex 5.2 -3 80.5
      vertex 68.8 -3 80.5
      vertex 68.8145 -3 80.7219
    endloop
  endfacet
  facet normal 0 -1 0
    outer loop
      vertex 5.18546 -3 80.2781
      vertex 68.8 -3 80.5
      vertex 5.2 -3 80.5
    endloop
  endfacet
  facet normal 0 -1 0
    outer loop
      vertex 5.18546 -3 80.2781
      vertex 68.8145 -3 80.2781
      vertex 68.8 -3 80.5
    endloop
  endfacet
  facet normal 0 -1 0
    outer loop
      vertex 5.14207 -3 80.06
      vertex 68.8145 -3 80.2781
      vertex 5.18546 -3 80.2781
    endloop
  endfacet
  facet normal 0 -1 0
    outer loop
      vertex 5.14207 -3 80.06
      vertex 68.8579 -3 80.06
      vertex 68.8145 -3 80.2781
    endloop
  endfacet
  facet normal 0 -1 0
    outer loop
      vertex 5.1217 -3 80
      vertex 68.8579 -3 80.06
      vertex 5.14207 -3 80.06
    endloop
  endfacet
  facet normal 0 -1 -0
    outer loop
      vertex 68.8579 -3 80.06
      vertex 5.1217 -3 80
      vertex 68.8783 -3 80
    endloop
  endfacet
  facet normal 0 -1 0
    outer loop
      vertex 3.72189 -3 82.1855
      vertex 0.299999 -3 83.7
      vertex 3.5 -3 82.2
    endloop
  endfacet
  facet normal 0 -1 0
    outer loop
      vertex 0.299999 -3 83.7
      vertex 3.2781 -3 82.1855
      vertex 3.5 -3 82.2
    endloop
  endfacet
  facet normal 0 -1 0
    outer loop
      vertex 0.299999 -3 83.7
      vertex 3.06001 -3 82.1421
      vertex 3.2781 -3 82.1855
    endloop
  endfacet
  facet normal 0 -1 0
    outer loop
      vertex 0.299999 -3 83.7
      vertex 2.84944 -3 82.0706
      vertex 3.06001 -3 82.1421
    endloop
  endfacet
  facet normal 0 -1 0
    outer loop
      vertex 0.299999 -3 83.7
      vertex 2.65 -3 81.9722
      vertex 2.84944 -3 82.0706
    endloop
  endfacet
  facet normal 0 -1 0
    outer loop
      vertex 0.299999 -3 83.7
      vertex 2.46511 -3 81.8487
      vertex 2.65 -3 81.9722
    endloop
  endfacet
  facet normal 0 -1 0
    outer loop
      vertex 0.299999 -3 83.7
      vertex 2.29792 -3 81.7021
      vertex 2.46511 -3 81.8487
    endloop
  endfacet
  facet normal 0 -1 0
    outer loop
      vertex 0.299999 -3 83.7
      vertex 2.1513 -3 81.5349
      vertex 2.29792 -3 81.7021
    endloop
  endfacet
  facet normal 0 -1 0
    outer loop
      vertex 0.299999 -3 83.7
      vertex 2.02776 -3 81.35
      vertex 2.1513 -3 81.5349
    endloop
  endfacet
  facet normal 0 -1 0
    outer loop
      vertex 0.299999 -3 83.7
      vertex 1.9294 -3 81.1506
      vertex 2.02776 -3 81.35
    endloop
  endfacet
  facet normal 0 -1 0
    outer loop
      vertex 0.299999 -3 83.7
      vertex 1.85793 -3 80.94
      vertex 1.9294 -3 81.1506
    endloop
  endfacet
  facet normal 0 -1 0
    outer loop
      vertex 0.299999 -3 83.7
      vertex 1.81454 -3 80.7219
      vertex 1.85793 -3 80.94
    endloop
  endfacet
  facet normal 0 -1 0
    outer loop
      vertex 0.299999 -3 83.7
      vertex 1.8 -3 80.5
      vertex 1.81454 -3 80.7219
    endloop
  endfacet
  facet normal 0 -1 0
    outer loop
      vertex 0.299999 -3 83.7
      vertex 1.81454 -3 80.2781
      vertex 1.8 -3 80.5
    endloop
  endfacet
  facet normal 0 -1 0
    outer loop
      vertex 0.299999 -3 83.7
      vertex 1.85793 -3 80.06
      vertex 1.81454 -3 80.2781
    endloop
  endfacet
  facet normal 0 -1 0
    outer loop
      vertex 0.299999 -3 83.7
      vertex 1.9294 -3 79.8494
      vertex 1.85793 -3 80.06
    endloop
  endfacet
  facet normal 0 -1 0
    outer loop
      vertex 4 -3 56.8
      vertex 3.2781 -3 78.8145
      vertex 0.299999 -3 56.8
    endloop
  endfacet
  facet normal 0 -1 -0
    outer loop
      vertex 3.06001 -3 78.8579
      vertex 0.299999 -3 56.8
      vertex 3.2781 -3 78.8145
    endloop
  endfacet
  facet normal 0 -1 -0
    outer loop
      vertex 2.84944 -3 78.9294
      vertex 0.299999 -3 56.8
      vertex 3.06001 -3 78.8579
    endloop
  endfacet
  facet normal 0 -1 -0
    outer loop
      vertex 2.65 -3 79.0278
      vertex 0.299999 -3 56.8
      vertex 2.84944 -3 78.9294
    endloop
  endfacet
  facet normal 0 -1 -0
    outer loop
      vertex 2.46511 -3 79.1513
      vertex 0.299999 -3 56.8
      vertex 2.65 -3 79.0278
    endloop
  endfacet
  facet normal 0 -1 -0
    outer loop
      vertex 2.29792 -3 79.2979
      vertex 0.299999 -3 56.8
      vertex 2.46511 -3 79.1513
    endloop
  endfacet
  facet normal 0 -1 -0
    outer loop
      vertex 2.1513 -3 79.4651
      vertex 0.299999 -3 56.8
      vertex 2.29792 -3 79.2979
    endloop
  endfacet
  facet normal 0 -1 -0
    outer loop
      vertex 2.02776 -3 79.65
      vertex 0.299999 -3 56.8
      vertex 2.1513 -3 79.4651
    endloop
  endfacet
  facet normal 0 -1 -0
    outer loop
      vertex 1.9294 -3 79.8494
      vertex 0.299999 -3 56.8
      vertex 2.02776 -3 79.65
    endloop
  endfacet
  facet normal 0 -1 0
    outer loop
      vertex 0.299999 -3 56.8
      vertex 1.9294 -3 79.8494
      vertex 0.299999 -3 83.7
    endloop
  endfacet
  facet normal 0 -1 0
    outer loop
      vertex 3.93999 -3 82.1421
      vertex 0.299999 -3 83.7
      vertex 3.72189 -3 82.1855
    endloop
  endfacet
  facet normal 0 -1 0
    outer loop
      vertex 70.7219 -3 82.1855
      vertex 73.7 -3 83.7
      vertex 70.5 -3 82.2
    endloop
  endfacet
  facet normal 0 -1 0
    outer loop
      vertex 70.94 -3 82.1421
      vertex 73.7 -3 83.7
      vertex 70.7219 -3 82.1855
    endloop
  endfacet
  facet normal 0 -1 0
    outer loop
      vertex 71.1506 -3 82.0706
      vertex 73.7 -3 83.7
      vertex 70.94 -3 82.1421
    endloop
  endfacet
  facet normal 0 -1 0
    outer loop
      vertex 71.35 -3 81.9722
      vertex 73.7 -3 83.7
      vertex 71.1506 -3 82.0706
    endloop
  endfacet
  facet normal 0 -1 0
    outer loop
      vertex 71.5349 -3 81.8487
      vertex 73.7 -3 83.7
      vertex 71.35 -3 81.9722
    endloop
  endfacet
  facet normal 0 -1 0
    outer loop
      vertex 71.7021 -3 81.7021
      vertex 73.7 -3 83.7
      vertex 71.5349 -3 81.8487
    endloop
  endfacet
  facet normal 0 -1 0
    outer loop
      vertex 71.8487 -3 81.5349
      vertex 73.7 -3 83.7
      vertex 71.7021 -3 81.7021
    endloop
  endfacet
  facet normal 0 -1 0
    outer loop
      vertex 71.9722 -3 81.35
      vertex 73.7 -3 83.7
      vertex 71.8487 -3 81.5349
    endloop
  endfacet
  facet normal 0 -1 0
    outer loop
      vertex 72.0706 -3 81.1506
      vertex 73.7 -3 83.7
      vertex 71.9722 -3 81.35
    endloop
  endfacet
  facet normal 0 -1 0
    outer loop
      vertex 72.1421 -3 80.94
      vertex 73.7 -3 83.7
      vertex 72.0706 -3 81.1506
    endloop
  endfacet
  facet normal 0 -1 0
    outer loop
      vertex 72.1855 -3 80.7219
      vertex 73.7 -3 83.7
      vertex 72.1421 -3 80.94
    endloop
  endfacet
  facet normal 0 -1 0
    outer loop
      vertex 72.2 -3 80.5
      vertex 73.7 -3 83.7
      vertex 72.1855 -3 80.7219
    endloop
  endfacet
  facet normal 0 -1 0
    outer loop
      vertex 72.1855 -3 80.2781
      vertex 73.7 -3 83.7
      vertex 72.2 -3 80.5
    endloop
  endfacet
  facet normal 0 -1 0
    outer loop
      vertex 72.1421 -3 80.06
      vertex 73.7 -3 83.7
      vertex 72.1855 -3 80.2781
    endloop
  endfacet
  facet normal 0 -1 0
    outer loop
      vertex 72.0706 -3 79.8494
      vertex 73.7 -3 83.7
      vertex 72.1421 -3 80.06
    endloop
  endfacet
  facet normal 0 -1 0
    outer loop
      vertex 70 -3 56.8
      vertex 70.7219 -3 78.8145
      vertex 70.5 -3 78.8
    endloop
  endfacet
  facet normal 0 -1 0
    outer loop
      vertex 73.7 -3 56.8
      vertex 70.7219 -3 78.8145
      vertex 70 -3 56.8
    endloop
  endfacet
  facet normal 0 -1 0
    outer loop
      vertex 70.7219 -3 78.8145
      vertex 73.7 -3 56.8
      vertex 70.94 -3 78.8579
    endloop
  endfacet
  facet normal 0 -1 0
    outer loop
      vertex 70.94 -3 78.8579
      vertex 73.7 -3 56.8
      vertex 71.1506 -3 78.9294
    endloop
  endfacet
  facet normal 0 -1 0
    outer loop
      vertex 71.1506 -3 78.9294
      vertex 73.7 -3 56.8
      vertex 71.35 -3 79.0278
    endloop
  endfacet
  facet normal 0 -1 0
    outer loop
      vertex 71.35 -3 79.0278
      vertex 73.7 -3 56.8
      vertex 71.5349 -3 79.1513
    endloop
  endfacet
  facet normal 0 -1 0
    outer loop
      vertex 71.5349 -3 79.1513
      vertex 73.7 -3 56.8
      vertex 71.7021 -3 79.2979
    endloop
  endfacet
  facet normal 0 -1 0
    outer loop
      vertex 71.7021 -3 79.2979
      vertex 73.7 -3 56.8
      vertex 71.8487 -3 79.4651
    endloop
  endfacet
  facet normal 0 -1 0
    outer loop
      vertex 71.8487 -3 79.4651
      vertex 73.7 -3 56.8
      vertex 71.9722 -3 79.65
    endloop
  endfacet
  facet normal 0 -1 0
    outer loop
      vertex 71.9722 -3 79.65
      vertex 73.7 -3 56.8
      vertex 72.0706 -3 79.8494
    endloop
  endfacet
  facet normal 0 -1 0
    outer loop
      vertex 72.0706 -3 79.8494
      vertex 73.7 -3 56.8
      vertex 73.7 -3 83.7
    endloop
  endfacet
  facet normal 0 -1 0
    outer loop
      vertex 3.2781 -3 78.8145
      vertex 4 -3 56.8
      vertex 3.5 -3 78.8
    endloop
  endfacet
  facet normal 0 -1 0
    outer loop
      vertex 3.5 -3 78.8
      vertex 4 -3 56.8
      vertex 3.72189 -3 78.8145
    endloop
  endfacet
  facet normal 0 -1 0
    outer loop
      vertex 3.72189 -3 78.8145
      vertex 4 -3 56.8
      vertex 3.93999 -3 78.8579
    endloop
  endfacet
  facet normal 0 -1 0
    outer loop
      vertex 3.93999 -3 78.8579
      vertex 4 -3 56.8
      vertex 4 -3 78.8783
    endloop
  endfacet
  facet normal 0 -1 0
    outer loop
      vertex 3.2781 -3 5.18546
      vertex 4 -3 26.2
      vertex 0.299999 -3 26.2
    endloop
  endfacet
  facet normal 0 -1 0
    outer loop
      vertex 4 -3 26.2
      vertex 3.2781 -3 5.18546
      vertex 3.5 -3 5.2
    endloop
  endfacet
  facet normal 0 -1 0
    outer loop
      vertex 0.299999 -3 26.2
      vertex 3.06001 -3 5.14207
      vertex 3.2781 -3 5.18546
    endloop
  endfacet
  facet normal 0 -1 0
    outer loop
      vertex 0.299999 -3 26.2
      vertex 2.84944 -3 5.07059
      vertex 3.06001 -3 5.14207
    endloop
  endfacet
  facet normal 0 -1 0
    outer loop
      vertex 0.299999 -3 26.2
      vertex 2.65 -3 4.97224
      vertex 2.84944 -3 5.07059
    endloop
  endfacet
  facet normal 0 -1 0
    outer loop
      vertex 0.299999 -3 26.2
      vertex 2.46511 -3 4.8487
      vertex 2.65 -3 4.97224
    endloop
  endfacet
  facet normal 0 -1 0
    outer loop
      vertex 0.299999 -3 26.2
      vertex 2.29792 -3 4.70208
      vertex 2.46511 -3 4.8487
    endloop
  endfacet
  facet normal 0 -1 0
    outer loop
      vertex 0.299999 -3 26.2
      vertex 2.1513 -3 4.53489
      vertex 2.29792 -3 4.70208
    endloop
  endfacet
  facet normal 0 -1 0
    outer loop
      vertex 0.299999 -3 26.2
      vertex 2.02776 -3 4.35
      vertex 2.1513 -3 4.53489
    endloop
  endfacet
  facet normal 0 -1 0
    outer loop
      vertex 0.299999 -3 26.2
      vertex 1.9294 -3 4.15056
      vertex 2.02776 -3 4.35
    endloop
  endfacet
  facet normal 0 -1 0
    outer loop
      vertex 0.299999 -3 26.2
      vertex 1.85793 -3 3.93999
      vertex 1.9294 -3 4.15056
    endloop
  endfacet
  facet normal 0 -1 0
    outer loop
      vertex 0.299999 -3 0.299999
      vertex 1.85793 -3 3.93999
      vertex 0.299999 -3 26.2
    endloop
  endfacet
  facet normal 0 -1 0
    outer loop
      vertex 1.85793 -3 3.93999
      vertex 0.299999 -3 0.299999
      vertex 1.81454 -3 3.72189
    endloop
  endfacet
  facet normal 0 -1 0
    outer loop
      vertex 1.81454 -3 3.72189
      vertex 0.299999 -3 0.299999
      vertex 1.8 -3 3.5
    endloop
  endfacet
  facet normal 0 -1 0
    outer loop
      vertex 70.06 -3 1.85793
      vertex 73.7 -3 0.299999
      vertex 70.2781 -3 1.81454
    endloop
  endfacet
  facet normal 0 -1 -0
    outer loop
      vertex 3.2781 -3 1.81454
      vertex 0.299999 -3 0.299999
      vertex 3.5 -3 1.8
    endloop
  endfacet
  facet normal 0 -1 -0
    outer loop
      vertex 3.06001 -3 1.85793
      vertex 0.299999 -3 0.299999
      vertex 3.2781 -3 1.81454
    endloop
  endfacet
  facet normal 0 -1 -0
    outer loop
      vertex 2.84944 -3 1.9294
      vertex 0.299999 -3 0.299999
      vertex 3.06001 -3 1.85793
    endloop
  endfacet
  facet normal 0 -1 -0
    outer loop
      vertex 2.65 -3 2.02776
      vertex 0.299999 -3 0.299999
      vertex 2.84944 -3 1.9294
    endloop
  endfacet
  facet normal 0 -1 -0
    outer loop
      vertex 2.46511 -3 2.1513
      vertex 0.299999 -3 0.299999
      vertex 2.65 -3 2.02776
    endloop
  endfacet
  facet normal 0 -1 -0
    outer loop
      vertex 2.29792 -3 2.29792
      vertex 0.299999 -3 0.299999
      vertex 2.46511 -3 2.1513
    endloop
  endfacet
  facet normal 0 -1 -0
    outer loop
      vertex 2.1513 -3 2.46511
      vertex 0.299999 -3 0.299999
      vertex 2.29792 -3 2.29792
    endloop
  endfacet
  facet normal 0 -1 -0
    outer loop
      vertex 2.02776 -3 2.65
      vertex 0.299999 -3 0.299999
      vertex 2.1513 -3 2.46511
    endloop
  endfacet
  facet normal 0 -1 -0
    outer loop
      vertex 1.9294 -3 2.84944
      vertex 0.299999 -3 0.299999
      vertex 2.02776 -3 2.65
    endloop
  endfacet
  facet normal 0 -1 -0
    outer loop
      vertex 1.85793 -3 3.06001
      vertex 0.299999 -3 0.299999
      vertex 1.9294 -3 2.84944
    endloop
  endfacet
  facet normal 0 -1 -0
    outer loop
      vertex 1.81454 -3 3.2781
      vertex 0.299999 -3 0.299999
      vertex 1.85793 -3 3.06001
    endloop
  endfacet
  facet normal 0 -1 -0
    outer loop
      vertex 1.8 -3 3.5
      vertex 0.299999 -3 0.299999
      vertex 1.81454 -3 3.2781
    endloop
  endfacet
  facet normal 0 -1 0
    outer loop
      vertex 3.72189 -3 5.18546
      vertex 4 -3 26.2
      vertex 3.5 -3 5.2
    endloop
  endfacet
  facet normal 0 -1 0
    outer loop
      vertex 3.93999 -3 5.14207
      vertex 4 -3 26.2
      vertex 3.72189 -3 5.18546
    endloop
  endfacet
  facet normal 0 -1 -0
    outer loop
      vertex 4 -3 26.2
      vertex 3.93999 -3 5.14207
      vertex 4 -3 5.1217
    endloop
  endfacet
  facet normal 0 -1 0
    outer loop
      vertex 5.14207 -3 3.93999
      vertex 68.8783 -3 4
      vertex 5.1217 -3 4
    endloop
  endfacet
  facet normal 0 -1 0
    outer loop
      vertex 5.14207 -3 3.93999
      vertex 68.8579 -3 3.93999
      vertex 68.8783 -3 4
    endloop
  endfacet
  facet normal 0 -1 0
    outer loop
      vertex 5.18546 -3 3.72189
      vertex 68.8579 -3 3.93999
      vertex 5.14207 -3 3.93999
    endloop
  endfacet
  facet normal 0 -1 0
    outer loop
      vertex 5.18546 -3 3.72189
      vertex 68.8145 -3 3.72189
      vertex 68.8579 -3 3.93999
    endloop
  endfacet
  facet normal 0 -1 0
    outer loop
      vertex 5.2 -3 3.5
      vertex 68.8145 -3 3.72189
      vertex 5.18546 -3 3.72189
    endloop
  endfacet
  facet normal 0 -1 0
    outer loop
      vertex 5.2 -3 3.5
      vertex 68.8 -3 3.5
      vertex 68.8145 -3 3.72189
    endloop
  endfacet
  facet normal 0 -1 0
    outer loop
      vertex 5.18546 -3 3.2781
      vertex 68.8 -3 3.5
      vertex 5.2 -3 3.5
    endloop
  endfacet
  facet normal 0 -1 0
    outer loop
      vertex 5.18546 -3 3.2781
      vertex 68.8145 -3 3.2781
      vertex 68.8 -3 3.5
    endloop
  endfacet
  facet normal 0 -1 0
    outer loop
      vertex 5.14207 -3 3.06001
      vertex 68.8145 -3 3.2781
      vertex 5.18546 -3 3.2781
    endloop
  endfacet
  facet normal 0 -1 0
    outer loop
      vertex 5.14207 -3 3.06001
      vertex 68.8579 -3 3.06001
      vertex 68.8145 -3 3.2781
    endloop
  endfacet
  facet normal 0 -1 0
    outer loop
      vertex 5.07059 -3 2.84944
      vertex 68.8579 -3 3.06001
      vertex 5.14207 -3 3.06001
    endloop
  endfacet
  facet normal 0 -1 0
    outer loop
      vertex 5.07059 -3 2.84944
      vertex 68.9294 -3 2.84944
      vertex 68.8579 -3 3.06001
    endloop
  endfacet
  facet normal 0 -1 0
    outer loop
      vertex 4.97224 -3 2.65
      vertex 68.9294 -3 2.84944
      vertex 5.07059 -3 2.84944
    endloop
  endfacet
  facet normal 0 -1 0
    outer loop
      vertex 4.97224 -3 2.65
      vertex 69.0278 -3 2.65
      vertex 68.9294 -3 2.84944
    endloop
  endfacet
  facet normal 0 -1 0
    outer loop
      vertex 4.8487 -3 2.46511
      vertex 69.0278 -3 2.65
      vertex 4.97224 -3 2.65
    endloop
  endfacet
  facet normal 0 -1 0
    outer loop
      vertex 4.8487 -3 2.46511
      vertex 69.1513 -3 2.46511
      vertex 69.0278 -3 2.65
    endloop
  endfacet
  facet normal 0 -1 0
    outer loop
      vertex 4.70208 -3 2.29792
      vertex 69.1513 -3 2.46511
      vertex 4.8487 -3 2.46511
    endloop
  endfacet
  facet normal 0 -1 0
    outer loop
      vertex 4.70208 -3 2.29792
      vertex 69.2979 -3 2.29792
      vertex 69.1513 -3 2.46511
    endloop
  endfacet
  facet normal 0 -1 0
    outer loop
      vertex 4.53489 -3 2.1513
      vertex 69.2979 -3 2.29792
      vertex 4.70208 -3 2.29792
    endloop
  endfacet
  facet normal 0 -1 0
    outer loop
      vertex 4.53489 -3 2.1513
      vertex 69.4651 -3 2.1513
      vertex 69.2979 -3 2.29792
    endloop
  endfacet
  facet normal 0 -1 0
    outer loop
      vertex 4.35 -3 2.02776
      vertex 69.4651 -3 2.1513
      vertex 4.53489 -3 2.1513
    endloop
  endfacet
  facet normal 0 -1 0
    outer loop
      vertex 4.35 -3 2.02776
      vertex 69.65 -3 2.02776
      vertex 69.4651 -3 2.1513
    endloop
  endfacet
  facet normal 0 -1 0
    outer loop
      vertex 4.15056 -3 1.9294
      vertex 69.65 -3 2.02776
      vertex 4.35 -3 2.02776
    endloop
  endfacet
  facet normal 0 -1 0
    outer loop
      vertex 4.15056 -3 1.9294
      vertex 69.8494 -3 1.9294
      vertex 69.65 -3 2.02776
    endloop
  endfacet
  facet normal 0 -1 0
    outer loop
      vertex 0.299999 -3 0.299999
      vertex 4.15056 -3 1.9294
      vertex 3.93999 -3 1.85793
    endloop
  endfacet
  facet normal 0 -1 -0
    outer loop
      vertex 4.15056 -3 1.9294
      vertex 0.299999 -3 0.299999
      vertex 69.8494 -3 1.9294
    endloop
  endfacet
  facet normal 0 -1 0
    outer loop
      vertex 0.299999 -3 0.299999
      vertex 3.93999 -3 1.85793
      vertex 3.72189 -3 1.81454
    endloop
  endfacet
  facet normal 0 -1 0
    outer loop
      vertex 73.7 -3 0.299999
      vertex 69.8494 -3 1.9294
      vertex 0.299999 -3 0.299999
    endloop
  endfacet
  facet normal 0 -1 0
    outer loop
      vertex 0.299999 -3 0.299999
      vertex 3.72189 -3 1.81454
      vertex 3.5 -3 1.8
    endloop
  endfacet
  facet normal 0 -1 0
    outer loop
      vertex 69.8494 -3 1.9294
      vertex 73.7 -3 0.299999
      vertex 70.06 -3 1.85793
    endloop
  endfacet
  facet normal 0 -1 0
    outer loop
      vertex 70.7219 -3 5.18546
      vertex 70 -3 26.2
      vertex 70.5 -3 5.2
    endloop
  endfacet
  facet normal 0 -1 0
    outer loop
      vertex 70 -3 26.2
      vertex 70.2781 -3 5.18546
      vertex 70.5 -3 5.2
    endloop
  endfacet
  facet normal 0 -1 0
    outer loop
      vertex 70 -3 26.2
      vertex 70.06 -3 5.14207
      vertex 70.2781 -3 5.18546
    endloop
  endfacet
  facet normal -0 -1 0
    outer loop
      vertex 70.06 -3 5.14207
      vertex 70 -3 26.2
      vertex 70 -3 5.1217
    endloop
  endfacet
  facet normal 0 -1 0
    outer loop
      vertex 70 -3 26.2
      vertex 70.7219 -3 5.18546
      vertex 73.7 -3 26.2
    endloop
  endfacet
  facet normal 0 -1 0
    outer loop
      vertex 70.94 -3 5.14207
      vertex 73.7 -3 26.2
      vertex 70.7219 -3 5.18546
    endloop
  endfacet
  facet normal 0 -1 0
    outer loop
      vertex 71.1506 -3 5.07059
      vertex 73.7 -3 26.2
      vertex 70.94 -3 5.14207
    endloop
  endfacet
  facet normal 0 -1 0
    outer loop
      vertex 71.35 -3 4.97224
      vertex 73.7 -3 26.2
      vertex 71.1506 -3 5.07059
    endloop
  endfacet
  facet normal 0 -1 0
    outer loop
      vertex 71.5349 -3 4.8487
      vertex 73.7 -3 26.2
      vertex 71.35 -3 4.97224
    endloop
  endfacet
  facet normal 0 -1 0
    outer loop
      vertex 71.7021 -3 4.70208
      vertex 73.7 -3 26.2
      vertex 71.5349 -3 4.8487
    endloop
  endfacet
  facet normal 0 -1 0
    outer loop
      vertex 71.8487 -3 4.53489
      vertex 73.7 -3 26.2
      vertex 71.7021 -3 4.70208
    endloop
  endfacet
  facet normal 0 -1 0
    outer loop
      vertex 71.9722 -3 4.35
      vertex 73.7 -3 26.2
      vertex 71.8487 -3 4.53489
    endloop
  endfacet
  facet normal 0 -1 0
    outer loop
      vertex 72.0706 -3 4.15056
      vertex 73.7 -3 26.2
      vertex 71.9722 -3 4.35
    endloop
  endfacet
  facet normal 0 -1 0
    outer loop
      vertex 72.1421 -3 3.93999
      vertex 73.7 -3 26.2
      vertex 72.0706 -3 4.15056
    endloop
  endfacet
  facet normal 0 -1 0
    outer loop
      vertex 73.7 -3 0.299999
      vertex 72.1421 -3 3.93999
      vertex 72.1855 -3 3.72189
    endloop
  endfacet
  facet normal 0 -1 0
    outer loop
      vertex 73.7 -3 0.299999
      vertex 72.1855 -3 3.72189
      vertex 72.2 -3 3.5
    endloop
  endfacet
  facet normal 0 -1 0
    outer loop
      vertex 73.7 -3 0.299999
      vertex 72.2 -3 3.5
      vertex 72.1855 -3 3.2781
    endloop
  endfacet
  facet normal 0 -1 0
    outer loop
      vertex 72.1421 -3 3.93999
      vertex 73.7 -3 0.299999
      vertex 73.7 -3 26.2
    endloop
  endfacet
  facet normal 0 -1 0
    outer loop
      vertex 72.1421 -3 3.06001
      vertex 73.7 -3 0.299999
      vertex 72.1855 -3 3.2781
    endloop
  endfacet
  facet normal 0 -1 0
    outer loop
      vertex 72.0706 -3 2.84944
      vertex 73.7 -3 0.299999
      vertex 72.1421 -3 3.06001
    endloop
  endfacet
  facet normal 0 -1 0
    outer loop
      vertex 71.9722 -3 2.65
      vertex 73.7 -3 0.299999
      vertex 72.0706 -3 2.84944
    endloop
  endfacet
  facet normal 0 -1 0
    outer loop
      vertex 71.8487 -3 2.46511
      vertex 73.7 -3 0.299999
      vertex 71.9722 -3 2.65
    endloop
  endfacet
  facet normal 0 -1 0
    outer loop
      vertex 71.7021 -3 2.29792
      vertex 73.7 -3 0.299999
      vertex 71.8487 -3 2.46511
    endloop
  endfacet
  facet normal 0 -1 0
    outer loop
      vertex 71.5349 -3 2.1513
      vertex 73.7 -3 0.299999
      vertex 71.7021 -3 2.29792
    endloop
  endfacet
  facet normal 0 -1 0
    outer loop
      vertex 71.35 -3 2.02776
      vertex 73.7 -3 0.299999
      vertex 71.5349 -3 2.1513
    endloop
  endfacet
  facet normal 0 -1 0
    outer loop
      vertex 71.1506 -3 1.9294
      vertex 73.7 -3 0.299999
      vertex 71.35 -3 2.02776
    endloop
  endfacet
  facet normal 0 -1 0
    outer loop
      vertex 70.94 -3 1.85793
      vertex 73.7 -3 0.299999
      vertex 71.1506 -3 1.9294
    endloop
  endfacet
  facet normal 0 -1 0
    outer loop
      vertex 70.7219 -3 1.81454
      vertex 73.7 -3 0.299999
      vertex 70.94 -3 1.85793
    endloop
  endfacet
  facet normal 0 -1 0
    outer loop
      vertex 70.5 -3 1.8
      vertex 73.7 -3 0.299999
      vertex 70.7219 -3 1.81454
    endloop
  endfacet
  facet normal 0 -1 0
    outer loop
      vertex 70.2781 -3 1.81454
      vertex 73.7 -3 0.299999
      vertex 70.5 -3 1.8
    endloop
  endfacet
  facet normal 0 -1 0
    outer loop
      vertex 0.299999 -3 31.8
      vertex 4 -3 51.2
      vertex 0.299999 -3 51.2
    endloop
  endfacet
  facet normal 0 -1 -0
    outer loop
      vertex 4 -3 51.2
      vertex 0.299999 -3 31.8
      vertex 4 -3 31.8
    endloop
  endfacet
  facet normal 0 -1 0
    outer loop
      vertex 70 -3 31.8
      vertex 73.7 -3 51.2
      vertex 70 -3 51.2
    endloop
  endfacet
  facet normal 0 -1 -0
    outer loop
      vertex 73.7 -3 51.2
      vertex 70 -3 31.8
      vertex 73.7 -3 31.8
    endloop
  endfacet
  facet normal -1 0 0
    outer loop
      vertex 70 -3 5.1217
      vertex 70 0 26.2
      vertex 70 0 5.1217
    endloop
  endfacet
  facet normal -1 -0 0
    outer loop
      vertex 70 0 26.2
      vertex 70 -3 5.1217
      vertex 70 -3 26.2
    endloop
  endfacet
  facet normal -1 0 0
    outer loop
      vertex 70 -3 56.8
      vertex 70 0 78.8783
      vertex 70 0 56.8
    endloop
  endfacet
  facet normal -1 -0 0
    outer loop
      vertex 70 0 78.8783
      vertex 70 -3 56.8
      vertex 70 -3 78.8783
    endloop
  endfacet
  facet normal -1 0 0
    outer loop
      vertex 70 -3 31.8
      vertex 70 0 51.2
      vertex 70 0 31.8
    endloop
  endfacet
  facet normal -1 -0 0
    outer loop
      vertex 70 0 51.2
      vertex 70 -3 31.8
      vertex 70 -3 51.2
    endloop
  endfacet
  facet normal 0 0 -1
    outer loop
      vertex 5.1217 -3 80
      vertex 68.8783 0 80
      vertex 68.8783 -3 80
    endloop
  endfacet
  facet normal -0 0 -1
    outer loop
      vertex 68.8783 0 80
      vertex 5.1217 -3 80
      vertex 5.1217 0 80
    endloop
  endfacet
  facet normal -0 0 1
    outer loop
      vertex 5.1217 0 4
      vertex 68.8783 -3 4
      vertex 68.8783 0 4
    endloop
  endfacet
  facet normal 0 0 1
    outer loop
      vertex 68.8783 -3 4
      vertex 5.1217 0 4
      vertex 5.1217 -3 4
    endloop
  endfacet
  facet normal 1 -0 0
    outer loop
      vertex 4 -3 78.8783
      vertex 4 0 75.6
      vertex 4 0 78.8783
    endloop
  endfacet
  facet normal 1 0 0
    outer loop
      vertex 4 0 75.6
      vertex 4 -3 78.8783
      vertex 4 0 60.4
    endloop
  endfacet
  facet normal 1 0 0
    outer loop
      vertex 4 -3 56.8
      vertex 4 0 60.4
      vertex 4 -3 78.8783
    endloop
  endfacet
  facet normal 1 0 0
    outer loop
      vertex 4 0 60.4
      vertex 4 -3 56.8
      vertex 4 0 56.8
    endloop
  endfacet
  facet normal 1 -0 0
    outer loop
      vertex 4 0 75.6
      vertex 4 0.00999928 60.4
      vertex 4 0.00999928 75.6
    endloop
  endfacet
  facet normal 1 0 0
    outer loop
      vertex 4 0.00999928 60.4
      vertex 4 0 75.6
      vertex 4 0 60.4
    endloop
  endfacet
  facet normal 1 -0 0
    outer loop
      vertex 4 -3 26.2
      vertex 4 0 5.1217
      vertex 4 0 26.2
    endloop
  endfacet
  facet normal 1 0 0
    outer loop
      vertex 4 0 5.1217
      vertex 4 -3 26.2
      vertex 4 -3 5.1217
    endloop
  endfacet
  facet normal 1 -0 0
    outer loop
      vertex 4 -3 51.2
      vertex 4 0 31.8
      vertex 4 0 51.2
    endloop
  endfacet
  facet normal 1 0 0
    outer loop
      vertex 4 0 31.8
      vertex 4 -3 51.2
      vertex 4 -3 31.8
    endloop
  endfacet
  facet normal 1 -0 0
    outer loop
      vertex 77 0 87
      vertex 77 3 -3
      vertex 77 3 87
    endloop
  endfacet
  facet normal 1 0 0
    outer loop
      vertex 77 3 -3
      vertex 77 0 87
      vertex 77 0 -3
    endloop
  endfacet
  facet normal -0 0 1
    outer loop
      vertex -3 3 87
      vertex 77 0 87
      vertex 77 3 87
    endloop
  endfacet
  facet normal 0 0 1
    outer loop
      vertex 77 0 87
      vertex -3 3 87
      vertex -3 0 87
    endloop
  endfacet
  facet normal 0 0 -1
    outer loop
      vertex -3 0 -3
      vertex 77 3 -3
      vertex 77 0 -3
    endloop
  endfacet
  facet normal -0 0 -1
    outer loop
      vertex 77 3 -3
      vertex -3 0 -3
      vertex -3 3 -3
    endloop
  endfacet
  facet normal -1 0 0
    outer loop
      vertex -3 0 -3
      vertex -3 3 87
      vertex -3 3 -3
    endloop
  endfacet
  facet normal -1 -0 0
    outer loop
      vertex -3 3 87
      vertex -3 0 -3
      vertex -3 0 87
    endloop
  endfacet
  facet normal 0 1 -0
    outer loop
      vertex 70.1184 3 6.39852
      vertex 43 3 61.4
      vertex 70.1315 3 6.39937
    endloop
  endfacet
  facet normal 0 1 0
    outer loop
      vertex 43 3 61.4
      vertex 3.86854 3 6.39937
      vertex 3.5 3 6.42353
    endloop
  endfacet
  facet normal 0 1 -0
    outer loop
      vertex 70.1056 3 6.39597
      vertex 43 3 61.4
      vertex 70.1184 3 6.39852
    endloop
  endfacet
  facet normal 0 1 0
    outer loop
      vertex 43 3 61.4
      vertex 3.8816 3 6.39852
      vertex 3.86854 3 6.39937
    endloop
  endfacet
  facet normal 0 1 -0
    outer loop
      vertex 69.7433 3 6.32391
      vertex 43 3 61.4
      vertex 70.1056 3 6.39597
    endloop
  endfacet
  facet normal 0 1 0
    outer loop
      vertex 43 3 61.4
      vertex 3.89443 3 6.39597
      vertex 3.8816 3 6.39852
    endloop
  endfacet
  facet normal 0 1 -0
    outer loop
      vertex 69.3936 3 6.20519
      vertex 43 3 61.4
      vertex 69.7433 3 6.32391
    endloop
  endfacet
  facet normal 0 1 0
    outer loop
      vertex 43 3 61.4
      vertex 4.25666 3 6.32391
      vertex 3.89443 3 6.39597
    endloop
  endfacet
  facet normal 0 1 -0
    outer loop
      vertex 69.3812 3 6.20099
      vertex 43 3 61.4
      vertex 69.3936 3 6.20519
    endloop
  endfacet
  facet normal 0 1 0
    outer loop
      vertex 43 3 61.4
      vertex 4.6064 3 6.20519
      vertex 4.25666 3 6.32391
    endloop
  endfacet
  facet normal 0 1 -0
    outer loop
      vertex 69.05 3 6.03764
      vertex 43 3 61.4
      vertex 69.3812 3 6.20099
    endloop
  endfacet
  facet normal 0 1 0
    outer loop
      vertex 43 3 61.4
      vertex 4.61879 3 6.20099
      vertex 4.6064 3 6.20519
    endloop
  endfacet
  facet normal 0 1 -0
    outer loop
      vertex 69.0382 3 6.03185
      vertex 43 3 61.4
      vertex 69.05 3 6.03764
    endloop
  endfacet
  facet normal 0 1 0
    outer loop
      vertex 43 3 61.4
      vertex 4.95003 3 6.03764
      vertex 4.61879 3 6.20099
    endloop
  endfacet
  facet normal 0 1 -0
    outer loop
      vertex 69.0274 3 6.02458
      vertex 43 3 61.4
      vertex 69.0382 3 6.03185
    endloop
  endfacet
  facet normal 0 1 0
    outer loop
      vertex 43 3 61.4
      vertex 4.96176 3 6.03185
      vertex 4.95003 3 6.03764
    endloop
  endfacet
  facet normal 0 1 -0
    outer loop
      vertex 68.7203 3 5.81939
      vertex 43 3 61.4
      vertex 69.0274 3 6.02458
    endloop
  endfacet
  facet normal 0 1 0
    outer loop
      vertex 43 3 61.4
      vertex 4.97264 3 6.02458
      vertex 4.96176 3 6.03185
    endloop
  endfacet
  facet normal 0 1 -0
    outer loop
      vertex 68.4426 3 5.57587
      vertex 43 3 61.4
      vertex 68.7203 3 5.81939
    endloop
  endfacet
  facet normal 0 1 0
    outer loop
      vertex 43 3 61.4
      vertex 5.27973 3 5.81939
      vertex 4.97264 3 6.02458
    endloop
  endfacet
  facet normal 0 1 -0
    outer loop
      vertex 68.4328 3 5.56725
      vertex 43 3 61.4
      vertex 68.4426 3 5.57587
    endloop
  endfacet
  facet normal 0 1 0
    outer loop
      vertex 43 3 61.4
      vertex 5.55741 3 5.57587
      vertex 5.27973 3 5.81939
    endloop
  endfacet
  facet normal 0 1 -0
    outer loop
      vertex 68.4241 3 5.55741
      vertex 43 3 61.4
      vertex 68.4328 3 5.56725
    endloop
  endfacet
  facet normal 0 1 0
    outer loop
      vertex 43 3 61.4
      vertex 5.56725 3 5.56725
      vertex 5.55741 3 5.57587
    endloop
  endfacet
  facet normal 0 1 -0
    outer loop
      vertex 68.1806 3 5.27973
      vertex 43 3 61.4
      vertex 68.4241 3 5.55741
    endloop
  endfacet
  facet normal 0 1 0
    outer loop
      vertex 43 3 61.4
      vertex 5.57587 3 5.55741
      vertex 5.56725 3 5.56725
    endloop
  endfacet
  facet normal 0 1 -0
    outer loop
      vertex 67.9754 3 4.97264
      vertex 43 3 61.4
      vertex 68.1806 3 5.27973
    endloop
  endfacet
  facet normal 0 1 0
    outer loop
      vertex 43 3 61.4
      vertex 5.81939 3 5.27973
      vertex 5.57587 3 5.55741
    endloop
  endfacet
  facet normal 0 1 -0
    outer loop
      vertex 67.9681 3 4.96176
      vertex 43 3 61.4
      vertex 67.9754 3 4.97264
    endloop
  endfacet
  facet normal 0 1 0
    outer loop
      vertex 43 3 61.4
      vertex 6.02458 3 4.97264
      vertex 5.81939 3 5.27973
    endloop
  endfacet
  facet normal 0 1 0
    outer loop
      vertex 6.03185 3 4.96176
      vertex 43 3 61.4
      vertex 67.9681 3 4.96176
    endloop
  endfacet
  facet normal 0 1 0
    outer loop
      vertex 43 3 61.4
      vertex 6.03185 3 4.96176
      vertex 6.02458 3 4.97264
    endloop
  endfacet
  facet normal 0 1 -0
    outer loop
      vertex 67.9624 3 4.95003
      vertex 6.03185 3 4.96176
      vertex 67.9681 3 4.96176
    endloop
  endfacet
  facet normal 0 1 0
    outer loop
      vertex 67.9624 3 4.95003
      vertex 6.03764 3 4.95003
      vertex 6.03185 3 4.96176
    endloop
  endfacet
  facet normal 0 1 -0
    outer loop
      vertex 67.799 3 4.61879
      vertex 6.03764 3 4.95003
      vertex 67.9624 3 4.95003
    endloop
  endfacet
  facet normal 0 1 0
    outer loop
      vertex 67.799 3 4.61879
      vertex 6.20099 3 4.61879
      vertex 6.03764 3 4.95003
    endloop
  endfacet
  facet normal 0 1 -0
    outer loop
      vertex 67.7948 3 4.6064
      vertex 6.20099 3 4.61879
      vertex 67.799 3 4.61879
    endloop
  endfacet
  facet normal 0 1 0
    outer loop
      vertex 67.7948 3 4.6064
      vertex 6.20519 3 4.6064
      vertex 6.20099 3 4.61879
    endloop
  endfacet
  facet normal 0 1 -0
    outer loop
      vertex 67.6761 3 4.25666
      vertex 6.20519 3 4.6064
      vertex 67.7948 3 4.6064
    endloop
  endfacet
  facet normal 0 1 0
    outer loop
      vertex 67.6761 3 4.25666
      vertex 6.32391 3 4.25666
      vertex 6.20519 3 4.6064
    endloop
  endfacet
  facet normal 0 1 -0
    outer loop
      vertex 67.604 3 3.89443
      vertex 6.32391 3 4.25666
      vertex 67.6761 3 4.25666
    endloop
  endfacet
  facet normal 0 1 0
    outer loop
      vertex 67.604 3 3.89443
      vertex 6.39597 3 3.89443
      vertex 6.32391 3 4.25666
    endloop
  endfacet
  facet normal 0 1 -0
    outer loop
      vertex 67.6015 3 3.8816
      vertex 6.39597 3 3.89443
      vertex 67.604 3 3.89443
    endloop
  endfacet
  facet normal 0 1 0
    outer loop
      vertex 67.6015 3 3.8816
      vertex 6.39852 3 3.8816
      vertex 6.39597 3 3.89443
    endloop
  endfacet
  facet normal 0 1 -0
    outer loop
      vertex 67.6006 3 3.86854
      vertex 6.39852 3 3.8816
      vertex 67.6015 3 3.8816
    endloop
  endfacet
  facet normal 0 1 0
    outer loop
      vertex 67.6006 3 3.86854
      vertex 6.39937 3 3.86854
      vertex 6.39852 3 3.8816
    endloop
  endfacet
  facet normal 0 1 -0
    outer loop
      vertex 67.5765 3 3.5
      vertex 6.39937 3 3.86854
      vertex 67.6006 3 3.86854
    endloop
  endfacet
  facet normal 0 1 0
    outer loop
      vertex 67.5765 3 3.5
      vertex 6.42353 3 3.5
      vertex 6.39937 3 3.86854
    endloop
  endfacet
  facet normal 0 1 0
    outer loop
      vertex 67.6006 3 3.13146
      vertex 6.42353 3 3.5
      vertex 67.5765 3 3.5
    endloop
  endfacet
  facet normal 0 1 0
    outer loop
      vertex 67.6006 3 3.13146
      vertex 6.39937 3 3.13146
      vertex 6.42353 3 3.5
    endloop
  endfacet
  facet normal 0 1 0
    outer loop
      vertex 67.6015 3 3.1184
      vertex 6.39937 3 3.13146
      vertex 67.6006 3 3.13146
    endloop
  endfacet
  facet normal 0 1 0
    outer loop
      vertex 67.6015 3 3.1184
      vertex 6.39852 3 3.1184
      vertex 6.39937 3 3.13146
    endloop
  endfacet
  facet normal 0 1 0
    outer loop
      vertex 67.604 3 3.10557
      vertex 6.39852 3 3.1184
      vertex 67.6015 3 3.1184
    endloop
  endfacet
  facet normal 0 1 0
    outer loop
      vertex 67.604 3 3.10557
      vertex 6.39597 3 3.10557
      vertex 6.39852 3 3.1184
    endloop
  endfacet
  facet normal 0 1 0
    outer loop
      vertex 67.6761 3 2.74333
      vertex 6.39597 3 3.10557
      vertex 67.604 3 3.10557
    endloop
  endfacet
  facet normal 0 1 0
    outer loop
      vertex 67.6761 3 2.74333
      vertex 6.32391 3 2.74333
      vertex 6.39597 3 3.10557
    endloop
  endfacet
  facet normal 0 1 0
    outer loop
      vertex 67.7948 3 2.3936
      vertex 6.32391 3 2.74333
      vertex 67.6761 3 2.74333
    endloop
  endfacet
  facet normal 0 1 0
    outer loop
      vertex 67.7948 3 2.3936
      vertex 6.20519 3 2.3936
      vertex 6.32391 3 2.74333
    endloop
  endfacet
  facet normal 0 1 0
    outer loop
      vertex 67.799 3 2.38121
      vertex 6.20519 3 2.3936
      vertex 67.7948 3 2.3936
    endloop
  endfacet
  facet normal 0 1 0
    outer loop
      vertex 67.799 3 2.38121
      vertex 6.20099 3 2.38121
      vertex 6.20519 3 2.3936
    endloop
  endfacet
  facet normal 0 1 0
    outer loop
      vertex 67.9624 3 2.04997
      vertex 6.20099 3 2.38121
      vertex 67.799 3 2.38121
    endloop
  endfacet
  facet normal 0 1 0
    outer loop
      vertex 67.9624 3 2.04997
      vertex 6.03764 3 2.04997
      vertex 6.20099 3 2.38121
    endloop
  endfacet
  facet normal 0 1 0
    outer loop
      vertex 67.9681 3 2.03823
      vertex 6.03764 3 2.04997
      vertex 67.9624 3 2.04997
    endloop
  endfacet
  facet normal 0 1 0
    outer loop
      vertex 67.9681 3 2.03823
      vertex 6.03185 3 2.03823
      vertex 6.03764 3 2.04997
    endloop
  endfacet
  facet normal 0 1 0
    outer loop
      vertex 67.9754 3 2.02736
      vertex 6.03185 3 2.03823
      vertex 67.9681 3 2.03823
    endloop
  endfacet
  facet normal 0 1 0
    outer loop
      vertex 67.9754 3 2.02736
      vertex 6.02458 3 2.02736
      vertex 6.03185 3 2.03823
    endloop
  endfacet
  facet normal 0 1 0
    outer loop
      vertex 68.1806 3 1.72027
      vertex 6.02458 3 2.02736
      vertex 67.9754 3 2.02736
    endloop
  endfacet
  facet normal 0 1 0
    outer loop
      vertex 68.1806 3 1.72027
      vertex 5.81939 3 1.72027
      vertex 6.02458 3 2.02736
    endloop
  endfacet
  facet normal 0 1 0
    outer loop
      vertex 68.4241 3 1.44259
      vertex 5.81939 3 1.72027
      vertex 68.1806 3 1.72027
    endloop
  endfacet
  facet normal 0 1 0
    outer loop
      vertex 68.4241 3 1.44259
      vertex 5.57587 3 1.44259
      vertex 5.81939 3 1.72027
    endloop
  endfacet
  facet normal 0 1 0
    outer loop
      vertex 68.4328 3 1.43275
      vertex 5.57587 3 1.44259
      vertex 68.4241 3 1.44259
    endloop
  endfacet
  facet normal 0 1 0
    outer loop
      vertex 68.4328 3 1.43275
      vertex 5.56725 3 1.43275
      vertex 5.57587 3 1.44259
    endloop
  endfacet
  facet normal 0 1 0
    outer loop
      vertex 68.4426 3 1.42413
      vertex 5.56725 3 1.43275
      vertex 68.4328 3 1.43275
    endloop
  endfacet
  facet normal 0 1 0
    outer loop
      vertex 68.4426 3 1.42413
      vertex 5.55741 3 1.42413
      vertex 5.56725 3 1.43275
    endloop
  endfacet
  facet normal 0 1 0
    outer loop
      vertex 68.7203 3 1.18061
      vertex 5.55741 3 1.42413
      vertex 68.4426 3 1.42413
    endloop
  endfacet
  facet normal 0 1 0
    outer loop
      vertex 68.7203 3 1.18061
      vertex 5.27973 3 1.18061
      vertex 5.55741 3 1.42413
    endloop
  endfacet
  facet normal 0 1 0
    outer loop
      vertex 69.0274 3 0.975415
      vertex 5.27973 3 1.18061
      vertex 68.7203 3 1.18061
    endloop
  endfacet
  facet normal 0 1 0
    outer loop
      vertex 69.0274 3 0.975415
      vertex 4.97264 3 0.975415
      vertex 5.27973 3 1.18061
    endloop
  endfacet
  facet normal 0 1 0
    outer loop
      vertex 69.0382 3 0.968148
      vertex 4.97264 3 0.975415
      vertex 69.0274 3 0.975415
    endloop
  endfacet
  facet normal 0 1 0
    outer loop
      vertex 69.0382 3 0.968148
      vertex 4.96176 3 0.968148
      vertex 4.97264 3 0.975415
    endloop
  endfacet
  facet normal 0 1 0
    outer loop
      vertex 69.05 3 0.962363
      vertex 4.96176 3 0.968148
      vertex 69.0382 3 0.968148
    endloop
  endfacet
  facet normal 0 1 0
    outer loop
      vertex 69.05 3 0.962363
      vertex 4.95003 3 0.962363
      vertex 4.96176 3 0.968148
    endloop
  endfacet
  facet normal 0 1 0
    outer loop
      vertex 69.3812 3 0.79901
      vertex 4.95003 3 0.962363
      vertex 69.05 3 0.962363
    endloop
  endfacet
  facet normal 0 1 0
    outer loop
      vertex 69.3812 3 0.79901
      vertex 4.61879 3 0.79901
      vertex 4.95003 3 0.962363
    endloop
  endfacet
  facet normal 0 1 0
    outer loop
      vertex 77 3 -3
      vertex 69.3812 3 0.79901
      vertex 69.3936 3 0.794806
    endloop
  endfacet
  facet normal 0 1 0
    outer loop
      vertex 69.3812 3 0.79901
      vertex 77 3 -3
      vertex 4.61879 3 0.79901
    endloop
  endfacet
  facet normal 0 1 0
    outer loop
      vertex 77 3 -3
      vertex 69.3936 3 0.794806
      vertex 69.7433 3 0.676087
    endloop
  endfacet
  facet normal 0 1 0
    outer loop
      vertex -3 3 -3
      vertex 4.61879 3 0.79901
      vertex 77 3 -3
    endloop
  endfacet
  facet normal 0 1 0
    outer loop
      vertex 77 3 -3
      vertex 69.7433 3 0.676087
      vertex 70.1056 3 0.604033
    endloop
  endfacet
  facet normal 0 1 0
    outer loop
      vertex 4.61879 3 0.79901
      vertex -3 3 -3
      vertex 4.6064 3 0.794806
    endloop
  endfacet
  facet normal 0 1 0
    outer loop
      vertex 77 3 -3
      vertex 70.1056 3 0.604033
      vertex 70.1184 3 0.601481
    endloop
  endfacet
  facet normal 0 1 0
    outer loop
      vertex 4.6064 3 0.794806
      vertex -3 3 -3
      vertex 4.25666 3 0.676087
    endloop
  endfacet
  facet normal 0 1 0
    outer loop
      vertex 77 3 -3
      vertex 70.1184 3 0.601481
      vertex 70.1315 3 0.600626
    endloop
  endfacet
  facet normal 0 1 0
    outer loop
      vertex 4.25666 3 0.676087
      vertex -3 3 -3
      vertex 3.89443 3 0.604033
    endloop
  endfacet
  facet normal 0 1 0
    outer loop
      vertex 77 3 -3
      vertex 70.1315 3 0.600626
      vertex 70.5 3 0.57647
    endloop
  endfacet
  facet normal 0 1 0
    outer loop
      vertex 3.89443 3 0.604033
      vertex -3 3 -3
      vertex 3.8816 3 0.601481
    endloop
  endfacet
  facet normal 0 1 0
    outer loop
      vertex 70.1056 3 83.396
      vertex 77 3 87
      vertex 70.1184 3 83.3985
    endloop
  endfacet
  facet normal 0 1 0
    outer loop
      vertex -3 3 87
      vertex 3.86854 3 83.3994
      vertex 3.5 3 83.4235
    endloop
  endfacet
  facet normal 0 1 0
    outer loop
      vertex 69.7433 3 83.3239
      vertex 77 3 87
      vertex 70.1056 3 83.396
    endloop
  endfacet
  facet normal 0 1 0
    outer loop
      vertex -3 3 87
      vertex 3.8816 3 83.3985
      vertex 3.86854 3 83.3994
    endloop
  endfacet
  facet normal 0 1 0
    outer loop
      vertex 69.3936 3 83.2052
      vertex 77 3 87
      vertex 69.7433 3 83.3239
    endloop
  endfacet
  facet normal 0 1 0
    outer loop
      vertex -3 3 87
      vertex 3.89443 3 83.396
      vertex 3.8816 3 83.3985
    endloop
  endfacet
  facet normal 0 1 0
    outer loop
      vertex 69.3812 3 83.201
      vertex 77 3 87
      vertex 69.3936 3 83.2052
    endloop
  endfacet
  facet normal 0 1 0
    outer loop
      vertex -3 3 87
      vertex 4.25666 3 83.3239
      vertex 3.89443 3 83.396
    endloop
  endfacet
  facet normal 0 1 0
    outer loop
      vertex 77 3 87
      vertex 69.3812 3 83.201
      vertex -3 3 87
    endloop
  endfacet
  facet normal 0 1 0
    outer loop
      vertex -3 3 87
      vertex 4.6064 3 83.2052
      vertex 4.25666 3 83.3239
    endloop
  endfacet
  facet normal 0 1 -0
    outer loop
      vertex 4.61879 3 83.201
      vertex -3 3 87
      vertex 69.3812 3 83.201
    endloop
  endfacet
  facet normal 0 1 0
    outer loop
      vertex -3 3 87
      vertex 4.61879 3 83.201
      vertex 4.6064 3 83.2052
    endloop
  endfacet
  facet normal 0 1 -0
    outer loop
      vertex 69.05 3 83.0376
      vertex 4.61879 3 83.201
      vertex 69.3812 3 83.201
    endloop
  endfacet
  facet normal 0 1 0
    outer loop
      vertex 69.05 3 83.0376
      vertex 4.95003 3 83.0376
      vertex 4.61879 3 83.201
    endloop
  endfacet
  facet normal 0 1 -0
    outer loop
      vertex 69.0382 3 83.0319
      vertex 4.95003 3 83.0376
      vertex 69.05 3 83.0376
    endloop
  endfacet
  facet normal 0 1 0
    outer loop
      vertex 69.0382 3 83.0319
      vertex 4.96176 3 83.0319
      vertex 4.95003 3 83.0376
    endloop
  endfacet
  facet normal 0 1 0
    outer loop
      vertex 43 3 74.6
      vertex 69.0382 3 83.0319
      vertex 69.0274 3 83.0246
    endloop
  endfacet
  facet normal 0 1 0
    outer loop
      vertex 69.0382 3 83.0319
      vertex 43 3 74.6
      vertex 4.96176 3 83.0319
    endloop
  endfacet
  facet normal 0 1 0
    outer loop
      vertex 43 3 74.6
      vertex 69.0274 3 83.0246
      vertex 68.7203 3 82.8194
    endloop
  endfacet
  facet normal 0 1 0
    outer loop
      vertex 4.96176 3 83.0319
      vertex 43 3 74.6
      vertex 4.97264 3 83.0246
    endloop
  endfacet
  facet normal 0 1 0
    outer loop
      vertex 43 3 74.6
      vertex 68.7203 3 82.8194
      vertex 68.4426 3 82.5759
    endloop
  endfacet
  facet normal 0 1 0
    outer loop
      vertex 4.97264 3 83.0246
      vertex 43 3 74.6
      vertex 5.27973 3 82.8194
    endloop
  endfacet
  facet normal 0 1 0
    outer loop
      vertex 43 3 74.6
      vertex 68.4426 3 82.5759
      vertex 68.4328 3 82.5672
    endloop
  endfacet
  facet normal 0 1 0
    outer loop
      vertex 5.27973 3 82.8194
      vertex 43 3 74.6
      vertex 5.55741 3 82.5759
    endloop
  endfacet
  facet normal 0 1 0
    outer loop
      vertex 43 3 74.6
      vertex 68.4328 3 82.5672
      vertex 68.4241 3 82.5574
    endloop
  endfacet
  facet normal 0 1 0
    outer loop
      vertex 5.55741 3 82.5759
      vertex 43 3 74.6
      vertex 5.56725 3 82.5672
    endloop
  endfacet
  facet normal 0 1 0
    outer loop
      vertex 43 3 74.6
      vertex 68.4241 3 82.5574
      vertex 68.1806 3 82.2797
    endloop
  endfacet
  facet normal 0 1 0
    outer loop
      vertex 5.56725 3 82.5672
      vertex 43 3 74.6
      vertex 5.57587 3 82.5574
    endloop
  endfacet
  facet normal 0 1 0
    outer loop
      vertex 43 3 74.6
      vertex 68.1806 3 82.2797
      vertex 67.9754 3 81.9726
    endloop
  endfacet
  facet normal 0 1 0
    outer loop
      vertex 5.57587 3 82.5574
      vertex 43 3 74.6
      vertex 5.81939 3 82.2797
    endloop
  endfacet
  facet normal 0 1 0
    outer loop
      vertex 43 3 74.6
      vertex 67.9754 3 81.9726
      vertex 67.9681 3 81.9618
    endloop
  endfacet
  facet normal 0 1 0
    outer loop
      vertex 5.81939 3 82.2797
      vertex 43 3 74.6
      vertex 6.02458 3 81.9726
    endloop
  endfacet
  facet normal 0 1 0
    outer loop
      vertex 43 3 74.6
      vertex 67.9681 3 81.9618
      vertex 67.9624 3 81.95
    endloop
  endfacet
  facet normal 0 1 0
    outer loop
      vertex 6.02458 3 81.9726
      vertex 43 3 74.6
      vertex 6.03185 3 81.9618
    endloop
  endfacet
  facet normal 0 1 0
    outer loop
      vertex 43 3 74.6
      vertex 67.9624 3 81.95
      vertex 67.799 3 81.6188
    endloop
  endfacet
  facet normal 0 1 0
    outer loop
      vertex 6.03185 3 81.9618
      vertex 43 3 74.6
      vertex 6.03764 3 81.95
    endloop
  endfacet
  facet normal 0 1 0
    outer loop
      vertex 43 3 74.6
      vertex 67.799 3 81.6188
      vertex 67.7948 3 81.6064
    endloop
  endfacet
  facet normal 0 1 0
    outer loop
      vertex 6.03764 3 81.95
      vertex 43 3 74.6
      vertex 6.20099 3 81.6188
    endloop
  endfacet
  facet normal 0 1 0
    outer loop
      vertex 43 3 74.6
      vertex 67.7948 3 81.6064
      vertex 67.6761 3 81.2567
    endloop
  endfacet
  facet normal 0 1 0
    outer loop
      vertex 6.20099 3 81.6188
      vertex 43 3 74.6
      vertex 6.20519 3 81.6064
    endloop
  endfacet
  facet normal 0 1 0
    outer loop
      vertex 43 3 74.6
      vertex 67.6761 3 81.2567
      vertex 67.604 3 80.8944
    endloop
  endfacet
  facet normal 0 1 0
    outer loop
      vertex 6.20519 3 81.6064
      vertex 43 3 74.6
      vertex 6.32391 3 81.2567
    endloop
  endfacet
  facet normal 0 1 0
    outer loop
      vertex 43 3 74.6
      vertex 67.604 3 80.8944
      vertex 67.6015 3 80.8816
    endloop
  endfacet
  facet normal 0 1 -0
    outer loop
      vertex 9 3 74.6
      vertex 6.32391 3 81.2567
      vertex 43 3 74.6
    endloop
  endfacet
  facet normal 0 1 0
    outer loop
      vertex 43 3 74.6
      vertex 67.6015 3 80.8816
      vertex 67.6006 3 80.8685
    endloop
  endfacet
  facet normal 0 1 0
    outer loop
      vertex 6.32391 3 81.2567
      vertex 9 3 74.6
      vertex 6.39597 3 80.8944
    endloop
  endfacet
  facet normal 0 1 0
    outer loop
      vertex 43 3 74.6
      vertex 67.6006 3 80.8685
      vertex 67.5765 3 80.5
    endloop
  endfacet
  facet normal 0 1 0
    outer loop
      vertex 6.39597 3 80.8944
      vertex 9 3 74.6
      vertex 6.39852 3 80.8816
    endloop
  endfacet
  facet normal 0 1 0
    outer loop
      vertex 43 3 74.6
      vertex 67.5765 3 80.5
      vertex 67.6006 3 80.1315
    endloop
  endfacet
  facet normal 0 1 0
    outer loop
      vertex 6.39852 3 80.8816
      vertex 9 3 74.6
      vertex 6.39937 3 80.8685
    endloop
  endfacet
  facet normal 0 1 0
    outer loop
      vertex 43 3 74.6
      vertex 67.6006 3 80.1315
      vertex 67.6015 3 80.1184
    endloop
  endfacet
  facet normal 0 1 0
    outer loop
      vertex 6.39937 3 80.8685
      vertex 9 3 74.6
      vertex 6.42353 3 80.5
    endloop
  endfacet
  facet normal 0 1 0
    outer loop
      vertex 43 3 74.6
      vertex 67.6015 3 80.1184
      vertex 67.604 3 80.1056
    endloop
  endfacet
  facet normal 0 1 0
    outer loop
      vertex 6.42353 3 80.5
      vertex 9 3 74.6
      vertex 6.39937 3 80.1315
    endloop
  endfacet
  facet normal 0 1 0
    outer loop
      vertex 43 3 74.6
      vertex 67.604 3 80.1056
      vertex 67.6761 3 79.7433
    endloop
  endfacet
  facet normal 0 1 0
    outer loop
      vertex 6.39937 3 80.1315
      vertex 9 3 74.6
      vertex 6.39852 3 80.1184
    endloop
  endfacet
  facet normal 0 1 0
    outer loop
      vertex 43 3 74.6
      vertex 67.6761 3 79.7433
      vertex 67.7948 3 79.3936
    endloop
  endfacet
  facet normal 0 1 0
    outer loop
      vertex 6.39852 3 80.1184
      vertex 9 3 74.6
      vertex 6.39597 3 80.1056
    endloop
  endfacet
  facet normal 0 1 0
    outer loop
      vertex 43 3 74.6
      vertex 67.7948 3 79.3936
      vertex 67.799 3 79.3812
    endloop
  endfacet
  facet normal 0 1 0
    outer loop
      vertex 6.39597 3 80.1056
      vertex 9 3 74.6
      vertex 6.32391 3 79.7433
    endloop
  endfacet
  facet normal 0 1 0
    outer loop
      vertex 43 3 74.6
      vertex 67.799 3 79.3812
      vertex 67.9624 3 79.05
    endloop
  endfacet
  facet normal 0 1 0
    outer loop
      vertex 6.32391 3 79.7433
      vertex 9 3 74.6
      vertex 6.20519 3 79.3936
    endloop
  endfacet
  facet normal 0 1 0
    outer loop
      vertex 43 3 74.6
      vertex 67.9624 3 79.05
      vertex 67.9681 3 79.0382
    endloop
  endfacet
  facet normal 0 1 0
    outer loop
      vertex 6.20519 3 79.3936
      vertex 9 3 74.6
      vertex 6.20099 3 79.3812
    endloop
  endfacet
  facet normal 0 1 0
    outer loop
      vertex 43 3 74.6
      vertex 67.9681 3 79.0382
      vertex 67.9754 3 79.0274
    endloop
  endfacet
  facet normal 0 1 0
    outer loop
      vertex 6.20099 3 79.3812
      vertex 9 3 74.6
      vertex 6.03764 3 79.05
    endloop
  endfacet
  facet normal 0 1 0
    outer loop
      vertex 43 3 74.6
      vertex 67.9754 3 79.0274
      vertex 68.1806 3 78.7203
    endloop
  endfacet
  facet normal 0 1 0
    outer loop
      vertex 6.03764 3 79.05
      vertex 9 3 74.6
      vertex 6.03185 3 79.0382
    endloop
  endfacet
  facet normal 0 1 0
    outer loop
      vertex 43 3 74.6
      vertex 68.1806 3 78.7203
      vertex 68.4241 3 78.4426
    endloop
  endfacet
  facet normal 0 1 0
    outer loop
      vertex 6.03185 3 79.0382
      vertex 9 3 74.6
      vertex 6.02458 3 79.0274
    endloop
  endfacet
  facet normal 0 1 0
    outer loop
      vertex 43 3 74.6
      vertex 68.4241 3 78.4426
      vertex 68.4328 3 78.4328
    endloop
  endfacet
  facet normal 0 1 0
    outer loop
      vertex 6.02458 3 79.0274
      vertex 9 3 74.6
      vertex 5.81939 3 78.7203
    endloop
  endfacet
  facet normal 0 1 0
    outer loop
      vertex 43 3 61.4
      vertex 68.4328 3 78.4328
      vertex 68.4426 3 78.4241
    endloop
  endfacet
  facet normal 0 1 0
    outer loop
      vertex 5.81939 3 78.7203
      vertex 9 3 74.6
      vertex 5.57587 3 78.4426
    endloop
  endfacet
  facet normal 0 1 0
    outer loop
      vertex 43 3 61.4
      vertex 68.4426 3 78.4241
      vertex 68.7203 3 78.1806
    endloop
  endfacet
  facet normal 0 1 0
    outer loop
      vertex 5.57587 3 78.4426
      vertex 9 3 74.6
      vertex 5.56725 3 78.4328
    endloop
  endfacet
  facet normal 0 1 0
    outer loop
      vertex 43 3 61.4
      vertex 68.7203 3 78.1806
      vertex 69.0274 3 77.9754
    endloop
  endfacet
  facet normal 0 1 0
    outer loop
      vertex 5.56725 3 78.4328
      vertex 9 3 74.6
      vertex 5.55741 3 78.4241
    endloop
  endfacet
  facet normal 0 1 0
    outer loop
      vertex 43 3 61.4
      vertex 69.0274 3 77.9754
      vertex 69.0382 3 77.9681
    endloop
  endfacet
  facet normal 0 1 0
    outer loop
      vertex 5.55741 3 78.4241
      vertex 9 3 74.6
      vertex 5.27973 3 78.1806
    endloop
  endfacet
  facet normal 0 1 0
    outer loop
      vertex 43 3 61.4
      vertex 69.0382 3 77.9681
      vertex 69.05 3 77.9624
    endloop
  endfacet
  facet normal 0 1 0
    outer loop
      vertex 5.27973 3 78.1806
      vertex 9 3 74.6
      vertex 4.97264 3 77.9754
    endloop
  endfacet
  facet normal 0 1 0
    outer loop
      vertex 43 3 61.4
      vertex 69.05 3 77.9624
      vertex 69.3812 3 77.799
    endloop
  endfacet
  facet normal 0 1 0
    outer loop
      vertex 4.97264 3 77.9754
      vertex 9 3 74.6
      vertex 4.96176 3 77.9681
    endloop
  endfacet
  facet normal 0 1 0
    outer loop
      vertex 43 3 61.4
      vertex 69.3812 3 77.799
      vertex 69.3936 3 77.7948
    endloop
  endfacet
  facet normal 0 1 0
    outer loop
      vertex 4.96176 3 77.9681
      vertex 9 3 74.6
      vertex 4.95003 3 77.9624
    endloop
  endfacet
  facet normal 0 1 0
    outer loop
      vertex 43 3 61.4
      vertex 69.3936 3 77.7948
      vertex 69.7433 3 77.6761
    endloop
  endfacet
  facet normal 0 1 0
    outer loop
      vertex 4.95003 3 77.9624
      vertex 9 3 74.6
      vertex 4.61879 3 77.799
    endloop
  endfacet
  facet normal 0 1 0
    outer loop
      vertex 43 3 61.4
      vertex 69.7433 3 77.6761
      vertex 70.1056 3 77.604
    endloop
  endfacet
  facet normal 0 1 0
    outer loop
      vertex 4.61879 3 77.799
      vertex 9 3 74.6
      vertex 4.6064 3 77.7948
    endloop
  endfacet
  facet normal 0 1 0
    outer loop
      vertex 43 3 61.4
      vertex 70.1056 3 77.604
      vertex 70.1184 3 77.6015
    endloop
  endfacet
  facet normal 0 1 0
    outer loop
      vertex 4.6064 3 77.7948
      vertex 9 3 74.6
      vertex 4.25666 3 77.6761
    endloop
  endfacet
  facet normal 0 1 0
    outer loop
      vertex 43 3 61.4
      vertex 70.1184 3 77.6015
      vertex 70.1315 3 77.6006
    endloop
  endfacet
  facet normal 0 1 0
    outer loop
      vertex 4.25666 3 77.6761
      vertex 9 3 74.6
      vertex 3.89443 3 77.604
    endloop
  endfacet
  facet normal 0 1 0
    outer loop
      vertex 43 3 61.4
      vertex 70.1315 3 77.6006
      vertex 70.5 3 77.5765
    endloop
  endfacet
  facet normal 0 1 0
    outer loop
      vertex 3.89443 3 77.604
      vertex 9 3 74.6
      vertex 3.8816 3 77.6015
    endloop
  endfacet
  facet normal 0 1 0
    outer loop
      vertex 70.1315 3 83.3994
      vertex 77 3 87
      vertex 70.5 3 83.4235
    endloop
  endfacet
  facet normal 0 1 0
    outer loop
      vertex 77 3 87
      vertex 70.8685 3 83.3994
      vertex 70.5 3 83.4235
    endloop
  endfacet
  facet normal 0 1 0
    outer loop
      vertex 77 3 87
      vertex 70.8816 3 83.3985
      vertex 70.8685 3 83.3994
    endloop
  endfacet
  facet normal 0 1 0
    outer loop
      vertex 77 3 87
      vertex 70.8944 3 83.396
      vertex 70.8816 3 83.3985
    endloop
  endfacet
  facet normal 0 1 0
    outer loop
      vertex 77 3 87
      vertex 71.2567 3 83.3239
      vertex 70.8944 3 83.396
    endloop
  endfacet
  facet normal 0 1 0
    outer loop
      vertex 77 3 87
      vertex 71.6064 3 83.2052
      vertex 71.2567 3 83.3239
    endloop
  endfacet
  facet normal 0 1 0
    outer loop
      vertex 77 3 87
      vertex 71.6188 3 83.201
      vertex 71.6064 3 83.2052
    endloop
  endfacet
  facet normal 0 1 0
    outer loop
      vertex 77 3 87
      vertex 71.95 3 83.0376
      vertex 71.6188 3 83.201
    endloop
  endfacet
  facet normal 0 1 0
    outer loop
      vertex 77 3 87
      vertex 71.9618 3 83.0319
      vertex 71.95 3 83.0376
    endloop
  endfacet
  facet normal 0 1 0
    outer loop
      vertex 77 3 87
      vertex 71.9726 3 83.0246
      vertex 71.9618 3 83.0319
    endloop
  endfacet
  facet normal 0 1 0
    outer loop
      vertex 77 3 87
      vertex 72.2797 3 82.8194
      vertex 71.9726 3 83.0246
    endloop
  endfacet
  facet normal 0 1 0
    outer loop
      vertex 77 3 87
      vertex 72.5574 3 82.5759
      vertex 72.2797 3 82.8194
    endloop
  endfacet
  facet normal 0 1 0
    outer loop
      vertex 77 3 87
      vertex 72.5672 3 82.5672
      vertex 72.5574 3 82.5759
    endloop
  endfacet
  facet normal 0 1 0
    outer loop
      vertex 77 3 87
      vertex 72.5759 3 82.5574
      vertex 72.5672 3 82.5672
    endloop
  endfacet
  facet normal 0 1 0
    outer loop
      vertex 77 3 87
      vertex 72.8194 3 82.2797
      vertex 72.5759 3 82.5574
    endloop
  endfacet
  facet normal 0 1 0
    outer loop
      vertex 77 3 87
      vertex 73.0246 3 81.9726
      vertex 72.8194 3 82.2797
    endloop
  endfacet
  facet normal 0 1 0
    outer loop
      vertex 77 3 87
      vertex 73.0319 3 81.9618
      vertex 73.0246 3 81.9726
    endloop
  endfacet
  facet normal 0 1 0
    outer loop
      vertex 77 3 87
      vertex 73.0376 3 81.95
      vertex 73.0319 3 81.9618
    endloop
  endfacet
  facet normal 0 1 0
    outer loop
      vertex 77 3 87
      vertex 73.201 3 81.6188
      vertex 73.0376 3 81.95
    endloop
  endfacet
  facet normal 0 1 0
    outer loop
      vertex 77 3 87
      vertex 73.2052 3 81.6064
      vertex 73.201 3 81.6188
    endloop
  endfacet
  facet normal 0 1 0
    outer loop
      vertex 77 3 87
      vertex 73.3239 3 81.2567
      vertex 73.2052 3 81.6064
    endloop
  endfacet
  facet normal 0 1 0
    outer loop
      vertex 77 3 87
      vertex 73.396 3 80.8944
      vertex 73.3239 3 81.2567
    endloop
  endfacet
  facet normal 0 1 0
    outer loop
      vertex 77 3 87
      vertex 73.3985 3 80.8816
      vertex 73.396 3 80.8944
    endloop
  endfacet
  facet normal 0 1 0
    outer loop
      vertex 77 3 87
      vertex 73.3994 3 80.8685
      vertex 73.3985 3 80.8816
    endloop
  endfacet
  facet normal 0 1 0
    outer loop
      vertex 77 3 87
      vertex 73.4235 3 80.5
      vertex 73.3994 3 80.8685
    endloop
  endfacet
  facet normal 0 1 0
    outer loop
      vertex 77 3 87
      vertex 73.3994 3 80.1315
      vertex 73.4235 3 80.5
    endloop
  endfacet
  facet normal 0 1 0
    outer loop
      vertex 77 3 87
      vertex 73.3985 3 80.1184
      vertex 73.3994 3 80.1315
    endloop
  endfacet
  facet normal 0 1 0
    outer loop
      vertex 77 3 87
      vertex 73.396 3 80.1056
      vertex 73.3985 3 80.1184
    endloop
  endfacet
  facet normal 0 1 0
    outer loop
      vertex 77 3 87
      vertex 73.3239 3 79.7433
      vertex 73.396 3 80.1056
    endloop
  endfacet
  facet normal 0 1 0
    outer loop
      vertex 77 3 87
      vertex 73.2052 3 79.3936
      vertex 73.3239 3 79.7433
    endloop
  endfacet
  facet normal 0 1 0
    outer loop
      vertex 77 3 87
      vertex 73.201 3 79.3812
      vertex 73.2052 3 79.3936
    endloop
  endfacet
  facet normal 0 1 0
    outer loop
      vertex 73.201 3 4.61879
      vertex 73.201 3 79.3812
      vertex 77 3 87
    endloop
  endfacet
  facet normal 0 1 0
    outer loop
      vertex 73.201 3 79.3812
      vertex 73.201 3 4.61879
      vertex 73.0376 3 79.05
    endloop
  endfacet
  facet normal 0 1 0
    outer loop
      vertex 73.0319 3 79.0382
      vertex 72.8194 3 78.7203
      vertex 73.0246 3 79.0274
    endloop
  endfacet
  facet normal 0 1 0
    outer loop
      vertex 72.2797 3 78.1806
      vertex 71.9618 3 77.9681
      vertex 71.9726 3 77.9754
    endloop
  endfacet
  facet normal 0 -1 0
    outer loop
      vertex 71.2567 3 77.6761
      vertex 70.8816 3 77.6015
      vertex 70.8944 3 77.604
    endloop
  endfacet
  facet normal 0 -1 0
    outer loop
      vertex 70.8816 3 77.6015
      vertex 70.5 3 77.5765
      vertex 70.8685 3 77.6006
    endloop
  endfacet
  facet normal 0 1 0
    outer loop
      vertex 3.8816 3 77.6015
      vertex 9 3 74.6
      vertex 3.86854 3 77.6006
    endloop
  endfacet
  facet normal 0 1 0
    outer loop
      vertex 43 3 61.4
      vertex 70.5 3 77.5765
      vertex 70.8816 3 77.6015
    endloop
  endfacet
  facet normal 0 1 0
    outer loop
      vertex 68.4328 3 78.4328
      vertex 43 3 61.4
      vertex 43 3 74.6
    endloop
  endfacet
  facet normal 0 1 0
    outer loop
      vertex 70.8816 3 6.39852
      vertex 70.8816 3 77.6015
      vertex 71.2567 3 77.6761
    endloop
  endfacet
  facet normal 0 1 0
    outer loop
      vertex 71.2567 3 6.32391
      vertex 71.2567 3 77.6761
      vertex 71.6064 3 77.7948
    endloop
  endfacet
  facet normal 0 1 0
    outer loop
      vertex 71.2567 3 6.32391
      vertex 71.6064 3 77.7948
      vertex 71.6188 3 77.799
    endloop
  endfacet
  facet normal 0 1 0
    outer loop
      vertex 71.6188 3 6.20099
      vertex 71.6188 3 77.799
      vertex 71.95 3 77.9624
    endloop
  endfacet
  facet normal 0 1 0
    outer loop
      vertex 71.6188 3 6.20099
      vertex 71.95 3 77.9624
      vertex 71.9618 3 77.9681
    endloop
  endfacet
  facet normal 0 1 -0
    outer loop
      vertex 70.1315 3 6.39937
      vertex 43 3 61.4
      vertex 70.5 3 6.42353
    endloop
  endfacet
  facet normal 0 1 0
    outer loop
      vertex 70.8816 3 77.6015
      vertex 70.5 3 6.42353
      vertex 43 3 61.4
    endloop
  endfacet
  facet normal 0 1 0
    outer loop
      vertex 71.9618 3 6.03185
      vertex 71.9618 3 77.9681
      vertex 72.2797 3 78.1806
    endloop
  endfacet
  facet normal 0 1 0
    outer loop
      vertex 72.2797 3 5.81939
      vertex 72.2797 3 78.1806
      vertex 72.5574 3 78.4241
    endloop
  endfacet
  facet normal 0 1 0
    outer loop
      vertex 72.2797 3 5.81939
      vertex 72.5574 3 78.4241
      vertex 72.5672 3 78.4328
    endloop
  endfacet
  facet normal 0 1 0
    outer loop
      vertex 72.5672 3 5.56725
      vertex 72.5672 3 78.4328
      vertex 72.5759 3 78.4426
    endloop
  endfacet
  facet normal 0 1 0
    outer loop
      vertex 72.5672 3 5.56725
      vertex 72.5759 3 78.4426
      vertex 72.8194 3 78.7203
    endloop
  endfacet
  facet normal 0 1 0
    outer loop
      vertex 72.8194 3 5.27973
      vertex 72.8194 3 78.7203
      vertex 73.0319 3 79.0382
    endloop
  endfacet
  facet normal 0 1 0
    outer loop
      vertex 73.0376 3 79.05
      vertex 73.201 3 4.61879
      vertex 73.0319 3 79.0382
    endloop
  endfacet
  facet normal 0 1 0
    outer loop
      vertex 70.8816 3 77.6015
      vertex 70.8685 3 6.39937
      vertex 70.5 3 6.42353
    endloop
  endfacet
  facet normal 0 1 0
    outer loop
      vertex 70.8816 3 77.6015
      vertex 70.8816 3 6.39852
      vertex 70.8685 3 6.39937
    endloop
  endfacet
  facet normal 0 1 0
    outer loop
      vertex 71.2567 3 77.6761
      vertex 70.8944 3 6.39597
      vertex 70.8816 3 6.39852
    endloop
  endfacet
  facet normal 0 1 0
    outer loop
      vertex 71.2567 3 77.6761
      vertex 71.2567 3 6.32391
      vertex 70.8944 3 6.39597
    endloop
  endfacet
  facet normal 0 1 0
    outer loop
      vertex 71.6188 3 77.799
      vertex 71.6064 3 6.20519
      vertex 71.2567 3 6.32391
    endloop
  endfacet
  facet normal 0 1 0
    outer loop
      vertex 71.6188 3 77.799
      vertex 71.6188 3 6.20099
      vertex 71.6064 3 6.20519
    endloop
  endfacet
  facet normal 0 1 0
    outer loop
      vertex 71.9618 3 77.9681
      vertex 71.95 3 6.03764
      vertex 71.6188 3 6.20099
    endloop
  endfacet
  facet normal 0 1 0
    outer loop
      vertex 71.9618 3 77.9681
      vertex 71.9618 3 6.03185
      vertex 71.95 3 6.03764
    endloop
  endfacet
  facet normal 0 1 0
    outer loop
      vertex 72.2797 3 78.1806
      vertex 71.9726 3 6.02458
      vertex 71.9618 3 6.03185
    endloop
  endfacet
  facet normal 0 1 0
    outer loop
      vertex 72.2797 3 78.1806
      vertex 72.2797 3 5.81939
      vertex 71.9726 3 6.02458
    endloop
  endfacet
  facet normal 0 1 0
    outer loop
      vertex 72.5672 3 78.4328
      vertex 72.5574 3 5.57587
      vertex 72.2797 3 5.81939
    endloop
  endfacet
  facet normal 0 1 0
    outer loop
      vertex 72.5672 3 78.4328
      vertex 72.5672 3 5.56725
      vertex 72.5574 3 5.57587
    endloop
  endfacet
  facet normal 0 1 0
    outer loop
      vertex 72.8194 3 78.7203
      vertex 72.5759 3 5.55741
      vertex 72.5672 3 5.56725
    endloop
  endfacet
  facet normal 0 1 0
    outer loop
      vertex 72.8194 3 78.7203
      vertex 72.8194 3 5.27973
      vertex 72.5759 3 5.55741
    endloop
  endfacet
  facet normal 0 1 0
    outer loop
      vertex 73.0319 3 79.0382
      vertex 73.0246 3 4.97264
      vertex 72.8194 3 5.27973
    endloop
  endfacet
  facet normal 0 1 0
    outer loop
      vertex 73.0319 3 79.0382
      vertex 73.0319 3 4.96176
      vertex 73.0246 3 4.97264
    endloop
  endfacet
  facet normal 0 1 0
    outer loop
      vertex 73.0319 3 79.0382
      vertex 73.0376 3 4.95003
      vertex 73.0319 3 4.96176
    endloop
  endfacet
  facet normal 0 1 0
    outer loop
      vertex 73.0319 3 79.0382
      vertex 73.201 3 4.61879
      vertex 73.0376 3 4.95003
    endloop
  endfacet
  facet normal 0 1 -0
    outer loop
      vertex 77 3 -3
      vertex 73.201 3 4.61879
      vertex 77 3 87
    endloop
  endfacet
  facet normal 0 1 0
    outer loop
      vertex 73.201 3 4.61879
      vertex 77 3 -3
      vertex 73.2052 3 4.6064
    endloop
  endfacet
  facet normal 0 1 0
    outer loop
      vertex 73.2052 3 4.6064
      vertex 77 3 -3
      vertex 73.3239 3 4.25666
    endloop
  endfacet
  facet normal 0 1 0
    outer loop
      vertex 73.3239 3 4.25666
      vertex 77 3 -3
      vertex 73.396 3 3.89443
    endloop
  endfacet
  facet normal 0 1 0
    outer loop
      vertex 73.396 3 3.89443
      vertex 77 3 -3
      vertex 73.3985 3 3.8816
    endloop
  endfacet
  facet normal 0 1 0
    outer loop
      vertex 73.3985 3 3.8816
      vertex 77 3 -3
      vertex 73.3994 3 3.86854
    endloop
  endfacet
  facet normal 0 1 0
    outer loop
      vertex 77 3 -3
      vertex 73.3994 3 3.13146
      vertex 73.4235 3 3.5
    endloop
  endfacet
  facet normal 0 1 0
    outer loop
      vertex 77 3 -3
      vertex 73.396 3 3.10557
      vertex 73.3985 3 3.1184
    endloop
  endfacet
  facet normal 0 1 0
    outer loop
      vertex 77 3 -3
      vertex 73.2052 3 2.3936
      vertex 73.3239 3 2.74333
    endloop
  endfacet
  facet normal 0 1 0
    outer loop
      vertex 77 3 -3
      vertex 73.0376 3 2.04997
      vertex 73.201 3 2.38121
    endloop
  endfacet
  facet normal 0 1 0
    outer loop
      vertex 77 3 -3
      vertex 73.0246 3 2.02736
      vertex 73.0319 3 2.03823
    endloop
  endfacet
  facet normal 0 1 0
    outer loop
      vertex 77 3 -3
      vertex 70.8944 3 0.604033
      vertex 71.2567 3 0.676087
    endloop
  endfacet
  facet normal 0 1 0
    outer loop
      vertex 77 3 -3
      vertex 70.8685 3 0.600626
      vertex 70.8816 3 0.601481
    endloop
  endfacet
  facet normal 0 1 0
    outer loop
      vertex 3.8816 3 0.601481
      vertex -3 3 -3
      vertex 3.86854 3 0.600626
    endloop
  endfacet
  facet normal 0 1 0
    outer loop
      vertex 70.8685 3 0.600626
      vertex 77 3 -3
      vertex 70.5 3 0.57647
    endloop
  endfacet
  facet normal 0 1 0
    outer loop
      vertex 70.8944 3 0.604033
      vertex 77 3 -3
      vertex 70.8816 3 0.601481
    endloop
  endfacet
  facet normal 0 1 0
    outer loop
      vertex 71.6064 3 0.794806
      vertex 77 3 -3
      vertex 71.2567 3 0.676087
    endloop
  endfacet
  facet normal 0 1 0
    outer loop
      vertex 71.6188 3 0.79901
      vertex 77 3 -3
      vertex 71.6064 3 0.794806
    endloop
  endfacet
  facet normal 0 1 0
    outer loop
      vertex 71.95 3 0.962363
      vertex 77 3 -3
      vertex 71.6188 3 0.79901
    endloop
  endfacet
  facet normal 0 1 0
    outer loop
      vertex 71.9618 3 0.968148
      vertex 77 3 -3
      vertex 71.95 3 0.962363
    endloop
  endfacet
  facet normal 0 1 0
    outer loop
      vertex 71.9726 3 0.975415
      vertex 77 3 -3
      vertex 71.9618 3 0.968148
    endloop
  endfacet
  facet normal 0 1 0
    outer loop
      vertex 72.2797 3 1.18061
      vertex 77 3 -3
      vertex 71.9726 3 0.975415
    endloop
  endfacet
  facet normal 0 1 0
    outer loop
      vertex 72.5574 3 1.42413
      vertex 77 3 -3
      vertex 72.2797 3 1.18061
    endloop
  endfacet
  facet normal 0 1 0
    outer loop
      vertex 72.5672 3 1.43275
      vertex 77 3 -3
      vertex 72.5574 3 1.42413
    endloop
  endfacet
  facet normal 0 1 0
    outer loop
      vertex 72.5759 3 1.44259
      vertex 77 3 -3
      vertex 72.5672 3 1.43275
    endloop
  endfacet
  facet normal 0 1 0
    outer loop
      vertex 72.8194 3 1.72027
      vertex 77 3 -3
      vertex 72.5759 3 1.44259
    endloop
  endfacet
  facet normal 0 1 0
    outer loop
      vertex 73.0246 3 2.02736
      vertex 77 3 -3
      vertex 72.8194 3 1.72027
    endloop
  endfacet
  facet normal 0 1 0
    outer loop
      vertex 73.0376 3 2.04997
      vertex 77 3 -3
      vertex 73.0319 3 2.03823
    endloop
  endfacet
  facet normal 0 1 0
    outer loop
      vertex 73.2052 3 2.3936
      vertex 77 3 -3
      vertex 73.201 3 2.38121
    endloop
  endfacet
  facet normal 0 1 0
    outer loop
      vertex 73.396 3 3.10557
      vertex 77 3 -3
      vertex 73.3239 3 2.74333
    endloop
  endfacet
  facet normal 0 1 0
    outer loop
      vertex 73.3994 3 3.13146
      vertex 77 3 -3
      vertex 73.3985 3 3.1184
    endloop
  endfacet
  facet normal 0 1 0
    outer loop
      vertex 73.3994 3 3.86854
      vertex 77 3 -3
      vertex 73.4235 3 3.5
    endloop
  endfacet
  facet normal 0 1 0
    outer loop
      vertex 70.1184 3 83.3985
      vertex 77 3 87
      vertex 70.1315 3 83.3994
    endloop
  endfacet
  facet normal 0 1 -0
    outer loop
      vertex 3.13146 3 83.3994
      vertex -3 3 87
      vertex 3.5 3 83.4235
    endloop
  endfacet
  facet normal 0 1 -0
    outer loop
      vertex 3.1184 3 83.3985
      vertex -3 3 87
      vertex 3.13146 3 83.3994
    endloop
  endfacet
  facet normal 0 1 -0
    outer loop
      vertex 3.10557 3 83.396
      vertex -3 3 87
      vertex 3.1184 3 83.3985
    endloop
  endfacet
  facet normal 0 1 -0
    outer loop
      vertex 2.74333 3 83.3239
      vertex -3 3 87
      vertex 3.10557 3 83.396
    endloop
  endfacet
  facet normal 0 1 -0
    outer loop
      vertex 2.3936 3 83.2052
      vertex -3 3 87
      vertex 2.74333 3 83.3239
    endloop
  endfacet
  facet normal 0 1 -0
    outer loop
      vertex 2.38121 3 83.201
      vertex -3 3 87
      vertex 2.3936 3 83.2052
    endloop
  endfacet
  facet normal 0 1 -0
    outer loop
      vertex 2.04997 3 83.0376
      vertex -3 3 87
      vertex 2.38121 3 83.201
    endloop
  endfacet
  facet normal 0 1 -0
    outer loop
      vertex 2.03823 3 83.0319
      vertex -3 3 87
      vertex 2.04997 3 83.0376
    endloop
  endfacet
  facet normal 0 1 -0
    outer loop
      vertex 2.02736 3 83.0246
      vertex -3 3 87
      vertex 2.03823 3 83.0319
    endloop
  endfacet
  facet normal 0 1 -0
    outer loop
      vertex 1.72027 3 82.8194
      vertex -3 3 87
      vertex 2.02736 3 83.0246
    endloop
  endfacet
  facet normal 0 1 -0
    outer loop
      vertex 1.44259 3 82.5759
      vertex -3 3 87
      vertex 1.72027 3 82.8194
    endloop
  endfacet
  facet normal 0 1 -0
    outer loop
      vertex 1.43275 3 82.5672
      vertex -3 3 87
      vertex 1.44259 3 82.5759
    endloop
  endfacet
  facet normal 0 1 -0
    outer loop
      vertex 1.42413 3 82.5574
      vertex -3 3 87
      vertex 1.43275 3 82.5672
    endloop
  endfacet
  facet normal 0 1 -0
    outer loop
      vertex 1.18061 3 82.2797
      vertex -3 3 87
      vertex 1.42413 3 82.5574
    endloop
  endfacet
  facet normal 0 1 -0
    outer loop
      vertex 0.975415 3 81.9726
      vertex -3 3 87
      vertex 1.18061 3 82.2797
    endloop
  endfacet
  facet normal 0 1 -0
    outer loop
      vertex 0.968148 3 81.9618
      vertex -3 3 87
      vertex 0.975415 3 81.9726
    endloop
  endfacet
  facet normal 0 1 -0
    outer loop
      vertex 0.962363 3 81.95
      vertex -3 3 87
      vertex 0.968148 3 81.9618
    endloop
  endfacet
  facet normal 0 1 -0
    outer loop
      vertex 0.79901 3 81.6188
      vertex -3 3 87
      vertex 0.962363 3 81.95
    endloop
  endfacet
  facet normal 0 1 -0
    outer loop
      vertex 0.794806 3 81.6064
      vertex -3 3 87
      vertex 0.79901 3 81.6188
    endloop
  endfacet
  facet normal 0 1 -0
    outer loop
      vertex 0.676087 3 81.2567
      vertex -3 3 87
      vertex 0.794806 3 81.6064
    endloop
  endfacet
  facet normal 0 1 -0
    outer loop
      vertex 0.604033 3 80.8944
      vertex -3 3 87
      vertex 0.676087 3 81.2567
    endloop
  endfacet
  facet normal 0 1 -0
    outer loop
      vertex 0.601481 3 80.8816
      vertex -3 3 87
      vertex 0.604033 3 80.8944
    endloop
  endfacet
  facet normal 0 1 -0
    outer loop
      vertex 0.600626 3 80.8685
      vertex -3 3 87
      vertex 0.601481 3 80.8816
    endloop
  endfacet
  facet normal 0 1 -0
    outer loop
      vertex 0.57647 3 80.5
      vertex -3 3 87
      vertex 0.600626 3 80.8685
    endloop
  endfacet
  facet normal 0 1 0
    outer loop
      vertex 0.600626 3 80.1315
      vertex -3 3 87
      vertex 0.57647 3 80.5
    endloop
  endfacet
  facet normal 0 1 0
    outer loop
      vertex 0.601481 3 80.1184
      vertex -3 3 87
      vertex 0.600626 3 80.1315
    endloop
  endfacet
  facet normal 0 1 0
    outer loop
      vertex 0.604033 3 80.1056
      vertex -3 3 87
      vertex 0.601481 3 80.1184
    endloop
  endfacet
  facet normal 0 1 0
    outer loop
      vertex 0.676087 3 79.7433
      vertex -3 3 87
      vertex 0.604033 3 80.1056
    endloop
  endfacet
  facet normal 0 1 0
    outer loop
      vertex 0.794806 3 79.3936
      vertex -3 3 87
      vertex 0.676087 3 79.7433
    endloop
  endfacet
  facet normal 0 1 0
    outer loop
      vertex 0.79901 3 79.3812
      vertex -3 3 87
      vertex 0.794806 3 79.3936
    endloop
  endfacet
  facet normal 0 1 0
    outer loop
      vertex 0.79901 3 4.61879
      vertex 0.79901 3 79.3812
      vertex 0.962363 3 79.05
    endloop
  endfacet
  facet normal 0 1 0
    outer loop
      vertex 0.79901 3 4.61879
      vertex 0.962363 3 79.05
      vertex 0.968148 3 79.0382
    endloop
  endfacet
  facet normal 0 1 0
    outer loop
      vertex 9 3 61.4
      vertex 2.02736 3 77.9754
      vertex 2.03823 3 77.9681
    endloop
  endfacet
  facet normal 0 1 0
    outer loop
      vertex 9 3 61.4
      vertex 2.04997 3 77.9624
      vertex 2.38121 3 77.799
    endloop
  endfacet
  facet normal 0 1 0
    outer loop
      vertex 9 3 61.4
      vertex 2.3936 3 77.7948
      vertex 2.74333 3 77.6761
    endloop
  endfacet
  facet normal 0 1 0
    outer loop
      vertex 9 3 61.4
      vertex 3.10557 3 77.604
      vertex 3.1184 3 77.6015
    endloop
  endfacet
  facet normal 0 1 0
    outer loop
      vertex 9 3 74.6
      vertex 3.13146 3 77.6006
      vertex 3.5 3 77.5765
    endloop
  endfacet
  facet normal 0 1 0
    outer loop
      vertex 3.86854 3 77.6006
      vertex 9 3 74.6
      vertex 3.5 3 77.5765
    endloop
  endfacet
  facet normal 0 1 0
    outer loop
      vertex 3.13146 3 77.6006
      vertex 9 3 74.6
      vertex 3.1184 3 77.6015
    endloop
  endfacet
  facet normal 0 1 -0
    outer loop
      vertex 9 3 61.4
      vertex 3.1184 3 77.6015
      vertex 9 3 74.6
    endloop
  endfacet
  facet normal 0 1 0
    outer loop
      vertex 3.10557 3 77.604
      vertex 9 3 61.4
      vertex 2.74333 3 77.6761
    endloop
  endfacet
  facet normal 0 1 0
    outer loop
      vertex 2.3936 3 77.7948
      vertex 9 3 61.4
      vertex 2.38121 3 77.799
    endloop
  endfacet
  facet normal 0 1 0
    outer loop
      vertex 2.04997 3 77.9624
      vertex 9 3 61.4
      vertex 2.03823 3 77.9681
    endloop
  endfacet
  facet normal 0 1 0
    outer loop
      vertex 2.02736 3 77.9754
      vertex 9 3 61.4
      vertex 1.72027 3 78.1806
    endloop
  endfacet
  facet normal 0 1 0
    outer loop
      vertex 9 3 61.4
      vertex 1.44259 3 78.4241
      vertex 1.72027 3 78.1806
    endloop
  endfacet
  facet normal 0 1 0
    outer loop
      vertex 9 3 61.4
      vertex 1.43275 3 78.4328
      vertex 1.44259 3 78.4241
    endloop
  endfacet
  facet normal 0 1 0
    outer loop
      vertex 9 3 61.4
      vertex 1.42413 3 78.4426
      vertex 1.43275 3 78.4328
    endloop
  endfacet
  facet normal 0 1 0
    outer loop
      vertex 9 3 61.4
      vertex 1.18061 3 78.7203
      vertex 1.42413 3 78.4426
    endloop
  endfacet
  facet normal 0 1 0
    outer loop
      vertex 9 3 61.4
      vertex 0.975415 3 79.0274
      vertex 1.18061 3 78.7203
    endloop
  endfacet
  facet normal 0 1 0
    outer loop
      vertex 9 3 61.4
      vertex 0.968148 3 79.0382
      vertex 0.975415 3 79.0274
    endloop
  endfacet
  facet normal 0 1 0
    outer loop
      vertex 0.968148 3 4.96176
      vertex 0.968148 3 79.0382
      vertex 9 3 61.4
    endloop
  endfacet
  facet normal 0 1 0
    outer loop
      vertex 43 3 61.4
      vertex 3.5 3 6.42353
      vertex 9 3 61.4
    endloop
  endfacet
  facet normal 0 1 0
    outer loop
      vertex 3.13146 3 6.39937
      vertex 9 3 61.4
      vertex 3.5 3 6.42353
    endloop
  endfacet
  facet normal 0 1 0
    outer loop
      vertex 3.1184 3 6.39852
      vertex 9 3 61.4
      vertex 3.13146 3 6.39937
    endloop
  endfacet
  facet normal 0 1 0
    outer loop
      vertex 3.10557 3 6.39597
      vertex 9 3 61.4
      vertex 3.1184 3 6.39852
    endloop
  endfacet
  facet normal 0 1 0
    outer loop
      vertex 2.74333 3 6.32391
      vertex 9 3 61.4
      vertex 3.10557 3 6.39597
    endloop
  endfacet
  facet normal 0 1 0
    outer loop
      vertex 2.3936 3 6.20519
      vertex 9 3 61.4
      vertex 2.74333 3 6.32391
    endloop
  endfacet
  facet normal 0 1 0
    outer loop
      vertex 2.38121 3 6.20099
      vertex 9 3 61.4
      vertex 2.3936 3 6.20519
    endloop
  endfacet
  facet normal 0 1 0
    outer loop
      vertex 2.04997 3 6.03764
      vertex 9 3 61.4
      vertex 2.38121 3 6.20099
    endloop
  endfacet
  facet normal 0 1 0
    outer loop
      vertex 2.03823 3 6.03185
      vertex 9 3 61.4
      vertex 2.04997 3 6.03764
    endloop
  endfacet
  facet normal 0 1 0
    outer loop
      vertex 2.02736 3 6.02458
      vertex 9 3 61.4
      vertex 2.03823 3 6.03185
    endloop
  endfacet
  facet normal 0 1 0
    outer loop
      vertex 1.72027 3 5.81939
      vertex 9 3 61.4
      vertex 2.02736 3 6.02458
    endloop
  endfacet
  facet normal 0 1 0
    outer loop
      vertex 1.44259 3 5.57587
      vertex 9 3 61.4
      vertex 1.72027 3 5.81939
    endloop
  endfacet
  facet normal 0 1 0
    outer loop
      vertex 1.43275 3 5.56725
      vertex 9 3 61.4
      vertex 1.44259 3 5.57587
    endloop
  endfacet
  facet normal 0 1 0
    outer loop
      vertex 1.42413 3 5.55741
      vertex 9 3 61.4
      vertex 1.43275 3 5.56725
    endloop
  endfacet
  facet normal 0 1 0
    outer loop
      vertex 1.18061 3 5.27973
      vertex 9 3 61.4
      vertex 1.42413 3 5.55741
    endloop
  endfacet
  facet normal 0 1 0
    outer loop
      vertex 0.975415 3 4.97264
      vertex 9 3 61.4
      vertex 1.18061 3 5.27973
    endloop
  endfacet
  facet normal 0 1 0
    outer loop
      vertex 0.968148 3 4.96176
      vertex 9 3 61.4
      vertex 0.975415 3 4.97264
    endloop
  endfacet
  facet normal 0 1 0
    outer loop
      vertex 0.962363 3 4.95003
      vertex 0.968148 3 79.0382
      vertex 0.968148 3 4.96176
    endloop
  endfacet
  facet normal 0 1 0
    outer loop
      vertex 0.79901 3 4.61879
      vertex 0.968148 3 79.0382
      vertex 0.962363 3 4.95003
    endloop
  endfacet
  facet normal 0 1 0
    outer loop
      vertex 0.79901 3 79.3812
      vertex 0.79901 3 4.61879
      vertex -3 3 87
    endloop
  endfacet
  facet normal 0 1 0
    outer loop
      vertex -3 3 -3
      vertex 0.79901 3 4.61879
      vertex 0.794806 3 4.6064
    endloop
  endfacet
  facet normal 0 1 0
    outer loop
      vertex -3 3 -3
      vertex 0.794806 3 4.6064
      vertex 0.676087 3 4.25666
    endloop
  endfacet
  facet normal 0 1 0
    outer loop
      vertex -3 3 -3
      vertex 0.676087 3 4.25666
      vertex 0.604033 3 3.89443
    endloop
  endfacet
  facet normal 0 1 0
    outer loop
      vertex -3 3 -3
      vertex 0.604033 3 3.89443
      vertex 0.601481 3 3.8816
    endloop
  endfacet
  facet normal 0 1 0
    outer loop
      vertex -3 3 -3
      vertex 0.601481 3 3.8816
      vertex 0.600626 3 3.86854
    endloop
  endfacet
  facet normal 0 1 0
    outer loop
      vertex -3 3 -3
      vertex 0.600626 3 3.86854
      vertex 0.57647 3 3.5
    endloop
  endfacet
  facet normal 0 1 0
    outer loop
      vertex -3 3 -3
      vertex 0.794806 3 2.3936
      vertex 0.79901 3 2.38121
    endloop
  endfacet
  facet normal 0 1 0
    outer loop
      vertex -3 3 -3
      vertex 0.975415 3 2.02736
      vertex 1.18061 3 1.72027
    endloop
  endfacet
  facet normal 0 1 0
    outer loop
      vertex -3 3 -3
      vertex 2.02736 3 0.975415
      vertex 2.03823 3 0.968148
    endloop
  endfacet
  facet normal 0 1 0
    outer loop
      vertex -3 3 -3
      vertex 2.3936 3 0.794806
      vertex 2.74333 3 0.676087
    endloop
  endfacet
  facet normal 0 1 0
    outer loop
      vertex 0.79901 3 4.61879
      vertex -3 3 -3
      vertex -3 3 87
    endloop
  endfacet
  facet normal 0 1 0
    outer loop
      vertex 0.600626 3 3.13146
      vertex -3 3 -3
      vertex 0.57647 3 3.5
    endloop
  endfacet
  facet normal 0 1 0
    outer loop
      vertex 0.601481 3 3.1184
      vertex -3 3 -3
      vertex 0.600626 3 3.13146
    endloop
  endfacet
  facet normal 0 1 0
    outer loop
      vertex 0.604033 3 3.10557
      vertex -3 3 -3
      vertex 0.601481 3 3.1184
    endloop
  endfacet
  facet normal 0 1 0
    outer loop
      vertex 0.676087 3 2.74333
      vertex -3 3 -3
      vertex 0.604033 3 3.10557
    endloop
  endfacet
  facet normal 0 1 0
    outer loop
      vertex 0.794806 3 2.3936
      vertex -3 3 -3
      vertex 0.676087 3 2.74333
    endloop
  endfacet
  facet normal 0 1 0
    outer loop
      vertex 0.962363 3 2.04997
      vertex -3 3 -3
      vertex 0.79901 3 2.38121
    endloop
  endfacet
  facet normal 0 1 0
    outer loop
      vertex 0.968148 3 2.03823
      vertex -3 3 -3
      vertex 0.962363 3 2.04997
    endloop
  endfacet
  facet normal 0 1 0
    outer loop
      vertex 0.975415 3 2.02736
      vertex -3 3 -3
      vertex 0.968148 3 2.03823
    endloop
  endfacet
  facet normal 0 1 0
    outer loop
      vertex 1.42413 3 1.44259
      vertex -3 3 -3
      vertex 1.18061 3 1.72027
    endloop
  endfacet
  facet normal 0 1 0
    outer loop
      vertex 1.43275 3 1.43275
      vertex -3 3 -3
      vertex 1.42413 3 1.44259
    endloop
  endfacet
  facet normal 0 1 0
    outer loop
      vertex 1.44259 3 1.42413
      vertex -3 3 -3
      vertex 1.43275 3 1.43275
    endloop
  endfacet
  facet normal 0 1 0
    outer loop
      vertex 1.72027 3 1.18061
      vertex -3 3 -3
      vertex 1.44259 3 1.42413
    endloop
  endfacet
  facet normal 0 1 0
    outer loop
      vertex 2.02736 3 0.975415
      vertex -3 3 -3
      vertex 1.72027 3 1.18061
    endloop
  endfacet
  facet normal 0 1 0
    outer loop
      vertex 2.04997 3 0.962363
      vertex -3 3 -3
      vertex 2.03823 3 0.968148
    endloop
  endfacet
  facet normal 0 1 0
    outer loop
      vertex 2.38121 3 0.79901
      vertex -3 3 -3
      vertex 2.04997 3 0.962363
    endloop
  endfacet
  facet normal 0 1 0
    outer loop
      vertex 2.3936 3 0.794806
      vertex -3 3 -3
      vertex 2.38121 3 0.79901
    endloop
  endfacet
  facet normal 0 1 0
    outer loop
      vertex 3.10557 3 0.604033
      vertex -3 3 -3
      vertex 2.74333 3 0.676087
    endloop
  endfacet
  facet normal 0 1 0
    outer loop
      vertex 3.1184 3 0.601481
      vertex -3 3 -3
      vertex 3.10557 3 0.604033
    endloop
  endfacet
  facet normal 0 1 0
    outer loop
      vertex 3.13146 3 0.600626
      vertex -3 3 -3
      vertex 3.1184 3 0.601481
    endloop
  endfacet
  facet normal 0 1 0
    outer loop
      vertex 3.5 3 0.57647
      vertex -3 3 -3
      vertex 3.13146 3 0.600626
    endloop
  endfacet
  facet normal 0 1 0
    outer loop
      vertex 3.86854 3 0.600626
      vertex -3 3 -3
      vertex 3.5 3 0.57647
    endloop
  endfacet
  facet normal 1 -0 0
    outer loop
      vertex 9 1.01 74.6
      vertex 9 3 61.4
      vertex 9 3 74.6
    endloop
  endfacet
  facet normal 1 0 0
    outer loop
      vertex 9 3 61.4
      vertex 9 1.01 74.6
      vertex 9 1.01 61.4
    endloop
  endfacet
  facet normal -0 0 1
    outer loop
      vertex 9 3 61.4
      vertex 43 1.01 61.4
      vertex 43 3 61.4
    endloop
  endfacet
  facet normal 0 0 1
    outer loop
      vertex 43 1.01 61.4
      vertex 9 3 61.4
      vertex 9 1.01 61.4
    endloop
  endfacet
  facet normal -1 0 0
    outer loop
      vertex 43 1.01 61.4
      vertex 43 3 74.6
      vertex 43 3 61.4
    endloop
  endfacet
  facet normal -1 -0 0
    outer loop
      vertex 43 3 74.6
      vertex 43 1.01 61.4
      vertex 43 1.01 74.6
    endloop
  endfacet
  facet normal 0 0 -1
    outer loop
      vertex 9 1.01 74.6
      vertex 43 3 74.6
      vertex 43 1.01 74.6
    endloop
  endfacet
  facet normal -0 0 -1
    outer loop
      vertex 43 3 74.6
      vertex 9 1.01 74.6
      vertex 9 3 74.6
    endloop
  endfacet
  facet normal -0.707107 -0.707107 0
    outer loop
      vertex 48 0.00999928 60.4
      vertex 47 1.01 74.6
      vertex 47 1.01 61.4
    endloop
  endfacet
  facet normal -0.707107 -0.707107 0
    outer loop
      vertex 47 1.01 74.6
      vertex 48 0.00999928 60.4
      vertex 48 0.00999928 75.6
    endloop
  endfacet
  facet normal 0.707107 -0.707107 0
    outer loop
      vertex 4 0.00999928 75.6
      vertex 5 1.01 61.4
      vertex 5 1.01 74.6
    endloop
  endfacet
  facet normal 0.707107 -0.707107 0
    outer loop
      vertex 5 1.01 61.4
      vertex 4 0.00999928 75.6
      vertex 4 0.00999928 60.4
    endloop
  endfacet
  facet normal 0 0 -1
    outer loop
      vertex 4 0 75.6
      vertex 48 0.00999928 75.6
      vertex 48 0 75.6
    endloop
  endfacet
  facet normal -0 0 -1
    outer loop
      vertex 48 0.00999928 75.6
      vertex 4 0 75.6
      vertex 4 0.00999928 75.6
    endloop
  endfacet
  facet normal -0 0 1
    outer loop
      vertex 4 0.00999928 60.4
      vertex 48 0 60.4
      vertex 48 0.00999928 60.4
    endloop
  endfacet
  facet normal 0 0 1
    outer loop
      vertex 48 0 60.4
      vertex 4 0.00999928 60.4
      vertex 4 0 60.4
    endloop
  endfacet
  facet normal 0 -0.707107 0.707107
    outer loop
      vertex 4 0.00999928 60.4
      vertex 9 1.01 61.4
      vertex 5 1.01 61.4
    endloop
  endfacet
  facet normal 0 -0.707107 0.707107
    outer loop
      vertex 9 1.01 61.4
      vertex 4 0.00999928 60.4
      vertex 43 1.01 61.4
    endloop
  endfacet
  facet normal 0 -0.707107 0.707107
    outer loop
      vertex 48 0.00999928 60.4
      vertex 43 1.01 61.4
      vertex 4 0.00999928 60.4
    endloop
  endfacet
  facet normal 0 -0.707107 0.707107
    outer loop
      vertex 43 1.01 61.4
      vertex 48 0.00999928 60.4
      vertex 47 1.01 61.4
    endloop
  endfacet
  facet normal -0 -0.707107 -0.707107
    outer loop
      vertex 9 1.01 74.6
      vertex 4 0.00999928 75.6
      vertex 5 1.01 74.6
    endloop
  endfacet
  facet normal 0 -0.707107 -0.707107
    outer loop
      vertex 4 0.00999928 75.6
      vertex 9 1.01 74.6
      vertex 48 0.00999928 75.6
    endloop
  endfacet
  facet normal -0 -0.707107 -0.707107
    outer loop
      vertex 43 1.01 74.6
      vertex 48 0.00999928 75.6
      vertex 9 1.01 74.6
    endloop
  endfacet
  facet normal 0 -0.707107 -0.707107
    outer loop
      vertex 48 0.00999928 75.6
      vertex 43 1.01 74.6
      vertex 47 1.01 74.6
    endloop
  endfacet
  facet normal 0 -1 0
    outer loop
      vertex 43 1.01 61.4
      vertex 47 1.01 74.6
      vertex 43 1.01 74.6
    endloop
  endfacet
  facet normal 0 -1 -0
    outer loop
      vertex 47 1.01 74.6
      vertex 43 1.01 61.4
      vertex 47 1.01 61.4
    endloop
  endfacet
  facet normal 0 -1 0
    outer loop
      vertex 5 1.01 61.4
      vertex 9 1.01 74.6
      vertex 5 1.01 74.6
    endloop
  endfacet
  facet normal 0 -1 -0
    outer loop
      vertex 9 1.01 74.6
      vertex 5 1.01 61.4
      vertex 9 1.01 61.4
    endloop
  endfacet
  facet normal -1 0 0
    outer loop
      vertex 48 0 60.4
      vertex 48 0.00999928 75.6
      vertex 48 0.00999928 60.4
    endloop
  endfacet
  facet normal -1 -0 0
    outer loop
      vertex 48 0.00999928 75.6
      vertex 48 0 60.4
      vertex 48 0 75.6
    endloop
  endfacet
  facet normal -0.980777 0 0.19513
    outer loop
      vertex 5.14207 -3 3.06001
      vertex 5.18546 1.4 3.2781
      vertex 5.14207 1.4 3.06001
    endloop
  endfacet
  facet normal -0.980777 0 0.19513
    outer loop
      vertex 5.18546 1.4 3.2781
      vertex 5.14207 -3 3.06001
      vertex 5.18546 -3 3.2781
    endloop
  endfacet
  facet normal -0.99786 0 0.0653848
    outer loop
      vertex 5.18546 -3 3.2781
      vertex 5.2 1.4 3.5
      vertex 5.18546 1.4 3.2781
    endloop
  endfacet
  facet normal -0.99786 0 0.0653848
    outer loop
      vertex 5.2 1.4 3.5
      vertex 5.18546 -3 3.2781
      vertex 5.2 -3 3.5
    endloop
  endfacet
  facet normal -0.0653877 0 -0.99786
    outer loop
      vertex 3.5 -3 5.2
      vertex 3.72189 1.4 5.18546
      vertex 3.72189 -3 5.18546
    endloop
  endfacet
  facet normal -0.0653877 0 -0.99786
    outer loop
      vertex 3.72189 1.4 5.18546
      vertex 3.5 -3 5.2
      vertex 3.5 1.4 5.2
    endloop
  endfacet
  facet normal 0.659342 0 0.751844
    outer loop
      vertex 2.29792 1.4 2.29792
      vertex 2.46511 -3 2.1513
      vertex 2.46511 1.4 2.1513
    endloop
  endfacet
  facet normal 0.659342 0 0.751844
    outer loop
      vertex 2.46511 -3 2.1513
      vertex 2.29792 1.4 2.29792
      vertex 2.29792 -3 2.29792
    endloop
  endfacet
  facet normal 0.831469 0 -0.555572
    outer loop
      vertex 2.1513 -3 4.53489
      vertex 2.02776 1.4 4.35
      vertex 2.1513 1.4 4.53489
    endloop
  endfacet
  facet normal 0.831469 0 -0.555572
    outer loop
      vertex 2.02776 1.4 4.35
      vertex 2.1513 -3 4.53489
      vertex 2.02776 -3 4.35
    endloop
  endfacet
  facet normal 0.19513 0 -0.980777
    outer loop
      vertex 3.06001 -3 5.14207
      vertex 3.2781 1.4 5.18546
      vertex 3.2781 -3 5.18546
    endloop
  endfacet
  facet normal 0.19513 0 -0.980777
    outer loop
      vertex 3.2781 1.4 5.18546
      vertex 3.06001 -3 5.14207
      vertex 3.06001 1.4 5.14207
    endloop
  endfacet
  facet normal -0.659342 0 0.751844
    outer loop
      vertex 4.53489 1.4 2.1513
      vertex 4.70208 -3 2.29792
      vertex 4.70208 1.4 2.29792
    endloop
  endfacet
  facet normal -0.659342 0 0.751844
    outer loop
      vertex 4.70208 -3 2.29792
      vertex 4.53489 1.4 2.1513
      vertex 4.53489 -3 2.1513
    endloop
  endfacet
  facet normal -0.946929 -6.54953e-07 -0.321444
    outer loop
      vertex 5.14207 1.4 3.93999
      vertex 5.1217 0 4
      vertex 5.07059 1.4 4.15056
    endloop
  endfacet
  facet normal -0.946933 0 -0.32143
    outer loop
      vertex 5.14207 -3 3.93999
      vertex 5.1217 0 4
      vertex 5.14207 1.4 3.93999
    endloop
  endfacet
  facet normal -0.946933 -0 -0.32143
    outer loop
      vertex 5.1217 0 4
      vertex 5.14207 -3 3.93999
      vertex 5.1217 -3 4
    endloop
  endfacet
  facet normal -0.946927 -0 -0.321449
    outer loop
      vertex 5.07059 1.4 4.15056
      vertex 5.1217 0 4
      vertex 5.07059 0 4.15056
    endloop
  endfacet
  facet normal -0.751844 0 -0.659342
    outer loop
      vertex 4.8487 0 4.53489
      vertex 4.70208 1.4 4.70208
      vertex 4.8487 1.4 4.53489
    endloop
  endfacet
  facet normal -0.751844 -0 -0.659342
    outer loop
      vertex 4.70208 1.4 4.70208
      vertex 4.8487 0 4.53489
      vertex 4.70208 0 4.70208
    endloop
  endfacet
  facet normal -0.751844 0 0.659342
    outer loop
      vertex 4.70208 -3 2.29792
      vertex 4.8487 1.4 2.46511
      vertex 4.70208 1.4 2.29792
    endloop
  endfacet
  facet normal -0.751844 0 0.659342
    outer loop
      vertex 4.8487 1.4 2.46511
      vertex 4.70208 -3 2.29792
      vertex 4.8487 -3 2.46511
    endloop
  endfacet
  facet normal 0.946942 0 -0.321404
    outer loop
      vertex 1.9294 -3 4.15056
      vertex 1.85793 1.4 3.93999
      vertex 1.9294 1.4 4.15056
    endloop
  endfacet
  facet normal 0.946942 0 -0.321404
    outer loop
      vertex 1.85793 1.4 3.93999
      vertex 1.9294 -3 4.15056
      vertex 1.85793 -3 3.93999
    endloop
  endfacet
  facet normal -0.32143 0 -0.946933
    outer loop
      vertex 4 -3 5.1217
      vertex 3.93999 -3 5.14207
      vertex 4 0 5.1217
    endloop
  endfacet
  facet normal -0.321449 0 -0.946927
    outer loop
      vertex 4 0 5.1217
      vertex 4.15056 1.4 5.07059
      vertex 4.15056 0 5.07059
    endloop
  endfacet
  facet normal -0.321444 -6.54953e-07 -0.946929
    outer loop
      vertex 4 0 5.1217
      vertex 3.93999 1.4 5.14207
      vertex 4.15056 1.4 5.07059
    endloop
  endfacet
  facet normal -0.32143 -0 -0.946933
    outer loop
      vertex 3.93999 1.4 5.14207
      vertex 4 0 5.1217
      vertex 3.93999 -3 5.14207
    endloop
  endfacet
  facet normal 0.0653848 0 -0.99786
    outer loop
      vertex 3.2781 -3 5.18546
      vertex 3.5 1.4 5.2
      vertex 3.5 -3 5.2
    endloop
  endfacet
  facet normal 0.0653848 0 -0.99786
    outer loop
      vertex 3.5 1.4 5.2
      vertex 3.2781 -3 5.18546
      vertex 3.2781 1.4 5.18546
    endloop
  endfacet
  facet normal 0.321404 0 0.946942
    outer loop
      vertex 2.84944 1.4 1.9294
      vertex 3.06001 -3 1.85793
      vertex 3.06001 1.4 1.85793
    endloop
  endfacet
  facet normal 0.321404 0 0.946942
    outer loop
      vertex 3.06001 -3 1.85793
      vertex 2.84944 1.4 1.9294
      vertex 2.84944 -3 1.9294
    endloop
  endfacet
  facet normal -0.946929 0 0.321444
    outer loop
      vertex 5.07059 -3 2.84944
      vertex 5.14207 1.4 3.06001
      vertex 5.07059 1.4 2.84944
    endloop
  endfacet
  facet normal -0.946929 0 0.321444
    outer loop
      vertex 5.14207 1.4 3.06001
      vertex 5.07059 -3 2.84944
      vertex 5.14207 -3 3.06001
    endloop
  endfacet
  facet normal 0.751844 -0 0.659342
    outer loop
      vertex 2.1513 -3 2.46511
      vertex 2.29792 1.4 2.29792
      vertex 2.1513 1.4 2.46511
    endloop
  endfacet
  facet normal 0.751844 0 0.659342
    outer loop
      vertex 2.29792 1.4 2.29792
      vertex 2.1513 -3 2.46511
      vertex 2.29792 -3 2.29792
    endloop
  endfacet
  facet normal 0.442278 0 -0.896878
    outer loop
      vertex 2.65 -3 4.97224
      vertex 2.84944 1.4 5.07059
      vertex 2.84944 -3 5.07059
    endloop
  endfacet
  facet normal 0.442278 0 -0.896878
    outer loop
      vertex 2.84944 1.4 5.07059
      vertex 2.65 -3 4.97224
      vertex 2.65 1.4 4.97224
    endloop
  endfacet
  facet normal 0.0653848 0 0.99786
    outer loop
      vertex 3.2781 1.4 1.81454
      vertex 3.5 -3 1.8
      vertex 3.5 1.4 1.8
    endloop
  endfacet
  facet normal 0.0653848 0 0.99786
    outer loop
      vertex 3.5 -3 1.8
      vertex 3.2781 1.4 1.81454
      vertex 3.2781 -3 1.81454
    endloop
  endfacet
  facet normal -0.896878 0 -0.442278
    outer loop
      vertex 5.07059 0 4.15056
      vertex 4.97224 1.4 4.35
      vertex 5.07059 1.4 4.15056
    endloop
  endfacet
  facet normal -0.896878 -0 -0.442278
    outer loop
      vertex 4.97224 1.4 4.35
      vertex 5.07059 0 4.15056
      vertex 4.97224 0 4.35
    endloop
  endfacet
  facet normal -0.555572 0 -0.831469
    outer loop
      vertex 4.35 0 4.97224
      vertex 4.53489 1.4 4.8487
      vertex 4.53489 0 4.8487
    endloop
  endfacet
  facet normal -0.555572 0 -0.831469
    outer loop
      vertex 4.53489 1.4 4.8487
      vertex 4.35 0 4.97224
      vertex 4.35 1.4 4.97224
    endloop
  endfacet
  facet normal 0.980779 0 -0.195122
    outer loop
      vertex 1.85793 -3 3.93999
      vertex 1.81454 1.4 3.72189
      vertex 1.85793 1.4 3.93999
    endloop
  endfacet
  facet normal 0.980779 0 -0.195122
    outer loop
      vertex 1.81454 1.4 3.72189
      vertex 1.85793 -3 3.93999
      vertex 1.81454 -3 3.72189
    endloop
  endfacet
  facet normal -0.195122 0 0.980779
    outer loop
      vertex 3.72189 1.4 1.81454
      vertex 3.93999 -3 1.85793
      vertex 3.93999 1.4 1.85793
    endloop
  endfacet
  facet normal -0.195122 0 0.980779
    outer loop
      vertex 3.93999 -3 1.85793
      vertex 3.72189 1.4 1.81454
      vertex 3.72189 -3 1.81454
    endloop
  endfacet
  facet normal -0.831469 0 0.555572
    outer loop
      vertex 4.8487 -3 2.46511
      vertex 4.97224 1.4 2.65
      vertex 4.8487 1.4 2.46511
    endloop
  endfacet
  facet normal -0.831469 0 0.555572
    outer loop
      vertex 4.97224 1.4 2.65
      vertex 4.8487 -3 2.46511
      vertex 4.97224 -3 2.65
    endloop
  endfacet
  facet normal -0.99786 0 -0.0653877
    outer loop
      vertex 5.2 -3 3.5
      vertex 5.18546 1.4 3.72189
      vertex 5.2 1.4 3.5
    endloop
  endfacet
  facet normal -0.99786 -0 -0.0653877
    outer loop
      vertex 5.18546 1.4 3.72189
      vertex 5.2 -3 3.5
      vertex 5.18546 -3 3.72189
    endloop
  endfacet
  facet normal -0.321404 0 0.946942
    outer loop
      vertex 3.93999 1.4 1.85793
      vertex 4.15056 -3 1.9294
      vertex 4.15056 1.4 1.9294
    endloop
  endfacet
  facet normal -0.321404 0 0.946942
    outer loop
      vertex 4.15056 -3 1.9294
      vertex 3.93999 1.4 1.85793
      vertex 3.93999 -3 1.85793
    endloop
  endfacet
  facet normal -0.555572 0 0.831469
    outer loop
      vertex 4.35 1.4 2.02776
      vertex 4.53489 -3 2.1513
      vertex 4.53489 1.4 2.1513
    endloop
  endfacet
  facet normal -0.555572 0 0.831469
    outer loop
      vertex 4.53489 -3 2.1513
      vertex 4.35 1.4 2.02776
      vertex 4.35 -3 2.02776
    endloop
  endfacet
  facet normal 0.19513 0 0.980777
    outer loop
      vertex 3.06001 1.4 1.85793
      vertex 3.2781 -3 1.81454
      vertex 3.2781 1.4 1.81454
    endloop
  endfacet
  facet normal 0.19513 0 0.980777
    outer loop
      vertex 3.2781 -3 1.81454
      vertex 3.06001 1.4 1.85793
      vertex 3.06001 -3 1.85793
    endloop
  endfacet
  facet normal -0.659342 0 -0.751844
    outer loop
      vertex 4.53489 0 4.8487
      vertex 4.70208 1.4 4.70208
      vertex 4.70208 0 4.70208
    endloop
  endfacet
  facet normal -0.659342 0 -0.751844
    outer loop
      vertex 4.70208 1.4 4.70208
      vertex 4.53489 0 4.8487
      vertex 4.53489 1.4 4.8487
    endloop
  endfacet
  facet normal 0.89686 -0 0.442314
    outer loop
      vertex 1.9294 -3 2.84944
      vertex 2.02776 1.4 2.65
      vertex 1.9294 1.4 2.84944
    endloop
  endfacet
  facet normal 0.89686 0 0.442314
    outer loop
      vertex 2.02776 1.4 2.65
      vertex 1.9294 -3 2.84944
      vertex 2.02776 -3 2.65
    endloop
  endfacet
  facet normal -0.980779 0 -0.195122
    outer loop
      vertex 5.18546 -3 3.72189
      vertex 5.14207 1.4 3.93999
      vertex 5.18546 1.4 3.72189
    endloop
  endfacet
  facet normal -0.980779 -0 -0.195122
    outer loop
      vertex 5.14207 1.4 3.93999
      vertex 5.18546 -3 3.72189
      vertex 5.14207 -3 3.93999
    endloop
  endfacet
  facet normal -0.195122 0 -0.980779
    outer loop
      vertex 3.72189 -3 5.18546
      vertex 3.93999 1.4 5.14207
      vertex 3.93999 -3 5.14207
    endloop
  endfacet
  facet normal -0.195122 0 -0.980779
    outer loop
      vertex 3.93999 1.4 5.14207
      vertex 3.72189 -3 5.18546
      vertex 3.72189 1.4 5.18546
    endloop
  endfacet
  facet normal 0.659342 0 -0.751844
    outer loop
      vertex 2.29792 -3 4.70208
      vertex 2.46511 1.4 4.8487
      vertex 2.46511 -3 4.8487
    endloop
  endfacet
  facet normal 0.659342 0 -0.751844
    outer loop
      vertex 2.46511 1.4 4.8487
      vertex 2.29792 -3 4.70208
      vertex 2.29792 1.4 4.70208
    endloop
  endfacet
  facet normal 0.751844 0 -0.659342
    outer loop
      vertex 2.29792 -3 4.70208
      vertex 2.1513 1.4 4.53489
      vertex 2.29792 1.4 4.70208
    endloop
  endfacet
  facet normal 0.751844 0 -0.659342
    outer loop
      vertex 2.1513 1.4 4.53489
      vertex 2.29792 -3 4.70208
      vertex 2.1513 -3 4.53489
    endloop
  endfacet
  facet normal -0.0653877 0 0.99786
    outer loop
      vertex 3.5 1.4 1.8
      vertex 3.72189 -3 1.81454
      vertex 3.72189 1.4 1.81454
    endloop
  endfacet
  facet normal -0.0653877 0 0.99786
    outer loop
      vertex 3.72189 -3 1.81454
      vertex 3.5 1.4 1.8
      vertex 3.5 -3 1.8
    endloop
  endfacet
  facet normal -0.442314 0 0.89686
    outer loop
      vertex 4.15056 1.4 1.9294
      vertex 4.35 -3 2.02776
      vertex 4.35 1.4 2.02776
    endloop
  endfacet
  facet normal -0.442314 0 0.89686
    outer loop
      vertex 4.35 -3 2.02776
      vertex 4.15056 1.4 1.9294
      vertex 4.15056 -3 1.9294
    endloop
  endfacet
  facet normal -0.831469 0 -0.555572
    outer loop
      vertex 4.97224 0 4.35
      vertex 4.8487 1.4 4.53489
      vertex 4.97224 1.4 4.35
    endloop
  endfacet
  facet normal -0.831469 -0 -0.555572
    outer loop
      vertex 4.8487 1.4 4.53489
      vertex 4.97224 0 4.35
      vertex 4.8487 0 4.53489
    endloop
  endfacet
  facet normal 0.99786 0 -0.0653877
    outer loop
      vertex 1.81454 -3 3.72189
      vertex 1.8 1.4 3.5
      vertex 1.81454 1.4 3.72189
    endloop
  endfacet
  facet normal 0.99786 0 -0.0653877
    outer loop
      vertex 1.8 1.4 3.5
      vertex 1.81454 -3 3.72189
      vertex 1.8 -3 3.5
    endloop
  endfacet
  facet normal -0.442278 0 -0.896878
    outer loop
      vertex 4.15056 0 5.07059
      vertex 4.35 1.4 4.97224
      vertex 4.35 0 4.97224
    endloop
  endfacet
  facet normal -0.442278 0 -0.896878
    outer loop
      vertex 4.35 1.4 4.97224
      vertex 4.15056 0 5.07059
      vertex 4.15056 1.4 5.07059
    endloop
  endfacet
  facet normal 0.980777 -0 0.19513
    outer loop
      vertex 1.81454 -3 3.2781
      vertex 1.85793 1.4 3.06001
      vertex 1.81454 1.4 3.2781
    endloop
  endfacet
  facet normal 0.980777 0 0.19513
    outer loop
      vertex 1.85793 1.4 3.06001
      vertex 1.81454 -3 3.2781
      vertex 1.85793 -3 3.06001
    endloop
  endfacet
  facet normal 0.89686 0 -0.442314
    outer loop
      vertex 2.02776 -3 4.35
      vertex 1.9294 1.4 4.15056
      vertex 2.02776 1.4 4.35
    endloop
  endfacet
  facet normal 0.89686 0 -0.442314
    outer loop
      vertex 1.9294 1.4 4.15056
      vertex 2.02776 -3 4.35
      vertex 1.9294 -3 4.15056
    endloop
  endfacet
  facet normal 0.946942 -0 0.321404
    outer loop
      vertex 1.85793 -3 3.06001
      vertex 1.9294 1.4 2.84944
      vertex 1.85793 1.4 3.06001
    endloop
  endfacet
  facet normal 0.946942 0 0.321404
    outer loop
      vertex 1.9294 1.4 2.84944
      vertex 1.85793 -3 3.06001
      vertex 1.9294 -3 2.84944
    endloop
  endfacet
  facet normal 0.555572 0 0.831469
    outer loop
      vertex 2.46511 1.4 2.1513
      vertex 2.65 -3 2.02776
      vertex 2.65 1.4 2.02776
    endloop
  endfacet
  facet normal 0.555572 0 0.831469
    outer loop
      vertex 2.65 -3 2.02776
      vertex 2.46511 1.4 2.1513
      vertex 2.46511 -3 2.1513
    endloop
  endfacet
  facet normal -0.896878 0 0.442278
    outer loop
      vertex 4.97224 -3 2.65
      vertex 5.07059 1.4 2.84944
      vertex 4.97224 1.4 2.65
    endloop
  endfacet
  facet normal -0.896878 0 0.442278
    outer loop
      vertex 5.07059 1.4 2.84944
      vertex 4.97224 -3 2.65
      vertex 5.07059 -3 2.84944
    endloop
  endfacet
  facet normal 0.99786 -0 0.0653848
    outer loop
      vertex 1.8 -3 3.5
      vertex 1.81454 1.4 3.2781
      vertex 1.8 1.4 3.5
    endloop
  endfacet
  facet normal 0.99786 0 0.0653848
    outer loop
      vertex 1.81454 1.4 3.2781
      vertex 1.8 -3 3.5
      vertex 1.81454 -3 3.2781
    endloop
  endfacet
  facet normal 0.321444 0 -0.946929
    outer loop
      vertex 2.84944 -3 5.07059
      vertex 3.06001 1.4 5.14207
      vertex 3.06001 -3 5.14207
    endloop
  endfacet
  facet normal 0.321444 0 -0.946929
    outer loop
      vertex 3.06001 1.4 5.14207
      vertex 2.84944 -3 5.07059
      vertex 2.84944 1.4 5.07059
    endloop
  endfacet
  facet normal 0.442314 0 0.89686
    outer loop
      vertex 2.65 1.4 2.02776
      vertex 2.84944 -3 1.9294
      vertex 2.84944 1.4 1.9294
    endloop
  endfacet
  facet normal 0.442314 0 0.89686
    outer loop
      vertex 2.84944 -3 1.9294
      vertex 2.65 1.4 2.02776
      vertex 2.65 -3 2.02776
    endloop
  endfacet
  facet normal 0.831469 -0 0.555572
    outer loop
      vertex 2.02776 -3 2.65
      vertex 2.1513 1.4 2.46511
      vertex 2.02776 1.4 2.65
    endloop
  endfacet
  facet normal 0.831469 0 0.555572
    outer loop
      vertex 2.1513 1.4 2.46511
      vertex 2.02776 -3 2.65
      vertex 2.1513 -3 2.46511
    endloop
  endfacet
  facet normal 0.555572 0 -0.831469
    outer loop
      vertex 2.46511 -3 4.8487
      vertex 2.65 1.4 4.97224
      vertex 2.65 -3 4.97224
    endloop
  endfacet
  facet normal 0.555572 0 -0.831469
    outer loop
      vertex 2.65 1.4 4.97224
      vertex 2.46511 -3 4.8487
      vertex 2.46511 1.4 4.8487
    endloop
  endfacet
  facet normal -0.155098 0.60663 0.779708
    outer loop
      vertex 3.93999 1.4 1.85793
      vertex 4.25666 3 0.676087
      vertex 3.89443 3 0.604033
    endloop
  endfacet
  facet normal -0.752793 0.606629 0.255545
    outer loop
      vertex 6.32391 3 2.74333
      vertex 6.20519 3 2.3936
      vertex 5.14207 1.4 3.06001
    endloop
  endfacet
  facet normal -0.15511 0.606629 -0.779706
    outer loop
      vertex 4.25666 3 6.32391
      vertex 3.93999 1.4 5.14207
      vertex 3.89443 3 6.39597
    endloop
  endfacet
  facet normal -0.793283 0.606628 0.0520044
    outer loop
      vertex 6.42353 3 3.5
      vertex 6.39937 3 3.13146
      vertex 5.2 1.4 3.5
    endloop
  endfacet
  facet normal -0.793316 0.606616 0.0516324
    outer loop
      vertex 5.18546 1.4 3.2781
      vertex 6.39937 3 3.13146
      vertex 6.39852 3 3.1184
    endloop
  endfacet
  facet normal -0.793287 0.606626 0.0519801
    outer loop
      vertex 6.39937 3 3.13146
      vertex 5.18546 1.4 3.2781
      vertex 5.2 1.4 3.5
    endloop
  endfacet
  facet normal -0.44168 0.606627 -0.661001
    outer loop
      vertex 4.53489 1.4 4.8487
      vertex 4.96176 3 6.03185
      vertex 4.97264 3 6.02458
    endloop
  endfacet
  facet normal -0.441671 0.606628 -0.661006
    outer loop
      vertex 4.96176 3 6.03185
      vertex 4.53489 1.4 4.8487
      vertex 4.35 1.4 4.97224
    endloop
  endfacet
  facet normal -0.351874 0.606638 -0.712864
    outer loop
      vertex 4.35 1.4 4.97224
      vertex 4.95003 3 6.03764
      vertex 4.96176 3 6.03185
    endloop
  endfacet
  facet normal -0.351604 0.60663 -0.713004
    outer loop
      vertex 4.95003 3 6.03764
      vertex 4.35 1.4 4.97224
      vertex 4.15056 1.4 5.07059
    endloop
  endfacet
  facet normal 0.155091 0.606631 0.779709
    outer loop
      vertex 3.06001 1.4 1.85793
      vertex 3.1184 3 0.601481
      vertex 3.10557 3 0.604033
    endloop
  endfacet
  facet normal 0.155126 0.606626 0.779705
    outer loop
      vertex 3.1184 3 0.601481
      vertex 3.06001 1.4 1.85793
      vertex 3.2781 1.4 1.81454
    endloop
  endfacet
  facet normal 0.779709 0.606631 -0.155091
    outer loop
      vertex 1.85793 1.4 3.93999
      vertex 0.601481 3 3.8816
      vertex 0.604033 3 3.89443
    endloop
  endfacet
  facet normal 0.779706 0.606627 -0.155119
    outer loop
      vertex 0.601481 3 3.8816
      vertex 1.85793 1.4 3.93999
      vertex 1.81454 1.4 3.72189
    endloop
  endfacet
  facet normal 0.524172 0.606629 -0.5977
    outer loop
      vertex 1.72027 3 5.81939
      vertex 2.46511 1.4 4.8487
      vertex 1.44259 3 5.57587
    endloop
  endfacet
  facet normal -0.524172 0.606629 -0.5977
    outer loop
      vertex 5.27973 3 5.81939
      vertex 5.55741 3 5.57587
      vertex 4.53489 1.4 4.8487
    endloop
  endfacet
  facet normal -0.661006 0.606628 -0.441671
    outer loop
      vertex 4.8487 1.4 4.53489
      vertex 6.03185 3 4.96176
      vertex 4.97224 1.4 4.35
    endloop
  endfacet
  facet normal -0.661001 0.606627 -0.44168
    outer loop
      vertex 6.03185 3 4.96176
      vertex 4.8487 1.4 4.53489
      vertex 6.02458 3 4.97264
    endloop
  endfacet
  facet normal 0.255512 0.606627 0.752807
    outer loop
      vertex 2.3936 3 0.794806
      vertex 2.84944 1.4 1.9294
      vertex 3.06001 1.4 1.85793
    endloop
  endfacet
  facet normal 0.255441 0.606625 0.752833
    outer loop
      vertex 2.84944 1.4 1.9294
      vertex 2.3936 3 0.794806
      vertex 2.38121 3 0.79901
    endloop
  endfacet
  facet normal -0.713004 0.60663 -0.351604
    outer loop
      vertex 4.97224 1.4 4.35
      vertex 6.03764 3 4.95003
      vertex 5.07059 1.4 4.15056
    endloop
  endfacet
  facet normal -0.712864 0.606638 -0.351874
    outer loop
      vertex 6.03764 3 4.95003
      vertex 4.97224 1.4 4.35
      vertex 6.03185 3 4.96176
    endloop
  endfacet
  facet normal 0.255542 0.60663 0.752793
    outer loop
      vertex 3.06001 1.4 1.85793
      vertex 2.74333 3 0.676087
      vertex 2.3936 3 0.794806
    endloop
  endfacet
  facet normal -0.154972 0.606645 -0.779721
    outer loop
      vertex 3.93999 1.4 5.14207
      vertex 3.8816 3 6.39852
      vertex 3.89443 3 6.39597
    endloop
  endfacet
  facet normal -0.155119 0.606628 -0.779706
    outer loop
      vertex 3.8816 3 6.39852
      vertex 3.93999 1.4 5.14207
      vertex 3.72189 1.4 5.18546
    endloop
  endfacet
  facet normal -0.0519958 0.606629 0.793283
    outer loop
      vertex 3.86854 3 0.600626
      vertex 3.5 3 0.57647
      vertex 3.5 1.4 1.8
    endloop
  endfacet
  facet normal -0.779706 0.606629 -0.15511
    outer loop
      vertex 6.32391 3 4.25666
      vertex 6.39597 3 3.89443
      vertex 5.14207 1.4 3.93999
    endloop
  endfacet
  facet normal 0.661004 0.60663 0.441671
    outer loop
      vertex 2.1513 1.4 2.46511
      vertex 0.968148 3 2.03823
      vertex 2.02776 1.4 2.65
    endloop
  endfacet
  facet normal 0.66091 0.606607 0.441843
    outer loop
      vertex 0.968148 3 2.03823
      vertex 2.1513 1.4 2.46511
      vertex 0.975415 3 2.02736
    endloop
  endfacet
  facet normal -0.0519343 0.606626 0.793289
    outer loop
      vertex 3.86854 3 0.600626
      vertex 3.72189 1.4 1.81454
      vertex 3.8816 3 0.601481
    endloop
  endfacet
  facet normal -0.0519824 0.606627 0.793285
    outer loop
      vertex 3.72189 1.4 1.81454
      vertex 3.86854 3 0.600626
      vertex 3.5 1.4 1.8
    endloop
  endfacet
  facet normal 0.5977 0.606629 -0.524172
    outer loop
      vertex 1.42413 3 5.55741
      vertex 2.1513 1.4 4.53489
      vertex 1.18061 3 5.27973
    endloop
  endfacet
  facet normal 0.05198 0.606627 0.793286
    outer loop
      vertex 3.13146 3 0.600626
      vertex 3.2781 1.4 1.81454
      vertex 3.5 1.4 1.8
    endloop
  endfacet
  facet normal 0.0519343 0.606626 0.79329
    outer loop
      vertex 3.2781 1.4 1.81454
      vertex 3.13146 3 0.600626
      vertex 3.1184 3 0.601481
    endloop
  endfacet
  facet normal -0.5977 0.606629 0.524172
    outer loop
      vertex 5.81939 3 1.72027
      vertex 5.57587 3 1.44259
      vertex 4.8487 1.4 2.46511
    endloop
  endfacet
  facet normal -0.0520044 0.606628 -0.793283
    outer loop
      vertex 3.5 3 6.42353
      vertex 3.86854 3 6.39937
      vertex 3.5 1.4 5.2
    endloop
  endfacet
  facet normal 0.255545 0.606629 -0.752793
    outer loop
      vertex 2.74333 3 6.32391
      vertex 3.06001 1.4 5.14207
      vertex 2.3936 3 6.20519
    endloop
  endfacet
  facet normal -0.752794 0.606629 -0.255543
    outer loop
      vertex 5.07059 1.4 4.15056
      vertex 6.20519 3 4.6064
      vertex 5.14207 1.4 3.93999
    endloop
  endfacet
  facet normal -0.75291 0.60662 -0.255224
    outer loop
      vertex 6.20519 3 4.6064
      vertex 5.07059 1.4 4.15056
      vertex 6.20099 3 4.61879
    endloop
  endfacet
  facet normal -0.441669 0.606629 -0.661007
    outer loop
      vertex 4.97264 3 6.02458
      vertex 5.27973 3 5.81939
      vertex 4.53489 1.4 4.8487
    endloop
  endfacet
  facet normal -0.661007 0.606629 -0.441669
    outer loop
      vertex 5.81939 3 5.27973
      vertex 6.02458 3 4.97264
      vertex 4.8487 1.4 4.53489
    endloop
  endfacet
  facet normal 0.155094 0.60663 0.779709
    outer loop
      vertex 3.06001 1.4 1.85793
      vertex 3.10557 3 0.604033
      vertex 2.74333 3 0.676087
    endloop
  endfacet
  facet normal 0.441669 0.606629 -0.661007
    outer loop
      vertex 2.02736 3 6.02458
      vertex 2.46511 1.4 4.8487
      vertex 1.72027 3 5.81939
    endloop
  endfacet
  facet normal 0.441671 0.60663 0.661004
    outer loop
      vertex 2.03823 3 0.968148
      vertex 2.46511 1.4 2.1513
      vertex 2.65 1.4 2.02776
    endloop
  endfacet
  facet normal 0.441843 0.606607 0.66091
    outer loop
      vertex 2.46511 1.4 2.1513
      vertex 2.03823 3 0.968148
      vertex 2.02736 3 0.975415
    endloop
  endfacet
  facet normal -0.0516324 0.606616 -0.793316
    outer loop
      vertex 3.72189 1.4 5.18546
      vertex 3.86854 3 6.39937
      vertex 3.8816 3 6.39852
    endloop
  endfacet
  facet normal -0.0519824 0.606626 -0.793286
    outer loop
      vertex 3.86854 3 6.39937
      vertex 3.72189 1.4 5.18546
      vertex 3.5 1.4 5.2
    endloop
  endfacet
  facet normal 0.155106 0.60663 -0.779707
    outer loop
      vertex 3.10557 3 6.39597
      vertex 3.06001 1.4 5.14207
      vertex 2.74333 3 6.32391
    endloop
  endfacet
  facet normal -0.712999 0.606631 -0.351613
    outer loop
      vertex 6.03764 3 4.95003
      vertex 6.20099 3 4.61879
      vertex 5.07059 1.4 4.15056
    endloop
  endfacet
  facet normal -0.752796 0.606629 -0.255538
    outer loop
      vertex 6.20519 3 4.6064
      vertex 6.32391 3 4.25666
      vertex 5.14207 1.4 3.93999
    endloop
  endfacet
  facet normal -0.793283 0.606628 -0.0520044
    outer loop
      vertex 6.39937 3 3.86854
      vertex 6.42353 3 3.5
      vertex 5.2 1.4 3.5
    endloop
  endfacet
  facet normal -0.779706 0.606628 -0.155119
    outer loop
      vertex 5.14207 1.4 3.93999
      vertex 6.39852 3 3.8816
      vertex 5.18546 1.4 3.72189
    endloop
  endfacet
  facet normal -0.779721 0.606645 -0.154972
    outer loop
      vertex 6.39852 3 3.8816
      vertex 5.14207 1.4 3.93999
      vertex 6.39597 3 3.89443
    endloop
  endfacet
  facet normal -0.441676 0.606629 0.661002
    outer loop
      vertex 5.27973 3 1.18061
      vertex 4.97264 3 0.975415
      vertex 4.53489 1.4 2.1513
    endloop
  endfacet
  facet normal 0.779709 0.60663 0.155094
    outer loop
      vertex 1.85793 1.4 3.06001
      vertex 0.676087 3 2.74333
      vertex 0.604033 3 3.10557
    endloop
  endfacet
  facet normal 0.793283 0.606629 0.0519958
    outer loop
      vertex 1.8 1.4 3.5
      vertex 0.600626 3 3.13146
      vertex 0.57647 3 3.5
    endloop
  endfacet
  facet normal -0.5977 0.606629 -0.524172
    outer loop
      vertex 5.57587 3 5.55741
      vertex 5.81939 3 5.27973
      vertex 4.8487 1.4 4.53489
    endloop
  endfacet
  facet normal -0.793286 0.606626 -0.0519824
    outer loop
      vertex 5.18546 1.4 3.72189
      vertex 6.39937 3 3.86854
      vertex 5.2 1.4 3.5
    endloop
  endfacet
  facet normal -0.793316 0.606616 -0.0516324
    outer loop
      vertex 6.39937 3 3.86854
      vertex 5.18546 1.4 3.72189
      vertex 6.39852 3 3.8816
    endloop
  endfacet
  facet normal 0.441671 0.60663 -0.661005
    outer loop
      vertex 2.46511 1.4 4.8487
      vertex 2.03823 3 6.03185
      vertex 2.65 1.4 4.97224
    endloop
  endfacet
  facet normal 0.441977 0.606588 -0.660838
    outer loop
      vertex 2.03823 3 6.03185
      vertex 2.46511 1.4 4.8487
      vertex 2.02736 3 6.02458
    endloop
  endfacet
  facet normal -0.255538 0.606629 -0.752796
    outer loop
      vertex 4.25666 3 6.32391
      vertex 4.6064 3 6.20519
      vertex 3.93999 1.4 5.14207
    endloop
  endfacet
  facet normal -0.524172 0.606629 0.5977
    outer loop
      vertex 5.55741 3 1.42413
      vertex 5.27973 3 1.18061
      vertex 4.53489 1.4 2.1513
    endloop
  endfacet
  facet normal 0.597993 0.606617 -0.523852
    outer loop
      vertex 2.29792 1.4 4.70208
      vertex 1.42413 3 5.55741
      vertex 1.43275 3 5.56725
    endloop
  endfacet
  facet normal 0.597705 0.606628 -0.524167
    outer loop
      vertex 1.42413 3 5.55741
      vertex 2.29792 1.4 4.70208
      vertex 2.1513 1.4 4.53489
    endloop
  endfacet
  facet normal 0.71299 0.60663 -0.351632
    outer loop
      vertex 2.02776 1.4 4.35
      vertex 0.962363 3 4.95003
      vertex 0.968148 3 4.96176
    endloop
  endfacet
  facet normal 0.71299 0.60663 -0.351633
    outer loop
      vertex 0.962363 3 4.95003
      vertex 2.02776 1.4 4.35
      vertex 1.9294 1.4 4.15056
    endloop
  endfacet
  facet normal 0.255543 0.606629 -0.752794
    outer loop
      vertex 2.84944 1.4 5.07059
      vertex 2.3936 3 6.20519
      vertex 3.06001 1.4 5.14207
    endloop
  endfacet
  facet normal 0.255224 0.60662 -0.75291
    outer loop
      vertex 2.3936 3 6.20519
      vertex 2.84944 1.4 5.07059
      vertex 2.38121 3 6.20099
    endloop
  endfacet
  facet normal -0.351613 0.606631 -0.712999
    outer loop
      vertex 4.61879 3 6.20099
      vertex 4.95003 3 6.03764
      vertex 4.15056 1.4 5.07059
    endloop
  endfacet
  facet normal -0.441546 0.606646 0.661073
    outer loop
      vertex 4.96176 3 0.968148
      vertex 4.53489 1.4 2.1513
      vertex 4.97264 3 0.975415
    endloop
  endfacet
  facet normal -0.441671 0.606629 0.661005
    outer loop
      vertex 4.53489 1.4 2.1513
      vertex 4.96176 3 0.968148
      vertex 4.35 1.4 2.02776
    endloop
  endfacet
  facet normal -0.523852 0.606617 0.597993
    outer loop
      vertex 5.55741 3 1.42413
      vertex 4.70208 1.4 2.29792
      vertex 5.56725 3 1.43275
    endloop
  endfacet
  facet normal -0.524167 0.606628 0.597705
    outer loop
      vertex 4.70208 1.4 2.29792
      vertex 5.55741 3 1.42413
      vertex 4.53489 1.4 2.1513
    endloop
  endfacet
  facet normal 0.712998 0.606628 0.351619
    outer loop
      vertex 1.9294 1.4 2.84944
      vertex 0.962363 3 2.04997
      vertex 0.79901 3 2.38121
    endloop
  endfacet
  facet normal 0.0519801 0.606626 -0.793287
    outer loop
      vertex 3.2781 1.4 5.18546
      vertex 3.13146 3 6.39937
      vertex 3.5 1.4 5.2
    endloop
  endfacet
  facet normal 0.0516324 0.606616 -0.793316
    outer loop
      vertex 3.13146 3 6.39937
      vertex 3.2781 1.4 5.18546
      vertex 3.1184 3 6.39852
    endloop
  endfacet
  facet normal -0.523852 0.606617 -0.597993
    outer loop
      vertex 4.70208 1.4 4.70208
      vertex 5.55741 3 5.57587
      vertex 5.56725 3 5.56725
    endloop
  endfacet
  facet normal -0.524167 0.606628 -0.597705
    outer loop
      vertex 5.55741 3 5.57587
      vertex 4.70208 1.4 4.70208
      vertex 4.53489 1.4 4.8487
    endloop
  endfacet
  facet normal -0.255224 0.60662 -0.75291
    outer loop
      vertex 4.15056 1.4 5.07059
      vertex 4.6064 3 6.20519
      vertex 4.61879 3 6.20099
    endloop
  endfacet
  facet normal -0.255543 0.606629 -0.752794
    outer loop
      vertex 4.6064 3 6.20519
      vertex 4.15056 1.4 5.07059
      vertex 3.93999 1.4 5.14207
    endloop
  endfacet
  facet normal -0.255536 0.60663 0.752796
    outer loop
      vertex 4.6064 3 0.794806
      vertex 4.25666 3 0.676087
      vertex 3.93999 1.4 1.85793
    endloop
  endfacet
  facet normal 0.712998 0.606628 -0.351619
    outer loop
      vertex 0.962363 3 4.95003
      vertex 1.9294 1.4 4.15056
      vertex 0.79901 3 4.61879
    endloop
  endfacet
  facet normal 0.752833 0.606625 -0.255441
    outer loop
      vertex 1.9294 1.4 4.15056
      vertex 0.794806 3 4.6064
      vertex 0.79901 3 4.61879
    endloop
  endfacet
  facet normal 0.752807 0.606627 -0.255512
    outer loop
      vertex 0.794806 3 4.6064
      vertex 1.9294 1.4 4.15056
      vertex 1.85793 1.4 3.93999
    endloop
  endfacet
  facet normal 0.661073 0.606646 -0.441546
    outer loop
      vertex 2.1513 1.4 4.53489
      vertex 0.968148 3 4.96176
      vertex 0.975415 3 4.97264
    endloop
  endfacet
  facet normal 0.661005 0.606629 -0.441671
    outer loop
      vertex 0.968148 3 4.96176
      vertex 2.1513 1.4 4.53489
      vertex 2.02776 1.4 4.35
    endloop
  endfacet
  facet normal 0.793283 0.606629 -0.0519958
    outer loop
      vertex 0.600626 3 3.86854
      vertex 1.8 1.4 3.5
      vertex 0.57647 3 3.5
    endloop
  endfacet
  facet normal 0.0520044 0.606628 -0.793283
    outer loop
      vertex 3.5 3 6.42353
      vertex 3.5 1.4 5.2
      vertex 3.13146 3 6.39937
    endloop
  endfacet
  facet normal 0.524167 0.606628 -0.597705
    outer loop
      vertex 2.29792 1.4 4.70208
      vertex 1.44259 3 5.57587
      vertex 2.46511 1.4 4.8487
    endloop
  endfacet
  facet normal 0.523852 0.606617 -0.597993
    outer loop
      vertex 1.44259 3 5.57587
      vertex 2.29792 1.4 4.70208
      vertex 1.43275 3 5.56725
    endloop
  endfacet
  facet normal 0.793289 0.606626 -0.0519343
    outer loop
      vertex 1.81454 1.4 3.72189
      vertex 0.600626 3 3.86854
      vertex 0.601481 3 3.8816
    endloop
  endfacet
  facet normal 0.793285 0.606627 -0.0519824
    outer loop
      vertex 0.600626 3 3.86854
      vertex 1.81454 1.4 3.72189
      vertex 1.8 1.4 3.5
    endloop
  endfacet
  facet normal -0.597993 0.606617 -0.523852
    outer loop
      vertex 5.57587 3 5.55741
      vertex 4.70208 1.4 4.70208
      vertex 5.56725 3 5.56725
    endloop
  endfacet
  facet normal -0.597705 0.606628 -0.524167
    outer loop
      vertex 4.70208 1.4 4.70208
      vertex 5.57587 3 5.55741
      vertex 4.8487 1.4 4.53489
    endloop
  endfacet
  facet normal 0.0519958 0.606629 0.793283
    outer loop
      vertex 3.5 1.4 1.8
      vertex 3.5 3 0.57647
      vertex 3.13146 3 0.600626
    endloop
  endfacet
  facet normal 0.351619 0.606628 0.712998
    outer loop
      vertex 2.84944 1.4 1.9294
      vertex 2.38121 3 0.79901
      vertex 2.04997 3 0.962363
    endloop
  endfacet
  facet normal 0.661002 0.606629 0.441676
    outer loop
      vertex 2.1513 1.4 2.46511
      vertex 1.18061 3 1.72027
      vertex 0.975415 3 2.02736
    endloop
  endfacet
  facet normal 0.441676 0.606629 0.661002
    outer loop
      vertex 2.46511 1.4 2.1513
      vertex 2.02736 3 0.975415
      vertex 1.72027 3 1.18061
    endloop
  endfacet
  facet normal 0.524167 0.606628 0.597705
    outer loop
      vertex 1.44259 3 1.42413
      vertex 2.29792 1.4 2.29792
      vertex 2.46511 1.4 2.1513
    endloop
  endfacet
  facet normal 0.523852 0.606617 0.597993
    outer loop
      vertex 2.29792 1.4 2.29792
      vertex 1.44259 3 1.42413
      vertex 1.43275 3 1.43275
    endloop
  endfacet
  facet normal 0.5977 0.606629 0.524172
    outer loop
      vertex 2.1513 1.4 2.46511
      vertex 1.42413 3 1.44259
      vertex 1.18061 3 1.72027
    endloop
  endfacet
  facet normal -0.155091 0.606631 0.779709
    outer loop
      vertex 3.8816 3 0.601481
      vertex 3.93999 1.4 1.85793
      vertex 3.89443 3 0.604033
    endloop
  endfacet
  facet normal -0.155119 0.606627 0.779706
    outer loop
      vertex 3.93999 1.4 1.85793
      vertex 3.8816 3 0.601481
      vertex 3.72189 1.4 1.81454
    endloop
  endfacet
  facet normal -0.712988 0.606631 0.351635
    outer loop
      vertex 4.97224 1.4 2.65
      vertex 6.03764 3 2.04997
      vertex 6.03185 3 2.03823
    endloop
  endfacet
  facet normal -0.713004 0.60663 0.351604
    outer loop
      vertex 6.03764 3 2.04997
      vertex 4.97224 1.4 2.65
      vertex 5.07059 1.4 2.84944
    endloop
  endfacet
  facet normal 0.752793 0.60663 0.255542
    outer loop
      vertex 1.85793 1.4 3.06001
      vertex 0.794806 3 2.3936
      vertex 0.676087 3 2.74333
    endloop
  endfacet
  facet normal 0.524172 0.606629 0.5977
    outer loop
      vertex 2.46511 1.4 2.1513
      vertex 1.72027 3 1.18061
      vertex 1.44259 3 1.42413
    endloop
  endfacet
  facet normal 0.793286 0.606627 0.05198
    outer loop
      vertex 1.81454 1.4 3.2781
      vertex 0.600626 3 3.13146
      vertex 1.8 1.4 3.5
    endloop
  endfacet
  facet normal 0.79329 0.606626 0.0519343
    outer loop
      vertex 0.600626 3 3.13146
      vertex 1.81454 1.4 3.2781
      vertex 0.601481 3 3.1184
    endloop
  endfacet
  facet normal 0.779705 0.606626 0.155126
    outer loop
      vertex 1.85793 1.4 3.06001
      vertex 0.601481 3 3.1184
      vertex 1.81454 1.4 3.2781
    endloop
  endfacet
  facet normal 0.779709 0.606631 0.155091
    outer loop
      vertex 0.601481 3 3.1184
      vertex 1.85793 1.4 3.06001
      vertex 0.604033 3 3.10557
    endloop
  endfacet
  facet normal 0.597705 0.606628 0.524167
    outer loop
      vertex 2.29792 1.4 2.29792
      vertex 1.42413 3 1.44259
      vertex 2.1513 1.4 2.46511
    endloop
  endfacet
  facet normal 0.597993 0.606617 0.523852
    outer loop
      vertex 1.42413 3 1.44259
      vertex 2.29792 1.4 2.29792
      vertex 1.43275 3 1.43275
    endloop
  endfacet
  facet normal -0.712999 0.606631 0.351613
    outer loop
      vertex 6.20099 3 2.38121
      vertex 6.03764 3 2.04997
      vertex 5.07059 1.4 2.84944
    endloop
  endfacet
  facet normal 0.351633 0.60663 0.71299
    outer loop
      vertex 2.04997 3 0.962363
      vertex 2.65 1.4 2.02776
      vertex 2.84944 1.4 1.9294
    endloop
  endfacet
  facet normal 0.351394 0.606623 0.713114
    outer loop
      vertex 2.65 1.4 2.02776
      vertex 2.04997 3 0.962363
      vertex 2.03823 3 0.968148
    endloop
  endfacet
  facet normal 0.661002 0.606629 -0.441676
    outer loop
      vertex 1.18061 3 5.27973
      vertex 2.1513 1.4 4.53489
      vertex 0.975415 3 4.97264
    endloop
  endfacet
  facet normal 0.779708 0.60663 -0.155098
    outer loop
      vertex 0.676087 3 4.25666
      vertex 1.85793 1.4 3.93999
      vertex 0.604033 3 3.89443
    endloop
  endfacet
  facet normal 0.752796 0.60663 -0.255536
    outer loop
      vertex 0.794806 3 4.6064
      vertex 1.85793 1.4 3.93999
      vertex 0.676087 3 4.25666
    endloop
  endfacet
  facet normal -0.255441 0.606625 0.752833
    outer loop
      vertex 4.6064 3 0.794806
      vertex 4.15056 1.4 1.9294
      vertex 4.61879 3 0.79901
    endloop
  endfacet
  facet normal -0.255512 0.606627 0.752807
    outer loop
      vertex 4.15056 1.4 1.9294
      vertex 4.6064 3 0.794806
      vertex 3.93999 1.4 1.85793
    endloop
  endfacet
  facet normal 0.351613 0.606631 -0.712999
    outer loop
      vertex 2.38121 3 6.20099
      vertex 2.84944 1.4 5.07059
      vertex 2.04997 3 6.03764
    endloop
  endfacet
  facet normal 0.351604 0.60663 -0.713004
    outer loop
      vertex 2.65 1.4 4.97224
      vertex 2.04997 3 6.03764
      vertex 2.84944 1.4 5.07059
    endloop
  endfacet
  facet normal 0.351635 0.606631 -0.712988
    outer loop
      vertex 2.04997 3 6.03764
      vertex 2.65 1.4 4.97224
      vertex 2.03823 3 6.03185
    endloop
  endfacet
  facet normal 0.71299 0.60663 0.351633
    outer loop
      vertex 2.02776 1.4 2.65
      vertex 0.962363 3 2.04997
      vertex 1.9294 1.4 2.84944
    endloop
  endfacet
  facet normal 0.713114 0.606623 0.351394
    outer loop
      vertex 0.962363 3 2.04997
      vertex 2.02776 1.4 2.65
      vertex 0.968148 3 2.03823
    endloop
  endfacet
  facet normal -0.351632 0.60663 0.71299
    outer loop
      vertex 4.95003 3 0.962363
      vertex 4.35 1.4 2.02776
      vertex 4.96176 3 0.968148
    endloop
  endfacet
  facet normal -0.351633 0.60663 0.71299
    outer loop
      vertex 4.35 1.4 2.02776
      vertex 4.95003 3 0.962363
      vertex 4.15056 1.4 1.9294
    endloop
  endfacet
  facet normal 0.752807 0.606627 0.255512
    outer loop
      vertex 1.9294 1.4 2.84944
      vertex 0.794806 3 2.3936
      vertex 1.85793 1.4 3.06001
    endloop
  endfacet
  facet normal 0.752833 0.606625 0.255441
    outer loop
      vertex 0.794806 3 2.3936
      vertex 1.9294 1.4 2.84944
      vertex 0.79901 3 2.38121
    endloop
  endfacet
  facet normal -0.661007 0.606629 0.441669
    outer loop
      vertex 6.02458 3 2.02736
      vertex 5.81939 3 1.72027
      vertex 4.8487 1.4 2.46511
    endloop
  endfacet
  facet normal 0.155126 0.606627 -0.779705
    outer loop
      vertex 3.06001 1.4 5.14207
      vertex 3.1184 3 6.39852
      vertex 3.2781 1.4 5.18546
    endloop
  endfacet
  facet normal 0.154972 0.606645 -0.779721
    outer loop
      vertex 3.1184 3 6.39852
      vertex 3.06001 1.4 5.14207
      vertex 3.10557 3 6.39597
    endloop
  endfacet
  facet normal -0.660838 0.606588 0.441977
    outer loop
      vertex 4.8487 1.4 2.46511
      vertex 6.03185 3 2.03823
      vertex 6.02458 3 2.02736
    endloop
  endfacet
  facet normal -0.661005 0.60663 0.441671
    outer loop
      vertex 6.03185 3 2.03823
      vertex 4.8487 1.4 2.46511
      vertex 4.97224 1.4 2.65
    endloop
  endfacet
  facet normal -0.351619 0.606628 0.712998
    outer loop
      vertex 4.95003 3 0.962363
      vertex 4.61879 3 0.79901
      vertex 4.15056 1.4 1.9294
    endloop
  endfacet
  facet normal -0.779707 0.60663 0.155106
    outer loop
      vertex 6.39597 3 3.10557
      vertex 6.32391 3 2.74333
      vertex 5.14207 1.4 3.06001
    endloop
  endfacet
  facet normal -0.779721 0.606645 0.154972
    outer loop
      vertex 5.14207 1.4 3.06001
      vertex 6.39852 3 3.1184
      vertex 6.39597 3 3.10557
    endloop
  endfacet
  facet normal -0.779705 0.606627 0.155126
    outer loop
      vertex 6.39852 3 3.1184
      vertex 5.14207 1.4 3.06001
      vertex 5.18546 1.4 3.2781
    endloop
  endfacet
  facet normal -0.597705 0.606628 0.524167
    outer loop
      vertex 5.57587 3 1.44259
      vertex 4.70208 1.4 2.29792
      vertex 4.8487 1.4 2.46511
    endloop
  endfacet
  facet normal -0.597993 0.606617 0.523852
    outer loop
      vertex 4.70208 1.4 2.29792
      vertex 5.57587 3 1.44259
      vertex 5.56725 3 1.43275
    endloop
  endfacet
  facet normal -0.75291 0.60662 0.255224
    outer loop
      vertex 5.07059 1.4 2.84944
      vertex 6.20519 3 2.3936
      vertex 6.20099 3 2.38121
    endloop
  endfacet
  facet normal -0.752794 0.606629 0.255543
    outer loop
      vertex 6.20519 3 2.3936
      vertex 5.07059 1.4 2.84944
      vertex 5.14207 1.4 3.06001
    endloop
  endfacet
  facet normal -0.980779 0 0.195122
    outer loop
      vertex 5.14207 -3 80.06
      vertex 5.18546 1.4 80.2781
      vertex 5.14207 1.4 80.06
    endloop
  endfacet
  facet normal -0.980779 0 0.195122
    outer loop
      vertex 5.18546 1.4 80.2781
      vertex 5.14207 -3 80.06
      vertex 5.18546 -3 80.2781
    endloop
  endfacet
  facet normal -0.99786 0 0.0653848
    outer loop
      vertex 5.18546 -3 80.2781
      vertex 5.2 1.4 80.5
      vertex 5.18546 1.4 80.2781
    endloop
  endfacet
  facet normal -0.99786 0 0.0653848
    outer loop
      vertex 5.2 1.4 80.5
      vertex 5.18546 -3 80.2781
      vertex 5.2 -3 80.5
    endloop
  endfacet
  facet normal -0.0652086 0 -0.997872
    outer loop
      vertex 3.5 -3 82.2
      vertex 3.72189 1.4 82.1855
      vertex 3.72189 -3 82.1855
    endloop
  endfacet
  facet normal -0.0652086 0 -0.997872
    outer loop
      vertex 3.72189 1.4 82.1855
      vertex 3.5 -3 82.2
      vertex 3.5 1.4 82.2
    endloop
  endfacet
  facet normal 0.659291 0 0.751888
    outer loop
      vertex 2.29792 1.4 79.2979
      vertex 2.46511 -3 79.1513
      vertex 2.46511 1.4 79.1513
    endloop
  endfacet
  facet normal 0.659291 0 0.751888
    outer loop
      vertex 2.46511 -3 79.1513
      vertex 2.29792 1.4 79.2979
      vertex 2.29792 -3 79.2979
    endloop
  endfacet
  facet normal 0.831483 0 -0.555551
    outer loop
      vertex 2.1513 -3 81.5349
      vertex 2.02776 1.4 81.35
      vertex 2.1513 1.4 81.5349
    endloop
  endfacet
  facet normal 0.831483 0 -0.555551
    outer loop
      vertex 2.02776 1.4 81.35
      vertex 2.1513 -3 81.5349
      vertex 2.02776 -3 81.35
    endloop
  endfacet
  facet normal 0.195173 0 -0.980769
    outer loop
      vertex 3.06001 -3 82.1421
      vertex 3.2781 1.4 82.1855
      vertex 3.2781 -3 82.1855
    endloop
  endfacet
  facet normal 0.195173 0 -0.980769
    outer loop
      vertex 3.2781 1.4 82.1855
      vertex 3.06001 -3 82.1421
      vertex 3.06001 1.4 82.1421
    endloop
  endfacet
  facet normal -0.659291 0 0.751888
    outer loop
      vertex 4.53489 1.4 79.1513
      vertex 4.70208 0 79.2979
      vertex 4.70208 1.4 79.2979
    endloop
  endfacet
  facet normal -0.659291 0 0.751888
    outer loop
      vertex 4.70208 0 79.2979
      vertex 4.53489 1.4 79.1513
      vertex 4.53489 0 79.1513
    endloop
  endfacet
  facet normal -0.946943 0 -0.321403
    outer loop
      vertex 5.14207 -3 80.94
      vertex 5.07059 1.4 81.1506
      vertex 5.14207 1.4 80.94
    endloop
  endfacet
  facet normal -0.946943 -0 -0.321403
    outer loop
      vertex 5.07059 1.4 81.1506
      vertex 5.14207 -3 80.94
      vertex 5.07059 -3 81.1506
    endloop
  endfacet
  facet normal -0.751863 0 -0.659319
    outer loop
      vertex 4.8487 -3 81.5349
      vertex 4.70208 1.4 81.7021
      vertex 4.8487 1.4 81.5349
    endloop
  endfacet
  facet normal -0.751863 -0 -0.659319
    outer loop
      vertex 4.70208 1.4 81.7021
      vertex 4.8487 -3 81.5349
      vertex 4.70208 -3 81.7021
    endloop
  endfacet
  facet normal -0.751863 0 0.659319
    outer loop
      vertex 4.70208 0 79.2979
      vertex 4.8487 1.4 79.4651
      vertex 4.70208 1.4 79.2979
    endloop
  endfacet
  facet normal -0.751863 0 0.659319
    outer loop
      vertex 4.8487 1.4 79.4651
      vertex 4.70208 0 79.2979
      vertex 4.8487 0 79.4651
    endloop
  endfacet
  facet normal 0.946956 0 -0.321363
    outer loop
      vertex 1.9294 -3 81.1506
      vertex 1.85793 1.4 80.94
      vertex 1.9294 1.4 81.1506
    endloop
  endfacet
  facet normal 0.946956 0 -0.321363
    outer loop
      vertex 1.85793 1.4 80.94
      vertex 1.9294 -3 81.1506
      vertex 1.85793 -3 80.94
    endloop
  endfacet
  facet normal -0.321525 0 -0.946901
    outer loop
      vertex 3.93999 -3 82.1421
      vertex 4.15056 1.4 82.0706
      vertex 4.15056 -3 82.0706
    endloop
  endfacet
  facet normal -0.321525 0 -0.946901
    outer loop
      vertex 4.15056 1.4 82.0706
      vertex 3.93999 -3 82.1421
      vertex 3.93999 1.4 82.1421
    endloop
  endfacet
  facet normal 0.0652057 0 -0.997872
    outer loop
      vertex 3.2781 -3 82.1855
      vertex 3.5 1.4 82.2
      vertex 3.5 -3 82.2
    endloop
  endfacet
  facet normal 0.0652057 0 -0.997872
    outer loop
      vertex 3.5 1.4 82.2
      vertex 3.2781 -3 82.1855
      vertex 3.2781 1.4 82.1855
    endloop
  endfacet
  facet normal 0.321525 0 0.946901
    outer loop
      vertex 2.84944 1.4 78.9294
      vertex 3.06001 -3 78.8579
      vertex 3.06001 1.4 78.8579
    endloop
  endfacet
  facet normal 0.321525 0 0.946901
    outer loop
      vertex 3.06001 -3 78.8579
      vertex 2.84944 1.4 78.9294
      vertex 2.84944 -3 78.9294
    endloop
  endfacet
  facet normal -0.946953 0 0.321373
    outer loop
      vertex 5.1217 0 80
      vertex 5.07059 1.4 79.8494
      vertex 5.07059 0 79.8494
    endloop
  endfacet
  facet normal -0.946943 3.60355e-06 0.321403
    outer loop
      vertex 5.07059 1.4 79.8494
      vertex 5.1217 0 80
      vertex 5.14207 1.4 80.06
    endloop
  endfacet
  facet normal -0.946917 0 0.321478
    outer loop
      vertex 5.14207 -3 80.06
      vertex 5.1217 0 80
      vertex 5.1217 -3 80
    endloop
  endfacet
  facet normal -0.946917 0 0.321478
    outer loop
      vertex 5.1217 0 80
      vertex 5.14207 -3 80.06
      vertex 5.14207 1.4 80.06
    endloop
  endfacet
  facet normal 0.751863 -0 0.659319
    outer loop
      vertex 2.1513 -3 79.4651
      vertex 2.29792 1.4 79.2979
      vertex 2.1513 1.4 79.4651
    endloop
  endfacet
  facet normal 0.751863 0 0.659319
    outer loop
      vertex 2.29792 1.4 79.2979
      vertex 2.1513 -3 79.4651
      vertex 2.29792 -3 79.2979
    endloop
  endfacet
  facet normal 0.442459 0 -0.896789
    outer loop
      vertex 2.65 -3 81.9722
      vertex 2.84944 1.4 82.0706
      vertex 2.84944 -3 82.0706
    endloop
  endfacet
  facet normal 0.442459 0 -0.896789
    outer loop
      vertex 2.84944 1.4 82.0706
      vertex 2.65 -3 81.9722
      vertex 2.65 1.4 81.9722
    endloop
  endfacet
  facet normal 0.0652057 0 0.997872
    outer loop
      vertex 3.2781 1.4 78.8145
      vertex 3.5 -3 78.8
      vertex 3.5 1.4 78.8
    endloop
  endfacet
  facet normal 0.0652057 0 0.997872
    outer loop
      vertex 3.5 -3 78.8
      vertex 3.2781 1.4 78.8145
      vertex 3.2781 -3 78.8145
    endloop
  endfacet
  facet normal -0.896843 0 -0.442349
    outer loop
      vertex 5.07059 -3 81.1506
      vertex 4.97224 1.4 81.35
      vertex 5.07059 1.4 81.1506
    endloop
  endfacet
  facet normal -0.896843 -0 -0.442349
    outer loop
      vertex 4.97224 1.4 81.35
      vertex 5.07059 -3 81.1506
      vertex 4.97224 -3 81.35
    endloop
  endfacet
  facet normal -0.555447 0 -0.831552
    outer loop
      vertex 4.35 -3 81.9722
      vertex 4.53489 1.4 81.8487
      vertex 4.53489 -3 81.8487
    endloop
  endfacet
  facet normal -0.555447 0 -0.831552
    outer loop
      vertex 4.53489 1.4 81.8487
      vertex 4.35 -3 81.9722
      vertex 4.35 1.4 81.9722
    endloop
  endfacet
  facet normal 0.980779 0 -0.195122
    outer loop
      vertex 1.85793 -3 80.94
      vertex 1.81454 1.4 80.7219
      vertex 1.85793 1.4 80.94
    endloop
  endfacet
  facet normal 0.980779 0 -0.195122
    outer loop
      vertex 1.81454 1.4 80.7219
      vertex 1.85793 -3 80.94
      vertex 1.81454 -3 80.7219
    endloop
  endfacet
  facet normal -0.195165 0 0.98077
    outer loop
      vertex 3.72189 1.4 78.8145
      vertex 3.93999 -3 78.8579
      vertex 3.93999 1.4 78.8579
    endloop
  endfacet
  facet normal -0.195165 0 0.98077
    outer loop
      vertex 3.93999 -3 78.8579
      vertex 3.72189 1.4 78.8145
      vertex 3.72189 -3 78.8145
    endloop
  endfacet
  facet normal -0.831483 0 0.555551
    outer loop
      vertex 4.8487 0 79.4651
      vertex 4.97224 1.4 79.65
      vertex 4.8487 1.4 79.4651
    endloop
  endfacet
  facet normal -0.831483 0 0.555551
    outer loop
      vertex 4.97224 1.4 79.65
      vertex 4.8487 0 79.4651
      vertex 4.97224 0 79.65
    endloop
  endfacet
  facet normal -0.99786 0 -0.0653848
    outer loop
      vertex 5.2 -3 80.5
      vertex 5.18546 1.4 80.7219
      vertex 5.2 1.4 80.5
    endloop
  endfacet
  facet normal -0.99786 -0 -0.0653848
    outer loop
      vertex 5.18546 1.4 80.7219
      vertex 5.2 -3 80.5
      vertex 5.18546 -3 80.7219
    endloop
  endfacet
  facet normal -0.321393 0 0.946946
    outer loop
      vertex 4.15056 1.4 78.9294
      vertex 4 0 78.8783
      vertex 4.15056 0 78.9294
    endloop
  endfacet
  facet normal -0.321525 1.57807e-05 0.946901
    outer loop
      vertex 3.93999 1.4 78.8579
      vertex 4 0 78.8783
      vertex 4.15056 1.4 78.9294
    endloop
  endfacet
  facet normal -0.321855 0 0.946789
    outer loop
      vertex 3.93999 -3 78.8579
      vertex 4 0 78.8783
      vertex 3.93999 1.4 78.8579
    endloop
  endfacet
  facet normal -0.321855 0 0.946789
    outer loop
      vertex 4 0 78.8783
      vertex 3.93999 -3 78.8579
      vertex 4 -3 78.8783
    endloop
  endfacet
  facet normal -0.555447 0 0.831552
    outer loop
      vertex 4.35 1.4 79.0278
      vertex 4.53489 0 79.1513
      vertex 4.53489 1.4 79.1513
    endloop
  endfacet
  facet normal -0.555447 0 0.831552
    outer loop
      vertex 4.53489 0 79.1513
      vertex 4.35 1.4 79.0278
      vertex 4.35 0 79.0278
    endloop
  endfacet
  facet normal 0.195173 0 0.980769
    outer loop
      vertex 3.06001 1.4 78.8579
      vertex 3.2781 -3 78.8145
      vertex 3.2781 1.4 78.8145
    endloop
  endfacet
  facet normal 0.195173 0 0.980769
    outer loop
      vertex 3.2781 -3 78.8145
      vertex 3.06001 1.4 78.8579
      vertex 3.06001 -3 78.8579
    endloop
  endfacet
  facet normal -0.659291 0 -0.751888
    outer loop
      vertex 4.53489 -3 81.8487
      vertex 4.70208 1.4 81.7021
      vertex 4.70208 -3 81.7021
    endloop
  endfacet
  facet normal -0.659291 0 -0.751888
    outer loop
      vertex 4.70208 1.4 81.7021
      vertex 4.53489 -3 81.8487
      vertex 4.53489 1.4 81.8487
    endloop
  endfacet
  facet normal 0.896825 -0 0.442386
    outer loop
      vertex 1.9294 -3 79.8494
      vertex 2.02776 1.4 79.65
      vertex 1.9294 1.4 79.8494
    endloop
  endfacet
  facet normal 0.896825 0 0.442386
    outer loop
      vertex 2.02776 1.4 79.65
      vertex 1.9294 -3 79.8494
      vertex 2.02776 -3 79.65
    endloop
  endfacet
  facet normal -0.980779 0 -0.195122
    outer loop
      vertex 5.18546 -3 80.7219
      vertex 5.14207 1.4 80.94
      vertex 5.18546 1.4 80.7219
    endloop
  endfacet
  facet normal -0.980779 -0 -0.195122
    outer loop
      vertex 5.14207 1.4 80.94
      vertex 5.18546 -3 80.7219
      vertex 5.14207 -3 80.94
    endloop
  endfacet
  facet normal -0.195165 0 -0.98077
    outer loop
      vertex 3.72189 -3 82.1855
      vertex 3.93999 1.4 82.1421
      vertex 3.93999 -3 82.1421
    endloop
  endfacet
  facet normal -0.195165 0 -0.98077
    outer loop
      vertex 3.93999 1.4 82.1421
      vertex 3.72189 -3 82.1855
      vertex 3.72189 1.4 82.1855
    endloop
  endfacet
  facet normal 0.659291 0 -0.751888
    outer loop
      vertex 2.29792 -3 81.7021
      vertex 2.46511 1.4 81.8487
      vertex 2.46511 -3 81.8487
    endloop
  endfacet
  facet normal 0.659291 0 -0.751888
    outer loop
      vertex 2.46511 1.4 81.8487
      vertex 2.29792 -3 81.7021
      vertex 2.29792 1.4 81.7021
    endloop
  endfacet
  facet normal 0.751863 0 -0.659319
    outer loop
      vertex 2.29792 -3 81.7021
      vertex 2.1513 1.4 81.5349
      vertex 2.29792 1.4 81.7021
    endloop
  endfacet
  facet normal 0.751863 0 -0.659319
    outer loop
      vertex 2.1513 1.4 81.5349
      vertex 2.29792 -3 81.7021
      vertex 2.1513 -3 81.5349
    endloop
  endfacet
  facet normal -0.0652086 0 0.997872
    outer loop
      vertex 3.5 1.4 78.8
      vertex 3.72189 -3 78.8145
      vertex 3.72189 1.4 78.8145
    endloop
  endfacet
  facet normal -0.0652086 0 0.997872
    outer loop
      vertex 3.72189 -3 78.8145
      vertex 3.5 1.4 78.8
      vertex 3.5 -3 78.8
    endloop
  endfacet
  facet normal -0.442459 0 0.896789
    outer loop
      vertex 4.15056 1.4 78.9294
      vertex 4.35 0 79.0278
      vertex 4.35 1.4 79.0278
    endloop
  endfacet
  facet normal -0.442459 0 0.896789
    outer loop
      vertex 4.35 0 79.0278
      vertex 4.15056 1.4 78.9294
      vertex 4.15056 0 78.9294
    endloop
  endfacet
  facet normal -0.831483 0 -0.555551
    outer loop
      vertex 4.97224 -3 81.35
      vertex 4.8487 1.4 81.5349
      vertex 4.97224 1.4 81.35
    endloop
  endfacet
  facet normal -0.831483 -0 -0.555551
    outer loop
      vertex 4.8487 1.4 81.5349
      vertex 4.97224 -3 81.35
      vertex 4.8487 -3 81.5349
    endloop
  endfacet
  facet normal 0.99786 0 -0.0653848
    outer loop
      vertex 1.81454 -3 80.7219
      vertex 1.8 1.4 80.5
      vertex 1.81454 1.4 80.7219
    endloop
  endfacet
  facet normal 0.99786 0 -0.0653848
    outer loop
      vertex 1.8 1.4 80.5
      vertex 1.81454 -3 80.7219
      vertex 1.8 -3 80.5
    endloop
  endfacet
  facet normal -0.442459 0 -0.896789
    outer loop
      vertex 4.15056 -3 82.0706
      vertex 4.35 1.4 81.9722
      vertex 4.35 -3 81.9722
    endloop
  endfacet
  facet normal -0.442459 0 -0.896789
    outer loop
      vertex 4.35 1.4 81.9722
      vertex 4.15056 -3 82.0706
      vertex 4.15056 1.4 82.0706
    endloop
  endfacet
  facet normal 0.980779 -0 0.195122
    outer loop
      vertex 1.81454 -3 80.2781
      vertex 1.85793 1.4 80.06
      vertex 1.81454 1.4 80.2781
    endloop
  endfacet
  facet normal 0.980779 0 0.195122
    outer loop
      vertex 1.85793 1.4 80.06
      vertex 1.81454 -3 80.2781
      vertex 1.85793 -3 80.06
    endloop
  endfacet
  facet normal 0.896825 0 -0.442386
    outer loop
      vertex 2.02776 -3 81.35
      vertex 1.9294 1.4 81.1506
      vertex 2.02776 1.4 81.35
    endloop
  endfacet
  facet normal 0.896825 0 -0.442386
    outer loop
      vertex 1.9294 1.4 81.1506
      vertex 2.02776 -3 81.35
      vertex 1.9294 -3 81.1506
    endloop
  endfacet
  facet normal 0.946956 -0 0.321363
    outer loop
      vertex 1.85793 -3 80.06
      vertex 1.9294 1.4 79.8494
      vertex 1.85793 1.4 80.06
    endloop
  endfacet
  facet normal 0.946956 0 0.321363
    outer loop
      vertex 1.9294 1.4 79.8494
      vertex 1.85793 -3 80.06
      vertex 1.9294 -3 79.8494
    endloop
  endfacet
  facet normal -0.896843 0 0.442349
    outer loop
      vertex 4.97224 0 79.65
      vertex 5.07059 1.4 79.8494
      vertex 4.97224 1.4 79.65
    endloop
  endfacet
  facet normal -0.896843 0 0.442349
    outer loop
      vertex 5.07059 1.4 79.8494
      vertex 4.97224 0 79.65
      vertex 5.07059 0 79.8494
    endloop
  endfacet
  facet normal 0.99786 -0 0.0653848
    outer loop
      vertex 1.8 -3 80.5
      vertex 1.81454 1.4 80.2781
      vertex 1.8 1.4 80.5
    endloop
  endfacet
  facet normal 0.99786 0 0.0653848
    outer loop
      vertex 1.81454 1.4 80.2781
      vertex 1.8 -3 80.5
      vertex 1.81454 -3 80.2781
    endloop
  endfacet
  facet normal 0.321525 0 -0.946901
    outer loop
      vertex 2.84944 -3 82.0706
      vertex 3.06001 1.4 82.1421
      vertex 3.06001 -3 82.1421
    endloop
  endfacet
  facet normal 0.321525 0 -0.946901
    outer loop
      vertex 3.06001 1.4 82.1421
      vertex 2.84944 -3 82.0706
      vertex 2.84944 1.4 82.0706
    endloop
  endfacet
  facet normal 0.442459 0 0.896789
    outer loop
      vertex 2.65 1.4 79.0278
      vertex 2.84944 -3 78.9294
      vertex 2.84944 1.4 78.9294
    endloop
  endfacet
  facet normal 0.442459 0 0.896789
    outer loop
      vertex 2.84944 -3 78.9294
      vertex 2.65 1.4 79.0278
      vertex 2.65 -3 79.0278
    endloop
  endfacet
  facet normal 0.555447 0 0.831552
    outer loop
      vertex 2.46511 1.4 79.1513
      vertex 2.65 -3 79.0278
      vertex 2.65 1.4 79.0278
    endloop
  endfacet
  facet normal 0.555447 0 0.831552
    outer loop
      vertex 2.65 -3 79.0278
      vertex 2.46511 1.4 79.1513
      vertex 2.46511 -3 79.1513
    endloop
  endfacet
  facet normal 0.831483 -0 0.555551
    outer loop
      vertex 2.02776 -3 79.65
      vertex 2.1513 1.4 79.4651
      vertex 2.02776 1.4 79.65
    endloop
  endfacet
  facet normal 0.831483 0 0.555551
    outer loop
      vertex 2.1513 1.4 79.4651
      vertex 2.02776 -3 79.65
      vertex 2.1513 -3 79.4651
    endloop
  endfacet
  facet normal 0.555447 0 -0.831552
    outer loop
      vertex 2.46511 -3 81.8487
      vertex 2.65 1.4 81.9722
      vertex 2.65 -3 81.9722
    endloop
  endfacet
  facet normal 0.555447 0 -0.831552
    outer loop
      vertex 2.65 1.4 81.9722
      vertex 2.46511 -3 81.8487
      vertex 2.46511 1.4 81.8487
    endloop
  endfacet
  facet normal -0.155195 0.60662 0.779697
    outer loop
      vertex 3.93999 1.4 78.8579
      vertex 4.25666 3 77.6761
      vertex 3.89443 3 77.604
    endloop
  endfacet
  facet normal -0.752786 0.606631 0.255564
    outer loop
      vertex 6.32391 3 79.7433
      vertex 6.20519 3 79.3936
      vertex 5.14207 1.4 80.06
    endloop
  endfacet
  facet normal -0.155195 0.60662 -0.779697
    outer loop
      vertex 4.25666 3 83.3239
      vertex 3.93999 1.4 82.1421
      vertex 3.89443 3 83.396
    endloop
  endfacet
  facet normal -0.793283 0.606628 0.0520101
    outer loop
      vertex 6.42353 3 80.5
      vertex 6.39937 3 80.1315
      vertex 5.2 1.4 80.5
    endloop
  endfacet
  facet normal -0.79333 0.606611 0.0514756
    outer loop
      vertex 5.18546 1.4 80.2781
      vertex 6.39937 3 80.1315
      vertex 6.39852 3 80.1184
    endloop
  endfacet
  facet normal -0.793287 0.606625 0.0519802
    outer loop
      vertex 6.39937 3 80.1315
      vertex 5.18546 1.4 80.2781
      vertex 5.2 1.4 80.5
    endloop
  endfacet
  facet normal -0.443009 0.606459 -0.660266
    outer loop
      vertex 4.53489 1.4 81.8487
      vertex 4.96176 3 83.0319
      vertex 4.97264 3 83.0246
    endloop
  endfacet
  facet normal -0.441561 0.606655 -0.661054
    outer loop
      vertex 4.96176 3 83.0319
      vertex 4.53489 1.4 81.8487
      vertex 4.35 1.4 81.9722
    endloop
  endfacet
  facet normal -0.347502 0.606501 -0.715122
    outer loop
      vertex 4.35 1.4 81.9722
      vertex 4.95003 3 83.0376
      vertex 4.96176 3 83.0319
    endloop
  endfacet
  facet normal -0.351747 0.606634 -0.71293
    outer loop
      vertex 4.95003 3 83.0376
      vertex 4.35 1.4 81.9722
      vertex 4.15056 1.4 82.0706
    endloop
  endfacet
  facet normal 0.151996 0.606983 0.780044
    outer loop
      vertex 3.06001 1.4 78.8579
      vertex 3.1184 3 77.6015
      vertex 3.10557 3 77.604
    endloop
  endfacet
  facet normal 0.155163 0.606607 0.779713
    outer loop
      vertex 3.1184 3 77.6015
      vertex 3.06001 1.4 78.8579
      vertex 3.2781 1.4 78.8145
    endloop
  endfacet
  facet normal 0.779672 0.606587 -0.155447
    outer loop
      vertex 1.85793 1.4 80.94
      vertex 0.601481 3 80.8816
      vertex 0.604033 3 80.8944
    endloop
  endfacet
  facet normal 0.779707 0.606627 -0.155119
    outer loop
      vertex 0.601481 3 80.8816
      vertex 1.85793 1.4 80.94
      vertex 1.81454 1.4 80.7219
    endloop
  endfacet
  facet normal 0.524146 0.606632 -0.59772
    outer loop
      vertex 1.72027 3 82.8194
      vertex 2.46511 1.4 81.8487
      vertex 1.44259 3 82.5759
    endloop
  endfacet
  facet normal -0.524146 0.606632 -0.59772
    outer loop
      vertex 5.27973 3 82.8194
      vertex 5.55741 3 82.5759
      vertex 4.53489 1.4 81.8487
    endloop
  endfacet
  facet normal -0.661012 0.606636 -0.441652
    outer loop
      vertex 4.8487 1.4 81.5349
      vertex 6.03185 3 81.9618
      vertex 4.97224 1.4 81.35
    endloop
  endfacet
  facet normal -0.659693 0.606306 -0.444071
    outer loop
      vertex 6.03185 3 81.9618
      vertex 4.8487 1.4 81.5349
      vertex 6.02458 3 81.9726
    endloop
  endfacet
  facet normal 0.255607 0.606631 0.752771
    outer loop
      vertex 2.3936 3 77.7948
      vertex 2.84944 1.4 78.9294
      vertex 3.06001 1.4 78.8579
    endloop
  endfacet
  facet normal 0.255224 0.60662 0.75291
    outer loop
      vertex 2.84944 1.4 78.9294
      vertex 2.3936 3 77.7948
      vertex 2.38121 3 77.799
    endloop
  endfacet
  facet normal -0.712978 0.606627 -0.351662
    outer loop
      vertex 4.97224 1.4 81.35
      vertex 6.03764 3 81.95
      vertex 5.07059 1.4 81.1506
    endloop
  endfacet
  facet normal -0.713729 0.606583 -0.350211
    outer loop
      vertex 6.03764 3 81.95
      vertex 4.97224 1.4 81.35
      vertex 6.03185 3 81.9618
    endloop
  endfacet
  facet normal 0.255509 0.606619 0.752814
    outer loop
      vertex 3.06001 1.4 78.8579
      vertex 2.74333 3 77.6761
      vertex 2.3936 3 77.7948
    endloop
  endfacet
  facet normal -0.151996 0.606983 -0.780044
    outer loop
      vertex 3.93999 1.4 82.1421
      vertex 3.8816 3 83.3985
      vertex 3.89443 3 83.396
    endloop
  endfacet
  facet normal -0.155156 0.606608 -0.779714
    outer loop
      vertex 3.8816 3 83.3985
      vertex 3.93999 1.4 82.1421
      vertex 3.72189 1.4 82.1855
    endloop
  endfacet
  facet normal -0.0518761 0.606623 0.793295
    outer loop
      vertex 3.86854 3 77.6006
      vertex 3.5 3 77.5765
      vertex 3.5 1.4 78.8
    endloop
  endfacet
  facet normal -0.779711 0.60663 -0.155081
    outer loop
      vertex 6.32391 3 81.2567
      vertex 6.39597 3 80.8944
      vertex 5.14207 1.4 80.94
    endloop
  endfacet
  facet normal 0.661012 0.606636 0.441652
    outer loop
      vertex 2.1513 1.4 79.4651
      vertex 0.968148 3 79.0382
      vertex 2.02776 1.4 79.65
    endloop
  endfacet
  facet normal 0.659766 0.606325 0.443937
    outer loop
      vertex 0.968148 3 79.0382
      vertex 2.1513 1.4 79.4651
      vertex 0.975415 3 79.0274
    endloop
  endfacet
  facet normal -0.0546517 0.606691 0.793057
    outer loop
      vertex 3.86854 3 77.6006
      vertex 3.72189 1.4 78.8145
      vertex 3.8816 3 77.6015
    endloop
  endfacet
  facet normal -0.0518404 0.606619 0.793301
    outer loop
      vertex 3.72189 1.4 78.8145
      vertex 3.86854 3 77.6006
      vertex 3.5 1.4 78.8
    endloop
  endfacet
  facet normal 0.597723 0.606621 -0.524154
    outer loop
      vertex 1.42413 3 82.5574
      vertex 2.1513 1.4 81.5349
      vertex 1.18061 3 82.2797
    endloop
  endfacet
  facet normal 0.0518381 0.606619 0.793301
    outer loop
      vertex 3.13146 3 77.6006
      vertex 3.2781 1.4 78.8145
      vertex 3.5 1.4 78.8
    endloop
  endfacet
  facet normal 0.0546517 0.606691 0.793057
    outer loop
      vertex 3.2781 1.4 78.8145
      vertex 3.13146 3 77.6006
      vertex 3.1184 3 77.6015
    endloop
  endfacet
  facet normal -0.597723 0.606621 0.524154
    outer loop
      vertex 5.81939 3 78.7203
      vertex 5.57587 3 78.4426
      vertex 4.8487 1.4 79.4651
    endloop
  endfacet
  facet normal -0.0518761 0.606623 -0.793295
    outer loop
      vertex 3.5 3 83.4235
      vertex 3.86854 3 83.3994
      vertex 3.5 1.4 82.2
    endloop
  endfacet
  facet normal 0.255509 0.606619 -0.752814
    outer loop
      vertex 2.74333 3 83.3239
      vertex 3.06001 1.4 82.1421
      vertex 2.3936 3 83.2052
    endloop
  endfacet
  facet normal -0.752809 0.606624 -0.255512
    outer loop
      vertex 5.07059 1.4 81.1506
      vertex 6.20519 3 81.6064
      vertex 5.14207 1.4 80.94
    endloop
  endfacet
  facet normal -0.752979 0.606611 -0.255041
    outer loop
      vertex 6.20519 3 81.6064
      vertex 5.07059 1.4 81.1506
      vertex 6.20099 3 81.6188
    endloop
  endfacet
  facet normal -0.441682 0.606632 -0.660995
    outer loop
      vertex 4.97264 3 83.0246
      vertex 5.27973 3 82.8194
      vertex 4.53489 1.4 81.8487
    endloop
  endfacet
  facet normal -0.661019 0.606621 -0.441662
    outer loop
      vertex 5.81939 3 82.2797
      vertex 6.02458 3 81.9726
      vertex 4.8487 1.4 81.5349
    endloop
  endfacet
  facet normal 0.15519 0.60662 0.779697
    outer loop
      vertex 3.06001 1.4 78.8579
      vertex 3.10557 3 77.604
      vertex 2.74333 3 77.6761
    endloop
  endfacet
  facet normal 0.441682 0.606632 -0.660995
    outer loop
      vertex 2.02736 3 83.0246
      vertex 2.46511 1.4 81.8487
      vertex 1.72027 3 82.8194
    endloop
  endfacet
  facet normal 0.44156 0.606657 0.661053
    outer loop
      vertex 2.03823 3 77.9681
      vertex 2.46511 1.4 79.1513
      vertex 2.65 1.4 79.0278
    endloop
  endfacet
  facet normal 0.443307 0.60642 0.660102
    outer loop
      vertex 2.46511 1.4 79.1513
      vertex 2.03823 3 77.9681
      vertex 2.02736 3 77.9754
    endloop
  endfacet
  facet normal -0.0546517 0.606691 -0.793057
    outer loop
      vertex 3.72189 1.4 82.1855
      vertex 3.86854 3 83.3994
      vertex 3.8816 3 83.3985
    endloop
  endfacet
  facet normal -0.0518404 0.606619 -0.793301
    outer loop
      vertex 3.86854 3 83.3994
      vertex 3.72189 1.4 82.1855
      vertex 3.5 1.4 82.2
    endloop
  endfacet
  facet normal 0.15519 0.60662 -0.779697
    outer loop
      vertex 3.10557 3 83.396
      vertex 3.06001 1.4 82.1421
      vertex 2.74333 3 83.3239
    endloop
  endfacet
  facet normal -0.712986 0.606626 -0.351649
    outer loop
      vertex 6.03764 3 81.95
      vertex 6.20099 3 81.6188
      vertex 5.07059 1.4 81.1506
    endloop
  endfacet
  facet normal -0.752786 0.606631 -0.255564
    outer loop
      vertex 6.20519 3 81.6064
      vertex 6.32391 3 81.2567
      vertex 5.14207 1.4 80.94
    endloop
  endfacet
  facet normal -0.793283 0.606628 -0.0520101
    outer loop
      vertex 6.39937 3 80.8685
      vertex 6.42353 3 80.5
      vertex 5.2 1.4 80.5
    endloop
  endfacet
  facet normal -0.779706 0.606627 -0.155119
    outer loop
      vertex 5.14207 1.4 80.94
      vertex 6.39852 3 80.8816
      vertex 5.18546 1.4 80.7219
    endloop
  endfacet
  facet normal -0.779684 0.606602 -0.155328
    outer loop
      vertex 6.39852 3 80.8816
      vertex 5.14207 1.4 80.94
      vertex 6.39597 3 80.8944
    endloop
  endfacet
  facet normal -0.441682 0.606632 0.660995
    outer loop
      vertex 5.27973 3 78.1806
      vertex 4.97264 3 77.9754
      vertex 4.53489 1.4 79.1513
    endloop
  endfacet
  facet normal 0.779713 0.606631 0.155069
    outer loop
      vertex 1.85793 1.4 80.06
      vertex 0.676087 3 79.7433
      vertex 0.604033 3 80.1056
    endloop
  endfacet
  facet normal 0.793283 0.606628 0.0520015
    outer loop
      vertex 1.8 1.4 80.5
      vertex 0.600626 3 80.1315
      vertex 0.57647 3 80.5
    endloop
  endfacet
  facet normal -0.597723 0.606621 -0.524154
    outer loop
      vertex 5.57587 3 82.5574
      vertex 5.81939 3 82.2797
      vertex 4.8487 1.4 81.5349
    endloop
  endfacet
  facet normal -0.793287 0.606625 -0.0519802
    outer loop
      vertex 5.18546 1.4 80.7219
      vertex 6.39937 3 80.8685
      vertex 5.2 1.4 80.5
    endloop
  endfacet
  facet normal -0.79333 0.606611 -0.0514756
    outer loop
      vertex 6.39937 3 80.8685
      vertex 5.18546 1.4 80.7219
      vertex 6.39852 3 80.8816
    endloop
  endfacet
  facet normal 0.44156 0.606657 -0.661053
    outer loop
      vertex 2.46511 1.4 81.8487
      vertex 2.03823 3 83.0319
      vertex 2.65 1.4 81.9722
    endloop
  endfacet
  facet normal 0.443307 0.60642 -0.660102
    outer loop
      vertex 2.03823 3 83.0319
      vertex 2.46511 1.4 81.8487
      vertex 2.02736 3 83.0246
    endloop
  endfacet
  facet normal -0.255502 0.606618 -0.752817
    outer loop
      vertex 4.25666 3 83.3239
      vertex 4.6064 3 83.2052
      vertex 3.93999 1.4 82.1421
    endloop
  endfacet
  facet normal -0.524146 0.606632 0.59772
    outer loop
      vertex 5.55741 3 78.4241
      vertex 5.27973 3 78.1806
      vertex 4.53489 1.4 79.1513
    endloop
  endfacet
  facet normal 0.596913 0.606652 -0.52504
    outer loop
      vertex 2.29792 1.4 81.7021
      vertex 1.42413 3 82.5574
      vertex 1.43275 3 82.5672
    endloop
  endfacet
  facet normal 0.597725 0.606621 -0.524153
    outer loop
      vertex 1.42413 3 82.5574
      vertex 2.29792 1.4 81.7021
      vertex 2.1513 1.4 81.5349
    endloop
  endfacet
  facet normal 0.713854 0.606575 -0.34997
    outer loop
      vertex 2.02776 1.4 81.35
      vertex 0.962363 3 81.95
      vertex 0.968148 3 81.9618
    endloop
  endfacet
  facet normal 0.712964 0.606627 -0.351691
    outer loop
      vertex 0.962363 3 81.95
      vertex 2.02776 1.4 81.35
      vertex 1.9294 1.4 81.1506
    endloop
  endfacet
  facet normal 0.255607 0.606631 -0.752771
    outer loop
      vertex 2.84944 1.4 82.0706
      vertex 2.3936 3 83.2052
      vertex 3.06001 1.4 82.1421
    endloop
  endfacet
  facet normal 0.255224 0.60662 -0.75291
    outer loop
      vertex 2.3936 3 83.2052
      vertex 2.84944 1.4 82.0706
      vertex 2.38121 3 83.201
    endloop
  endfacet
  facet normal -0.351701 0.606628 -0.712958
    outer loop
      vertex 4.61879 3 83.201
      vertex 4.95003 3 83.0376
      vertex 4.15056 1.4 82.0706
    endloop
  endfacet
  facet normal -0.443009 0.606459 0.660266
    outer loop
      vertex 4.96176 3 77.9681
      vertex 4.53489 1.4 79.1513
      vertex 4.97264 3 77.9754
    endloop
  endfacet
  facet normal -0.441561 0.606655 0.661054
    outer loop
      vertex 4.53489 1.4 79.1513
      vertex 4.96176 3 77.9681
      vertex 4.35 1.4 79.0278
    endloop
  endfacet
  facet normal -0.526538 0.606712 0.595532
    outer loop
      vertex 5.55741 3 78.4241
      vertex 4.70208 1.4 79.2979
      vertex 5.56725 3 78.4328
    endloop
  endfacet
  facet normal -0.524126 0.606629 0.59774
    outer loop
      vertex 4.70208 1.4 79.2979
      vertex 5.55741 3 78.4241
      vertex 4.53489 1.4 79.1513
    endloop
  endfacet
  facet normal 0.712985 0.606623 0.351655
    outer loop
      vertex 1.9294 1.4 79.8494
      vertex 0.962363 3 79.05
      vertex 0.79901 3 79.3812
    endloop
  endfacet
  facet normal 0.0518381 0.606619 -0.793301
    outer loop
      vertex 3.2781 1.4 82.1855
      vertex 3.13146 3 83.3994
      vertex 3.5 1.4 82.2
    endloop
  endfacet
  facet normal 0.0546517 0.606691 -0.793057
    outer loop
      vertex 3.13146 3 83.3994
      vertex 3.2781 1.4 82.1855
      vertex 3.1184 3 83.3985
    endloop
  endfacet
  facet normal -0.526538 0.606712 -0.595532
    outer loop
      vertex 4.70208 1.4 81.7021
      vertex 5.55741 3 82.5759
      vertex 5.56725 3 82.5672
    endloop
  endfacet
  facet normal -0.524126 0.606629 -0.59774
    outer loop
      vertex 5.55741 3 82.5759
      vertex 4.70208 1.4 81.7021
      vertex 4.53489 1.4 81.8487
    endloop
  endfacet
  facet normal -0.255224 0.60662 -0.75291
    outer loop
      vertex 4.15056 1.4 82.0706
      vertex 4.6064 3 83.2052
      vertex 4.61879 3 83.201
    endloop
  endfacet
  facet normal -0.255607 0.606631 -0.752771
    outer loop
      vertex 4.6064 3 83.2052
      vertex 4.15056 1.4 82.0706
      vertex 3.93999 1.4 82.1421
    endloop
  endfacet
  facet normal -0.255502 0.606618 0.752817
    outer loop
      vertex 4.6064 3 77.7948
      vertex 4.25666 3 77.6761
      vertex 3.93999 1.4 78.8579
    endloop
  endfacet
  facet normal 0.712985 0.606623 -0.351655
    outer loop
      vertex 0.962363 3 81.95
      vertex 1.9294 1.4 81.1506
      vertex 0.79901 3 81.6188
    endloop
  endfacet
  facet normal 0.752902 0.606615 -0.255258
    outer loop
      vertex 1.9294 1.4 81.1506
      vertex 0.794806 3 81.6064
      vertex 0.79901 3 81.6188
    endloop
  endfacet
  facet normal 0.752821 0.606622 -0.25548
    outer loop
      vertex 0.794806 3 81.6064
      vertex 1.9294 1.4 81.1506
      vertex 1.85793 1.4 80.94
    endloop
  endfacet
  facet normal 0.659766 0.606325 -0.443937
    outer loop
      vertex 2.1513 1.4 81.5349
      vertex 0.968148 3 81.9618
      vertex 0.975415 3 81.9726
    endloop
  endfacet
  facet normal 0.661012 0.606636 -0.441652
    outer loop
      vertex 0.968148 3 81.9618
      vertex 2.1513 1.4 81.5349
      vertex 2.02776 1.4 81.35
    endloop
  endfacet
  facet normal 0.793283 0.606628 -0.0520015
    outer loop
      vertex 0.600626 3 80.8685
      vertex 1.8 1.4 80.5
      vertex 0.57647 3 80.5
    endloop
  endfacet
  facet normal 0.0518761 0.606623 -0.793295
    outer loop
      vertex 3.5 3 83.4235
      vertex 3.5 1.4 82.2
      vertex 3.13146 3 83.3994
    endloop
  endfacet
  facet normal 0.524126 0.606629 -0.59774
    outer loop
      vertex 2.29792 1.4 81.7021
      vertex 1.44259 3 82.5759
      vertex 2.46511 1.4 81.8487
    endloop
  endfacet
  facet normal 0.526538 0.606712 -0.595532
    outer loop
      vertex 1.44259 3 82.5759
      vertex 2.29792 1.4 81.7021
      vertex 1.43275 3 82.5672
    endloop
  endfacet
  facet normal 0.793304 0.606621 -0.0517767
    outer loop
      vertex 1.81454 1.4 80.7219
      vertex 0.600626 3 80.8685
      vertex 0.601481 3 80.8816
    endloop
  endfacet
  facet normal 0.793286 0.606626 -0.0519801
    outer loop
      vertex 0.600626 3 80.8685
      vertex 1.81454 1.4 80.7219
      vertex 1.8 1.4 80.5
    endloop
  endfacet
  facet normal -0.596913 0.606652 -0.52504
    outer loop
      vertex 5.57587 3 82.5574
      vertex 4.70208 1.4 81.7021
      vertex 5.56725 3 82.5672
    endloop
  endfacet
  facet normal -0.597725 0.606621 -0.524153
    outer loop
      vertex 4.70208 1.4 81.7021
      vertex 5.57587 3 82.5574
      vertex 4.8487 1.4 81.5349
    endloop
  endfacet
  facet normal 0.0518761 0.606623 0.793295
    outer loop
      vertex 3.5 1.4 78.8
      vertex 3.5 3 77.5765
      vertex 3.13146 3 77.6006
    endloop
  endfacet
  facet normal 0.351701 0.606628 0.712958
    outer loop
      vertex 2.84944 1.4 78.9294
      vertex 2.38121 3 77.799
      vertex 2.04997 3 77.9624
    endloop
  endfacet
  facet normal 0.661013 0.606621 0.441669
    outer loop
      vertex 2.1513 1.4 79.4651
      vertex 1.18061 3 78.7203
      vertex 0.975415 3 79.0274
    endloop
  endfacet
  facet normal 0.441682 0.606632 0.660995
    outer loop
      vertex 2.46511 1.4 79.1513
      vertex 2.02736 3 77.9754
      vertex 1.72027 3 78.1806
    endloop
  endfacet
  facet normal 0.524126 0.606629 0.59774
    outer loop
      vertex 1.44259 3 78.4241
      vertex 2.29792 1.4 79.2979
      vertex 2.46511 1.4 79.1513
    endloop
  endfacet
  facet normal 0.526538 0.606712 0.595532
    outer loop
      vertex 2.29792 1.4 79.2979
      vertex 1.44259 3 78.4241
      vertex 1.43275 3 78.4328
    endloop
  endfacet
  facet normal 0.597723 0.606621 0.524154
    outer loop
      vertex 2.1513 1.4 79.4651
      vertex 1.42413 3 78.4426
      vertex 1.18061 3 78.7203
    endloop
  endfacet
  facet normal -0.151996 0.606983 0.780044
    outer loop
      vertex 3.8816 3 77.6015
      vertex 3.93999 1.4 78.8579
      vertex 3.89443 3 77.604
    endloop
  endfacet
  facet normal -0.155156 0.606608 0.779714
    outer loop
      vertex 3.93999 1.4 78.8579
      vertex 3.8816 3 77.6015
      vertex 3.72189 1.4 78.8145
    endloop
  endfacet
  facet normal -0.713729 0.606583 0.350211
    outer loop
      vertex 4.97224 1.4 79.65
      vertex 6.03764 3 79.05
      vertex 6.03185 3 79.0382
    endloop
  endfacet
  facet normal -0.712978 0.606627 0.351662
    outer loop
      vertex 6.03764 3 79.05
      vertex 4.97224 1.4 79.65
      vertex 5.07059 1.4 79.8494
    endloop
  endfacet
  facet normal 0.752786 0.606632 0.255562
    outer loop
      vertex 1.85793 1.4 80.06
      vertex 0.794806 3 79.3936
      vertex 0.676087 3 79.7433
    endloop
  endfacet
  facet normal 0.524146 0.606632 0.59772
    outer loop
      vertex 2.46511 1.4 79.1513
      vertex 1.72027 3 78.1806
      vertex 1.44259 3 78.4241
    endloop
  endfacet
  facet normal 0.793286 0.606626 0.0519801
    outer loop
      vertex 1.81454 1.4 80.2781
      vertex 0.600626 3 80.1315
      vertex 1.8 1.4 80.5
    endloop
  endfacet
  facet normal 0.793304 0.606621 0.0517767
    outer loop
      vertex 0.600626 3 80.1315
      vertex 1.81454 1.4 80.2781
      vertex 0.601481 3 80.1184
    endloop
  endfacet
  facet normal 0.779707 0.606627 0.155119
    outer loop
      vertex 1.85793 1.4 80.06
      vertex 0.601481 3 80.1184
      vertex 1.81454 1.4 80.2781
    endloop
  endfacet
  facet normal 0.779672 0.606587 0.155447
    outer loop
      vertex 0.601481 3 80.1184
      vertex 1.85793 1.4 80.06
      vertex 0.604033 3 80.1056
    endloop
  endfacet
  facet normal 0.597725 0.606621 0.524153
    outer loop
      vertex 2.29792 1.4 79.2979
      vertex 1.42413 3 78.4426
      vertex 2.1513 1.4 79.4651
    endloop
  endfacet
  facet normal 0.596913 0.606652 0.52504
    outer loop
      vertex 1.42413 3 78.4426
      vertex 2.29792 1.4 79.2979
      vertex 1.43275 3 78.4328
    endloop
  endfacet
  facet normal -0.712986 0.606626 0.351649
    outer loop
      vertex 6.20099 3 79.3812
      vertex 6.03764 3 79.05
      vertex 5.07059 1.4 79.8494
    endloop
  endfacet
  facet normal 0.351747 0.606634 0.71293
    outer loop
      vertex 2.04997 3 77.9624
      vertex 2.65 1.4 79.0278
      vertex 2.84944 1.4 78.9294
    endloop
  endfacet
  facet normal 0.347265 0.606493 0.715243
    outer loop
      vertex 2.65 1.4 79.0278
      vertex 2.04997 3 77.9624
      vertex 2.03823 3 77.9681
    endloop
  endfacet
  facet normal 0.661013 0.606621 -0.441669
    outer loop
      vertex 1.18061 3 82.2797
      vertex 2.1513 1.4 81.5349
      vertex 0.975415 3 81.9726
    endloop
  endfacet
  facet normal 0.779713 0.606631 -0.155069
    outer loop
      vertex 0.676087 3 81.2567
      vertex 1.85793 1.4 80.94
      vertex 0.604033 3 80.8944
    endloop
  endfacet
  facet normal 0.752786 0.606632 -0.255562
    outer loop
      vertex 0.794806 3 81.6064
      vertex 1.85793 1.4 80.94
      vertex 0.676087 3 81.2567
    endloop
  endfacet
  facet normal -0.255224 0.60662 0.75291
    outer loop
      vertex 4.6064 3 77.7948
      vertex 4.15056 1.4 78.9294
      vertex 4.61879 3 77.799
    endloop
  endfacet
  facet normal -0.255607 0.606631 0.752771
    outer loop
      vertex 4.15056 1.4 78.9294
      vertex 4.6064 3 77.7948
      vertex 3.93999 1.4 78.8579
    endloop
  endfacet
  facet normal 0.351701 0.606628 -0.712958
    outer loop
      vertex 2.38121 3 83.201
      vertex 2.84944 1.4 82.0706
      vertex 2.04997 3 83.0376
    endloop
  endfacet
  facet normal 0.351747 0.606634 -0.71293
    outer loop
      vertex 2.65 1.4 81.9722
      vertex 2.04997 3 83.0376
      vertex 2.84944 1.4 82.0706
    endloop
  endfacet
  facet normal 0.347265 0.606493 -0.715243
    outer loop
      vertex 2.04997 3 83.0376
      vertex 2.65 1.4 81.9722
      vertex 2.03823 3 83.0319
    endloop
  endfacet
  facet normal 0.712964 0.606627 0.351691
    outer loop
      vertex 2.02776 1.4 79.65
      vertex 0.962363 3 79.05
      vertex 1.9294 1.4 79.8494
    endloop
  endfacet
  facet normal 0.713854 0.606575 0.34997
    outer loop
      vertex 0.962363 3 79.05
      vertex 2.02776 1.4 79.65
      vertex 0.968148 3 79.0382
    endloop
  endfacet
  facet normal -0.347502 0.606501 0.715122
    outer loop
      vertex 4.95003 3 77.9624
      vertex 4.35 1.4 79.0278
      vertex 4.96176 3 77.9681
    endloop
  endfacet
  facet normal -0.351747 0.606634 0.71293
    outer loop
      vertex 4.35 1.4 79.0278
      vertex 4.95003 3 77.9624
      vertex 4.15056 1.4 78.9294
    endloop
  endfacet
  facet normal 0.752821 0.606622 0.25548
    outer loop
      vertex 1.9294 1.4 79.8494
      vertex 0.794806 3 79.3936
      vertex 1.85793 1.4 80.06
    endloop
  endfacet
  facet normal 0.752902 0.606615 0.255258
    outer loop
      vertex 0.794806 3 79.3936
      vertex 1.9294 1.4 79.8494
      vertex 0.79901 3 79.3812
    endloop
  endfacet
  facet normal -0.661019 0.606621 0.441662
    outer loop
      vertex 6.02458 3 79.0274
      vertex 5.81939 3 78.7203
      vertex 4.8487 1.4 79.4651
    endloop
  endfacet
  facet normal 0.155163 0.606607 -0.779713
    outer loop
      vertex 3.06001 1.4 82.1421
      vertex 3.1184 3 83.3985
      vertex 3.2781 1.4 82.1855
    endloop
  endfacet
  facet normal 0.151996 0.606983 -0.780044
    outer loop
      vertex 3.1184 3 83.3985
      vertex 3.06001 1.4 82.1421
      vertex 3.10557 3 83.396
    endloop
  endfacet
  facet normal -0.659693 0.606306 0.444071
    outer loop
      vertex 4.8487 1.4 79.4651
      vertex 6.03185 3 79.0382
      vertex 6.02458 3 79.0274
    endloop
  endfacet
  facet normal -0.661012 0.606636 0.441652
    outer loop
      vertex 6.03185 3 79.0382
      vertex 4.8487 1.4 79.4651
      vertex 4.97224 1.4 79.65
    endloop
  endfacet
  facet normal -0.351701 0.606628 0.712958
    outer loop
      vertex 4.95003 3 77.9624
      vertex 4.61879 3 77.799
      vertex 4.15056 1.4 78.9294
    endloop
  endfacet
  facet normal -0.779711 0.60663 0.155081
    outer loop
      vertex 6.39597 3 80.1056
      vertex 6.32391 3 79.7433
      vertex 5.14207 1.4 80.06
    endloop
  endfacet
  facet normal -0.779684 0.606602 0.155328
    outer loop
      vertex 5.14207 1.4 80.06
      vertex 6.39852 3 80.1184
      vertex 6.39597 3 80.1056
    endloop
  endfacet
  facet normal -0.779706 0.606627 0.155119
    outer loop
      vertex 6.39852 3 80.1184
      vertex 5.14207 1.4 80.06
      vertex 5.18546 1.4 80.2781
    endloop
  endfacet
  facet normal -0.597725 0.606621 0.524153
    outer loop
      vertex 5.57587 3 78.4426
      vertex 4.70208 1.4 79.2979
      vertex 4.8487 1.4 79.4651
    endloop
  endfacet
  facet normal -0.596913 0.606652 0.52504
    outer loop
      vertex 4.70208 1.4 79.2979
      vertex 5.57587 3 78.4426
      vertex 5.56725 3 78.4328
    endloop
  endfacet
  facet normal -0.752979 0.606611 0.255041
    outer loop
      vertex 5.07059 1.4 79.8494
      vertex 6.20519 3 79.3936
      vertex 6.20099 3 79.3812
    endloop
  endfacet
  facet normal -0.752809 0.606624 0.255512
    outer loop
      vertex 6.20519 3 79.3936
      vertex 5.07059 1.4 79.8494
      vertex 5.14207 1.4 80.06
    endloop
  endfacet
  facet normal -0.980769 0 0.195173
    outer loop
      vertex 72.1421 -3 3.06001
      vertex 72.1855 1.4 3.2781
      vertex 72.1421 1.4 3.06001
    endloop
  endfacet
  facet normal -0.980769 0 0.195173
    outer loop
      vertex 72.1855 1.4 3.2781
      vertex 72.1421 -3 3.06001
      vertex 72.1855 -3 3.2781
    endloop
  endfacet
  facet normal -0.997872 0 0.0652057
    outer loop
      vertex 72.1855 -3 3.2781
      vertex 72.2 1.4 3.5
      vertex 72.1855 1.4 3.2781
    endloop
  endfacet
  facet normal -0.997872 0 0.0652057
    outer loop
      vertex 72.2 1.4 3.5
      vertex 72.1855 -3 3.2781
      vertex 72.2 -3 3.5
    endloop
  endfacet
  facet normal -0.0653848 0 -0.99786
    outer loop
      vertex 70.5 -3 5.2
      vertex 70.7219 1.4 5.18546
      vertex 70.7219 -3 5.18546
    endloop
  endfacet
  facet normal -0.0653848 0 -0.99786
    outer loop
      vertex 70.7219 1.4 5.18546
      vertex 70.5 -3 5.2
      vertex 70.5 1.4 5.2
    endloop
  endfacet
  facet normal 0.659319 0 0.751863
    outer loop
      vertex 69.2979 1.4 2.29792
      vertex 69.4651 -3 2.1513
      vertex 69.4651 1.4 2.1513
    endloop
  endfacet
  facet normal 0.659319 0 0.751863
    outer loop
      vertex 69.4651 -3 2.1513
      vertex 69.2979 1.4 2.29792
      vertex 69.2979 -3 2.29792
    endloop
  endfacet
  facet normal 0.831552 0 -0.555447
    outer loop
      vertex 69.1513 0 4.53489
      vertex 69.0278 1.4 4.35
      vertex 69.1513 1.4 4.53489
    endloop
  endfacet
  facet normal 0.831552 0 -0.555447
    outer loop
      vertex 69.0278 1.4 4.35
      vertex 69.1513 0 4.53489
      vertex 69.0278 0 4.35
    endloop
  endfacet
  facet normal 0.195122 0 -0.980779
    outer loop
      vertex 70.06 -3 5.14207
      vertex 70.2781 1.4 5.18546
      vertex 70.2781 -3 5.18546
    endloop
  endfacet
  facet normal 0.195122 0 -0.980779
    outer loop
      vertex 70.2781 1.4 5.18546
      vertex 70.06 -3 5.14207
      vertex 70.06 1.4 5.14207
    endloop
  endfacet
  facet normal -0.659319 0 0.751863
    outer loop
      vertex 71.5349 1.4 2.1513
      vertex 71.7021 -3 2.29792
      vertex 71.7021 1.4 2.29792
    endloop
  endfacet
  facet normal -0.659319 0 0.751863
    outer loop
      vertex 71.7021 -3 2.29792
      vertex 71.5349 1.4 2.1513
      vertex 71.5349 -3 2.1513
    endloop
  endfacet
  facet normal -0.946901 0 -0.321525
    outer loop
      vertex 72.1421 -3 3.93999
      vertex 72.0706 1.4 4.15056
      vertex 72.1421 1.4 3.93999
    endloop
  endfacet
  facet normal -0.946901 -0 -0.321525
    outer loop
      vertex 72.0706 1.4 4.15056
      vertex 72.1421 -3 3.93999
      vertex 72.0706 -3 4.15056
    endloop
  endfacet
  facet normal -0.751888 0 -0.659291
    outer loop
      vertex 71.8487 -3 4.53489
      vertex 71.7021 1.4 4.70208
      vertex 71.8487 1.4 4.53489
    endloop
  endfacet
  facet normal -0.751888 -0 -0.659291
    outer loop
      vertex 71.7021 1.4 4.70208
      vertex 71.8487 -3 4.53489
      vertex 71.7021 -3 4.70208
    endloop
  endfacet
  facet normal -0.751888 0 0.659291
    outer loop
      vertex 71.7021 -3 2.29792
      vertex 71.8487 1.4 2.46511
      vertex 71.7021 1.4 2.29792
    endloop
  endfacet
  facet normal -0.751888 0 0.659291
    outer loop
      vertex 71.8487 1.4 2.46511
      vertex 71.7021 -3 2.29792
      vertex 71.8487 -3 2.46511
    endloop
  endfacet
  facet normal 0.946946 0 -0.321393
    outer loop
      vertex 68.8783 0 4
      vertex 68.9294 1.4 4.15056
      vertex 68.9294 0 4.15056
    endloop
  endfacet
  facet normal 0.946901 1.57807e-05 -0.321525
    outer loop
      vertex 68.9294 1.4 4.15056
      vertex 68.8783 0 4
      vertex 68.8579 1.4 3.93999
    endloop
  endfacet
  facet normal 0.946789 0 -0.321855
    outer loop
      vertex 68.8579 -3 3.93999
      vertex 68.8783 0 4
      vertex 68.8783 -3 4
    endloop
  endfacet
  facet normal 0.946789 0 -0.321855
    outer loop
      vertex 68.8783 0 4
      vertex 68.8579 -3 3.93999
      vertex 68.8579 1.4 3.93999
    endloop
  endfacet
  facet normal -0.321403 0 -0.946943
    outer loop
      vertex 70.94 -3 5.14207
      vertex 71.1506 1.4 5.07059
      vertex 71.1506 -3 5.07059
    endloop
  endfacet
  facet normal -0.321403 0 -0.946943
    outer loop
      vertex 71.1506 1.4 5.07059
      vertex 70.94 -3 5.14207
      vertex 70.94 1.4 5.14207
    endloop
  endfacet
  facet normal 0.0653848 0 -0.99786
    outer loop
      vertex 70.2781 -3 5.18546
      vertex 70.5 1.4 5.2
      vertex 70.5 -3 5.2
    endloop
  endfacet
  facet normal 0.0653848 0 -0.99786
    outer loop
      vertex 70.5 1.4 5.2
      vertex 70.2781 -3 5.18546
      vertex 70.2781 1.4 5.18546
    endloop
  endfacet
  facet normal 0.321363 0 0.946956
    outer loop
      vertex 69.8494 1.4 1.9294
      vertex 70.06 -3 1.85793
      vertex 70.06 1.4 1.85793
    endloop
  endfacet
  facet normal 0.321363 0 0.946956
    outer loop
      vertex 70.06 -3 1.85793
      vertex 69.8494 1.4 1.9294
      vertex 69.8494 -3 1.9294
    endloop
  endfacet
  facet normal -0.946901 0 0.321525
    outer loop
      vertex 72.0706 -3 2.84944
      vertex 72.1421 1.4 3.06001
      vertex 72.0706 1.4 2.84944
    endloop
  endfacet
  facet normal -0.946901 0 0.321525
    outer loop
      vertex 72.1421 1.4 3.06001
      vertex 72.0706 -3 2.84944
      vertex 72.1421 -3 3.06001
    endloop
  endfacet
  facet normal 0.751888 -0 0.659291
    outer loop
      vertex 69.1513 -3 2.46511
      vertex 69.2979 1.4 2.29792
      vertex 69.1513 1.4 2.46511
    endloop
  endfacet
  facet normal 0.751888 0 0.659291
    outer loop
      vertex 69.2979 1.4 2.29792
      vertex 69.1513 -3 2.46511
      vertex 69.2979 -3 2.29792
    endloop
  endfacet
  facet normal 0.442349 0 -0.896843
    outer loop
      vertex 69.65 0 4.97224
      vertex 69.8494 1.4 5.07059
      vertex 69.8494 0 5.07059
    endloop
  endfacet
  facet normal 0.442349 0 -0.896843
    outer loop
      vertex 69.8494 1.4 5.07059
      vertex 69.65 0 4.97224
      vertex 69.65 1.4 4.97224
    endloop
  endfacet
  facet normal 0.0653848 0 0.99786
    outer loop
      vertex 70.2781 1.4 1.81454
      vertex 70.5 -3 1.8
      vertex 70.5 1.4 1.8
    endloop
  endfacet
  facet normal 0.0653848 0 0.99786
    outer loop
      vertex 70.5 -3 1.8
      vertex 70.2781 1.4 1.81454
      vertex 70.2781 -3 1.81454
    endloop
  endfacet
  facet normal -0.896789 0 -0.442459
    outer loop
      vertex 72.0706 -3 4.15056
      vertex 71.9722 1.4 4.35
      vertex 72.0706 1.4 4.15056
    endloop
  endfacet
  facet normal -0.896789 -0 -0.442459
    outer loop
      vertex 71.9722 1.4 4.35
      vertex 72.0706 -3 4.15056
      vertex 71.9722 -3 4.35
    endloop
  endfacet
  facet normal -0.555551 0 -0.831483
    outer loop
      vertex 71.35 -3 4.97224
      vertex 71.5349 1.4 4.8487
      vertex 71.5349 -3 4.8487
    endloop
  endfacet
  facet normal -0.555551 0 -0.831483
    outer loop
      vertex 71.5349 1.4 4.8487
      vertex 71.35 -3 4.97224
      vertex 71.35 1.4 4.97224
    endloop
  endfacet
  facet normal 0.98077 0 -0.195165
    outer loop
      vertex 68.8579 -3 3.93999
      vertex 68.8145 1.4 3.72189
      vertex 68.8579 1.4 3.93999
    endloop
  endfacet
  facet normal 0.98077 0 -0.195165
    outer loop
      vertex 68.8145 1.4 3.72189
      vertex 68.8579 -3 3.93999
      vertex 68.8145 -3 3.72189
    endloop
  endfacet
  facet normal -0.195122 0 0.980779
    outer loop
      vertex 70.7219 1.4 1.81454
      vertex 70.94 -3 1.85793
      vertex 70.94 1.4 1.85793
    endloop
  endfacet
  facet normal -0.195122 0 0.980779
    outer loop
      vertex 70.94 -3 1.85793
      vertex 70.7219 1.4 1.81454
      vertex 70.7219 -3 1.81454
    endloop
  endfacet
  facet normal -0.831552 0 0.555447
    outer loop
      vertex 71.8487 -3 2.46511
      vertex 71.9722 1.4 2.65
      vertex 71.8487 1.4 2.46511
    endloop
  endfacet
  facet normal -0.831552 0 0.555447
    outer loop
      vertex 71.9722 1.4 2.65
      vertex 71.8487 -3 2.46511
      vertex 71.9722 -3 2.65
    endloop
  endfacet
  facet normal -0.997872 0 -0.0652086
    outer loop
      vertex 72.2 -3 3.5
      vertex 72.1855 1.4 3.72189
      vertex 72.2 1.4 3.5
    endloop
  endfacet
  facet normal -0.997872 -0 -0.0652086
    outer loop
      vertex 72.1855 1.4 3.72189
      vertex 72.2 -3 3.5
      vertex 72.1855 -3 3.72189
    endloop
  endfacet
  facet normal -0.321363 0 0.946956
    outer loop
      vertex 70.94 1.4 1.85793
      vertex 71.1506 -3 1.9294
      vertex 71.1506 1.4 1.9294
    endloop
  endfacet
  facet normal -0.321363 0 0.946956
    outer loop
      vertex 71.1506 -3 1.9294
      vertex 70.94 1.4 1.85793
      vertex 70.94 -3 1.85793
    endloop
  endfacet
  facet normal -0.555551 0 0.831483
    outer loop
      vertex 71.35 1.4 2.02776
      vertex 71.5349 -3 2.1513
      vertex 71.5349 1.4 2.1513
    endloop
  endfacet
  facet normal -0.555551 0 0.831483
    outer loop
      vertex 71.5349 -3 2.1513
      vertex 71.35 1.4 2.02776
      vertex 71.35 -3 2.02776
    endloop
  endfacet
  facet normal 0.195122 0 0.980779
    outer loop
      vertex 70.06 1.4 1.85793
      vertex 70.2781 -3 1.81454
      vertex 70.2781 1.4 1.81454
    endloop
  endfacet
  facet normal 0.195122 0 0.980779
    outer loop
      vertex 70.2781 -3 1.81454
      vertex 70.06 1.4 1.85793
      vertex 70.06 -3 1.85793
    endloop
  endfacet
  facet normal -0.659319 0 -0.751863
    outer loop
      vertex 71.5349 -3 4.8487
      vertex 71.7021 1.4 4.70208
      vertex 71.7021 -3 4.70208
    endloop
  endfacet
  facet normal -0.659319 0 -0.751863
    outer loop
      vertex 71.7021 1.4 4.70208
      vertex 71.5349 -3 4.8487
      vertex 71.5349 1.4 4.8487
    endloop
  endfacet
  facet normal 0.896789 -0 0.442459
    outer loop
      vertex 68.9294 -3 2.84944
      vertex 69.0278 1.4 2.65
      vertex 68.9294 1.4 2.84944
    endloop
  endfacet
  facet normal 0.896789 0 0.442459
    outer loop
      vertex 69.0278 1.4 2.65
      vertex 68.9294 -3 2.84944
      vertex 69.0278 -3 2.65
    endloop
  endfacet
  facet normal -0.98077 0 -0.195165
    outer loop
      vertex 72.1855 -3 3.72189
      vertex 72.1421 1.4 3.93999
      vertex 72.1855 1.4 3.72189
    endloop
  endfacet
  facet normal -0.98077 -0 -0.195165
    outer loop
      vertex 72.1421 1.4 3.93999
      vertex 72.1855 -3 3.72189
      vertex 72.1421 -3 3.93999
    endloop
  endfacet
  facet normal -0.195122 0 -0.980779
    outer loop
      vertex 70.7219 -3 5.18546
      vertex 70.94 1.4 5.14207
      vertex 70.94 -3 5.14207
    endloop
  endfacet
  facet normal -0.195122 0 -0.980779
    outer loop
      vertex 70.94 1.4 5.14207
      vertex 70.7219 -3 5.18546
      vertex 70.7219 1.4 5.18546
    endloop
  endfacet
  facet normal 0.659319 0 -0.751863
    outer loop
      vertex 69.2979 0 4.70208
      vertex 69.4651 1.4 4.8487
      vertex 69.4651 0 4.8487
    endloop
  endfacet
  facet normal 0.659319 0 -0.751863
    outer loop
      vertex 69.4651 1.4 4.8487
      vertex 69.2979 0 4.70208
      vertex 69.2979 1.4 4.70208
    endloop
  endfacet
  facet normal 0.751888 0 -0.659291
    outer loop
      vertex 69.2979 0 4.70208
      vertex 69.1513 1.4 4.53489
      vertex 69.2979 1.4 4.70208
    endloop
  endfacet
  facet normal 0.751888 0 -0.659291
    outer loop
      vertex 69.1513 1.4 4.53489
      vertex 69.2979 0 4.70208
      vertex 69.1513 0 4.53489
    endloop
  endfacet
  facet normal -0.0653848 0 0.99786
    outer loop
      vertex 70.5 1.4 1.8
      vertex 70.7219 -3 1.81454
      vertex 70.7219 1.4 1.81454
    endloop
  endfacet
  facet normal -0.0653848 0 0.99786
    outer loop
      vertex 70.7219 -3 1.81454
      vertex 70.5 1.4 1.8
      vertex 70.5 -3 1.8
    endloop
  endfacet
  facet normal -0.442386 0 0.896825
    outer loop
      vertex 71.1506 1.4 1.9294
      vertex 71.35 -3 2.02776
      vertex 71.35 1.4 2.02776
    endloop
  endfacet
  facet normal -0.442386 0 0.896825
    outer loop
      vertex 71.35 -3 2.02776
      vertex 71.1506 1.4 1.9294
      vertex 71.1506 -3 1.9294
    endloop
  endfacet
  facet normal -0.831552 0 -0.555447
    outer loop
      vertex 71.9722 -3 4.35
      vertex 71.8487 1.4 4.53489
      vertex 71.9722 1.4 4.35
    endloop
  endfacet
  facet normal -0.831552 -0 -0.555447
    outer loop
      vertex 71.8487 1.4 4.53489
      vertex 71.9722 -3 4.35
      vertex 71.8487 -3 4.53489
    endloop
  endfacet
  facet normal 0.997872 0 -0.0652086
    outer loop
      vertex 68.8145 -3 3.72189
      vertex 68.8 1.4 3.5
      vertex 68.8145 1.4 3.72189
    endloop
  endfacet
  facet normal 0.997872 0 -0.0652086
    outer loop
      vertex 68.8 1.4 3.5
      vertex 68.8145 -3 3.72189
      vertex 68.8 -3 3.5
    endloop
  endfacet
  facet normal -0.442349 0 -0.896843
    outer loop
      vertex 71.1506 -3 5.07059
      vertex 71.35 1.4 4.97224
      vertex 71.35 -3 4.97224
    endloop
  endfacet
  facet normal -0.442349 0 -0.896843
    outer loop
      vertex 71.35 1.4 4.97224
      vertex 71.1506 -3 5.07059
      vertex 71.1506 1.4 5.07059
    endloop
  endfacet
  facet normal 0.980769 -0 0.195173
    outer loop
      vertex 68.8145 -3 3.2781
      vertex 68.8579 1.4 3.06001
      vertex 68.8145 1.4 3.2781
    endloop
  endfacet
  facet normal 0.980769 0 0.195173
    outer loop
      vertex 68.8579 1.4 3.06001
      vertex 68.8145 -3 3.2781
      vertex 68.8579 -3 3.06001
    endloop
  endfacet
  facet normal 0.896789 0 -0.442459
    outer loop
      vertex 69.0278 0 4.35
      vertex 68.9294 1.4 4.15056
      vertex 69.0278 1.4 4.35
    endloop
  endfacet
  facet normal 0.896789 0 -0.442459
    outer loop
      vertex 68.9294 1.4 4.15056
      vertex 69.0278 0 4.35
      vertex 68.9294 0 4.15056
    endloop
  endfacet
  facet normal 0.946901 -0 0.321525
    outer loop
      vertex 68.8579 -3 3.06001
      vertex 68.9294 1.4 2.84944
      vertex 68.8579 1.4 3.06001
    endloop
  endfacet
  facet normal 0.946901 0 0.321525
    outer loop
      vertex 68.9294 1.4 2.84944
      vertex 68.8579 -3 3.06001
      vertex 68.9294 -3 2.84944
    endloop
  endfacet
  facet normal 0.555551 0 0.831483
    outer loop
      vertex 69.4651 1.4 2.1513
      vertex 69.65 -3 2.02776
      vertex 69.65 1.4 2.02776
    endloop
  endfacet
  facet normal 0.555551 0 0.831483
    outer loop
      vertex 69.65 -3 2.02776
      vertex 69.4651 1.4 2.1513
      vertex 69.4651 -3 2.1513
    endloop
  endfacet
  facet normal -0.896789 0 0.442459
    outer loop
      vertex 71.9722 -3 2.65
      vertex 72.0706 1.4 2.84944
      vertex 71.9722 1.4 2.65
    endloop
  endfacet
  facet normal -0.896789 0 0.442459
    outer loop
      vertex 72.0706 1.4 2.84944
      vertex 71.9722 -3 2.65
      vertex 72.0706 -3 2.84944
    endloop
  endfacet
  facet normal 0.997872 -0 0.0652057
    outer loop
      vertex 68.8 -3 3.5
      vertex 68.8145 1.4 3.2781
      vertex 68.8 1.4 3.5
    endloop
  endfacet
  facet normal 0.997872 0 0.0652057
    outer loop
      vertex 68.8145 1.4 3.2781
      vertex 68.8 -3 3.5
      vertex 68.8145 -3 3.2781
    endloop
  endfacet
  facet normal 0.321478 0 -0.946917
    outer loop
      vertex 70 0 5.1217
      vertex 70.06 -3 5.14207
      vertex 70 -3 5.1217
    endloop
  endfacet
  facet normal 0.321478 0 -0.946917
    outer loop
      vertex 70.06 -3 5.14207
      vertex 70 0 5.1217
      vertex 70.06 1.4 5.14207
    endloop
  endfacet
  facet normal 0.321373 0 -0.946953
    outer loop
      vertex 69.8494 1.4 5.07059
      vertex 70 0 5.1217
      vertex 69.8494 0 5.07059
    endloop
  endfacet
  facet normal 0.321403 3.60355e-06 -0.946943
    outer loop
      vertex 70 0 5.1217
      vertex 69.8494 1.4 5.07059
      vertex 70.06 1.4 5.14207
    endloop
  endfacet
  facet normal 0.442386 0 0.896825
    outer loop
      vertex 69.65 1.4 2.02776
      vertex 69.8494 -3 1.9294
      vertex 69.8494 1.4 1.9294
    endloop
  endfacet
  facet normal 0.442386 0 0.896825
    outer loop
      vertex 69.8494 -3 1.9294
      vertex 69.65 1.4 2.02776
      vertex 69.65 -3 2.02776
    endloop
  endfacet
  facet normal 0.831552 -0 0.555447
    outer loop
      vertex 69.0278 -3 2.65
      vertex 69.1513 1.4 2.46511
      vertex 69.0278 1.4 2.65
    endloop
  endfacet
  facet normal 0.831552 0 0.555447
    outer loop
      vertex 69.1513 1.4 2.46511
      vertex 69.0278 -3 2.65
      vertex 69.1513 -3 2.46511
    endloop
  endfacet
  facet normal 0.555551 0 -0.831483
    outer loop
      vertex 69.4651 0 4.8487
      vertex 69.65 1.4 4.97224
      vertex 69.65 0 4.97224
    endloop
  endfacet
  facet normal 0.555551 0 -0.831483
    outer loop
      vertex 69.65 1.4 4.97224
      vertex 69.4651 0 4.8487
      vertex 69.4651 1.4 4.8487
    endloop
  endfacet
  facet normal -0.155069 0.606631 0.779713
    outer loop
      vertex 70.94 1.4 1.85793
      vertex 71.2567 3 0.676087
      vertex 70.8944 3 0.604033
    endloop
  endfacet
  facet normal -0.752814 0.606619 0.255509
    outer loop
      vertex 73.3239 3 2.74333
      vertex 73.2052 3 2.3936
      vertex 72.1421 1.4 3.06001
    endloop
  endfacet
  facet normal -0.155081 0.60663 -0.779711
    outer loop
      vertex 71.2567 3 6.32391
      vertex 70.94 1.4 5.14207
      vertex 70.8944 3 6.39597
    endloop
  endfacet
  facet normal -0.793295 0.606623 0.0518761
    outer loop
      vertex 73.4235 3 3.5
      vertex 73.3994 3 3.13146
      vertex 72.2 1.4 3.5
    endloop
  endfacet
  facet normal -0.793057 0.606691 0.0546517
    outer loop
      vertex 72.1855 1.4 3.2781
      vertex 73.3994 3 3.13146
      vertex 73.3985 3 3.1184
    endloop
  endfacet
  facet normal -0.793301 0.606619 0.0518381
    outer loop
      vertex 73.3994 3 3.13146
      vertex 72.1855 1.4 3.2781
      vertex 72.2 1.4 3.5
    endloop
  endfacet
  facet normal -0.444071 0.606306 -0.659693
    outer loop
      vertex 71.5349 1.4 4.8487
      vertex 71.9618 3 6.03185
      vertex 71.9726 3 6.02458
    endloop
  endfacet
  facet normal -0.441652 0.606636 -0.661012
    outer loop
      vertex 71.9618 3 6.03185
      vertex 71.5349 1.4 4.8487
      vertex 71.35 1.4 4.97224
    endloop
  endfacet
  facet normal -0.350211 0.606583 -0.713729
    outer loop
      vertex 71.35 1.4 4.97224
      vertex 71.95 3 6.03764
      vertex 71.9618 3 6.03185
    endloop
  endfacet
  facet normal -0.351662 0.606627 -0.712978
    outer loop
      vertex 71.95 3 6.03764
      vertex 71.35 1.4 4.97224
      vertex 71.1506 1.4 5.07059
    endloop
  endfacet
  facet normal 0.155447 0.606587 0.779672
    outer loop
      vertex 70.06 1.4 1.85793
      vertex 70.1184 3 0.601481
      vertex 70.1056 3 0.604033
    endloop
  endfacet
  facet normal 0.155119 0.606627 0.779707
    outer loop
      vertex 70.1184 3 0.601481
      vertex 70.06 1.4 1.85793
      vertex 70.2781 1.4 1.81454
    endloop
  endfacet
  facet normal 0.780044 0.606983 -0.151996
    outer loop
      vertex 68.8579 1.4 3.93999
      vertex 67.6015 3 3.8816
      vertex 67.604 3 3.89443
    endloop
  endfacet
  facet normal 0.779714 0.606608 -0.155156
    outer loop
      vertex 67.6015 3 3.8816
      vertex 68.8579 1.4 3.93999
      vertex 68.8145 1.4 3.72189
    endloop
  endfacet
  facet normal 0.524154 0.606621 -0.597723
    outer loop
      vertex 68.7203 3 5.81939
      vertex 69.4651 1.4 4.8487
      vertex 68.4426 3 5.57587
    endloop
  endfacet
  facet normal -0.524154 0.606621 -0.597723
    outer loop
      vertex 72.2797 3 5.81939
      vertex 72.5574 3 5.57587
      vertex 71.5349 1.4 4.8487
    endloop
  endfacet
  facet normal -0.661054 0.606655 -0.441561
    outer loop
      vertex 71.8487 1.4 4.53489
      vertex 73.0319 3 4.96176
      vertex 71.9722 1.4 4.35
    endloop
  endfacet
  facet normal -0.660266 0.606459 -0.443009
    outer loop
      vertex 73.0319 3 4.96176
      vertex 71.8487 1.4 4.53489
      vertex 73.0246 3 4.97264
    endloop
  endfacet
  facet normal 0.25548 0.606622 0.752821
    outer loop
      vertex 69.3936 3 0.794806
      vertex 69.8494 1.4 1.9294
      vertex 70.06 1.4 1.85793
    endloop
  endfacet
  facet normal 0.255258 0.606615 0.752902
    outer loop
      vertex 69.8494 1.4 1.9294
      vertex 69.3936 3 0.794806
      vertex 69.3812 3 0.79901
    endloop
  endfacet
  facet normal -0.71293 0.606634 -0.351747
    outer loop
      vertex 71.9722 1.4 4.35
      vertex 73.0376 3 4.95003
      vertex 72.0706 1.4 4.15056
    endloop
  endfacet
  facet normal -0.715122 0.606501 -0.347502
    outer loop
      vertex 73.0376 3 4.95003
      vertex 71.9722 1.4 4.35
      vertex 73.0319 3 4.96176
    endloop
  endfacet
  facet normal 0.255562 0.606632 0.752786
    outer loop
      vertex 70.06 1.4 1.85793
      vertex 69.7433 3 0.676087
      vertex 69.3936 3 0.794806
    endloop
  endfacet
  facet normal -0.155328 0.606602 -0.779684
    outer loop
      vertex 70.94 1.4 5.14207
      vertex 70.8816 3 6.39852
      vertex 70.8944 3 6.39597
    endloop
  endfacet
  facet normal -0.155119 0.606627 -0.779706
    outer loop
      vertex 70.8816 3 6.39852
      vertex 70.94 1.4 5.14207
      vertex 70.7219 1.4 5.18546
    endloop
  endfacet
  facet normal -0.0520015 0.606628 0.793283
    outer loop
      vertex 70.8685 3 0.600626
      vertex 70.5 3 0.57647
      vertex 70.5 1.4 1.8
    endloop
  endfacet
  facet normal -0.779697 0.60662 -0.155195
    outer loop
      vertex 73.3239 3 4.25666
      vertex 73.396 3 3.89443
      vertex 72.1421 1.4 3.93999
    endloop
  endfacet
  facet normal 0.661053 0.606657 0.44156
    outer loop
      vertex 69.1513 1.4 2.46511
      vertex 67.9681 3 2.03823
      vertex 69.0278 1.4 2.65
    endloop
  endfacet
  facet normal 0.660102 0.60642 0.443307
    outer loop
      vertex 67.9681 3 2.03823
      vertex 69.1513 1.4 2.46511
      vertex 67.9754 3 2.02736
    endloop
  endfacet
  facet normal -0.0517767 0.606621 0.793304
    outer loop
      vertex 70.8685 3 0.600626
      vertex 70.7219 1.4 1.81454
      vertex 70.8816 3 0.601481
    endloop
  endfacet
  facet normal -0.0519801 0.606626 0.793286
    outer loop
      vertex 70.7219 1.4 1.81454
      vertex 70.8685 3 0.600626
      vertex 70.5 1.4 1.8
    endloop
  endfacet
  facet normal 0.59772 0.606632 -0.524146
    outer loop
      vertex 68.4241 3 5.55741
      vertex 69.1513 1.4 4.53489
      vertex 68.1806 3 5.27973
    endloop
  endfacet
  facet normal 0.0519801 0.606626 0.793286
    outer loop
      vertex 70.1315 3 0.600626
      vertex 70.2781 1.4 1.81454
      vertex 70.5 1.4 1.8
    endloop
  endfacet
  facet normal 0.0517767 0.606621 0.793304
    outer loop
      vertex 70.2781 1.4 1.81454
      vertex 70.1315 3 0.600626
      vertex 70.1184 3 0.601481
    endloop
  endfacet
  facet normal -0.59772 0.606632 0.524146
    outer loop
      vertex 72.8194 3 1.72027
      vertex 72.5759 3 1.44259
      vertex 71.8487 1.4 2.46511
    endloop
  endfacet
  facet normal -0.0520101 0.606628 -0.793283
    outer loop
      vertex 70.5 3 6.42353
      vertex 70.8685 3 6.39937
      vertex 70.5 1.4 5.2
    endloop
  endfacet
  facet normal 0.255564 0.606631 -0.752786
    outer loop
      vertex 69.7433 3 6.32391
      vertex 70.06 1.4 5.14207
      vertex 69.3936 3 6.20519
    endloop
  endfacet
  facet normal -0.752771 0.606631 -0.255607
    outer loop
      vertex 72.0706 1.4 4.15056
      vertex 73.2052 3 4.6064
      vertex 72.1421 1.4 3.93999
    endloop
  endfacet
  facet normal -0.75291 0.60662 -0.255224
    outer loop
      vertex 73.2052 3 4.6064
      vertex 72.0706 1.4 4.15056
      vertex 73.201 3 4.61879
    endloop
  endfacet
  facet normal -0.441662 0.606621 -0.661019
    outer loop
      vertex 71.9726 3 6.02458
      vertex 72.2797 3 5.81939
      vertex 71.5349 1.4 4.8487
    endloop
  endfacet
  facet normal -0.660995 0.606632 -0.441682
    outer loop
      vertex 72.8194 3 5.27973
      vertex 73.0246 3 4.97264
      vertex 71.8487 1.4 4.53489
    endloop
  endfacet
  facet normal 0.155069 0.606631 0.779713
    outer loop
      vertex 70.06 1.4 1.85793
      vertex 70.1056 3 0.604033
      vertex 69.7433 3 0.676087
    endloop
  endfacet
  facet normal 0.441662 0.606621 -0.661019
    outer loop
      vertex 69.0274 3 6.02458
      vertex 69.4651 1.4 4.8487
      vertex 68.7203 3 5.81939
    endloop
  endfacet
  facet normal 0.441652 0.606636 0.661012
    outer loop
      vertex 69.0382 3 0.968148
      vertex 69.4651 1.4 2.1513
      vertex 69.65 1.4 2.02776
    endloop
  endfacet
  facet normal 0.443937 0.606325 0.659766
    outer loop
      vertex 69.4651 1.4 2.1513
      vertex 69.0382 3 0.968148
      vertex 69.0274 3 0.975415
    endloop
  endfacet
  facet normal -0.0514756 0.606611 -0.79333
    outer loop
      vertex 70.7219 1.4 5.18546
      vertex 70.8685 3 6.39937
      vertex 70.8816 3 6.39852
    endloop
  endfacet
  facet normal -0.0519802 0.606625 -0.793287
    outer loop
      vertex 70.8685 3 6.39937
      vertex 70.7219 1.4 5.18546
      vertex 70.5 1.4 5.2
    endloop
  endfacet
  facet normal 0.155081 0.60663 -0.779711
    outer loop
      vertex 70.1056 3 6.39597
      vertex 70.06 1.4 5.14207
      vertex 69.7433 3 6.32391
    endloop
  endfacet
  facet normal -0.712958 0.606628 -0.351701
    outer loop
      vertex 73.0376 3 4.95003
      vertex 73.201 3 4.61879
      vertex 72.0706 1.4 4.15056
    endloop
  endfacet
  facet normal -0.752817 0.606618 -0.255502
    outer loop
      vertex 73.2052 3 4.6064
      vertex 73.3239 3 4.25666
      vertex 72.1421 1.4 3.93999
    endloop
  endfacet
  facet normal -0.793295 0.606623 -0.0518761
    outer loop
      vertex 73.3994 3 3.86854
      vertex 73.4235 3 3.5
      vertex 72.2 1.4 3.5
    endloop
  endfacet
  facet normal -0.779714 0.606608 -0.155156
    outer loop
      vertex 72.1421 1.4 3.93999
      vertex 73.3985 3 3.8816
      vertex 72.1855 1.4 3.72189
    endloop
  endfacet
  facet normal -0.780044 0.606983 -0.151996
    outer loop
      vertex 73.3985 3 3.8816
      vertex 72.1421 1.4 3.93999
      vertex 73.396 3 3.89443
    endloop
  endfacet
  facet normal -0.441669 0.606621 0.661013
    outer loop
      vertex 72.2797 3 1.18061
      vertex 71.9726 3 0.975415
      vertex 71.5349 1.4 2.1513
    endloop
  endfacet
  facet normal 0.779697 0.60662 0.15519
    outer loop
      vertex 68.8579 1.4 3.06001
      vertex 67.6761 3 2.74333
      vertex 67.604 3 3.10557
    endloop
  endfacet
  facet normal 0.793295 0.606623 0.0518761
    outer loop
      vertex 68.8 1.4 3.5
      vertex 67.6006 3 3.13146
      vertex 67.5765 3 3.5
    endloop
  endfacet
  facet normal -0.59772 0.606632 -0.524146
    outer loop
      vertex 72.5759 3 5.55741
      vertex 72.8194 3 5.27973
      vertex 71.8487 1.4 4.53489
    endloop
  endfacet
  facet normal -0.793301 0.606619 -0.0518404
    outer loop
      vertex 72.1855 1.4 3.72189
      vertex 73.3994 3 3.86854
      vertex 72.2 1.4 3.5
    endloop
  endfacet
  facet normal -0.793057 0.606691 -0.0546517
    outer loop
      vertex 73.3994 3 3.86854
      vertex 72.1855 1.4 3.72189
      vertex 73.3985 3 3.8816
    endloop
  endfacet
  facet normal 0.441652 0.606636 -0.661012
    outer loop
      vertex 69.4651 1.4 4.8487
      vertex 69.0382 3 6.03185
      vertex 69.65 1.4 4.97224
    endloop
  endfacet
  facet normal 0.444071 0.606306 -0.659693
    outer loop
      vertex 69.0382 3 6.03185
      vertex 69.4651 1.4 4.8487
      vertex 69.0274 3 6.02458
    endloop
  endfacet
  facet normal -0.255564 0.606631 -0.752786
    outer loop
      vertex 71.2567 3 6.32391
      vertex 71.6064 3 6.20519
      vertex 70.94 1.4 5.14207
    endloop
  endfacet
  facet normal -0.524154 0.606621 0.597723
    outer loop
      vertex 72.5574 3 1.42413
      vertex 72.2797 3 1.18061
      vertex 71.5349 1.4 2.1513
    endloop
  endfacet
  facet normal 0.595532 0.606712 -0.526538
    outer loop
      vertex 69.2979 1.4 4.70208
      vertex 68.4241 3 5.55741
      vertex 68.4328 3 5.56725
    endloop
  endfacet
  facet normal 0.59774 0.606629 -0.524126
    outer loop
      vertex 68.4241 3 5.55741
      vertex 69.2979 1.4 4.70208
      vertex 69.1513 1.4 4.53489
    endloop
  endfacet
  facet normal 0.715122 0.606501 -0.347502
    outer loop
      vertex 69.0278 1.4 4.35
      vertex 67.9624 3 4.95003
      vertex 67.9681 3 4.96176
    endloop
  endfacet
  facet normal 0.71293 0.606634 -0.351747
    outer loop
      vertex 67.9624 3 4.95003
      vertex 69.0278 1.4 4.35
      vertex 68.9294 1.4 4.15056
    endloop
  endfacet
  facet normal 0.255512 0.606624 -0.752809
    outer loop
      vertex 69.8494 1.4 5.07059
      vertex 69.3936 3 6.20519
      vertex 70.06 1.4 5.14207
    endloop
  endfacet
  facet normal 0.255041 0.606611 -0.752979
    outer loop
      vertex 69.3936 3 6.20519
      vertex 69.8494 1.4 5.07059
      vertex 69.3812 3 6.20099
    endloop
  endfacet
  facet normal -0.351649 0.606626 -0.712986
    outer loop
      vertex 71.6188 3 6.20099
      vertex 71.95 3 6.03764
      vertex 71.1506 1.4 5.07059
    endloop
  endfacet
  facet normal -0.443937 0.606325 0.659766
    outer loop
      vertex 71.9618 3 0.968148
      vertex 71.5349 1.4 2.1513
      vertex 71.9726 3 0.975415
    endloop
  endfacet
  facet normal -0.441652 0.606636 0.661012
    outer loop
      vertex 71.5349 1.4 2.1513
      vertex 71.9618 3 0.968148
      vertex 71.35 1.4 2.02776
    endloop
  endfacet
  facet normal -0.52504 0.606652 0.596913
    outer loop
      vertex 72.5574 3 1.42413
      vertex 71.7021 1.4 2.29792
      vertex 72.5672 3 1.43275
    endloop
  endfacet
  facet normal -0.524153 0.606621 0.597725
    outer loop
      vertex 71.7021 1.4 2.29792
      vertex 72.5574 3 1.42413
      vertex 71.5349 1.4 2.1513
    endloop
  endfacet
  facet normal 0.712958 0.606628 0.351701
    outer loop
      vertex 68.9294 1.4 2.84944
      vertex 67.9624 3 2.04997
      vertex 67.799 3 2.38121
    endloop
  endfacet
  facet normal 0.0519802 0.606625 -0.793287
    outer loop
      vertex 70.2781 1.4 5.18546
      vertex 70.1315 3 6.39937
      vertex 70.5 1.4 5.2
    endloop
  endfacet
  facet normal 0.0514756 0.606611 -0.79333
    outer loop
      vertex 70.1315 3 6.39937
      vertex 70.2781 1.4 5.18546
      vertex 70.1184 3 6.39852
    endloop
  endfacet
  facet normal -0.52504 0.606652 -0.596913
    outer loop
      vertex 71.7021 1.4 4.70208
      vertex 72.5574 3 5.57587
      vertex 72.5672 3 5.56725
    endloop
  endfacet
  facet normal -0.524153 0.606621 -0.597725
    outer loop
      vertex 72.5574 3 5.57587
      vertex 71.7021 1.4 4.70208
      vertex 71.5349 1.4 4.8487
    endloop
  endfacet
  facet normal -0.255041 0.606611 -0.752979
    outer loop
      vertex 71.1506 1.4 5.07059
      vertex 71.6064 3 6.20519
      vertex 71.6188 3 6.20099
    endloop
  endfacet
  facet normal -0.255512 0.606624 -0.752809
    outer loop
      vertex 71.6064 3 6.20519
      vertex 71.1506 1.4 5.07059
      vertex 70.94 1.4 5.14207
    endloop
  endfacet
  facet normal -0.255562 0.606632 0.752786
    outer loop
      vertex 71.6064 3 0.794806
      vertex 71.2567 3 0.676087
      vertex 70.94 1.4 1.85793
    endloop
  endfacet
  facet normal 0.712958 0.606628 -0.351701
    outer loop
      vertex 67.9624 3 4.95003
      vertex 68.9294 1.4 4.15056
      vertex 67.799 3 4.61879
    endloop
  endfacet
  facet normal 0.75291 0.60662 -0.255224
    outer loop
      vertex 68.9294 1.4 4.15056
      vertex 67.7948 3 4.6064
      vertex 67.799 3 4.61879
    endloop
  endfacet
  facet normal 0.752771 0.606631 -0.255607
    outer loop
      vertex 67.7948 3 4.6064
      vertex 68.9294 1.4 4.15056
      vertex 68.8579 1.4 3.93999
    endloop
  endfacet
  facet normal 0.660266 0.606459 -0.443009
    outer loop
      vertex 69.1513 1.4 4.53489
      vertex 67.9681 3 4.96176
      vertex 67.9754 3 4.97264
    endloop
  endfacet
  facet normal 0.661054 0.606655 -0.441561
    outer loop
      vertex 67.9681 3 4.96176
      vertex 69.1513 1.4 4.53489
      vertex 69.0278 1.4 4.35
    endloop
  endfacet
  facet normal 0.793295 0.606623 -0.0518761
    outer loop
      vertex 67.6006 3 3.86854
      vertex 68.8 1.4 3.5
      vertex 67.5765 3 3.5
    endloop
  endfacet
  facet normal 0.0520101 0.606628 -0.793283
    outer loop
      vertex 70.5 3 6.42353
      vertex 70.5 1.4 5.2
      vertex 70.1315 3 6.39937
    endloop
  endfacet
  facet normal 0.524153 0.606621 -0.597725
    outer loop
      vertex 69.2979 1.4 4.70208
      vertex 68.4426 3 5.57587
      vertex 69.4651 1.4 4.8487
    endloop
  endfacet
  facet normal 0.52504 0.606652 -0.596913
    outer loop
      vertex 68.4426 3 5.57587
      vertex 69.2979 1.4 4.70208
      vertex 68.4328 3 5.56725
    endloop
  endfacet
  facet normal 0.793057 0.606691 -0.0546517
    outer loop
      vertex 68.8145 1.4 3.72189
      vertex 67.6006 3 3.86854
      vertex 67.6015 3 3.8816
    endloop
  endfacet
  facet normal 0.793301 0.606619 -0.0518404
    outer loop
      vertex 67.6006 3 3.86854
      vertex 68.8145 1.4 3.72189
      vertex 68.8 1.4 3.5
    endloop
  endfacet
  facet normal -0.595532 0.606712 -0.526538
    outer loop
      vertex 72.5759 3 5.55741
      vertex 71.7021 1.4 4.70208
      vertex 72.5672 3 5.56725
    endloop
  endfacet
  facet normal -0.59774 0.606629 -0.524126
    outer loop
      vertex 71.7021 1.4 4.70208
      vertex 72.5759 3 5.55741
      vertex 71.8487 1.4 4.53489
    endloop
  endfacet
  facet normal 0.0520015 0.606628 0.793283
    outer loop
      vertex 70.5 1.4 1.8
      vertex 70.5 3 0.57647
      vertex 70.1315 3 0.600626
    endloop
  endfacet
  facet normal 0.351655 0.606623 0.712985
    outer loop
      vertex 69.8494 1.4 1.9294
      vertex 69.3812 3 0.79901
      vertex 69.05 3 0.962363
    endloop
  endfacet
  facet normal 0.660995 0.606632 0.441682
    outer loop
      vertex 69.1513 1.4 2.46511
      vertex 68.1806 3 1.72027
      vertex 67.9754 3 2.02736
    endloop
  endfacet
  facet normal 0.441669 0.606621 0.661013
    outer loop
      vertex 69.4651 1.4 2.1513
      vertex 69.0274 3 0.975415
      vertex 68.7203 3 1.18061
    endloop
  endfacet
  facet normal 0.524153 0.606621 0.597725
    outer loop
      vertex 68.4426 3 1.42413
      vertex 69.2979 1.4 2.29792
      vertex 69.4651 1.4 2.1513
    endloop
  endfacet
  facet normal 0.52504 0.606652 0.596913
    outer loop
      vertex 69.2979 1.4 2.29792
      vertex 68.4426 3 1.42413
      vertex 68.4328 3 1.43275
    endloop
  endfacet
  facet normal 0.59772 0.606632 0.524146
    outer loop
      vertex 69.1513 1.4 2.46511
      vertex 68.4241 3 1.44259
      vertex 68.1806 3 1.72027
    endloop
  endfacet
  facet normal -0.155447 0.606587 0.779672
    outer loop
      vertex 70.8816 3 0.601481
      vertex 70.94 1.4 1.85793
      vertex 70.8944 3 0.604033
    endloop
  endfacet
  facet normal -0.155119 0.606627 0.779707
    outer loop
      vertex 70.94 1.4 1.85793
      vertex 70.8816 3 0.601481
      vertex 70.7219 1.4 1.81454
    endloop
  endfacet
  facet normal -0.715243 0.606493 0.347265
    outer loop
      vertex 71.9722 1.4 2.65
      vertex 73.0376 3 2.04997
      vertex 73.0319 3 2.03823
    endloop
  endfacet
  facet normal -0.71293 0.606634 0.351747
    outer loop
      vertex 73.0376 3 2.04997
      vertex 71.9722 1.4 2.65
      vertex 72.0706 1.4 2.84944
    endloop
  endfacet
  facet normal 0.752814 0.606619 0.255509
    outer loop
      vertex 68.8579 1.4 3.06001
      vertex 67.7948 3 2.3936
      vertex 67.6761 3 2.74333
    endloop
  endfacet
  facet normal 0.524154 0.606621 0.597723
    outer loop
      vertex 69.4651 1.4 2.1513
      vertex 68.7203 3 1.18061
      vertex 68.4426 3 1.42413
    endloop
  endfacet
  facet normal 0.793301 0.606619 0.0518381
    outer loop
      vertex 68.8145 1.4 3.2781
      vertex 67.6006 3 3.13146
      vertex 68.8 1.4 3.5
    endloop
  endfacet
  facet normal 0.793057 0.606691 0.0546517
    outer loop
      vertex 67.6006 3 3.13146
      vertex 68.8145 1.4 3.2781
      vertex 67.6015 3 3.1184
    endloop
  endfacet
  facet normal 0.779713 0.606607 0.155163
    outer loop
      vertex 68.8579 1.4 3.06001
      vertex 67.6015 3 3.1184
      vertex 68.8145 1.4 3.2781
    endloop
  endfacet
  facet normal 0.780044 0.606983 0.151996
    outer loop
      vertex 67.6015 3 3.1184
      vertex 68.8579 1.4 3.06001
      vertex 67.604 3 3.10557
    endloop
  endfacet
  facet normal 0.59774 0.606629 0.524126
    outer loop
      vertex 69.2979 1.4 2.29792
      vertex 68.4241 3 1.44259
      vertex 69.1513 1.4 2.46511
    endloop
  endfacet
  facet normal 0.595532 0.606712 0.526538
    outer loop
      vertex 68.4241 3 1.44259
      vertex 69.2979 1.4 2.29792
      vertex 68.4328 3 1.43275
    endloop
  endfacet
  facet normal -0.712958 0.606628 0.351701
    outer loop
      vertex 73.201 3 2.38121
      vertex 73.0376 3 2.04997
      vertex 72.0706 1.4 2.84944
    endloop
  endfacet
  facet normal 0.351691 0.606627 0.712964
    outer loop
      vertex 69.05 3 0.962363
      vertex 69.65 1.4 2.02776
      vertex 69.8494 1.4 1.9294
    endloop
  endfacet
  facet normal 0.34997 0.606575 0.713854
    outer loop
      vertex 69.65 1.4 2.02776
      vertex 69.05 3 0.962363
      vertex 69.0382 3 0.968148
    endloop
  endfacet
  facet normal 0.660995 0.606632 -0.441682
    outer loop
      vertex 68.1806 3 5.27973
      vertex 69.1513 1.4 4.53489
      vertex 67.9754 3 4.97264
    endloop
  endfacet
  facet normal 0.779697 0.60662 -0.155195
    outer loop
      vertex 67.6761 3 4.25666
      vertex 68.8579 1.4 3.93999
      vertex 67.604 3 3.89443
    endloop
  endfacet
  facet normal 0.752817 0.606618 -0.255502
    outer loop
      vertex 67.7948 3 4.6064
      vertex 68.8579 1.4 3.93999
      vertex 67.6761 3 4.25666
    endloop
  endfacet
  facet normal -0.255258 0.606615 0.752902
    outer loop
      vertex 71.6064 3 0.794806
      vertex 71.1506 1.4 1.9294
      vertex 71.6188 3 0.79901
    endloop
  endfacet
  facet normal -0.25548 0.606622 0.752821
    outer loop
      vertex 71.1506 1.4 1.9294
      vertex 71.6064 3 0.794806
      vertex 70.94 1.4 1.85793
    endloop
  endfacet
  facet normal 0.351649 0.606626 -0.712986
    outer loop
      vertex 69.3812 3 6.20099
      vertex 69.8494 1.4 5.07059
      vertex 69.05 3 6.03764
    endloop
  endfacet
  facet normal 0.351662 0.606627 -0.712978
    outer loop
      vertex 69.65 1.4 4.97224
      vertex 69.05 3 6.03764
      vertex 69.8494 1.4 5.07059
    endloop
  endfacet
  facet normal 0.350211 0.606583 -0.713729
    outer loop
      vertex 69.05 3 6.03764
      vertex 69.65 1.4 4.97224
      vertex 69.0382 3 6.03185
    endloop
  endfacet
  facet normal 0.71293 0.606634 0.351747
    outer loop
      vertex 69.0278 1.4 2.65
      vertex 67.9624 3 2.04997
      vertex 68.9294 1.4 2.84944
    endloop
  endfacet
  facet normal 0.715243 0.606493 0.347265
    outer loop
      vertex 67.9624 3 2.04997
      vertex 69.0278 1.4 2.65
      vertex 67.9681 3 2.03823
    endloop
  endfacet
  facet normal -0.34997 0.606575 0.713854
    outer loop
      vertex 71.95 3 0.962363
      vertex 71.35 1.4 2.02776
      vertex 71.9618 3 0.968148
    endloop
  endfacet
  facet normal -0.351691 0.606627 0.712964
    outer loop
      vertex 71.35 1.4 2.02776
      vertex 71.95 3 0.962363
      vertex 71.1506 1.4 1.9294
    endloop
  endfacet
  facet normal 0.752771 0.606631 0.255607
    outer loop
      vertex 68.9294 1.4 2.84944
      vertex 67.7948 3 2.3936
      vertex 68.8579 1.4 3.06001
    endloop
  endfacet
  facet normal 0.75291 0.60662 0.255224
    outer loop
      vertex 67.7948 3 2.3936
      vertex 68.9294 1.4 2.84944
      vertex 67.799 3 2.38121
    endloop
  endfacet
  facet normal -0.660995 0.606632 0.441682
    outer loop
      vertex 73.0246 3 2.02736
      vertex 72.8194 3 1.72027
      vertex 71.8487 1.4 2.46511
    endloop
  endfacet
  facet normal 0.155119 0.606627 -0.779706
    outer loop
      vertex 70.06 1.4 5.14207
      vertex 70.1184 3 6.39852
      vertex 70.2781 1.4 5.18546
    endloop
  endfacet
  facet normal 0.155328 0.606602 -0.779684
    outer loop
      vertex 70.1184 3 6.39852
      vertex 70.06 1.4 5.14207
      vertex 70.1056 3 6.39597
    endloop
  endfacet
  facet normal -0.660102 0.60642 0.443307
    outer loop
      vertex 71.8487 1.4 2.46511
      vertex 73.0319 3 2.03823
      vertex 73.0246 3 2.02736
    endloop
  endfacet
  facet normal -0.661053 0.606657 0.44156
    outer loop
      vertex 73.0319 3 2.03823
      vertex 71.8487 1.4 2.46511
      vertex 71.9722 1.4 2.65
    endloop
  endfacet
  facet normal -0.351655 0.606623 0.712985
    outer loop
      vertex 71.95 3 0.962363
      vertex 71.6188 3 0.79901
      vertex 71.1506 1.4 1.9294
    endloop
  endfacet
  facet normal -0.779697 0.60662 0.15519
    outer loop
      vertex 73.396 3 3.10557
      vertex 73.3239 3 2.74333
      vertex 72.1421 1.4 3.06001
    endloop
  endfacet
  facet normal -0.780044 0.606983 0.151996
    outer loop
      vertex 72.1421 1.4 3.06001
      vertex 73.3985 3 3.1184
      vertex 73.396 3 3.10557
    endloop
  endfacet
  facet normal -0.779713 0.606607 0.155163
    outer loop
      vertex 73.3985 3 3.1184
      vertex 72.1421 1.4 3.06001
      vertex 72.1855 1.4 3.2781
    endloop
  endfacet
  facet normal -0.59774 0.606629 0.524126
    outer loop
      vertex 72.5759 3 1.44259
      vertex 71.7021 1.4 2.29792
      vertex 71.8487 1.4 2.46511
    endloop
  endfacet
  facet normal -0.595532 0.606712 0.526538
    outer loop
      vertex 71.7021 1.4 2.29792
      vertex 72.5759 3 1.44259
      vertex 72.5672 3 1.43275
    endloop
  endfacet
  facet normal -0.75291 0.60662 0.255224
    outer loop
      vertex 72.0706 1.4 2.84944
      vertex 73.2052 3 2.3936
      vertex 73.201 3 2.38121
    endloop
  endfacet
  facet normal -0.752771 0.606631 0.255607
    outer loop
      vertex 73.2052 3 2.3936
      vertex 72.0706 1.4 2.84944
      vertex 72.1421 1.4 3.06001
    endloop
  endfacet
  facet normal -0.98077 0 0.195165
    outer loop
      vertex 72.1421 -3 80.06
      vertex 72.1855 1.4 80.2781
      vertex 72.1421 1.4 80.06
    endloop
  endfacet
  facet normal -0.98077 0 0.195165
    outer loop
      vertex 72.1855 1.4 80.2781
      vertex 72.1421 -3 80.06
      vertex 72.1855 -3 80.2781
    endloop
  endfacet
  facet normal -0.997872 0 0.0652057
    outer loop
      vertex 72.1855 -3 80.2781
      vertex 72.2 1.4 80.5
      vertex 72.1855 1.4 80.2781
    endloop
  endfacet
  facet normal -0.997872 0 0.0652057
    outer loop
      vertex 72.2 1.4 80.5
      vertex 72.1855 -3 80.2781
      vertex 72.2 -3 80.5
    endloop
  endfacet
  facet normal -0.0652057 0 -0.997872
    outer loop
      vertex 70.5 -3 82.2
      vertex 70.7219 1.4 82.1855
      vertex 70.7219 -3 82.1855
    endloop
  endfacet
  facet normal -0.0652057 0 -0.997872
    outer loop
      vertex 70.7219 1.4 82.1855
      vertex 70.5 -3 82.2
      vertex 70.5 1.4 82.2
    endloop
  endfacet
  facet normal 0.659268 0 0.751908
    outer loop
      vertex 69.2979 1.4 79.2979
      vertex 69.4651 0 79.1513
      vertex 69.4651 1.4 79.1513
    endloop
  endfacet
  facet normal 0.659268 0 0.751908
    outer loop
      vertex 69.4651 0 79.1513
      vertex 69.2979 1.4 79.2979
      vertex 69.2979 0 79.2979
    endloop
  endfacet
  facet normal 0.831566 0 -0.555426
    outer loop
      vertex 69.1513 -3 81.5349
      vertex 69.0278 1.4 81.35
      vertex 69.1513 1.4 81.5349
    endloop
  endfacet
  facet normal 0.831566 0 -0.555426
    outer loop
      vertex 69.0278 1.4 81.35
      vertex 69.1513 -3 81.5349
      vertex 69.0278 -3 81.35
    endloop
  endfacet
  facet normal 0.195165 0 -0.98077
    outer loop
      vertex 70.06 -3 82.1421
      vertex 70.2781 1.4 82.1855
      vertex 70.2781 -3 82.1855
    endloop
  endfacet
  facet normal 0.195165 0 -0.98077
    outer loop
      vertex 70.2781 1.4 82.1855
      vertex 70.06 -3 82.1421
      vertex 70.06 1.4 82.1421
    endloop
  endfacet
  facet normal -0.659268 0 0.751908
    outer loop
      vertex 71.5349 1.4 79.1513
      vertex 71.7021 -3 79.2979
      vertex 71.7021 1.4 79.2979
    endloop
  endfacet
  facet normal -0.659268 0 0.751908
    outer loop
      vertex 71.7021 -3 79.2979
      vertex 71.5349 1.4 79.1513
      vertex 71.5349 -3 79.1513
    endloop
  endfacet
  facet normal -0.946915 0 -0.321484
    outer loop
      vertex 72.1421 -3 80.94
      vertex 72.0706 1.4 81.1506
      vertex 72.1421 1.4 80.94
    endloop
  endfacet
  facet normal -0.946915 -0 -0.321484
    outer loop
      vertex 72.0706 1.4 81.1506
      vertex 72.1421 -3 80.94
      vertex 72.0706 -3 81.1506
    endloop
  endfacet
  facet normal -0.751908 0 -0.659268
    outer loop
      vertex 71.8487 -3 81.5349
      vertex 71.7021 1.4 81.7021
      vertex 71.8487 1.4 81.5349
    endloop
  endfacet
  facet normal -0.751908 -0 -0.659268
    outer loop
      vertex 71.7021 1.4 81.7021
      vertex 71.8487 -3 81.5349
      vertex 71.7021 -3 81.7021
    endloop
  endfacet
  facet normal -0.751908 0 0.659268
    outer loop
      vertex 71.7021 -3 79.2979
      vertex 71.8487 1.4 79.4651
      vertex 71.7021 1.4 79.2979
    endloop
  endfacet
  facet normal -0.751908 0 0.659268
    outer loop
      vertex 71.8487 1.4 79.4651
      vertex 71.7021 -3 79.2979
      vertex 71.8487 -3 79.4651
    endloop
  endfacet
  facet normal 0.946915 0 -0.321484
    outer loop
      vertex 68.9294 -3 81.1506
      vertex 68.8579 1.4 80.94
      vertex 68.9294 1.4 81.1506
    endloop
  endfacet
  facet normal 0.946915 0 -0.321484
    outer loop
      vertex 68.8579 1.4 80.94
      vertex 68.9294 -3 81.1506
      vertex 68.8579 -3 80.94
    endloop
  endfacet
  facet normal -0.321484 0 -0.946915
    outer loop
      vertex 70.94 -3 82.1421
      vertex 71.1506 1.4 82.0706
      vertex 71.1506 -3 82.0706
    endloop
  endfacet
  facet normal -0.321484 0 -0.946915
    outer loop
      vertex 71.1506 1.4 82.0706
      vertex 70.94 -3 82.1421
      vertex 70.94 1.4 82.1421
    endloop
  endfacet
  facet normal 0.0652057 0 -0.997872
    outer loop
      vertex 70.2781 -3 82.1855
      vertex 70.5 1.4 82.2
      vertex 70.5 -3 82.2
    endloop
  endfacet
  facet normal 0.0652057 0 -0.997872
    outer loop
      vertex 70.5 1.4 82.2
      vertex 70.2781 -3 82.1855
      vertex 70.2781 1.4 82.1855
    endloop
  endfacet
  facet normal 0.321903 0 0.946773
    outer loop
      vertex 70.06 1.4 78.8579
      vertex 70 0 78.8783
      vertex 70.06 -3 78.8579
    endloop
  endfacet
  facet normal 0.321484 2.00405e-05 0.946915
    outer loop
      vertex 69.8494 1.4 78.9294
      vertex 70 0 78.8783
      vertex 70.06 1.4 78.8579
    endloop
  endfacet
  facet normal 0.321316 0 0.946972
    outer loop
      vertex 70 0 78.8783
      vertex 69.8494 1.4 78.9294
      vertex 69.8494 0 78.9294
    endloop
  endfacet
  facet normal 0.321903 0 0.946773
    outer loop
      vertex 70.06 -3 78.8579
      vertex 70 0 78.8783
      vertex 70 -3 78.8783
    endloop
  endfacet
  facet normal -0.946915 0 0.321484
    outer loop
      vertex 72.0706 -3 79.8494
      vertex 72.1421 1.4 80.06
      vertex 72.0706 1.4 79.8494
    endloop
  endfacet
  facet normal -0.946915 0 0.321484
    outer loop
      vertex 72.1421 1.4 80.06
      vertex 72.0706 -3 79.8494
      vertex 72.1421 -3 80.06
    endloop
  endfacet
  facet normal 0.751908 -0 0.659268
    outer loop
      vertex 69.1513 0 79.4651
      vertex 69.2979 1.4 79.2979
      vertex 69.1513 1.4 79.4651
    endloop
  endfacet
  facet normal 0.751908 0 0.659268
    outer loop
      vertex 69.2979 1.4 79.2979
      vertex 69.1513 0 79.4651
      vertex 69.2979 0 79.2979
    endloop
  endfacet
  facet normal 0.44253 0 -0.896754
    outer loop
      vertex 69.65 -3 81.9722
      vertex 69.8494 1.4 82.0706
      vertex 69.8494 -3 82.0706
    endloop
  endfacet
  facet normal 0.44253 0 -0.896754
    outer loop
      vertex 69.8494 1.4 82.0706
      vertex 69.65 -3 81.9722
      vertex 69.65 1.4 81.9722
    endloop
  endfacet
  facet normal 0.0652057 0 0.997872
    outer loop
      vertex 70.2781 1.4 78.8145
      vertex 70.5 -3 78.8
      vertex 70.5 1.4 78.8
    endloop
  endfacet
  facet normal 0.0652057 0 0.997872
    outer loop
      vertex 70.5 -3 78.8
      vertex 70.2781 1.4 78.8145
      vertex 70.2781 -3 78.8145
    endloop
  endfacet
  facet normal -0.896754 0 -0.44253
    outer loop
      vertex 72.0706 -3 81.1506
      vertex 71.9722 1.4 81.35
      vertex 72.0706 1.4 81.1506
    endloop
  endfacet
  facet normal -0.896754 -0 -0.44253
    outer loop
      vertex 71.9722 1.4 81.35
      vertex 72.0706 -3 81.1506
      vertex 71.9722 -3 81.35
    endloop
  endfacet
  facet normal -0.555426 0 -0.831566
    outer loop
      vertex 71.35 -3 81.9722
      vertex 71.5349 1.4 81.8487
      vertex 71.5349 -3 81.8487
    endloop
  endfacet
  facet normal -0.555426 0 -0.831566
    outer loop
      vertex 71.5349 1.4 81.8487
      vertex 71.35 -3 81.9722
      vertex 71.35 1.4 81.9722
    endloop
  endfacet
  facet normal 0.98077 0 -0.195165
    outer loop
      vertex 68.8579 -3 80.94
      vertex 68.8145 1.4 80.7219
      vertex 68.8579 1.4 80.94
    endloop
  endfacet
  facet normal 0.98077 0 -0.195165
    outer loop
      vertex 68.8145 1.4 80.7219
      vertex 68.8579 -3 80.94
      vertex 68.8145 -3 80.7219
    endloop
  endfacet
  facet normal -0.195165 0 0.98077
    outer loop
      vertex 70.7219 1.4 78.8145
      vertex 70.94 -3 78.8579
      vertex 70.94 1.4 78.8579
    endloop
  endfacet
  facet normal -0.195165 0 0.98077
    outer loop
      vertex 70.94 -3 78.8579
      vertex 70.7219 1.4 78.8145
      vertex 70.7219 -3 78.8145
    endloop
  endfacet
  facet normal -0.831566 0 0.555426
    outer loop
      vertex 71.8487 -3 79.4651
      vertex 71.9722 1.4 79.65
      vertex 71.8487 1.4 79.4651
    endloop
  endfacet
  facet normal -0.831566 0 0.555426
    outer loop
      vertex 71.9722 1.4 79.65
      vertex 71.8487 -3 79.4651
      vertex 71.9722 -3 79.65
    endloop
  endfacet
  facet normal -0.997872 0 -0.0652057
    outer loop
      vertex 72.2 -3 80.5
      vertex 72.1855 1.4 80.7219
      vertex 72.2 1.4 80.5
    endloop
  endfacet
  facet normal -0.997872 -0 -0.0652057
    outer loop
      vertex 72.1855 1.4 80.7219
      vertex 72.2 -3 80.5
      vertex 72.1855 -3 80.7219
    endloop
  endfacet
  facet normal -0.321484 0 0.946915
    outer loop
      vertex 70.94 1.4 78.8579
      vertex 71.1506 -3 78.9294
      vertex 71.1506 1.4 78.9294
    endloop
  endfacet
  facet normal -0.321484 0 0.946915
    outer loop
      vertex 71.1506 -3 78.9294
      vertex 70.94 1.4 78.8579
      vertex 70.94 -3 78.8579
    endloop
  endfacet
  facet normal -0.555426 0 0.831566
    outer loop
      vertex 71.35 1.4 79.0278
      vertex 71.5349 -3 79.1513
      vertex 71.5349 1.4 79.1513
    endloop
  endfacet
  facet normal -0.555426 0 0.831566
    outer loop
      vertex 71.5349 -3 79.1513
      vertex 71.35 1.4 79.0278
      vertex 71.35 -3 79.0278
    endloop
  endfacet
  facet normal 0.195165 0 0.98077
    outer loop
      vertex 70.06 1.4 78.8579
      vertex 70.2781 -3 78.8145
      vertex 70.2781 1.4 78.8145
    endloop
  endfacet
  facet normal 0.195165 0 0.98077
    outer loop
      vertex 70.2781 -3 78.8145
      vertex 70.06 1.4 78.8579
      vertex 70.06 -3 78.8579
    endloop
  endfacet
  facet normal -0.659268 0 -0.751908
    outer loop
      vertex 71.5349 -3 81.8487
      vertex 71.7021 1.4 81.7021
      vertex 71.7021 -3 81.7021
    endloop
  endfacet
  facet normal -0.659268 0 -0.751908
    outer loop
      vertex 71.7021 1.4 81.7021
      vertex 71.5349 -3 81.8487
      vertex 71.5349 1.4 81.8487
    endloop
  endfacet
  facet normal 0.896754 -0 0.44253
    outer loop
      vertex 68.9294 0 79.8494
      vertex 69.0278 1.4 79.65
      vertex 68.9294 1.4 79.8494
    endloop
  endfacet
  facet normal 0.896754 0 0.44253
    outer loop
      vertex 69.0278 1.4 79.65
      vertex 68.9294 0 79.8494
      vertex 69.0278 0 79.65
    endloop
  endfacet
  facet normal -0.98077 0 -0.195165
    outer loop
      vertex 72.1855 -3 80.7219
      vertex 72.1421 1.4 80.94
      vertex 72.1855 1.4 80.7219
    endloop
  endfacet
  facet normal -0.98077 -0 -0.195165
    outer loop
      vertex 72.1421 1.4 80.94
      vertex 72.1855 -3 80.7219
      vertex 72.1421 -3 80.94
    endloop
  endfacet
  facet normal -0.195165 0 -0.98077
    outer loop
      vertex 70.7219 -3 82.1855
      vertex 70.94 1.4 82.1421
      vertex 70.94 -3 82.1421
    endloop
  endfacet
  facet normal -0.195165 0 -0.98077
    outer loop
      vertex 70.94 1.4 82.1421
      vertex 70.7219 -3 82.1855
      vertex 70.7219 1.4 82.1855
    endloop
  endfacet
  facet normal 0.659268 0 -0.751908
    outer loop
      vertex 69.2979 -3 81.7021
      vertex 69.4651 1.4 81.8487
      vertex 69.4651 -3 81.8487
    endloop
  endfacet
  facet normal 0.659268 0 -0.751908
    outer loop
      vertex 69.4651 1.4 81.8487
      vertex 69.2979 -3 81.7021
      vertex 69.2979 1.4 81.7021
    endloop
  endfacet
  facet normal 0.751908 0 -0.659268
    outer loop
      vertex 69.2979 -3 81.7021
      vertex 69.1513 1.4 81.5349
      vertex 69.2979 1.4 81.7021
    endloop
  endfacet
  facet normal 0.751908 0 -0.659268
    outer loop
      vertex 69.1513 1.4 81.5349
      vertex 69.2979 -3 81.7021
      vertex 69.1513 -3 81.5349
    endloop
  endfacet
  facet normal -0.0652057 0 0.997872
    outer loop
      vertex 70.5 1.4 78.8
      vertex 70.7219 -3 78.8145
      vertex 70.7219 1.4 78.8145
    endloop
  endfacet
  facet normal -0.0652057 0 0.997872
    outer loop
      vertex 70.7219 -3 78.8145
      vertex 70.5 1.4 78.8
      vertex 70.5 -3 78.8
    endloop
  endfacet
  facet normal -0.44253 0 0.896754
    outer loop
      vertex 71.1506 1.4 78.9294
      vertex 71.35 -3 79.0278
      vertex 71.35 1.4 79.0278
    endloop
  endfacet
  facet normal -0.44253 0 0.896754
    outer loop
      vertex 71.35 -3 79.0278
      vertex 71.1506 1.4 78.9294
      vertex 71.1506 -3 78.9294
    endloop
  endfacet
  facet normal -0.831566 0 -0.555426
    outer loop
      vertex 71.9722 -3 81.35
      vertex 71.8487 1.4 81.5349
      vertex 71.9722 1.4 81.35
    endloop
  endfacet
  facet normal -0.831566 -0 -0.555426
    outer loop
      vertex 71.8487 1.4 81.5349
      vertex 71.9722 -3 81.35
      vertex 71.8487 -3 81.5349
    endloop
  endfacet
  facet normal 0.997872 0 -0.0652057
    outer loop
      vertex 68.8145 -3 80.7219
      vertex 68.8 1.4 80.5
      vertex 68.8145 1.4 80.7219
    endloop
  endfacet
  facet normal 0.997872 0 -0.0652057
    outer loop
      vertex 68.8 1.4 80.5
      vertex 68.8145 -3 80.7219
      vertex 68.8 -3 80.5
    endloop
  endfacet
  facet normal -0.44253 0 -0.896754
    outer loop
      vertex 71.1506 -3 82.0706
      vertex 71.35 1.4 81.9722
      vertex 71.35 -3 81.9722
    endloop
  endfacet
  facet normal -0.44253 0 -0.896754
    outer loop
      vertex 71.35 1.4 81.9722
      vertex 71.1506 -3 82.0706
      vertex 71.1506 1.4 82.0706
    endloop
  endfacet
  facet normal 0.98077 -0 0.195165
    outer loop
      vertex 68.8145 -3 80.2781
      vertex 68.8579 1.4 80.06
      vertex 68.8145 1.4 80.2781
    endloop
  endfacet
  facet normal 0.98077 0 0.195165
    outer loop
      vertex 68.8579 1.4 80.06
      vertex 68.8145 -3 80.2781
      vertex 68.8579 -3 80.06
    endloop
  endfacet
  facet normal 0.896754 0 -0.44253
    outer loop
      vertex 69.0278 -3 81.35
      vertex 68.9294 1.4 81.1506
      vertex 69.0278 1.4 81.35
    endloop
  endfacet
  facet normal 0.896754 0 -0.44253
    outer loop
      vertex 68.9294 1.4 81.1506
      vertex 69.0278 -3 81.35
      vertex 68.9294 -3 81.1506
    endloop
  endfacet
  facet normal 0.946915 2.00405e-05 0.321484
    outer loop
      vertex 68.8579 1.4 80.06
      vertex 68.8783 0 80
      vertex 68.9294 1.4 79.8494
    endloop
  endfacet
  facet normal 0.946773 -0 0.321903
    outer loop
      vertex 68.8579 -3 80.06
      vertex 68.8783 0 80
      vertex 68.8579 1.4 80.06
    endloop
  endfacet
  facet normal 0.946773 0 0.321903
    outer loop
      vertex 68.8783 0 80
      vertex 68.8579 -3 80.06
      vertex 68.8783 -3 80
    endloop
  endfacet
  facet normal 0.946972 0 0.321316
    outer loop
      vertex 68.9294 1.4 79.8494
      vertex 68.8783 0 80
      vertex 68.9294 0 79.8494
    endloop
  endfacet
  facet normal -0.896754 0 0.44253
    outer loop
      vertex 71.9722 -3 79.65
      vertex 72.0706 1.4 79.8494
      vertex 71.9722 1.4 79.65
    endloop
  endfacet
  facet normal -0.896754 0 0.44253
    outer loop
      vertex 72.0706 1.4 79.8494
      vertex 71.9722 -3 79.65
      vertex 72.0706 -3 79.8494
    endloop
  endfacet
  facet normal 0.997872 -0 0.0652057
    outer loop
      vertex 68.8 -3 80.5
      vertex 68.8145 1.4 80.2781
      vertex 68.8 1.4 80.5
    endloop
  endfacet
  facet normal 0.997872 0 0.0652057
    outer loop
      vertex 68.8145 1.4 80.2781
      vertex 68.8 -3 80.5
      vertex 68.8145 -3 80.2781
    endloop
  endfacet
  facet normal 0.321484 0 -0.946915
    outer loop
      vertex 69.8494 -3 82.0706
      vertex 70.06 1.4 82.1421
      vertex 70.06 -3 82.1421
    endloop
  endfacet
  facet normal 0.321484 0 -0.946915
    outer loop
      vertex 70.06 1.4 82.1421
      vertex 69.8494 -3 82.0706
      vertex 69.8494 1.4 82.0706
    endloop
  endfacet
  facet normal 0.44253 0 0.896754
    outer loop
      vertex 69.65 1.4 79.0278
      vertex 69.8494 0 78.9294
      vertex 69.8494 1.4 78.9294
    endloop
  endfacet
  facet normal 0.44253 0 0.896754
    outer loop
      vertex 69.8494 0 78.9294
      vertex 69.65 1.4 79.0278
      vertex 69.65 0 79.0278
    endloop
  endfacet
  facet normal 0.555426 0 0.831566
    outer loop
      vertex 69.4651 1.4 79.1513
      vertex 69.65 0 79.0278
      vertex 69.65 1.4 79.0278
    endloop
  endfacet
  facet normal 0.555426 0 0.831566
    outer loop
      vertex 69.65 0 79.0278
      vertex 69.4651 1.4 79.1513
      vertex 69.4651 0 79.1513
    endloop
  endfacet
  facet normal 0.831566 -0 0.555426
    outer loop
      vertex 69.0278 0 79.65
      vertex 69.1513 1.4 79.4651
      vertex 69.0278 1.4 79.65
    endloop
  endfacet
  facet normal 0.831566 0 0.555426
    outer loop
      vertex 69.1513 1.4 79.4651
      vertex 69.0278 0 79.65
      vertex 69.1513 0 79.4651
    endloop
  endfacet
  facet normal 0.555426 0 -0.831566
    outer loop
      vertex 69.4651 -3 81.8487
      vertex 69.65 1.4 81.9722
      vertex 69.65 -3 81.9722
    endloop
  endfacet
  facet normal 0.555426 0 -0.831566
    outer loop
      vertex 69.65 1.4 81.9722
      vertex 69.4651 -3 81.8487
      vertex 69.4651 1.4 81.8487
    endloop
  endfacet
  facet normal -0.155166 0.60662 0.779702
    outer loop
      vertex 70.94 1.4 78.8579
      vertex 71.2567 3 77.6761
      vertex 70.8944 3 77.604
    endloop
  endfacet
  facet normal -0.752806 0.60662 0.255528
    outer loop
      vertex 73.3239 3 79.7433
      vertex 73.2052 3 79.3936
      vertex 72.1421 1.4 80.06
    endloop
  endfacet
  facet normal -0.155166 0.60662 -0.779702
    outer loop
      vertex 71.2567 3 83.3239
      vertex 70.94 1.4 82.1421
      vertex 70.8944 3 83.396
    endloop
  endfacet
  facet normal -0.793295 0.606623 0.0518817
    outer loop
      vertex 73.4235 3 80.5
      vertex 73.3994 3 80.1315
      vertex 72.2 1.4 80.5
    endloop
  endfacet
  facet normal -0.793072 0.606686 0.0544859
    outer loop
      vertex 72.1855 1.4 80.2781
      vertex 73.3994 3 80.1315
      vertex 73.3985 3 80.1184
    endloop
  endfacet
  facet normal -0.793302 0.606618 0.0518381
    outer loop
      vertex 73.3994 3 80.1315
      vertex 72.1855 1.4 80.2781
      vertex 72.2 1.4 80.5
    endloop
  endfacet
  facet normal -0.445403 0.606134 -0.658952
    outer loop
      vertex 71.5349 1.4 81.8487
      vertex 71.9618 3 83.0319
      vertex 71.9726 3 83.0246
    endloop
  endfacet
  facet normal -0.441541 0.606663 -0.661061
    outer loop
      vertex 71.9618 3 83.0319
      vertex 71.5349 1.4 81.8487
      vertex 71.35 1.4 81.9722
    endloop
  endfacet
  facet normal -0.345851 0.606442 -0.715972
    outer loop
      vertex 71.35 1.4 81.9722
      vertex 71.95 3 83.0376
      vertex 71.9618 3 83.0319
    endloop
  endfacet
  facet normal -0.351804 0.606631 -0.712904
    outer loop
      vertex 71.95 3 83.0376
      vertex 71.35 1.4 81.9722
      vertex 71.1506 1.4 82.0706
    endloop
  endfacet
  facet normal 0.152345 0.606941 0.780009
    outer loop
      vertex 70.06 1.4 78.8579
      vertex 70.1184 3 77.6015
      vertex 70.1056 3 77.604
    endloop
  endfacet
  facet normal 0.155156 0.606607 0.779714
    outer loop
      vertex 70.1184 3 77.6015
      vertex 70.06 1.4 78.8579
      vertex 70.2781 1.4 78.8145
    endloop
  endfacet
  facet normal 0.780009 0.606941 -0.152345
    outer loop
      vertex 68.8579 1.4 80.94
      vertex 67.6015 3 80.8816
      vertex 67.604 3 80.8944
    endloop
  endfacet
  facet normal 0.779714 0.606607 -0.155156
    outer loop
      vertex 67.6015 3 80.8816
      vertex 68.8579 1.4 80.94
      vertex 68.8145 1.4 80.7219
    endloop
  endfacet
  facet normal 0.524128 0.606625 -0.597743
    outer loop
      vertex 68.7203 3 82.8194
      vertex 69.4651 1.4 81.8487
      vertex 68.4426 3 82.5759
    endloop
  endfacet
  facet normal -0.524128 0.606625 -0.597743
    outer loop
      vertex 72.2797 3 82.8194
      vertex 72.5574 3 82.5759
      vertex 71.5349 1.4 81.8487
    endloop
  endfacet
  facet normal -0.661061 0.606663 -0.441541
    outer loop
      vertex 71.8487 1.4 81.5349
      vertex 73.0319 3 81.9618
      vertex 71.9722 1.4 81.35
    endloop
  endfacet
  facet normal -0.658952 0.606134 -0.445403
    outer loop
      vertex 73.0319 3 81.9618
      vertex 71.8487 1.4 81.5349
      vertex 73.0246 3 81.9726
    endloop
  endfacet
  facet normal 0.255575 0.606626 0.752786
    outer loop
      vertex 69.3936 3 77.7948
      vertex 69.8494 1.4 78.9294
      vertex 70.06 1.4 78.8579
    endloop
  endfacet
  facet normal 0.255041 0.606611 0.752979
    outer loop
      vertex 69.8494 1.4 78.9294
      vertex 69.3936 3 77.7948
      vertex 69.3812 3 77.799
    endloop
  endfacet
  facet normal -0.712904 0.606631 -0.351804
    outer loop
      vertex 71.9722 1.4 81.35
      vertex 73.0376 3 81.95
      vertex 72.0706 1.4 81.1506
    endloop
  endfacet
  facet normal -0.715972 0.606442 -0.345851
    outer loop
      vertex 73.0376 3 81.95
      vertex 71.9722 1.4 81.35
      vertex 73.0319 3 81.9618
    endloop
  endfacet
  facet normal 0.255528 0.60662 0.752806
    outer loop
      vertex 70.06 1.4 78.8579
      vertex 69.7433 3 77.6761
      vertex 69.3936 3 77.7948
    endloop
  endfacet
  facet normal -0.152345 0.606941 -0.780009
    outer loop
      vertex 70.94 1.4 82.1421
      vertex 70.8816 3 83.3985
      vertex 70.8944 3 83.396
    endloop
  endfacet
  facet normal -0.155156 0.606607 -0.779714
    outer loop
      vertex 70.8816 3 83.3985
      vertex 70.94 1.4 82.1421
      vertex 70.7219 1.4 82.1855
    endloop
  endfacet
  facet normal -0.0518817 0.606623 0.793295
    outer loop
      vertex 70.8685 3 77.6006
      vertex 70.5 3 77.5765
      vertex 70.5 1.4 78.8
    endloop
  endfacet
  facet normal -0.779702 0.60662 -0.155166
    outer loop
      vertex 73.3239 3 81.2567
      vertex 73.396 3 80.8944
      vertex 72.1421 1.4 80.94
    endloop
  endfacet
  facet normal 0.661061 0.606663 0.441541
    outer loop
      vertex 69.1513 1.4 79.4651
      vertex 67.9681 3 79.0382
      vertex 69.0278 1.4 79.65
    endloop
  endfacet
  facet normal 0.658952 0.606134 0.445403
    outer loop
      vertex 67.9681 3 79.0382
      vertex 69.1513 1.4 79.4651
      vertex 67.9754 3 79.0274
    endloop
  endfacet
  facet normal -0.0544859 0.606686 0.793072
    outer loop
      vertex 70.8685 3 77.6006
      vertex 70.7219 1.4 78.8145
      vertex 70.8816 3 77.6015
    endloop
  endfacet
  facet normal -0.0518381 0.606618 0.793302
    outer loop
      vertex 70.7219 1.4 78.8145
      vertex 70.8685 3 77.6006
      vertex 70.5 1.4 78.8
    endloop
  endfacet
  facet normal 0.597743 0.606625 -0.524128
    outer loop
      vertex 68.4241 3 82.5574
      vertex 69.1513 1.4 81.5349
      vertex 68.1806 3 82.2797
    endloop
  endfacet
  facet normal 0.0518381 0.606618 0.793302
    outer loop
      vertex 70.1315 3 77.6006
      vertex 70.2781 1.4 78.8145
      vertex 70.5 1.4 78.8
    endloop
  endfacet
  facet normal 0.0544859 0.606686 0.793072
    outer loop
      vertex 70.2781 1.4 78.8145
      vertex 70.1315 3 77.6006
      vertex 70.1184 3 77.6015
    endloop
  endfacet
  facet normal -0.597743 0.606625 0.524128
    outer loop
      vertex 72.8194 3 78.7203
      vertex 72.5759 3 78.4426
      vertex 71.8487 1.4 79.4651
    endloop
  endfacet
  facet normal -0.0518817 0.606623 -0.793295
    outer loop
      vertex 70.5 3 83.4235
      vertex 70.8685 3 83.3994
      vertex 70.5 1.4 82.2
    endloop
  endfacet
  facet normal 0.255528 0.60662 -0.752806
    outer loop
      vertex 69.7433 3 83.3239
      vertex 70.06 1.4 82.1421
      vertex 69.3936 3 83.2052
    endloop
  endfacet
  facet normal -0.752786 0.606626 -0.255575
    outer loop
      vertex 72.0706 1.4 81.1506
      vertex 73.2052 3 81.6064
      vertex 72.1421 1.4 80.94
    endloop
  endfacet
  facet normal -0.752979 0.606611 -0.255041
    outer loop
      vertex 73.2052 3 81.6064
      vertex 72.0706 1.4 81.1506
      vertex 73.201 3 81.6188
    endloop
  endfacet
  facet normal -0.441675 0.606624 -0.661007
    outer loop
      vertex 71.9726 3 83.0246
      vertex 72.2797 3 82.8194
      vertex 71.5349 1.4 81.8487
    endloop
  endfacet
  facet normal -0.661007 0.606624 -0.441675
    outer loop
      vertex 72.8194 3 82.2797
      vertex 73.0246 3 81.9726
      vertex 71.8487 1.4 81.5349
    endloop
  endfacet
  facet normal 0.155166 0.60662 0.779702
    outer loop
      vertex 70.06 1.4 78.8579
      vertex 70.1056 3 77.604
      vertex 69.7433 3 77.6761
    endloop
  endfacet
  facet normal 0.441675 0.606624 -0.661007
    outer loop
      vertex 69.0274 3 83.0246
      vertex 69.4651 1.4 81.8487
      vertex 68.7203 3 82.8194
    endloop
  endfacet
  facet normal 0.441541 0.606663 0.661061
    outer loop
      vertex 69.0382 3 77.9681
      vertex 69.4651 1.4 79.1513
      vertex 69.65 1.4 79.0278
    endloop
  endfacet
  facet normal 0.445403 0.606134 0.658952
    outer loop
      vertex 69.4651 1.4 79.1513
      vertex 69.0382 3 77.9681
      vertex 69.0274 3 77.9754
    endloop
  endfacet
  facet normal -0.0544859 0.606686 -0.793072
    outer loop
      vertex 70.7219 1.4 82.1855
      vertex 70.8685 3 83.3994
      vertex 70.8816 3 83.3985
    endloop
  endfacet
  facet normal -0.0518381 0.606618 -0.793302
    outer loop
      vertex 70.8685 3 83.3994
      vertex 70.7219 1.4 82.1855
      vertex 70.5 1.4 82.2
    endloop
  endfacet
  facet normal 0.155166 0.60662 -0.779702
    outer loop
      vertex 70.1056 3 83.396
      vertex 70.06 1.4 82.1421
      vertex 69.7433 3 83.3239
    endloop
  endfacet
  facet normal -0.712945 0.606623 -0.351737
    outer loop
      vertex 73.0376 3 81.95
      vertex 73.201 3 81.6188
      vertex 72.0706 1.4 81.1506
    endloop
  endfacet
  facet normal -0.752806 0.60662 -0.255528
    outer loop
      vertex 73.2052 3 81.6064
      vertex 73.3239 3 81.2567
      vertex 72.1421 1.4 80.94
    endloop
  endfacet
  facet normal -0.793295 0.606623 -0.0518817
    outer loop
      vertex 73.3994 3 80.8685
      vertex 73.4235 3 80.5
      vertex 72.2 1.4 80.5
    endloop
  endfacet
  facet normal -0.779714 0.606607 -0.155156
    outer loop
      vertex 72.1421 1.4 80.94
      vertex 73.3985 3 80.8816
      vertex 72.1855 1.4 80.7219
    endloop
  endfacet
  facet normal -0.780009 0.606941 -0.152345
    outer loop
      vertex 73.3985 3 80.8816
      vertex 72.1421 1.4 80.94
      vertex 73.396 3 80.8944
    endloop
  endfacet
  facet normal -0.441675 0.606624 0.661007
    outer loop
      vertex 72.2797 3 78.1806
      vertex 71.9726 3 77.9754
      vertex 71.5349 1.4 79.1513
    endloop
  endfacet
  facet normal 0.779702 0.60662 0.155166
    outer loop
      vertex 68.8579 1.4 80.06
      vertex 67.6761 3 79.7433
      vertex 67.604 3 80.1056
    endloop
  endfacet
  facet normal 0.793295 0.606623 0.0518817
    outer loop
      vertex 68.8 1.4 80.5
      vertex 67.6006 3 80.1315
      vertex 67.5765 3 80.5
    endloop
  endfacet
  facet normal -0.597743 0.606625 -0.524128
    outer loop
      vertex 72.5759 3 82.5574
      vertex 72.8194 3 82.2797
      vertex 71.8487 1.4 81.5349
    endloop
  endfacet
  facet normal -0.793302 0.606618 -0.0518381
    outer loop
      vertex 72.1855 1.4 80.7219
      vertex 73.3994 3 80.8685
      vertex 72.2 1.4 80.5
    endloop
  endfacet
  facet normal -0.793072 0.606686 -0.0544859
    outer loop
      vertex 73.3994 3 80.8685
      vertex 72.1855 1.4 80.7219
      vertex 73.3985 3 80.8816
    endloop
  endfacet
  facet normal 0.441541 0.606663 -0.661061
    outer loop
      vertex 69.4651 1.4 81.8487
      vertex 69.0382 3 83.0319
      vertex 69.65 1.4 81.9722
    endloop
  endfacet
  facet normal 0.445403 0.606134 -0.658952
    outer loop
      vertex 69.0382 3 83.0319
      vertex 69.4651 1.4 81.8487
      vertex 69.0274 3 83.0246
    endloop
  endfacet
  facet normal -0.255528 0.60662 -0.752806
    outer loop
      vertex 71.2567 3 83.3239
      vertex 71.6064 3 83.2052
      vertex 70.94 1.4 82.1421
    endloop
  endfacet
  facet normal -0.524128 0.606625 0.597743
    outer loop
      vertex 72.5574 3 78.4241
      vertex 72.2797 3 78.1806
      vertex 71.5349 1.4 79.1513
    endloop
  endfacet
  facet normal 0.594448 0.606744 -0.527724
    outer loop
      vertex 69.2979 1.4 81.7021
      vertex 68.4241 3 82.5574
      vertex 68.4328 3 82.5672
    endloop
  endfacet
  facet normal 0.597759 0.606622 -0.524112
    outer loop
      vertex 68.4241 3 82.5574
      vertex 69.2979 1.4 81.7021
      vertex 69.1513 1.4 81.5349
    endloop
  endfacet
  facet normal 0.715972 0.606442 -0.345851
    outer loop
      vertex 69.0278 1.4 81.35
      vertex 67.9624 3 81.95
      vertex 67.9681 3 81.9618
    endloop
  endfacet
  facet normal 0.712904 0.606631 -0.351804
    outer loop
      vertex 67.9624 3 81.95
      vertex 69.0278 1.4 81.35
      vertex 68.9294 1.4 81.1506
    endloop
  endfacet
  facet normal 0.255575 0.606626 -0.752786
    outer loop
      vertex 69.8494 1.4 82.0706
      vertex 69.3936 3 83.2052
      vertex 70.06 1.4 82.1421
    endloop
  endfacet
  facet normal 0.255041 0.606611 -0.752979
    outer loop
      vertex 69.3936 3 83.2052
      vertex 69.8494 1.4 82.0706
      vertex 69.3812 3 83.201
    endloop
  endfacet
  facet normal -0.351737 0.606623 -0.712945
    outer loop
      vertex 71.6188 3 83.201
      vertex 71.95 3 83.0376
      vertex 71.1506 1.4 82.0706
    endloop
  endfacet
  facet normal -0.445403 0.606134 0.658952
    outer loop
      vertex 71.9618 3 77.9681
      vertex 71.5349 1.4 79.1513
      vertex 71.9726 3 77.9754
    endloop
  endfacet
  facet normal -0.441541 0.606663 0.661061
    outer loop
      vertex 71.5349 1.4 79.1513
      vertex 71.9618 3 77.9681
      vertex 71.35 1.4 79.0278
    endloop
  endfacet
  facet normal -0.527724 0.606744 0.594448
    outer loop
      vertex 72.5574 3 78.4241
      vertex 71.7021 1.4 79.2979
      vertex 72.5672 3 78.4328
    endloop
  endfacet
  facet normal -0.524112 0.606622 0.597759
    outer loop
      vertex 71.7021 1.4 79.2979
      vertex 72.5574 3 78.4241
      vertex 71.5349 1.4 79.1513
    endloop
  endfacet
  facet normal 0.712945 0.606623 0.351737
    outer loop
      vertex 68.9294 1.4 79.8494
      vertex 67.9624 3 79.05
      vertex 67.799 3 79.3812
    endloop
  endfacet
  facet normal 0.0518381 0.606618 -0.793302
    outer loop
      vertex 70.2781 1.4 82.1855
      vertex 70.1315 3 83.3994
      vertex 70.5 1.4 82.2
    endloop
  endfacet
  facet normal 0.0544859 0.606686 -0.793072
    outer loop
      vertex 70.1315 3 83.3994
      vertex 70.2781 1.4 82.1855
      vertex 70.1184 3 83.3985
    endloop
  endfacet
  facet normal -0.527724 0.606744 -0.594448
    outer loop
      vertex 71.7021 1.4 81.7021
      vertex 72.5574 3 82.5759
      vertex 72.5672 3 82.5672
    endloop
  endfacet
  facet normal -0.524112 0.606622 -0.597759
    outer loop
      vertex 72.5574 3 82.5759
      vertex 71.7021 1.4 81.7021
      vertex 71.5349 1.4 81.8487
    endloop
  endfacet
  facet normal -0.255041 0.606611 -0.752979
    outer loop
      vertex 71.1506 1.4 82.0706
      vertex 71.6064 3 83.2052
      vertex 71.6188 3 83.201
    endloop
  endfacet
  facet normal -0.255575 0.606626 -0.752786
    outer loop
      vertex 71.6064 3 83.2052
      vertex 71.1506 1.4 82.0706
      vertex 70.94 1.4 82.1421
    endloop
  endfacet
  facet normal -0.255528 0.60662 0.752806
    outer loop
      vertex 71.6064 3 77.7948
      vertex 71.2567 3 77.6761
      vertex 70.94 1.4 78.8579
    endloop
  endfacet
  facet normal 0.712945 0.606623 -0.351737
    outer loop
      vertex 67.9624 3 81.95
      vertex 68.9294 1.4 81.1506
      vertex 67.799 3 81.6188
    endloop
  endfacet
  facet normal 0.752979 0.606611 -0.255041
    outer loop
      vertex 68.9294 1.4 81.1506
      vertex 67.7948 3 81.6064
      vertex 67.799 3 81.6188
    endloop
  endfacet
  facet normal 0.752786 0.606626 -0.255575
    outer loop
      vertex 67.7948 3 81.6064
      vertex 68.9294 1.4 81.1506
      vertex 68.8579 1.4 80.94
    endloop
  endfacet
  facet normal 0.658952 0.606134 -0.445403
    outer loop
      vertex 69.1513 1.4 81.5349
      vertex 67.9681 3 81.9618
      vertex 67.9754 3 81.9726
    endloop
  endfacet
  facet normal 0.661061 0.606663 -0.441541
    outer loop
      vertex 67.9681 3 81.9618
      vertex 69.1513 1.4 81.5349
      vertex 69.0278 1.4 81.35
    endloop
  endfacet
  facet normal 0.793295 0.606623 -0.0518817
    outer loop
      vertex 67.6006 3 80.8685
      vertex 68.8 1.4 80.5
      vertex 67.5765 3 80.5
    endloop
  endfacet
  facet normal 0.0518817 0.606623 -0.793295
    outer loop
      vertex 70.5 3 83.4235
      vertex 70.5 1.4 82.2
      vertex 70.1315 3 83.3994
    endloop
  endfacet
  facet normal 0.524112 0.606622 -0.597759
    outer loop
      vertex 69.2979 1.4 81.7021
      vertex 68.4426 3 82.5759
      vertex 69.4651 1.4 81.8487
    endloop
  endfacet
  facet normal 0.527724 0.606744 -0.594448
    outer loop
      vertex 68.4426 3 82.5759
      vertex 69.2979 1.4 81.7021
      vertex 68.4328 3 82.5672
    endloop
  endfacet
  facet normal 0.793072 0.606686 -0.0544859
    outer loop
      vertex 68.8145 1.4 80.7219
      vertex 67.6006 3 80.8685
      vertex 67.6015 3 80.8816
    endloop
  endfacet
  facet normal 0.793302 0.606618 -0.0518381
    outer loop
      vertex 67.6006 3 80.8685
      vertex 68.8145 1.4 80.7219
      vertex 68.8 1.4 80.5
    endloop
  endfacet
  facet normal -0.594448 0.606744 -0.527724
    outer loop
      vertex 72.5759 3 82.5574
      vertex 71.7021 1.4 81.7021
      vertex 72.5672 3 82.5672
    endloop
  endfacet
  facet normal -0.597759 0.606622 -0.524112
    outer loop
      vertex 71.7021 1.4 81.7021
      vertex 72.5759 3 82.5574
      vertex 71.8487 1.4 81.5349
    endloop
  endfacet
  facet normal 0.0518817 0.606623 0.793295
    outer loop
      vertex 70.5 1.4 78.8
      vertex 70.5 3 77.5765
      vertex 70.1315 3 77.6006
    endloop
  endfacet
  facet normal 0.351737 0.606623 0.712945
    outer loop
      vertex 69.8494 1.4 78.9294
      vertex 69.3812 3 77.799
      vertex 69.05 3 77.9624
    endloop
  endfacet
  facet normal 0.661007 0.606624 0.441675
    outer loop
      vertex 69.1513 1.4 79.4651
      vertex 68.1806 3 78.7203
      vertex 67.9754 3 79.0274
    endloop
  endfacet
  facet normal 0.441675 0.606624 0.661007
    outer loop
      vertex 69.4651 1.4 79.1513
      vertex 69.0274 3 77.9754
      vertex 68.7203 3 78.1806
    endloop
  endfacet
  facet normal 0.524112 0.606622 0.597759
    outer loop
      vertex 68.4426 3 78.4241
      vertex 69.2979 1.4 79.2979
      vertex 69.4651 1.4 79.1513
    endloop
  endfacet
  facet normal 0.527724 0.606744 0.594448
    outer loop
      vertex 69.2979 1.4 79.2979
      vertex 68.4426 3 78.4241
      vertex 68.4328 3 78.4328
    endloop
  endfacet
  facet normal 0.597743 0.606625 0.524128
    outer loop
      vertex 69.1513 1.4 79.4651
      vertex 68.4241 3 78.4426
      vertex 68.1806 3 78.7203
    endloop
  endfacet
  facet normal -0.152345 0.606941 0.780009
    outer loop
      vertex 70.8816 3 77.6015
      vertex 70.94 1.4 78.8579
      vertex 70.8944 3 77.604
    endloop
  endfacet
  facet normal -0.155156 0.606607 0.779714
    outer loop
      vertex 70.94 1.4 78.8579
      vertex 70.8816 3 77.6015
      vertex 70.7219 1.4 78.8145
    endloop
  endfacet
  facet normal -0.715972 0.606442 0.345851
    outer loop
      vertex 71.9722 1.4 79.65
      vertex 73.0376 3 79.05
      vertex 73.0319 3 79.0382
    endloop
  endfacet
  facet normal -0.712904 0.606631 0.351804
    outer loop
      vertex 73.0376 3 79.05
      vertex 71.9722 1.4 79.65
      vertex 72.0706 1.4 79.8494
    endloop
  endfacet
  facet normal 0.752806 0.60662 0.255528
    outer loop
      vertex 68.8579 1.4 80.06
      vertex 67.7948 3 79.3936
      vertex 67.6761 3 79.7433
    endloop
  endfacet
  facet normal 0.524128 0.606625 0.597743
    outer loop
      vertex 69.4651 1.4 79.1513
      vertex 68.7203 3 78.1806
      vertex 68.4426 3 78.4241
    endloop
  endfacet
  facet normal 0.793302 0.606618 0.0518381
    outer loop
      vertex 68.8145 1.4 80.2781
      vertex 67.6006 3 80.1315
      vertex 68.8 1.4 80.5
    endloop
  endfacet
  facet normal 0.793072 0.606686 0.0544859
    outer loop
      vertex 67.6006 3 80.1315
      vertex 68.8145 1.4 80.2781
      vertex 67.6015 3 80.1184
    endloop
  endfacet
  facet normal 0.779714 0.606607 0.155156
    outer loop
      vertex 68.8579 1.4 80.06
      vertex 67.6015 3 80.1184
      vertex 68.8145 1.4 80.2781
    endloop
  endfacet
  facet normal 0.780009 0.606941 0.152345
    outer loop
      vertex 67.6015 3 80.1184
      vertex 68.8579 1.4 80.06
      vertex 67.604 3 80.1056
    endloop
  endfacet
  facet normal 0.597759 0.606622 0.524112
    outer loop
      vertex 69.2979 1.4 79.2979
      vertex 68.4241 3 78.4426
      vertex 69.1513 1.4 79.4651
    endloop
  endfacet
  facet normal 0.594448 0.606744 0.527724
    outer loop
      vertex 68.4241 3 78.4426
      vertex 69.2979 1.4 79.2979
      vertex 68.4328 3 78.4328
    endloop
  endfacet
  facet normal -0.712945 0.606623 0.351737
    outer loop
      vertex 73.201 3 79.3812
      vertex 73.0376 3 79.05
      vertex 72.0706 1.4 79.8494
    endloop
  endfacet
  facet normal 0.351804 0.606631 0.712904
    outer loop
      vertex 69.05 3 77.9624
      vertex 69.65 1.4 79.0278
      vertex 69.8494 1.4 78.9294
    endloop
  endfacet
  facet normal 0.345851 0.606442 0.715972
    outer loop
      vertex 69.65 1.4 79.0278
      vertex 69.05 3 77.9624
      vertex 69.0382 3 77.9681
    endloop
  endfacet
  facet normal 0.661007 0.606624 -0.441675
    outer loop
      vertex 68.1806 3 82.2797
      vertex 69.1513 1.4 81.5349
      vertex 67.9754 3 81.9726
    endloop
  endfacet
  facet normal 0.779702 0.60662 -0.155166
    outer loop
      vertex 67.6761 3 81.2567
      vertex 68.8579 1.4 80.94
      vertex 67.604 3 80.8944
    endloop
  endfacet
  facet normal 0.752806 0.60662 -0.255528
    outer loop
      vertex 67.7948 3 81.6064
      vertex 68.8579 1.4 80.94
      vertex 67.6761 3 81.2567
    endloop
  endfacet
  facet normal -0.255041 0.606611 0.752979
    outer loop
      vertex 71.6064 3 77.7948
      vertex 71.1506 1.4 78.9294
      vertex 71.6188 3 77.799
    endloop
  endfacet
  facet normal -0.255575 0.606626 0.752786
    outer loop
      vertex 71.1506 1.4 78.9294
      vertex 71.6064 3 77.7948
      vertex 70.94 1.4 78.8579
    endloop
  endfacet
  facet normal 0.351737 0.606623 -0.712945
    outer loop
      vertex 69.3812 3 83.201
      vertex 69.8494 1.4 82.0706
      vertex 69.05 3 83.0376
    endloop
  endfacet
  facet normal 0.351804 0.606631 -0.712904
    outer loop
      vertex 69.65 1.4 81.9722
      vertex 69.05 3 83.0376
      vertex 69.8494 1.4 82.0706
    endloop
  endfacet
  facet normal 0.345851 0.606442 -0.715972
    outer loop
      vertex 69.05 3 83.0376
      vertex 69.65 1.4 81.9722
      vertex 69.0382 3 83.0319
    endloop
  endfacet
  facet normal 0.712904 0.606631 0.351804
    outer loop
      vertex 69.0278 1.4 79.65
      vertex 67.9624 3 79.05
      vertex 68.9294 1.4 79.8494
    endloop
  endfacet
  facet normal 0.715972 0.606442 0.345851
    outer loop
      vertex 67.9624 3 79.05
      vertex 69.0278 1.4 79.65
      vertex 67.9681 3 79.0382
    endloop
  endfacet
  facet normal -0.345851 0.606442 0.715972
    outer loop
      vertex 71.95 3 77.9624
      vertex 71.35 1.4 79.0278
      vertex 71.9618 3 77.9681
    endloop
  endfacet
  facet normal -0.351804 0.606631 0.712904
    outer loop
      vertex 71.35 1.4 79.0278
      vertex 71.95 3 77.9624
      vertex 71.1506 1.4 78.9294
    endloop
  endfacet
  facet normal 0.752786 0.606626 0.255575
    outer loop
      vertex 68.9294 1.4 79.8494
      vertex 67.7948 3 79.3936
      vertex 68.8579 1.4 80.06
    endloop
  endfacet
  facet normal 0.752979 0.606611 0.255041
    outer loop
      vertex 67.7948 3 79.3936
      vertex 68.9294 1.4 79.8494
      vertex 67.799 3 79.3812
    endloop
  endfacet
  facet normal -0.661007 0.606624 0.441675
    outer loop
      vertex 73.0246 3 79.0274
      vertex 72.8194 3 78.7203
      vertex 71.8487 1.4 79.4651
    endloop
  endfacet
  facet normal 0.155156 0.606607 -0.779714
    outer loop
      vertex 70.06 1.4 82.1421
      vertex 70.1184 3 83.3985
      vertex 70.2781 1.4 82.1855
    endloop
  endfacet
  facet normal 0.152345 0.606941 -0.780009
    outer loop
      vertex 70.1184 3 83.3985
      vertex 70.06 1.4 82.1421
      vertex 70.1056 3 83.396
    endloop
  endfacet
  facet normal -0.658952 0.606134 0.445403
    outer loop
      vertex 71.8487 1.4 79.4651
      vertex 73.0319 3 79.0382
      vertex 73.0246 3 79.0274
    endloop
  endfacet
  facet normal -0.661061 0.606663 0.441541
    outer loop
      vertex 73.0319 3 79.0382
      vertex 71.8487 1.4 79.4651
      vertex 71.9722 1.4 79.65
    endloop
  endfacet
  facet normal -0.351737 0.606623 0.712945
    outer loop
      vertex 71.95 3 77.9624
      vertex 71.6188 3 77.799
      vertex 71.1506 1.4 78.9294
    endloop
  endfacet
  facet normal -0.779702 0.60662 0.155166
    outer loop
      vertex 73.396 3 80.1056
      vertex 73.3239 3 79.7433
      vertex 72.1421 1.4 80.06
    endloop
  endfacet
  facet normal -0.780009 0.606941 0.152345
    outer loop
      vertex 72.1421 1.4 80.06
      vertex 73.3985 3 80.1184
      vertex 73.396 3 80.1056
    endloop
  endfacet
  facet normal -0.779714 0.606607 0.155156
    outer loop
      vertex 73.3985 3 80.1184
      vertex 72.1421 1.4 80.06
      vertex 72.1855 1.4 80.2781
    endloop
  endfacet
  facet normal -0.597759 0.606622 0.524112
    outer loop
      vertex 72.5759 3 78.4426
      vertex 71.7021 1.4 79.2979
      vertex 71.8487 1.4 79.4651
    endloop
  endfacet
  facet normal -0.594448 0.606744 0.527724
    outer loop
      vertex 71.7021 1.4 79.2979
      vertex 72.5759 3 78.4426
      vertex 72.5672 3 78.4328
    endloop
  endfacet
  facet normal -0.752979 0.606611 0.255041
    outer loop
      vertex 72.0706 1.4 79.8494
      vertex 73.2052 3 79.3936
      vertex 73.201 3 79.3812
    endloop
  endfacet
  facet normal -0.752786 0.606626 0.255575
    outer loop
      vertex 73.2052 3 79.3936
      vertex 72.0706 1.4 79.8494
      vertex 72.1421 1.4 80.06
    endloop
  endfacet
  facet normal -1 0 0
    outer loop
      vertex 75 0 51.2
      vertex 75 0.0999994 56.8
      vertex 75 0.0999994 51.2
    endloop
  endfacet
  facet normal -1 -0 0
    outer loop
      vertex 75 0.0999994 56.8
      vertex 75 0 51.2
      vertex 75 0 56.8
    endloop
  endfacet
  facet normal 0 0 -1
    outer loop
      vertex 4 -3 56.8
      vertex 0.299999 -3 56.8
      vertex 4 0 56.8
    endloop
  endfacet
  facet normal 0 0 -1
    outer loop
      vertex 73.7 -3 56.8
      vertex 70 -3 56.8
      vertex 73.7 0 56.8
    endloop
  endfacet
  facet normal 0 0 -1
    outer loop
      vertex 73.7 0 56.8
      vertex 75 0.0999994 56.8
      vertex 75 0 56.8
    endloop
  endfacet
  facet normal 0 0 -1
    outer loop
      vertex 70 0 56.8
      vertex 73.7 0 56.8
      vertex 70 -3 56.8
    endloop
  endfacet
  facet normal 0 0 -1
    outer loop
      vertex 70 0 56.8
      vertex 75 0.0999994 56.8
      vertex 73.7 0 56.8
    endloop
  endfacet
  facet normal 0 0 -1
    outer loop
      vertex 4 0 56.8
      vertex 75 0.0999994 56.8
      vertex 70 0 56.8
    endloop
  endfacet
  facet normal 0 0 -1
    outer loop
      vertex 0.299999 0 56.8
      vertex 4 0 56.8
      vertex 0.299999 -3 56.8
    endloop
  endfacet
  facet normal 0 0 -1
    outer loop
      vertex -1 0.0999994 56.8
      vertex 4 0 56.8
      vertex 0.299999 0 56.8
    endloop
  endfacet
  facet normal 0 0 -1
    outer loop
      vertex -1 0.0999994 56.8
      vertex 0.299999 0 56.8
      vertex -1 0 56.8
    endloop
  endfacet
  facet normal 0 0 -1
    outer loop
      vertex 4 0 56.8
      vertex -1 0.0999994 56.8
      vertex 75 0.0999994 56.8
    endloop
  endfacet
  facet normal 0 0 1
    outer loop
      vertex 75 0.0999994 51.2
      vertex 73.7 0 51.2
      vertex 75 0 51.2
    endloop
  endfacet
  facet normal 0 0 1
    outer loop
      vertex 73.7 0 51.2
      vertex 70 0 51.2
      vertex 73.7 -3 51.2
    endloop
  endfacet
  facet normal 0 0 1
    outer loop
      vertex 75 0.0999994 51.2
      vertex 70 0 51.2
      vertex 73.7 0 51.2
    endloop
  endfacet
  facet normal 0 0 1
    outer loop
      vertex 75 0.0999994 51.2
      vertex 4 0 51.2
      vertex 70 0 51.2
    endloop
  endfacet
  facet normal 0 0 1
    outer loop
      vertex 4 0 51.2
      vertex 0.299999 0 51.2
      vertex 4 -3 51.2
    endloop
  endfacet
  facet normal -0 0 1
    outer loop
      vertex -1 0.0999994 51.2
      vertex 4 0 51.2
      vertex 75 0.0999994 51.2
    endloop
  endfacet
  facet normal 0 0 1
    outer loop
      vertex 4 0 51.2
      vertex -1 0.0999994 51.2
      vertex 0.299999 0 51.2
    endloop
  endfacet
  facet normal 0 0 1
    outer loop
      vertex 0.299999 0 51.2
      vertex -1 0.0999994 51.2
      vertex -1 0 51.2
    endloop
  endfacet
  facet normal 0 0 1
    outer loop
      vertex 73.7 -3 51.2
      vertex 70 0 51.2
      vertex 70 -3 51.2
    endloop
  endfacet
  facet normal 0 0 1
    outer loop
      vertex 4 -3 51.2
      vertex 0.299999 0 51.2
      vertex 0.299999 -3 51.2
    endloop
  endfacet
  facet normal 1 -0 0
    outer loop
      vertex -1 0 56.8
      vertex -1 0.0999994 51.2
      vertex -1 0.0999994 56.8
    endloop
  endfacet
  facet normal 1 0 0
    outer loop
      vertex -1 0.0999994 51.2
      vertex -1 0 56.8
      vertex -1 0 51.2
    endloop
  endfacet
  facet normal 0 -1 0
    outer loop
      vertex -1 0.0999994 51.2
      vertex 75 0.0999994 56.8
      vertex -1 0.0999994 56.8
    endloop
  endfacet
  facet normal 0 -1 -0
    outer loop
      vertex 75 0.0999994 56.8
      vertex -1 0.0999994 51.2
      vertex 75 0.0999994 51.2
    endloop
  endfacet
  facet normal -1 0 0
    outer loop
      vertex 75 0 26.2
      vertex 75 0.0999994 31.8
      vertex 75 0.0999994 26.2
    endloop
  endfacet
  facet normal -1 -0 0
    outer loop
      vertex 75 0.0999994 31.8
      vertex 75 0 26.2
      vertex 75 0 31.8
    endloop
  endfacet
  facet normal 0 0 -1
    outer loop
      vertex 4 -3 31.8
      vertex 0.299999 -3 31.8
      vertex 4 0 31.8
    endloop
  endfacet
  facet normal 0 0 -1
    outer loop
      vertex 73.7 -3 31.8
      vertex 70 -3 31.8
      vertex 73.7 0 31.8
    endloop
  endfacet
  facet normal 0 0 -1
    outer loop
      vertex 73.7 0 31.8
      vertex 75 0.0999994 31.8
      vertex 75 0 31.8
    endloop
  endfacet
  facet normal 0 0 -1
    outer loop
      vertex 70 0 31.8
      vertex 73.7 0 31.8
      vertex 70 -3 31.8
    endloop
  endfacet
  facet normal 0 0 -1
    outer loop
      vertex 70 0 31.8
      vertex 75 0.0999994 31.8
      vertex 73.7 0 31.8
    endloop
  endfacet
  facet normal 0 0 -1
    outer loop
      vertex 4 0 31.8
      vertex 75 0.0999994 31.8
      vertex 70 0 31.8
    endloop
  endfacet
  facet normal 0 0 -1
    outer loop
      vertex 0.299999 0 31.8
      vertex 4 0 31.8
      vertex 0.299999 -3 31.8
    endloop
  endfacet
  facet normal 0 0 -1
    outer loop
      vertex -1 0.0999994 31.8
      vertex 4 0 31.8
      vertex 0.299999 0 31.8
    endloop
  endfacet
  facet normal 0 0 -1
    outer loop
      vertex -1 0.0999994 31.8
      vertex 0.299999 0 31.8
      vertex -1 0 31.8
    endloop
  endfacet
  facet normal 0 0 -1
    outer loop
      vertex 4 0 31.8
      vertex -1 0.0999994 31.8
      vertex 75 0.0999994 31.8
    endloop
  endfacet
  facet normal 0 0 1
    outer loop
      vertex 75 0.0999994 26.2
      vertex 73.7 0 26.2
      vertex 75 0 26.2
    endloop
  endfacet
  facet normal 0 0 1
    outer loop
      vertex 73.7 0 26.2
      vertex 70 0 26.2
      vertex 73.7 -3 26.2
    endloop
  endfacet
  facet normal 0 0 1
    outer loop
      vertex 75 0.0999994 26.2
      vertex 70 0 26.2
      vertex 73.7 0 26.2
    endloop
  endfacet
  facet normal 0 0 1
    outer loop
      vertex 75 0.0999994 26.2
      vertex 4 0 26.2
      vertex 70 0 26.2
    endloop
  endfacet
  facet normal 0 0 1
    outer loop
      vertex 4 0 26.2
      vertex 0.299999 0 26.2
      vertex 4 -3 26.2
    endloop
  endfacet
  facet normal -0 0 1
    outer loop
      vertex -1 0.0999994 26.2
      vertex 4 0 26.2
      vertex 75 0.0999994 26.2
    endloop
  endfacet
  facet normal 0 0 1
    outer loop
      vertex 4 0 26.2
      vertex -1 0.0999994 26.2
      vertex 0.299999 0 26.2
    endloop
  endfacet
  facet normal 0 0 1
    outer loop
      vertex 0.299999 0 26.2
      vertex -1 0.0999994 26.2
      vertex -1 0 26.2
    endloop
  endfacet
  facet normal 0 0 1
    outer loop
      vertex 73.7 -3 26.2
      vertex 70 0 26.2
      vertex 70 -3 26.2
    endloop
  endfacet
  facet normal 0 0 1
    outer loop
      vertex 4 -3 26.2
      vertex 0.299999 0 26.2
      vertex 0.299999 -3 26.2
    endloop
  endfacet
  facet normal 1 -0 0
    outer loop
      vertex -1 0 31.8
      vertex -1 0.0999994 26.2
      vertex -1 0.0999994 31.8
    endloop
  endfacet
  facet normal 1 0 0
    outer loop
      vertex -1 0.0999994 26.2
      vertex -1 0 31.8
      vertex -1 0 26.2
    endloop
  endfacet
  facet normal 0 -1 0
    outer loop
      vertex -1 0.0999994 26.2
      vertex 75 0.0999994 31.8
      vertex -1 0.0999994 31.8
    endloop
  endfacet
  facet normal 0 -1 -0
    outer loop
      vertex 75 0.0999994 31.8
      vertex -1 0.0999994 26.2
      vertex 75 0.0999994 26.2
    endloop
  endfacet
endsolid OpenSCAD_Model
