solid OpenSCAD_Model
  facet normal 1 -0 0
    outer loop
      vertex 9 -3 22.6
      vertex 9 -1.01 9.4
      vertex 9 -1.01 22.6
    endloop
  endfacet
  facet normal 1 0 0
    outer loop
      vertex 9 -1.01 9.4
      vertex 9 -3 22.6
      vertex 9 -3 9.4
    endloop
  endfacet
  facet normal 0 0 -1
    outer loop
      vertex 9 -3 22.6
      vertex 43 -1.01 22.6
      vertex 43 -3 22.6
    endloop
  endfacet
  facet normal -0 0 -1
    outer loop
      vertex 43 -1.01 22.6
      vertex 9 -3 22.6
      vertex 9 -1.01 22.6
    endloop
  endfacet
  facet normal -1 0 0
    outer loop
      vertex 43 -3 9.4
      vertex 43 -1.01 22.6
      vertex 43 -1.01 9.4
    endloop
  endfacet
  facet normal -1 -0 0
    outer loop
      vertex 43 -1.01 22.6
      vertex 43 -3 9.4
      vertex 43 -3 22.6
    endloop
  endfacet
  facet normal -0 0 1
    outer loop
      vertex 9 -1.01 9.4
      vertex 43 -3 9.4
      vertex 43 -1.01 9.4
    endloop
  endfacet
  facet normal 0 0 1
    outer loop
      vertex 43 -3 9.4
      vertex 9 -1.01 9.4
      vertex 9 -3 9.4
    endloop
  endfacet
  facet normal -0.707107 0.707107 0
    outer loop
      vertex 47 -1.01 9.4
      vertex 48 -0.00999928 23.6
      vertex 48 -0.00999928 8.4
    endloop
  endfacet
  facet normal -0.707107 0.707107 0
    outer loop
      vertex 48 -0.00999928 23.6
      vertex 47 -1.01 9.4
      vertex 47 -1.01 22.6
    endloop
  endfacet
  facet normal 1 -0 0
    outer loop
      vertex 4 -0.00999928 23.6
      vertex 4 0 8.4
      vertex 4 0 23.6
    endloop
  endfacet
  facet normal 1 0 0
    outer loop
      vertex 4 0 8.4
      vertex 4 -0.00999928 23.6
      vertex 4 -0.00999928 8.4
    endloop
  endfacet
  facet normal 0.707107 0.707107 0
    outer loop
      vertex 5 -1.01 22.6
      vertex 4 -0.00999928 8.4
      vertex 4 -0.00999928 23.6
    endloop
  endfacet
  facet normal 0.707107 0.707107 0
    outer loop
      vertex 4 -0.00999928 8.4
      vertex 5 -1.01 22.6
      vertex 5 -1.01 9.4
    endloop
  endfacet
  facet normal 0 1 0
    outer loop
      vertex 74 0 51.5
      vertex 48 0 49.6
      vertex 0 0 51.5
    endloop
  endfacet
  facet normal 0 1 0
    outer loop
      vertex 74 0 51.5
      vertex 48 0 34.4
      vertex 48 0 49.6
    endloop
  endfacet
  facet normal 0 1 0
    outer loop
      vertex 48 0 34.4
      vertex 46.5 0 31.5
      vertex 4 0 34.4
    endloop
  endfacet
  facet normal 0 1 0
    outer loop
      vertex 48 0 23.6
      vertex 48 0 34.4
      vertex 74 0 51.5
    endloop
  endfacet
  facet normal 0 1 0
    outer loop
      vertex 48 0 34.4
      vertex 48 0 23.6
      vertex 46.5 0 31.5
    endloop
  endfacet
  facet normal 0 1 0
    outer loop
      vertex 4 0 23.6
      vertex 46.5 0 26.5
      vertex 48 0 23.6
    endloop
  endfacet
  facet normal 0 1 0
    outer loop
      vertex 46.5 0 31.5
      vertex 48 0 23.6
      vertex 46.5 0 26.5
    endloop
  endfacet
  facet normal 0 1 -0
    outer loop
      vertex 74 0 0
      vertex 48 0 23.6
      vertex 74 0 51.5
    endloop
  endfacet
  facet normal 0 1 0
    outer loop
      vertex 0 0 0
      vertex 48 0 8.4
      vertex 74 0 0
    endloop
  endfacet
  facet normal 0 1 0
    outer loop
      vertex 48 0 23.6
      vertex 74 0 0
      vertex 48 0 8.4
    endloop
  endfacet
  facet normal 0 1 -0
    outer loop
      vertex 4 0 49.6
      vertex 0 0 51.5
      vertex 48 0 49.6
    endloop
  endfacet
  facet normal 0 1 -0
    outer loop
      vertex 4 0 34.4
      vertex 0 0 51.5
      vertex 4 0 49.6
    endloop
  endfacet
  facet normal 0 1 0
    outer loop
      vertex 4 0 34.4
      vertex 0 0 31.5
      vertex 0 0 51.5
    endloop
  endfacet
  facet normal 0 1 0
    outer loop
      vertex 0 0 31.5
      vertex 4 0 34.4
      vertex 46.5 0 31.5
    endloop
  endfacet
  facet normal 0 1 0
    outer loop
      vertex 46.5 0 26.5
      vertex 4 0 23.6
      vertex 0 0 26.5
    endloop
  endfacet
  facet normal 0 1 -0
    outer loop
      vertex 4 0 8.4
      vertex 0 0 26.5
      vertex 4 0 23.6
    endloop
  endfacet
  facet normal 0 1 0
    outer loop
      vertex 4 0 8.4
      vertex 0 0 0
      vertex 0 0 26.5
    endloop
  endfacet
  facet normal 0 1 0
    outer loop
      vertex 48 0 8.4
      vertex 0 0 0
      vertex 4 0 8.4
    endloop
  endfacet
  facet normal 0 1 -0
    outer loop
      vertex 74 0 56.5
      vertex 0 0 84
      vertex 74 0 84
    endloop
  endfacet
  facet normal 0 1 0
    outer loop
      vertex 0 0 84
      vertex 74 0 56.5
      vertex 0 0 56.5
    endloop
  endfacet
  facet normal -0 0 1
    outer loop
      vertex 4 0 8.4
      vertex 48 -0.00999928 8.4
      vertex 48 0 8.4
    endloop
  endfacet
  facet normal 0 0 1
    outer loop
      vertex 48 -0.00999928 8.4
      vertex 4 0 8.4
      vertex 4 -0.00999928 8.4
    endloop
  endfacet
  facet normal 0 0 -1
    outer loop
      vertex 4 -0.00999928 23.6
      vertex 48 0 23.6
      vertex 48 -0.00999928 23.6
    endloop
  endfacet
  facet normal -0 0 -1
    outer loop
      vertex 48 0 23.6
      vertex 4 -0.00999928 23.6
      vertex 4 0 23.6
    endloop
  endfacet
  facet normal 0 0.707107 -0.707107
    outer loop
      vertex 43 -1.01 22.6
      vertex 48 -0.00999928 23.6
      vertex 47 -1.01 22.6
    endloop
  endfacet
  facet normal 0 0.707107 -0.707107
    outer loop
      vertex 48 -0.00999928 23.6
      vertex 43 -1.01 22.6
      vertex 4 -0.00999928 23.6
    endloop
  endfacet
  facet normal 0 0.707107 -0.707107
    outer loop
      vertex 9 -1.01 22.6
      vertex 4 -0.00999928 23.6
      vertex 43 -1.01 22.6
    endloop
  endfacet
  facet normal 0 0.707107 -0.707107
    outer loop
      vertex 4 -0.00999928 23.6
      vertex 9 -1.01 22.6
      vertex 5 -1.01 22.6
    endloop
  endfacet
  facet normal 0 0.707107 0.707107
    outer loop
      vertex 48 -0.00999928 8.4
      vertex 43 -1.01 9.4
      vertex 47 -1.01 9.4
    endloop
  endfacet
  facet normal 0 0.707107 0.707107
    outer loop
      vertex 43 -1.01 9.4
      vertex 48 -0.00999928 8.4
      vertex 9 -1.01 9.4
    endloop
  endfacet
  facet normal -0 0.707107 0.707107
    outer loop
      vertex 4 -0.00999928 8.4
      vertex 9 -1.01 9.4
      vertex 48 -0.00999928 8.4
    endloop
  endfacet
  facet normal 0 0.707107 0.707107
    outer loop
      vertex 9 -1.01 9.4
      vertex 4 -0.00999928 8.4
      vertex 5 -1.01 9.4
    endloop
  endfacet
  facet normal 0 1 -0
    outer loop
      vertex 47 -1.01 9.4
      vertex 43 -1.01 22.6
      vertex 47 -1.01 22.6
    endloop
  endfacet
  facet normal 0 1 0
    outer loop
      vertex 43 -1.01 22.6
      vertex 47 -1.01 9.4
      vertex 43 -1.01 9.4
    endloop
  endfacet
  facet normal 0 1 -0
    outer loop
      vertex 9 -1.01 9.4
      vertex 5 -1.01 22.6
      vertex 9 -1.01 22.6
    endloop
  endfacet
  facet normal 0 1 0
    outer loop
      vertex 5 -1.01 22.6
      vertex 9 -1.01 9.4
      vertex 5 -1.01 9.4
    endloop
  endfacet
  facet normal -1 0 0
    outer loop
      vertex 48 -0.00999928 8.4
      vertex 48 0 23.6
      vertex 48 0 8.4
    endloop
  endfacet
  facet normal -1 -0 0
    outer loop
      vertex 48 0 23.6
      vertex 48 -0.00999928 8.4
      vertex 48 -0.00999928 23.6
    endloop
  endfacet
  facet normal 1 -0 0
    outer loop
      vertex 9 -3 48.6
      vertex 9 -1.01 35.4
      vertex 9 -1.01 48.6
    endloop
  endfacet
  facet normal 1 0 0
    outer loop
      vertex 9 -1.01 35.4
      vertex 9 -3 48.6
      vertex 9 -3 35.4
    endloop
  endfacet
  facet normal 0 0 -1
    outer loop
      vertex 9 -3 48.6
      vertex 43 -1.01 48.6
      vertex 43 -3 48.6
    endloop
  endfacet
  facet normal -0 0 -1
    outer loop
      vertex 43 -1.01 48.6
      vertex 9 -3 48.6
      vertex 9 -1.01 48.6
    endloop
  endfacet
  facet normal -1 0 0
    outer loop
      vertex 43 -3 35.4
      vertex 43 -1.01 48.6
      vertex 43 -1.01 35.4
    endloop
  endfacet
  facet normal -1 -0 0
    outer loop
      vertex 43 -1.01 48.6
      vertex 43 -3 35.4
      vertex 43 -3 48.6
    endloop
  endfacet
  facet normal -0 0 1
    outer loop
      vertex 9 -1.01 35.4
      vertex 43 -3 35.4
      vertex 43 -1.01 35.4
    endloop
  endfacet
  facet normal 0 0 1
    outer loop
      vertex 43 -3 35.4
      vertex 9 -1.01 35.4
      vertex 9 -3 35.4
    endloop
  endfacet
  facet normal -0.707107 0.707107 0
    outer loop
      vertex 47 -1.01 35.4
      vertex 48 -0.00999928 49.6
      vertex 48 -0.00999928 34.4
    endloop
  endfacet
  facet normal -0.707107 0.707107 0
    outer loop
      vertex 48 -0.00999928 49.6
      vertex 47 -1.01 35.4
      vertex 47 -1.01 48.6
    endloop
  endfacet
  facet normal 1 -0 0
    outer loop
      vertex 4 -0.00999928 49.6
      vertex 4 0 34.4
      vertex 4 0 49.6
    endloop
  endfacet
  facet normal 1 0 0
    outer loop
      vertex 4 0 34.4
      vertex 4 -0.00999928 49.6
      vertex 4 -0.00999928 34.4
    endloop
  endfacet
  facet normal 0.707107 0.707107 0
    outer loop
      vertex 5 -1.01 48.6
      vertex 4 -0.00999928 34.4
      vertex 4 -0.00999928 49.6
    endloop
  endfacet
  facet normal 0.707107 0.707107 0
    outer loop
      vertex 4 -0.00999928 34.4
      vertex 5 -1.01 48.6
      vertex 5 -1.01 35.4
    endloop
  endfacet
  facet normal -0 0 1
    outer loop
      vertex 4 0 34.4
      vertex 48 -0.00999928 34.4
      vertex 48 0 34.4
    endloop
  endfacet
  facet normal 0 0 1
    outer loop
      vertex 48 -0.00999928 34.4
      vertex 4 0 34.4
      vertex 4 -0.00999928 34.4
    endloop
  endfacet
  facet normal 0 0 -1
    outer loop
      vertex 4 -0.00999928 49.6
      vertex 48 0 49.6
      vertex 48 -0.00999928 49.6
    endloop
  endfacet
  facet normal -0 0 -1
    outer loop
      vertex 48 0 49.6
      vertex 4 -0.00999928 49.6
      vertex 4 0 49.6
    endloop
  endfacet
  facet normal 0 0.707107 -0.707107
    outer loop
      vertex 43 -1.01 48.6
      vertex 48 -0.00999928 49.6
      vertex 47 -1.01 48.6
    endloop
  endfacet
  facet normal 0 0.707107 -0.707107
    outer loop
      vertex 48 -0.00999928 49.6
      vertex 43 -1.01 48.6
      vertex 4 -0.00999928 49.6
    endloop
  endfacet
  facet normal 0 0.707107 -0.707107
    outer loop
      vertex 9 -1.01 48.6
      vertex 4 -0.00999928 49.6
      vertex 43 -1.01 48.6
    endloop
  endfacet
  facet normal 0 0.707107 -0.707107
    outer loop
      vertex 4 -0.00999928 49.6
      vertex 9 -1.01 48.6
      vertex 5 -1.01 48.6
    endloop
  endfacet
  facet normal 0 0.707107 0.707107
    outer loop
      vertex 48 -0.00999928 34.4
      vertex 43 -1.01 35.4
      vertex 47 -1.01 35.4
    endloop
  endfacet
  facet normal 0 0.707107 0.707107
    outer loop
      vertex 43 -1.01 35.4
      vertex 48 -0.00999928 34.4
      vertex 9 -1.01 35.4
    endloop
  endfacet
  facet normal -0 0.707107 0.707107
    outer loop
      vertex 4 -0.00999928 34.4
      vertex 9 -1.01 35.4
      vertex 48 -0.00999928 34.4
    endloop
  endfacet
  facet normal 0 0.707107 0.707107
    outer loop
      vertex 9 -1.01 35.4
      vertex 4 -0.00999928 34.4
      vertex 5 -1.01 35.4
    endloop
  endfacet
  facet normal 0 1 -0
    outer loop
      vertex 47 -1.01 35.4
      vertex 43 -1.01 48.6
      vertex 47 -1.01 48.6
    endloop
  endfacet
  facet normal 0 1 0
    outer loop
      vertex 43 -1.01 48.6
      vertex 47 -1.01 35.4
      vertex 43 -1.01 35.4
    endloop
  endfacet
  facet normal 0 1 -0
    outer loop
      vertex 9 -1.01 35.4
      vertex 5 -1.01 48.6
      vertex 9 -1.01 48.6
    endloop
  endfacet
  facet normal 0 1 0
    outer loop
      vertex 5 -1.01 48.6
      vertex 9 -1.01 35.4
      vertex 5 -1.01 35.4
    endloop
  endfacet
  facet normal -1 0 0
    outer loop
      vertex 48 -0.00999928 34.4
      vertex 48 0 49.6
      vertex 48 0 34.4
    endloop
  endfacet
  facet normal -1 -0 0
    outer loop
      vertex 48 0 49.6
      vertex 48 -0.00999928 34.4
      vertex 48 -0.00999928 49.6
    endloop
  endfacet
  facet normal 0 -0.707107 0.707107
    outer loop
      vertex 75.51 30.7 3
      vertex 77 35.7 8
      vertex 75.51 35.7 8
    endloop
  endfacet
  facet normal 0 -0.707107 0.707107
    outer loop
      vertex 77 35.7 8
      vertex 75.51 30.7 3
      vertex 77 30.7 3
    endloop
  endfacet
  facet normal -0 0 1
    outer loop
      vertex 75.51 30.7 3
      vertex 77 13.3 3
      vertex 77 30.7 3
    endloop
  endfacet
  facet normal 0 0 1
    outer loop
      vertex 77 13.3 3
      vertex 75.51 30.7 3
      vertex 75.51 13.3 3
    endloop
  endfacet
  facet normal 0 0 -1
    outer loop
      vertex 75.51 8.3 51
      vertex 77 35.7 51
      vertex 77 8.3 51
    endloop
  endfacet
  facet normal -0 0 -1
    outer loop
      vertex 77 35.7 51
      vertex 75.51 8.3 51
      vertex 75.51 35.7 51
    endloop
  endfacet
  facet normal 0 1 -0
    outer loop
      vertex 77 8.3 8
      vertex 75.51 8.3 51
      vertex 77 8.3 51
    endloop
  endfacet
  facet normal 0 1 0
    outer loop
      vertex 75.51 8.3 51
      vertex 77 8.3 8
      vertex 75.51 8.3 8
    endloop
  endfacet
  facet normal 0 0.707107 0.707107
    outer loop
      vertex 77 13.3 3
      vertex 75.51 8.3 8
      vertex 77 8.3 8
    endloop
  endfacet
  facet normal 0 0.707107 0.707107
    outer loop
      vertex 75.51 8.3 8
      vertex 77 13.3 3
      vertex 75.51 13.3 3
    endloop
  endfacet
  facet normal 0 -1 0
    outer loop
      vertex 75.51 35.7 8
      vertex 77 35.7 51
      vertex 75.51 35.7 51
    endloop
  endfacet
  facet normal 0 -1 -0
    outer loop
      vertex 77 35.7 51
      vertex 75.51 35.7 8
      vertex 77 35.7 8
    endloop
  endfacet
  facet normal -0.707107 0 0.707107
    outer loop
      vertex 74.847 38.5 2.337
      vertex 75.51 30.7 3
      vertex 75.51 39.7 3
    endloop
  endfacet
  facet normal -0.699322 0.00131607 0.714805
    outer loop
      vertex 74.8457 38.499 2.33573
      vertex 75.51 30.7 3
      vertex 74.847 38.5 2.337
    endloop
  endfacet
  facet normal -0.707107 0 0.707107
    outer loop
      vertex 74.847 38.5 2.337
      vertex 75.51 39.7 3
      vertex 74.847 40.363 2.337
    endloop
  endfacet
  facet normal -0.787111 -0.0145226 0.616641
    outer loop
      vertex 74.8456 38.4989 2.3356
      vertex 75.51 30.7 3
      vertex 74.8457 38.499 2.33573
    endloop
  endfacet
  facet normal -0.707099 1.37236e-06 0.707115
    outer loop
      vertex 74.4289 38.2377 1.91891
      vertex 75.51 30.7 3
      vertex 74.8456 38.4989 2.3356
    endloop
  endfacet
  facet normal -0.707602 -0.00014304 0.706611
    outer loop
      vertex 74.3962 38.2172 1.88616
      vertex 75.51 30.7 3
      vertex 74.4289 38.2377 1.91891
    endloop
  endfacet
  facet normal -0.706666 0.00013446 0.707548
    outer loop
      vertex 74.3587 38.2001 1.84871
      vertex 75.51 30.7 3
      vertex 74.3962 38.2172 1.88616
    endloop
  endfacet
  facet normal -0.707116 -3.79058e-06 0.707098
    outer loop
      vertex 74.01 38.0413 1.5
      vertex 75.51 30.7 3
      vertex 74.3587 38.2001 1.84871
    endloop
  endfacet
  facet normal -0.707107 0 0.707107
    outer loop
      vertex 75.51 30.7 3
      vertex 74.01 38.0413 1.5
      vertex 75.51 13.3 3
    endloop
  endfacet
  facet normal -0.707107 0 0.707107
    outer loop
      vertex 74.01 2.8 1.5
      vertex 75.51 13.3 3
      vertex 74.01 38.0413 1.5
    endloop
  endfacet
  facet normal -0.707107 0 0.707107
    outer loop
      vertex 75.51 13.3 3
      vertex 74.01 2.8 1.5
      vertex 75.51 4.3 3
    endloop
  endfacet
  facet normal -1 0 0
    outer loop
      vertex 74 44 56.5
      vertex 74 38.5 77.6807
      vertex 74 44 77.6807
    endloop
  endfacet
  facet normal -1 0 0
    outer loop
      vertex 74 25.9658 65.0221
      vertex 74 38.5 77.6807
      vertex 74 44 56.5
    endloop
  endfacet
  facet normal -1 0 0
    outer loop
      vertex 74 25.8637 65.5353
      vertex 74 38.5 77.6807
      vertex 74 25.9658 65.0221
    endloop
  endfacet
  facet normal -1 0 0
    outer loop
      vertex 74 25.6955 66.0307
      vertex 74 38.5 77.6807
      vertex 74 25.8637 65.5353
    endloop
  endfacet
  facet normal -1 0 0
    outer loop
      vertex 74 25.4641 66.5
      vertex 74 38.5 77.6807
      vertex 74 25.6955 66.0307
    endloop
  endfacet
  facet normal -1 0 0
    outer loop
      vertex 74 25.1734 66.935
      vertex 74 38.5 77.6807
      vertex 74 25.4641 66.5
    endloop
  endfacet
  facet normal -1 0 0
    outer loop
      vertex 74 24.8284 67.3284
      vertex 74 38.5 77.6807
      vertex 74 25.1734 66.935
    endloop
  endfacet
  facet normal -1 -0 0
    outer loop
      vertex 74 38.5 77.6807
      vertex 74 24.8284 67.3284
      vertex 74 38.4222 77.7984
    endloop
  endfacet
  facet normal -1 -0 0
    outer loop
      vertex 74 38.4222 77.7984
      vertex 74 24.8284 67.3284
      vertex 74 38.4117 77.8144
    endloop
  endfacet
  facet normal -1 0 0
    outer loop
      vertex 74 23.5307 68.1955
      vertex 74 37.5935 79.7153
      vertex 74 37.6235 79.5622
    endloop
  endfacet
  facet normal -1 0 0
    outer loop
      vertex 74 23.0353 68.3637
      vertex 74 37.5106 80.3386
      vertex 74 37.5302 80.0392
    endloop
  endfacet
  facet normal -1 -0 0
    outer loop
      vertex 74 38.085 78.4011
      vertex 74 24.8284 67.3284
      vertex 74 38.0415 78.4793
    endloop
  endfacet
  facet normal -1 -0 0
    outer loop
      vertex 74 38.4117 77.8144
      vertex 74 24.8284 67.3284
      vertex 74 38.085 78.4011
    endloop
  endfacet
  facet normal -1 0 0
    outer loop
      vertex 74 25.9658 65.0221
      vertex 74 44 56.5
      vertex 74 26 64.5
    endloop
  endfacet
  facet normal -1 0 0
    outer loop
      vertex 74 44 56.5
      vertex 74 25.9658 63.9779
      vertex 74 26 64.5
    endloop
  endfacet
  facet normal -1 0 0
    outer loop
      vertex 74 44 56.5
      vertex 74 25.8637 63.4647
      vertex 74 25.9658 63.9779
    endloop
  endfacet
  facet normal -1 0 0
    outer loop
      vertex 74 44 56.5
      vertex 74 25.6955 62.9693
      vertex 74 25.8637 63.4647
    endloop
  endfacet
  facet normal -1 0 0
    outer loop
      vertex 74 44 56.5
      vertex 74 25.4641 62.5
      vertex 74 25.6955 62.9693
    endloop
  endfacet
  facet normal -1 0 0
    outer loop
      vertex 74 44 56.5
      vertex 74 25.1734 62.065
      vertex 74 25.4641 62.5
    endloop
  endfacet
  facet normal -1 0 0
    outer loop
      vertex 74 44 56.5
      vertex 74 24.8284 61.6716
      vertex 74 25.1734 62.065
    endloop
  endfacet
  facet normal -1 0 0
    outer loop
      vertex 74 44 56.5
      vertex 74 24.435 61.3266
      vertex 74 24.8284 61.6716
    endloop
  endfacet
  facet normal -1 0 0
    outer loop
      vertex 74 44 56.5
      vertex 74 24 61.0359
      vertex 74 24.435 61.3266
    endloop
  endfacet
  facet normal -1 0 0
    outer loop
      vertex 74 44 56.5
      vertex 74 23.5307 60.8045
      vertex 74 24 61.0359
    endloop
  endfacet
  facet normal -1 0 0
    outer loop
      vertex 74 44 56.5
      vertex 74 23.0353 60.6363
      vertex 74 23.5307 60.8045
    endloop
  endfacet
  facet normal -1 0 0
    outer loop
      vertex 74 44 56.5
      vertex 74 22.5221 60.5342
      vertex 74 23.0353 60.6363
    endloop
  endfacet
  facet normal -1 0 0
    outer loop
      vertex 74 44 56.5
      vertex 74 22 60.5
      vertex 74 22.5221 60.5342
    endloop
  endfacet
  facet normal -1 0 0
    outer loop
      vertex 74 0 56.5
      vertex 74 22 60.5
      vertex 74 44 56.5
    endloop
  endfacet
  facet normal -1 -0 0
    outer loop
      vertex 74 18.0342 63.9779
      vertex 74 0 56.5
      vertex 74 18 64.5
    endloop
  endfacet
  facet normal -1 -0 0
    outer loop
      vertex 74 18.1363 63.4647
      vertex 74 0 56.5
      vertex 74 18.0342 63.9779
    endloop
  endfacet
  facet normal -1 -0 0
    outer loop
      vertex 74 18.3045 62.9693
      vertex 74 0 56.5
      vertex 74 18.1363 63.4647
    endloop
  endfacet
  facet normal -1 -0 0
    outer loop
      vertex 74 18.5359 62.5
      vertex 74 0 56.5
      vertex 74 18.3045 62.9693
    endloop
  endfacet
  facet normal -1 -0 0
    outer loop
      vertex 74 18.8266 62.065
      vertex 74 0 56.5
      vertex 74 18.5359 62.5
    endloop
  endfacet
  facet normal -1 -0 0
    outer loop
      vertex 74 19.1716 61.6716
      vertex 74 0 56.5
      vertex 74 18.8266 62.065
    endloop
  endfacet
  facet normal -1 -0 0
    outer loop
      vertex 74 19.565 61.3266
      vertex 74 0 56.5
      vertex 74 19.1716 61.6716
    endloop
  endfacet
  facet normal -1 -0 0
    outer loop
      vertex 74 20 61.0359
      vertex 74 0 56.5
      vertex 74 19.565 61.3266
    endloop
  endfacet
  facet normal -1 -0 0
    outer loop
      vertex 74 20.4693 60.8045
      vertex 74 0 56.5
      vertex 74 20 61.0359
    endloop
  endfacet
  facet normal -1 -0 0
    outer loop
      vertex 74 20.9647 60.6363
      vertex 74 0 56.5
      vertex 74 20.4693 60.8045
    endloop
  endfacet
  facet normal -1 -0 0
    outer loop
      vertex 74 21.4779 60.5342
      vertex 74 0 56.5
      vertex 74 20.9647 60.6363
    endloop
  endfacet
  facet normal -1 -0 0
    outer loop
      vertex 74 22 60.5
      vertex 74 0 56.5
      vertex 74 21.4779 60.5342
    endloop
  endfacet
  facet normal -1 0 0
    outer loop
      vertex 74 38.5 83.3193
      vertex 74 44 84
      vertex 74 44 83.3193
    endloop
  endfacet
  facet normal 1 0 0
    outer loop
      vertex 74 38.4117 83.1856
      vertex 74 38.5 83.3193
      vertex 74 38.4222 83.2016
    endloop
  endfacet
  facet normal -1 0 0
    outer loop
      vertex 74 0 84
      vertex 74 37.84 82.0663
      vertex 74 37.7884 81.9497
    endloop
  endfacet
  facet normal -1 0 0
    outer loop
      vertex 74 21.4779 68.4658
      vertex 74 37.7454 81.8165
      vertex 74 37.6235 81.4378
    endloop
  endfacet
  facet normal -1 0 0
    outer loop
      vertex 74 22 68.5
      vertex 74 37.5935 81.2847
      vertex 74 37.5302 80.9608
    endloop
  endfacet
  facet normal -1 0 0
    outer loop
      vertex 74 22.5221 68.4658
      vertex 74 37.5106 80.6614
      vertex 74 37.5 80.5
    endloop
  endfacet
  facet normal -1 0 0
    outer loop
      vertex 74 24.435 67.6734
      vertex 74 38.0415 78.4793
      vertex 74 24.8284 67.3284
    endloop
  endfacet
  facet normal -1 -0 0
    outer loop
      vertex 74 38.0415 78.4793
      vertex 74 24.435 67.6734
      vertex 74 37.84 78.9337
    endloop
  endfacet
  facet normal -1 -0 0
    outer loop
      vertex 74 37.84 78.9337
      vertex 74 24.435 67.6734
      vertex 74 37.7884 79.0503
    endloop
  endfacet
  facet normal -1 0 0
    outer loop
      vertex 74 24 67.9641
      vertex 74 37.7884 79.0503
      vertex 74 24.435 67.6734
    endloop
  endfacet
  facet normal -1 -0 0
    outer loop
      vertex 74 37.7884 79.0503
      vertex 74 24 67.9641
      vertex 74 37.7454 79.1835
    endloop
  endfacet
  facet normal -1 -0 0
    outer loop
      vertex 74 37.7454 79.1835
      vertex 74 24 67.9641
      vertex 74 37.6235 79.5622
    endloop
  endfacet
  facet normal -1 0 0
    outer loop
      vertex 74 23.5307 68.1955
      vertex 74 37.6235 79.5622
      vertex 74 24 67.9641
    endloop
  endfacet
  facet normal -1 -0 0
    outer loop
      vertex 74 37.5935 79.7153
      vertex 74 23.5307 68.1955
      vertex 74 37.5302 80.0392
    endloop
  endfacet
  facet normal -1 0 0
    outer loop
      vertex 74 23.0353 68.3637
      vertex 74 37.5302 80.0392
      vertex 74 23.5307 68.1955
    endloop
  endfacet
  facet normal -1 -0 0
    outer loop
      vertex 74 37.5106 80.3386
      vertex 74 23.0353 68.3637
      vertex 74 37.5 80.5
    endloop
  endfacet
  facet normal -1 0 0
    outer loop
      vertex 74 22.5221 68.4658
      vertex 74 37.5 80.5
      vertex 74 23.0353 68.3637
    endloop
  endfacet
  facet normal -1 -0 0
    outer loop
      vertex 74 37.5106 80.6614
      vertex 74 22.5221 68.4658
      vertex 74 37.5302 80.9608
    endloop
  endfacet
  facet normal -1 0 0
    outer loop
      vertex 74 22 68.5
      vertex 74 37.5302 80.9608
      vertex 74 22.5221 68.4658
    endloop
  endfacet
  facet normal -1 -0 0
    outer loop
      vertex 74 37.5935 81.2847
      vertex 74 22 68.5
      vertex 74 37.6235 81.4378
    endloop
  endfacet
  facet normal -1 0 0
    outer loop
      vertex 74 21.4779 68.4658
      vertex 74 37.6235 81.4378
      vertex 74 22 68.5
    endloop
  endfacet
  facet normal -1 -0 0
    outer loop
      vertex 74 37.7454 81.8165
      vertex 74 21.4779 68.4658
      vertex 74 37.7884 81.9497
    endloop
  endfacet
  facet normal -1 0 0
    outer loop
      vertex 74 0 84
      vertex 74 37.7884 81.9497
      vertex 74 21.4779 68.4658
    endloop
  endfacet
  facet normal -1 0 0
    outer loop
      vertex 74 37.84 82.0663
      vertex 74 0 84
      vertex 74 38.0415 82.5207
    endloop
  endfacet
  facet normal -1 0 0
    outer loop
      vertex 74 38.0415 82.5207
      vertex 74 0 84
      vertex 74 38.085 82.5989
    endloop
  endfacet
  facet normal -1 0 0
    outer loop
      vertex 74 38.085 82.5989
      vertex 74 0 84
      vertex 74 38.4117 83.1856
    endloop
  endfacet
  facet normal -1 0 0
    outer loop
      vertex 74 0 84
      vertex 74 21.4779 68.4658
      vertex 74 20.9647 68.3637
    endloop
  endfacet
  facet normal -1 0 0
    outer loop
      vertex 74 0 84
      vertex 74 20.9647 68.3637
      vertex 74 20.4693 68.1955
    endloop
  endfacet
  facet normal -1 0 0
    outer loop
      vertex 74 0 84
      vertex 74 20.4693 68.1955
      vertex 74 20 67.9641
    endloop
  endfacet
  facet normal -1 0 0
    outer loop
      vertex 74 0 84
      vertex 74 20 67.9641
      vertex 74 19.565 67.6734
    endloop
  endfacet
  facet normal -1 0 0
    outer loop
      vertex 74 0 56.5
      vertex 74 18.0342 65.0221
      vertex 74 18 64.5
    endloop
  endfacet
  facet normal -1 0 0
    outer loop
      vertex 74 0 56.5
      vertex 74 18.1363 65.5353
      vertex 74 18.0342 65.0221
    endloop
  endfacet
  facet normal -1 0 0
    outer loop
      vertex 74 0 84
      vertex 74 18.1363 65.5353
      vertex 74 0 56.5
    endloop
  endfacet
  facet normal -1 0 0
    outer loop
      vertex 74 18.1363 65.5353
      vertex 74 0 84
      vertex 74 18.3045 66.0307
    endloop
  endfacet
  facet normal -1 0 0
    outer loop
      vertex 74 18.3045 66.0307
      vertex 74 0 84
      vertex 74 18.5359 66.5
    endloop
  endfacet
  facet normal -1 0 0
    outer loop
      vertex 74 18.5359 66.5
      vertex 74 0 84
      vertex 74 18.8266 66.935
    endloop
  endfacet
  facet normal -1 0 0
    outer loop
      vertex 74 18.8266 66.935
      vertex 74 0 84
      vertex 74 19.1716 67.3284
    endloop
  endfacet
  facet normal -1 0 0
    outer loop
      vertex 74 19.1716 67.3284
      vertex 74 0 84
      vertex 74 19.565 67.6734
    endloop
  endfacet
  facet normal -1 0 0
    outer loop
      vertex 74 38.5 83.3193
      vertex 74 0 84
      vertex 74 44 84
    endloop
  endfacet
  facet normal -1 0 0
    outer loop
      vertex 74 38.4117 83.1856
      vertex 74 0 84
      vertex 74 38.5 83.3193
    endloop
  endfacet
  facet normal -1 0 0
    outer loop
      vertex 74 44 0
      vertex 74 38.5 0.680653
      vertex 74 44 0.680653
    endloop
  endfacet
  facet normal -1 0 0
    outer loop
      vertex 74 38.0415 1.47927
      vertex 74 2.8 1.5
      vertex 74 38.0323 1.5
    endloop
  endfacet
  facet normal -1 0 0
    outer loop
      vertex 74 38.085 1.40109
      vertex 74 2.8 1.5
      vertex 74 38.0415 1.47927
    endloop
  endfacet
  facet normal -1 0 0
    outer loop
      vertex 74 38.4117 0.814356
      vertex 74 2.8 1.5
      vertex 74 38.085 1.40109
    endloop
  endfacet
  facet normal -1 0 0
    outer loop
      vertex 74 38.4222 0.798361
      vertex 74 2.8 1.5
      vertex 74 38.4117 0.814356
    endloop
  endfacet
  facet normal -1 0 0
    outer loop
      vertex 74 38.5 0.680653
      vertex 74 2.8 1.5
      vertex 74 38.4222 0.798361
    endloop
  endfacet
  facet normal -1 0 0
    outer loop
      vertex 74 0 0
      vertex 74 38.5 0.680653
      vertex 74 44 0
    endloop
  endfacet
  facet normal -1 -0 0
    outer loop
      vertex 74 38.5 0.680653
      vertex 74 0 0
      vertex 74 2.8 1.5
    endloop
  endfacet
  facet normal -1 0 0
    outer loop
      vertex 74 0 51.5
      vertex 74 2.8 1.5
      vertex 74 0 0
    endloop
  endfacet
  facet normal -1 0 0
    outer loop
      vertex 74 2.8 1.5
      vertex 74 0 51.5
      vertex 74 2.8 51.5
    endloop
  endfacet
  facet normal -1 0 0
    outer loop
      vertex 74 41.2 6.31935
      vertex 74 44 51.5
      vertex 74 44 6.31935
    endloop
  endfacet
  facet normal -1 -0 0
    outer loop
      vertex 74 44 51.5
      vertex 74 41.2 6.31935
      vertex 74 41.2 51.5
    endloop
  endfacet
  facet normal -0.707107 0 -0.707107
    outer loop
      vertex 74.5 3.29 52.01
      vertex 75.51 8.3 51
      vertex 75.51 4.3 51
    endloop
  endfacet
  facet normal -0.707107 0 -0.707107
    outer loop
      vertex 75.51 8.3 51
      vertex 74.5 3.29 52.01
      vertex 75.51 35.7 51
    endloop
  endfacet
  facet normal -0.707107 -0 -0.707107
    outer loop
      vertex 74.5 40.71 52.01
      vertex 75.51 35.7 51
      vertex 74.5 3.29 52.01
    endloop
  endfacet
  facet normal -0.707107 0 -0.707107
    outer loop
      vertex 75.51 35.7 51
      vertex 74.5 40.71 52.01
      vertex 75.51 39.7 51
    endloop
  endfacet
  facet normal -0.707107 -0.707107 -3.0761e-14
    outer loop
      vertex 74.01 41.2 51.5
      vertex 75.51 39.7 51
      vertex 74.5 40.71 51.5
    endloop
  endfacet
  facet normal -0.707107 -0.707107 0
    outer loop
      vertex 74.01 41.2 6.30795
      vertex 75.51 39.7 51
      vertex 74.01 41.2 51.5
    endloop
  endfacet
  facet normal -0.707107 -0.707107 5.40485e-15
    outer loop
      vertex 74.0701 41.1399 6.23943
      vertex 75.51 39.7 51
      vertex 74.01 41.2 6.30795
    endloop
  endfacet
  facet normal -0.707107 -0.707107 2.14921e-16
    outer loop
      vertex 74.3971 40.8129 5.75
      vertex 75.51 39.7 51
      vertex 74.0701 41.1399 6.23943
    endloop
  endfacet
  facet normal -0.707107 -0.707107 -2.4115e-16
    outer loop
      vertex 74.6575 40.5525 5.22207
      vertex 75.51 39.7 51
      vertex 74.3971 40.8129 5.75
    endloop
  endfacet
  facet normal -0.707107 -0.707107 1.72062e-14
    outer loop
      vertex 75.51 39.7 3
      vertex 74.6575 40.5525 5.22207
      vertex 74.8467 40.3633 4.66469
    endloop
  endfacet
  facet normal -0.707107 -0.707107 3.06931e-15
    outer loop
      vertex 75.51 39.7 3
      vertex 74.8467 40.3633 4.66469
      vertex 74.9615 40.2485 4.08737
    endloop
  endfacet
  facet normal -0.707107 -0.707107 7.00162e-16
    outer loop
      vertex 75.51 39.7 3
      vertex 74.9615 40.2485 4.08737
      vertex 75 40.21 3.5
    endloop
  endfacet
  facet normal -0.707107 -0.707107 0
    outer loop
      vertex 74.6575 40.5525 5.22207
      vertex 75.51 39.7 3
      vertex 75.51 39.7 51
    endloop
  endfacet
  facet normal -0.707107 -0.707107 -6.07914e-16
    outer loop
      vertex 74.9615 40.2485 2.91263
      vertex 75.51 39.7 3
      vertex 75 40.21 3.5
    endloop
  endfacet
  facet normal -0.707107 -0.707107 7.18979e-15
    outer loop
      vertex 75.51 39.7 3
      vertex 74.9615 40.2485 2.91263
      vertex 74.847 40.363 2.337
    endloop
  endfacet
  facet normal -0.707107 -0.707107 -0
    outer loop
      vertex 74.5 40.71 52.01
      vertex 74.5 40.71 51.5
      vertex 75.51 39.7 51
    endloop
  endfacet
  facet normal 0 -1 0
    outer loop
      vertex 74 41.2 6.31935
      vertex 74.01 41.2 51.5
      vertex 74 41.2 51.5
    endloop
  endfacet
  facet normal 0 -1 -0
    outer loop
      vertex 74.01 41.2 51.5
      vertex 74 41.2 6.31935
      vertex 74.01 41.2 6.30795
    endloop
  endfacet
  facet normal -0.707107 0.707107 0
    outer loop
      vertex 74.01 2.8 51.5
      vertex 75.51 4.3 51
      vertex 75.51 4.3 3
    endloop
  endfacet
  facet normal -0.707107 0.707107 0
    outer loop
      vertex 74.01 2.8 51.5
      vertex 75.51 4.3 3
      vertex 74.01 2.8 1.5
    endloop
  endfacet
  facet normal -0.707107 0.707107 -2.30707e-14
    outer loop
      vertex 75.51 4.3 51
      vertex 74.01 2.8 51.5
      vertex 74.5 3.29 51.5
    endloop
  endfacet
  facet normal -0.707107 0.707107 0
    outer loop
      vertex 75.51 4.3 51
      vertex 74.5 3.29 51.5
      vertex 74.5 3.29 52.01
    endloop
  endfacet
  facet normal -1 0 0
    outer loop
      vertex 75.51 39.7 3
      vertex 75.51 35.7 8
      vertex 75.51 39.7 51
    endloop
  endfacet
  facet normal -1 0 -0
    outer loop
      vertex 75.51 35.7 8
      vertex 75.51 39.7 3
      vertex 75.51 30.7 3
    endloop
  endfacet
  facet normal -1 -0 0
    outer loop
      vertex 75.51 39.7 51
      vertex 75.51 35.7 8
      vertex 75.51 35.7 51
    endloop
  endfacet
  facet normal -1 0 0
    outer loop
      vertex 75.51 4.3 3
      vertex 75.51 8.3 8
      vertex 75.51 13.3 3
    endloop
  endfacet
  facet normal -1 0 0
    outer loop
      vertex 75.51 4.3 51
      vertex 75.51 8.3 8
      vertex 75.51 4.3 3
    endloop
  endfacet
  facet normal -1 0 0
    outer loop
      vertex 75.51 8.3 8
      vertex 75.51 4.3 51
      vertex 75.51 8.3 51
    endloop
  endfacet
  facet normal 0 1 -0
    outer loop
      vertex 74.01 2.8 1.5
      vertex 74 2.8 51.5
      vertex 74.01 2.8 51.5
    endloop
  endfacet
  facet normal 0 1 0
    outer loop
      vertex 74 2.8 51.5
      vertex 74.01 2.8 1.5
      vertex 74 2.8 1.5
    endloop
  endfacet
  facet normal -0 0 1
    outer loop
      vertex 74 38.0323 1.5
      vertex 74.01 2.8 1.5
      vertex 74.01 38.0413 1.5
    endloop
  endfacet
  facet normal 0 0 1
    outer loop
      vertex 74.01 2.8 1.5
      vertex 74 38.0323 1.5
      vertex 74 2.8 1.5
    endloop
  endfacet
  facet normal 1 0 0
    outer loop
      vertex 77 44 87
      vertex 77 35.7 51
      vertex 77 44 -3
    endloop
  endfacet
  facet normal 1 -0 0
    outer loop
      vertex 77 25.9658 65.0221
      vertex 77 35.7 51
      vertex 77 44 87
    endloop
  endfacet
  facet normal 1 0 0
    outer loop
      vertex 77 35.7 51
      vertex 77 25.9658 65.0221
      vertex 77 26 64.5
    endloop
  endfacet
  facet normal 1 0 0
    outer loop
      vertex 77 44 87
      vertex 77 25.8637 65.5353
      vertex 77 25.9658 65.0221
    endloop
  endfacet
  facet normal 1 0 0
    outer loop
      vertex 77 44 87
      vertex 77 25.6955 66.0307
      vertex 77 25.8637 65.5353
    endloop
  endfacet
  facet normal 1 0 0
    outer loop
      vertex 77 44 87
      vertex 77 25.4641 66.5
      vertex 77 25.6955 66.0307
    endloop
  endfacet
  facet normal 1 0 0
    outer loop
      vertex 77 44 87
      vertex 77 25.1734 66.935
      vertex 77 25.4641 66.5
    endloop
  endfacet
  facet normal 1 0 0
    outer loop
      vertex 77 44 87
      vertex 77 24.8284 67.3284
      vertex 77 25.1734 66.935
    endloop
  endfacet
  facet normal 1 0 0
    outer loop
      vertex 77 44 87
      vertex 77 24.435 67.6734
      vertex 77 24.8284 67.3284
    endloop
  endfacet
  facet normal 1 0 0
    outer loop
      vertex 77 44 87
      vertex 77 24 67.9641
      vertex 77 24.435 67.6734
    endloop
  endfacet
  facet normal 1 0 0
    outer loop
      vertex 77 44 87
      vertex 77 23.5307 68.1955
      vertex 77 24 67.9641
    endloop
  endfacet
  facet normal 1 0 0
    outer loop
      vertex 77 44 87
      vertex 77 23.0353 68.3637
      vertex 77 23.5307 68.1955
    endloop
  endfacet
  facet normal 1 0 0
    outer loop
      vertex 77 44 87
      vertex 77 22.5221 68.4658
      vertex 77 23.0353 68.3637
    endloop
  endfacet
  facet normal 1 0 0
    outer loop
      vertex 77 44 87
      vertex 77 22 68.5
      vertex 77 22.5221 68.4658
    endloop
  endfacet
  facet normal 1 -0 0
    outer loop
      vertex 77 -3 87
      vertex 77 22 68.5
      vertex 77 44 87
    endloop
  endfacet
  facet normal 1 0 0
    outer loop
      vertex 77 22 68.5
      vertex 77 -3 87
      vertex 77 21.4779 68.4658
    endloop
  endfacet
  facet normal 1 0 0
    outer loop
      vertex 77 21.4779 68.4658
      vertex 77 -3 87
      vertex 77 20.9647 68.3637
    endloop
  endfacet
  facet normal 1 0 0
    outer loop
      vertex 77 20.9647 68.3637
      vertex 77 -3 87
      vertex 77 20.4693 68.1955
    endloop
  endfacet
  facet normal 1 0 0
    outer loop
      vertex 77 20.4693 68.1955
      vertex 77 -3 87
      vertex 77 20 67.9641
    endloop
  endfacet
  facet normal 1 0 0
    outer loop
      vertex 77 18.0342 65.0221
      vertex 77 8.3 51
      vertex 77 18 64.5
    endloop
  endfacet
  facet normal 1 0 0
    outer loop
      vertex 77 -3 87
      vertex 77 18.0342 65.0221
      vertex 77 18.1363 65.5353
    endloop
  endfacet
  facet normal 1 0 0
    outer loop
      vertex 77 -3 87
      vertex 77 18.1363 65.5353
      vertex 77 18.3045 66.0307
    endloop
  endfacet
  facet normal 1 0 0
    outer loop
      vertex 77 -3 87
      vertex 77 18.3045 66.0307
      vertex 77 18.5359 66.5
    endloop
  endfacet
  facet normal 1 0 0
    outer loop
      vertex 77 -3 -3
      vertex 77 8.3 51
      vertex 77 -3 87
    endloop
  endfacet
  facet normal 1 0 0
    outer loop
      vertex 77 18.0342 65.0221
      vertex 77 -3 87
      vertex 77 8.3 51
    endloop
  endfacet
  facet normal 1 0 0
    outer loop
      vertex 77 18.8266 66.935
      vertex 77 -3 87
      vertex 77 18.5359 66.5
    endloop
  endfacet
  facet normal 1 0 0
    outer loop
      vertex 77 19.1716 67.3284
      vertex 77 -3 87
      vertex 77 18.8266 66.935
    endloop
  endfacet
  facet normal 1 0 0
    outer loop
      vertex 77 19.565 67.6734
      vertex 77 -3 87
      vertex 77 19.1716 67.3284
    endloop
  endfacet
  facet normal 1 0 0
    outer loop
      vertex 77 20 67.9641
      vertex 77 -3 87
      vertex 77 19.565 67.6734
    endloop
  endfacet
  facet normal 1 -0 0
    outer loop
      vertex 77 35.7 8
      vertex 77 44 -3
      vertex 77 35.7 51
    endloop
  endfacet
  facet normal 1 -0 0
    outer loop
      vertex 77 30.7 3
      vertex 77 44 -3
      vertex 77 35.7 8
    endloop
  endfacet
  facet normal 1 -0 0
    outer loop
      vertex 77 13.3 3
      vertex 77 44 -3
      vertex 77 30.7 3
    endloop
  endfacet
  facet normal 1 0 0
    outer loop
      vertex 77 13.3 3
      vertex 77 -3 -3
      vertex 77 44 -3
    endloop
  endfacet
  facet normal 1 0 0
    outer loop
      vertex 77 8.3 8
      vertex 77 -3 -3
      vertex 77 13.3 3
    endloop
  endfacet
  facet normal 1 0 0
    outer loop
      vertex 77 8.3 51
      vertex 77 -3 -3
      vertex 77 8.3 8
    endloop
  endfacet
  facet normal 1 -0 0
    outer loop
      vertex 77 25.9658 63.9779
      vertex 77 35.7 51
      vertex 77 26 64.5
    endloop
  endfacet
  facet normal 1 -0 0
    outer loop
      vertex 77 25.8637 63.4647
      vertex 77 35.7 51
      vertex 77 25.9658 63.9779
    endloop
  endfacet
  facet normal 1 -0 0
    outer loop
      vertex 77 25.6955 62.9693
      vertex 77 35.7 51
      vertex 77 25.8637 63.4647
    endloop
  endfacet
  facet normal 1 -0 0
    outer loop
      vertex 77 25.4641 62.5
      vertex 77 35.7 51
      vertex 77 25.6955 62.9693
    endloop
  endfacet
  facet normal 1 -0 0
    outer loop
      vertex 77 25.1734 62.065
      vertex 77 35.7 51
      vertex 77 25.4641 62.5
    endloop
  endfacet
  facet normal 1 -0 0
    outer loop
      vertex 77 24.8284 61.6716
      vertex 77 35.7 51
      vertex 77 25.1734 62.065
    endloop
  endfacet
  facet normal 1 -0 0
    outer loop
      vertex 77 24.435 61.3266
      vertex 77 35.7 51
      vertex 77 24.8284 61.6716
    endloop
  endfacet
  facet normal 1 -0 0
    outer loop
      vertex 77 24 61.0359
      vertex 77 35.7 51
      vertex 77 24.435 61.3266
    endloop
  endfacet
  facet normal 1 -0 0
    outer loop
      vertex 77 23.5307 60.8045
      vertex 77 35.7 51
      vertex 77 24 61.0359
    endloop
  endfacet
  facet normal 1 -0 0
    outer loop
      vertex 77 23.0353 60.6363
      vertex 77 35.7 51
      vertex 77 23.5307 60.8045
    endloop
  endfacet
  facet normal 1 -0 0
    outer loop
      vertex 77 22.5221 60.5342
      vertex 77 35.7 51
      vertex 77 23.0353 60.6363
    endloop
  endfacet
  facet normal 1 -0 0
    outer loop
      vertex 77 22 60.5
      vertex 77 35.7 51
      vertex 77 22.5221 60.5342
    endloop
  endfacet
  facet normal 1 0 0
    outer loop
      vertex 77 8.3 51
      vertex 77 22 60.5
      vertex 77 21.4779 60.5342
    endloop
  endfacet
  facet normal 1 0 0
    outer loop
      vertex 77 8.3 51
      vertex 77 21.4779 60.5342
      vertex 77 20.9647 60.6363
    endloop
  endfacet
  facet normal 1 0 0
    outer loop
      vertex 77 8.3 51
      vertex 77 20.9647 60.6363
      vertex 77 20.4693 60.8045
    endloop
  endfacet
  facet normal 1 0 0
    outer loop
      vertex 77 8.3 51
      vertex 77 20.4693 60.8045
      vertex 77 20 61.0359
    endloop
  endfacet
  facet normal 1 0 0
    outer loop
      vertex 77 22 60.5
      vertex 77 8.3 51
      vertex 77 35.7 51
    endloop
  endfacet
  facet normal 1 0 0
    outer loop
      vertex 77 19.565 61.3266
      vertex 77 8.3 51
      vertex 77 20 61.0359
    endloop
  endfacet
  facet normal 1 0 0
    outer loop
      vertex 77 19.1716 61.6716
      vertex 77 8.3 51
      vertex 77 19.565 61.3266
    endloop
  endfacet
  facet normal 1 0 0
    outer loop
      vertex 77 18.8266 62.065
      vertex 77 8.3 51
      vertex 77 19.1716 61.6716
    endloop
  endfacet
  facet normal 1 0 0
    outer loop
      vertex 77 18.5359 62.5
      vertex 77 8.3 51
      vertex 77 18.8266 62.065
    endloop
  endfacet
  facet normal 1 0 0
    outer loop
      vertex 77 18.3045 62.9693
      vertex 77 8.3 51
      vertex 77 18.5359 62.5
    endloop
  endfacet
  facet normal 1 0 0
    outer loop
      vertex 77 18.1363 63.4647
      vertex 77 8.3 51
      vertex 77 18.3045 62.9693
    endloop
  endfacet
  facet normal 1 0 0
    outer loop
      vertex 77 18.0342 63.9779
      vertex 77 8.3 51
      vertex 77 18.1363 63.4647
    endloop
  endfacet
  facet normal 1 0 0
    outer loop
      vertex 77 8.3 51
      vertex 77 18.0342 63.9779
      vertex 77 18 64.5
    endloop
  endfacet
  facet normal -0 0 1
    outer loop
      vertex -3 44 87
      vertex 77 -3 87
      vertex 77 44 87
    endloop
  endfacet
  facet normal 0 0 1
    outer loop
      vertex 77 -3 87
      vertex -3 44 87
      vertex -3 -3 87
    endloop
  endfacet
  facet normal 0 0 -1
    outer loop
      vertex -3 -3 -3
      vertex 77 44 -3
      vertex 77 -3 -3
    endloop
  endfacet
  facet normal -0 0 -1
    outer loop
      vertex 77 44 -3
      vertex -3 -3 -3
      vertex -3 44 -3
    endloop
  endfacet
  facet normal -1 0 0
    outer loop
      vertex -3 -3 -3
      vertex -3 44 87
      vertex -3 44 -3
    endloop
  endfacet
  facet normal -1 -0 0
    outer loop
      vertex -3 44 87
      vertex -3 -3 -3
      vertex -3 -3 87
    endloop
  endfacet
  facet normal 0 1 0
    outer loop
      vertex 3.7741 44 1.41797
      vertex 6.31935 44 0
      vertex 3.5 44 1.4
    endloop
  endfacet
  facet normal 0 1 0
    outer loop
      vertex 0.680653 44 0
      vertex 3.5 44 1.4
      vertex 6.31935 44 0
    endloop
  endfacet
  facet normal -0 1 0
    outer loop
      vertex 0.31802 44 0.31802
      vertex 3.5 44 1.4
      vertex 0.680653 44 0
    endloop
  endfacet
  facet normal 0 1 0
    outer loop
      vertex 3.5 44 1.4
      vertex 0.31802 44 0.31802
      vertex 0 44 0.680653
    endloop
  endfacet
  facet normal 0 1 0
    outer loop
      vertex 70.7741 44 1.41797
      vertex 73.3193 44 0
      vertex 70.5 44 1.4
    endloop
  endfacet
  facet normal 0 1 0
    outer loop
      vertex 67.6807 44 0
      vertex 70.5 44 1.4
      vertex 73.3193 44 0
    endloop
  endfacet
  facet normal -0 1 0
    outer loop
      vertex 67.318 44 0.31802
      vertex 70.5 44 1.4
      vertex 67.6807 44 0
    endloop
  endfacet
  facet normal 0 1 0
    outer loop
      vertex 70.5 44 1.4
      vertex 67.318 44 0.31802
      vertex 66.9299 44 0.760574
    endloop
  endfacet
  facet normal 0 1 0
    outer loop
      vertex 3.5 44 5.6
      vertex 3.5 44 8
      vertex 4.08737 44 7.9615
    endloop
  endfacet
  facet normal 0 1 0
    outer loop
      vertex 3.7741 44 5.58203
      vertex 4.08737 44 7.9615
      vertex 4.66469 44 7.84667
    endloop
  endfacet
  facet normal 0 1 0
    outer loop
      vertex 3.5 44 8
      vertex 3.5 44 5.6
      vertex 2.91263 44 7.9615
    endloop
  endfacet
  facet normal 0 1 0
    outer loop
      vertex 4.04352 44 5.52844
      vertex 4.66469 44 7.84667
      vertex 5.22207 44 7.65746
    endloop
  endfacet
  facet normal 0 1 -0
    outer loop
      vertex 3.2259 44 5.58203
      vertex 2.91263 44 7.9615
      vertex 3.5 44 5.6
    endloop
  endfacet
  facet normal 0 1 0
    outer loop
      vertex 4.30363 44 5.44015
      vertex 5.22207 44 7.65746
      vertex 5.75 44 7.39711
    endloop
  endfacet
  facet normal 0 1 0
    outer loop
      vertex 2.91263 44 7.9615
      vertex 3.2259 44 5.58203
      vertex 2.33531 44 7.84667
    endloop
  endfacet
  facet normal 0 1 0
    outer loop
      vertex 4.55 44 5.31865
      vertex 5.75 44 7.39711
      vertex 6.23943 44 7.07009
    endloop
  endfacet
  facet normal 0 1 -0
    outer loop
      vertex 2.95648 44 5.52844
      vertex 2.33531 44 7.84667
      vertex 3.2259 44 5.58203
    endloop
  endfacet
  facet normal 0 1 0
    outer loop
      vertex 4.7784 44 5.16604
      vertex 6.23943 44 7.07009
      vertex 6.68198 44 6.68198
    endloop
  endfacet
  facet normal 0 1 0
    outer loop
      vertex 2.33531 44 7.84667
      vertex 2.95648 44 5.52844
      vertex 1.77793 44 7.65746
    endloop
  endfacet
  facet normal 0 1 -0
    outer loop
      vertex 2.69637 44 5.44015
      vertex 1.77793 44 7.65746
      vertex 2.95648 44 5.52844
    endloop
  endfacet
  facet normal 0 1 0
    outer loop
      vertex 4.98492 44 4.98492
      vertex 6.68198 44 6.68198
      vertex 7.07009 44 6.23943
    endloop
  endfacet
  facet normal 0 1 0
    outer loop
      vertex 46.5 44 31.5
      vertex 46.5 44 26.5
      vertex 0 44 31.5
    endloop
  endfacet
  facet normal 0 1 0
    outer loop
      vertex 35 44 56.5
      vertex 35 44 51.5
      vertex 0 44 56.5
    endloop
  endfacet
  facet normal 0 1 0
    outer loop
      vertex 4.30363 44 78.5599
      vertex 5.22207 44 76.3425
      vertex 4.04352 44 78.4716
    endloop
  endfacet
  facet normal 0 1 -0
    outer loop
      vertex 4.66469 44 76.1533
      vertex 4.04352 44 78.4716
      vertex 5.22207 44 76.3425
    endloop
  endfacet
  facet normal -0 1 0
    outer loop
      vertex 0.31802 44 77.318
      vertex 3.5 44 78.4
      vertex 0.760574 44 76.9299
    endloop
  endfacet
  facet normal 0 1 0
    outer loop
      vertex 3.5 44 78.4
      vertex 0.31802 44 77.318
      vertex 0 44 77.6807
    endloop
  endfacet
  facet normal 0 1 0
    outer loop
      vertex 4.04352 44 78.4716
      vertex 4.66469 44 76.1533
      vertex 3.7741 44 78.418
    endloop
  endfacet
  facet normal 0 1 0
    outer loop
      vertex 3.5 44 78.4
      vertex 1.25 44 76.6029
      vertex 0.760574 44 76.9299
    endloop
  endfacet
  facet normal 0 1 -0
    outer loop
      vertex 4.08737 44 76.0385
      vertex 3.7741 44 78.418
      vertex 4.66469 44 76.1533
    endloop
  endfacet
  facet normal 0 1 0
    outer loop
      vertex 3.5 44 78.4
      vertex 1.77793 44 76.3425
      vertex 1.25 44 76.6029
    endloop
  endfacet
  facet normal 0 1 0
    outer loop
      vertex 3.7741 44 78.418
      vertex 4.08737 44 76.0385
      vertex 3.5 44 78.4
    endloop
  endfacet
  facet normal 0 1 0
    outer loop
      vertex 3.5 44 78.4
      vertex 2.33531 44 76.1533
      vertex 1.77793 44 76.3425
    endloop
  endfacet
  facet normal 0 1 0
    outer loop
      vertex 3.5 44 76
      vertex 3.5 44 78.4
      vertex 4.08737 44 76.0385
    endloop
  endfacet
  facet normal 0 1 0
    outer loop
      vertex 3.5 44 78.4
      vertex 2.91263 44 76.0385
      vertex 2.33531 44 76.1533
    endloop
  endfacet
  facet normal 0 1 0
    outer loop
      vertex 3.5 44 78.4
      vertex 3.5 44 76
      vertex 2.91263 44 76.0385
    endloop
  endfacet
  facet normal 0 1 0
    outer loop
      vertex 71.3036 44 78.5599
      vertex 72.2221 44 76.3425
      vertex 71.0435 44 78.4716
    endloop
  endfacet
  facet normal 0 1 0
    outer loop
      vertex 70.5 44 78.4
      vertex 67.318 44 77.318
      vertex 66.9299 44 77.7606
    endloop
  endfacet
  facet normal 0 1 -0
    outer loop
      vertex 71.6647 44 76.1533
      vertex 71.0435 44 78.4716
      vertex 72.2221 44 76.3425
    endloop
  endfacet
  facet normal 0 1 0
    outer loop
      vertex 70.5 44 78.4
      vertex 67.7606 44 76.9299
      vertex 67.318 44 77.318
    endloop
  endfacet
  facet normal 0 1 0
    outer loop
      vertex 71.0435 44 78.4716
      vertex 71.6647 44 76.1533
      vertex 70.7741 44 78.418
    endloop
  endfacet
  facet normal 0 1 0
    outer loop
      vertex 70.5 44 78.4
      vertex 68.25 44 76.6029
      vertex 67.7606 44 76.9299
    endloop
  endfacet
  facet normal 0 1 -0
    outer loop
      vertex 71.0874 44 76.0385
      vertex 70.7741 44 78.418
      vertex 71.6647 44 76.1533
    endloop
  endfacet
  facet normal 0 1 0
    outer loop
      vertex 70.5 44 78.4
      vertex 68.7779 44 76.3425
      vertex 68.25 44 76.6029
    endloop
  endfacet
  facet normal 0 1 0
    outer loop
      vertex 70.7741 44 78.418
      vertex 71.0874 44 76.0385
      vertex 70.5 44 78.4
    endloop
  endfacet
  facet normal 0 1 0
    outer loop
      vertex 70.5 44 78.4
      vertex 69.3353 44 76.1533
      vertex 68.7779 44 76.3425
    endloop
  endfacet
  facet normal 0 1 0
    outer loop
      vertex 70.5 44 76
      vertex 70.5 44 78.4
      vertex 71.0874 44 76.0385
    endloop
  endfacet
  facet normal 0 1 0
    outer loop
      vertex 70.5 44 78.4
      vertex 69.9126 44 76.0385
      vertex 69.3353 44 76.1533
    endloop
  endfacet
  facet normal 0 1 0
    outer loop
      vertex 70.5 44 78.4
      vertex 70.5 44 76
      vertex 69.9126 44 76.0385
    endloop
  endfacet
  facet normal 0 1 0
    outer loop
      vertex 53 44 56.5
      vertex 74 44 51.5
      vertex 53 44 51.5
    endloop
  endfacet
  facet normal 0 1 0
    outer loop
      vertex 70.5 44 5.6
      vertex 70.5 44 8
      vertex 71.0874 44 7.9615
    endloop
  endfacet
  facet normal 0 1 0
    outer loop
      vertex 70.7741 44 5.58203
      vertex 71.0874 44 7.9615
      vertex 71.6647 44 7.84667
    endloop
  endfacet
  facet normal 0 1 0
    outer loop
      vertex 70.5 44 8
      vertex 70.5 44 5.6
      vertex 69.9126 44 7.9615
    endloop
  endfacet
  facet normal 0 1 0
    outer loop
      vertex 71.0435 44 5.52844
      vertex 71.6647 44 7.84667
      vertex 72.2221 44 7.65746
    endloop
  endfacet
  facet normal 0 1 -0
    outer loop
      vertex 70.2259 44 5.58203
      vertex 69.9126 44 7.9615
      vertex 70.5 44 5.6
    endloop
  endfacet
  facet normal 0 1 0
    outer loop
      vertex 71.3036 44 5.44015
      vertex 72.2221 44 7.65746
      vertex 72.75 44 7.39711
    endloop
  endfacet
  facet normal 0 1 0
    outer loop
      vertex 69.9126 44 7.9615
      vertex 70.2259 44 5.58203
      vertex 69.3353 44 7.84667
    endloop
  endfacet
  facet normal 0 1 0
    outer loop
      vertex 71.55 44 5.31865
      vertex 72.75 44 7.39711
      vertex 73.2394 44 7.07009
    endloop
  endfacet
  facet normal 0 1 -0
    outer loop
      vertex 69.9565 44 5.52844
      vertex 69.3353 44 7.84667
      vertex 70.2259 44 5.58203
    endloop
  endfacet
  facet normal 0 1 0
    outer loop
      vertex 71.7784 44 5.16604
      vertex 73.2394 44 7.07009
      vertex 73.682 44 6.68198
    endloop
  endfacet
  facet normal 0 1 0
    outer loop
      vertex 69.3353 44 7.84667
      vertex 69.9565 44 5.52844
      vertex 68.7779 44 7.65746
    endloop
  endfacet
  facet normal 0 1 0
    outer loop
      vertex 71.9849 44 4.98492
      vertex 73.682 44 6.68198
      vertex 74 44 6.31935
    endloop
  endfacet
  facet normal 0 1 -0
    outer loop
      vertex 69.6964 44 5.44015
      vertex 68.7779 44 7.65746
      vertex 69.9565 44 5.52844
    endloop
  endfacet
  facet normal 0 1 0
    outer loop
      vertex 4.98492 44 81.9849
      vertex 6.31935 44 84
      vertex 6.68198 44 83.682
    endloop
  endfacet
  facet normal 0 1 0
    outer loop
      vertex 6.31935 44 84
      vertex 3.5 44 82.6
      vertex 0.680653 44 84
    endloop
  endfacet
  facet normal 0 1 -0
    outer loop
      vertex 3.2259 44 82.582
      vertex 0.680653 44 84
      vertex 3.5 44 82.6
    endloop
  endfacet
  facet normal 0 1 0
    outer loop
      vertex 4.98492 44 81.9849
      vertex 6.68198 44 83.682
      vertex 7.07009 44 83.2394
    endloop
  endfacet
  facet normal 0 1 0
    outer loop
      vertex 71.9849 44 81.9849
      vertex 73.3193 44 84
      vertex 73.682 44 83.682
    endloop
  endfacet
  facet normal 0 1 0
    outer loop
      vertex 73.3193 44 84
      vertex 70.5 44 82.6
      vertex 67.6807 44 84
    endloop
  endfacet
  facet normal 0 1 0
    outer loop
      vertex 71.9849 44 81.9849
      vertex 73.682 44 83.682
      vertex 74 44 83.3193
    endloop
  endfacet
  facet normal 0 1 -0
    outer loop
      vertex 70.2259 44 82.582
      vertex 67.6807 44 84
      vertex 70.5 44 82.6
    endloop
  endfacet
  facet normal 0 1 0
    outer loop
      vertex 73.3193 44 84
      vertex 77 44 87
      vertex 74 44 84
    endloop
  endfacet
  facet normal 0 1 0
    outer loop
      vertex 77 44 87
      vertex 74 44 83.3193
      vertex 74 44 84
    endloop
  endfacet
  facet normal 0 1 -0
    outer loop
      vertex 69.9565 44 82.5284
      vertex 67.6807 44 84
      vertex 70.2259 44 82.582
    endloop
  endfacet
  facet normal 0 1 -0
    outer loop
      vertex 69.6964 44 82.4401
      vertex 67.6807 44 84
      vertex 69.9565 44 82.5284
    endloop
  endfacet
  facet normal 0 1 0
    outer loop
      vertex 73.3193 44 84
      vertex 70.7741 44 82.582
      vertex 70.5 44 82.6
    endloop
  endfacet
  facet normal 0 1 0
    outer loop
      vertex 73.3193 44 84
      vertex 71.0435 44 82.5284
      vertex 70.7741 44 82.582
    endloop
  endfacet
  facet normal 0 1 0
    outer loop
      vertex 73.3193 44 84
      vertex 71.3036 44 82.4401
      vertex 71.0435 44 82.5284
    endloop
  endfacet
  facet normal 0 1 0
    outer loop
      vertex 73.3193 44 84
      vertex 71.55 44 82.3186
      vertex 71.3036 44 82.4401
    endloop
  endfacet
  facet normal 0 1 0
    outer loop
      vertex 73.3193 44 84
      vertex 71.7784 44 82.166
      vertex 71.55 44 82.3186
    endloop
  endfacet
  facet normal 0 1 0
    outer loop
      vertex 73.3193 44 84
      vertex 71.9849 44 81.9849
      vertex 71.7784 44 82.166
    endloop
  endfacet
  facet normal 0 1 0
    outer loop
      vertex 74 44 83.3193
      vertex 72.166 44 81.7784
      vertex 71.9849 44 81.9849
    endloop
  endfacet
  facet normal 0 1 0
    outer loop
      vertex 74 44 83.3193
      vertex 72.3186 44 81.55
      vertex 72.166 44 81.7784
    endloop
  endfacet
  facet normal 0 1 0
    outer loop
      vertex 74 44 83.3193
      vertex 72.4401 44 81.3036
      vertex 72.3186 44 81.55
    endloop
  endfacet
  facet normal 0 1 0
    outer loop
      vertex 74 44 77.6807
      vertex 74 44 83.3193
      vertex 77 44 87
    endloop
  endfacet
  facet normal 0 1 0
    outer loop
      vertex 74 44 83.3193
      vertex 72.5284 44 81.0435
      vertex 72.4401 44 81.3036
    endloop
  endfacet
  facet normal 0 1 0
    outer loop
      vertex 74 44 83.3193
      vertex 72.582 44 80.7741
      vertex 72.5284 44 81.0435
    endloop
  endfacet
  facet normal -0 1 0
    outer loop
      vertex 72.6 44 80.5
      vertex 74 44 83.3193
      vertex 74 44 77.6807
    endloop
  endfacet
  facet normal 0 1 0
    outer loop
      vertex 74 44 83.3193
      vertex 72.6 44 80.5
      vertex 72.582 44 80.7741
    endloop
  endfacet
  facet normal 0 1 0
    outer loop
      vertex 72.6 44 80.5
      vertex 74 44 77.6807
      vertex 72.582 44 80.2259
    endloop
  endfacet
  facet normal 0 1 0
    outer loop
      vertex 72.582 44 80.2259
      vertex 74 44 77.6807
      vertex 72.5284 44 79.9565
    endloop
  endfacet
  facet normal 0 1 0
    outer loop
      vertex 72.5284 44 79.9565
      vertex 74 44 77.6807
      vertex 72.4401 44 79.6964
    endloop
  endfacet
  facet normal 0 1 0
    outer loop
      vertex 68.834 44 79.2216
      vertex 66.9299 44 77.7606
      vertex 66.6029 44 78.25
    endloop
  endfacet
  facet normal 0 1 0
    outer loop
      vertex 71.55 44 78.6814
      vertex 72.75 44 76.6029
      vertex 71.3036 44 78.5599
    endloop
  endfacet
  facet normal 0 1 -0
    outer loop
      vertex 72.2221 44 76.3425
      vertex 71.3036 44 78.5599
      vertex 72.75 44 76.6029
    endloop
  endfacet
  facet normal 0 1 -0
    outer loop
      vertex 72.75 44 76.6029
      vertex 71.55 44 78.6814
      vertex 73.2394 44 76.9299
    endloop
  endfacet
  facet normal 0 1 0
    outer loop
      vertex 71.7784 44 78.834
      vertex 73.2394 44 76.9299
      vertex 71.55 44 78.6814
    endloop
  endfacet
  facet normal 0 1 -0
    outer loop
      vertex 73.2394 44 76.9299
      vertex 71.7784 44 78.834
      vertex 73.682 44 77.318
    endloop
  endfacet
  facet normal 0 1 0
    outer loop
      vertex 71.9849 44 79.0151
      vertex 73.682 44 77.318
      vertex 71.7784 44 78.834
    endloop
  endfacet
  facet normal 0 1 -0
    outer loop
      vertex 73.682 44 77.318
      vertex 71.9849 44 79.0151
      vertex 74 44 77.6807
    endloop
  endfacet
  facet normal 0 1 0
    outer loop
      vertex 72.166 44 79.2216
      vertex 74 44 77.6807
      vertex 71.9849 44 79.0151
    endloop
  endfacet
  facet normal 0 1 0
    outer loop
      vertex 72.3186 44 79.45
      vertex 74 44 77.6807
      vertex 72.166 44 79.2216
    endloop
  endfacet
  facet normal 0 1 0
    outer loop
      vertex 72.4401 44 79.6964
      vertex 74 44 77.6807
      vertex 72.3186 44 79.45
    endloop
  endfacet
  facet normal 0 1 0
    outer loop
      vertex 77 44 87
      vertex 74 44 56.5
      vertex 74 44 77.6807
    endloop
  endfacet
  facet normal 0 1 0
    outer loop
      vertex 74 44 56.5
      vertex 74 44 51.5
      vertex 53 44 56.5
    endloop
  endfacet
  facet normal 0 1 0
    outer loop
      vertex 77 44 87
      vertex 74 44 51.5
      vertex 74 44 56.5
    endloop
  endfacet
  facet normal 0 1 -0
    outer loop
      vertex 77 44 -3
      vertex 74 44 51.5
      vertex 77 44 87
    endloop
  endfacet
  facet normal 0 1 0
    outer loop
      vertex 68.7779 44 7.65746
      vertex 69.6964 44 5.44015
      vertex 68.25 44 7.39711
    endloop
  endfacet
  facet normal 0 1 -0
    outer loop
      vertex 69.45 44 5.31865
      vertex 68.25 44 7.39711
      vertex 69.6964 44 5.44015
    endloop
  endfacet
  facet normal 0 1 0
    outer loop
      vertex 71.0874 44 7.9615
      vertex 70.7741 44 5.58203
      vertex 70.5 44 5.6
    endloop
  endfacet
  facet normal 0 1 0
    outer loop
      vertex 71.6647 44 7.84667
      vertex 71.0435 44 5.52844
      vertex 70.7741 44 5.58203
    endloop
  endfacet
  facet normal 0 1 0
    outer loop
      vertex 72.2221 44 7.65746
      vertex 71.3036 44 5.44015
      vertex 71.0435 44 5.52844
    endloop
  endfacet
  facet normal 0 1 0
    outer loop
      vertex 72.75 44 7.39711
      vertex 71.55 44 5.31865
      vertex 71.3036 44 5.44015
    endloop
  endfacet
  facet normal 0 1 0
    outer loop
      vertex 73.2394 44 7.07009
      vertex 71.7784 44 5.16604
      vertex 71.55 44 5.31865
    endloop
  endfacet
  facet normal 0 1 0
    outer loop
      vertex 73.682 44 6.68198
      vertex 71.9849 44 4.98492
      vertex 71.7784 44 5.16604
    endloop
  endfacet
  facet normal 0 1 0
    outer loop
      vertex 74 44 6.31935
      vertex 72.166 44 4.7784
      vertex 71.9849 44 4.98492
    endloop
  endfacet
  facet normal 0 1 0
    outer loop
      vertex 74 44 6.31935
      vertex 72.3186 44 4.55
      vertex 72.166 44 4.7784
    endloop
  endfacet
  facet normal 0 1 0
    outer loop
      vertex 74 44 6.31935
      vertex 72.4401 44 4.30363
      vertex 72.3186 44 4.55
    endloop
  endfacet
  facet normal 0 1 0
    outer loop
      vertex 74 44 6.31935
      vertex 72.5284 44 4.04352
      vertex 72.4401 44 4.30363
    endloop
  endfacet
  facet normal 0 1 0
    outer loop
      vertex 74 44 6.31935
      vertex 72.582 44 3.7741
      vertex 72.5284 44 4.04352
    endloop
  endfacet
  facet normal 0 1 0
    outer loop
      vertex 74 44 6.31935
      vertex 72.6 44 3.5
      vertex 72.582 44 3.7741
    endloop
  endfacet
  facet normal 0 1 -0
    outer loop
      vertex 74 44 0.680653
      vertex 72.6 44 3.5
      vertex 74 44 6.31935
    endloop
  endfacet
  facet normal 0 1 0
    outer loop
      vertex 72.6 44 3.5
      vertex 74 44 0.680653
      vertex 72.582 44 3.2259
    endloop
  endfacet
  facet normal 0 1 0
    outer loop
      vertex 72.582 44 3.2259
      vertex 74 44 0.680653
      vertex 72.5284 44 2.95648
    endloop
  endfacet
  facet normal 0 1 0
    outer loop
      vertex 68.834 44 2.2216
      vertex 66.9299 44 0.760574
      vertex 66.6029 44 1.25
    endloop
  endfacet
  facet normal 0 1 0
    outer loop
      vertex 71.3036 44 1.55985
      vertex 73.3193 44 0
      vertex 71.0435 44 1.47156
    endloop
  endfacet
  facet normal 0 1 0
    outer loop
      vertex 71.0435 44 1.47156
      vertex 73.3193 44 0
      vertex 70.7741 44 1.41797
    endloop
  endfacet
  facet normal 0 1 0
    outer loop
      vertex 71.55 44 1.68135
      vertex 73.3193 44 0
      vertex 71.3036 44 1.55985
    endloop
  endfacet
  facet normal 0 1 0
    outer loop
      vertex 71.7784 44 1.83396
      vertex 73.3193 44 0
      vertex 71.55 44 1.68135
    endloop
  endfacet
  facet normal 0 1 0
    outer loop
      vertex 71.9849 44 2.01508
      vertex 73.3193 44 0
      vertex 71.7784 44 1.83396
    endloop
  endfacet
  facet normal 0 1 -0
    outer loop
      vertex 73.3193 44 0
      vertex 71.9849 44 2.01508
      vertex 73.682 44 0.31802
    endloop
  endfacet
  facet normal 0 1 -0
    outer loop
      vertex 73.682 44 0.31802
      vertex 71.9849 44 2.01508
      vertex 74 44 0.680653
    endloop
  endfacet
  facet normal 0 1 0
    outer loop
      vertex 72.166 44 2.2216
      vertex 74 44 0.680653
      vertex 71.9849 44 2.01508
    endloop
  endfacet
  facet normal 0 1 0
    outer loop
      vertex 72.3186 44 2.45
      vertex 74 44 0.680653
      vertex 72.166 44 2.2216
    endloop
  endfacet
  facet normal 0 1 0
    outer loop
      vertex 72.4401 44 2.69637
      vertex 74 44 0.680653
      vertex 72.3186 44 2.45
    endloop
  endfacet
  facet normal 0 1 0
    outer loop
      vertex 72.5284 44 2.95648
      vertex 74 44 0.680653
      vertex 72.4401 44 2.69637
    endloop
  endfacet
  facet normal 0 1 0
    outer loop
      vertex 74 44 51.5
      vertex 77 44 -3
      vertex 74 44 6.31935
    endloop
  endfacet
  facet normal 0 1 0
    outer loop
      vertex 74 44 6.31935
      vertex 77 44 -3
      vertex 74 44 0.680653
    endloop
  endfacet
  facet normal 0 1 0
    outer loop
      vertex 77 44 -3
      vertex 73.3193 44 0
      vertex 74 44 0
    endloop
  endfacet
  facet normal 0 1 0
    outer loop
      vertex 73.3193 44 0
      vertex 77 44 -3
      vertex 67.6807 44 0
    endloop
  endfacet
  facet normal 0 1 0
    outer loop
      vertex 67.6807 44 0
      vertex 77 44 -3
      vertex 6.31935 44 0
    endloop
  endfacet
  facet normal 0 1 0
    outer loop
      vertex -3 44 -3
      vertex 6.31935 44 0
      vertex 77 44 -3
    endloop
  endfacet
  facet normal 0 1 0
    outer loop
      vertex 6.31935 44 0
      vertex -3 44 -3
      vertex 0.680653 44 0
    endloop
  endfacet
  facet normal 0 1 0
    outer loop
      vertex 74 44 0.680653
      vertex 77 44 -3
      vertex 74 44 0
    endloop
  endfacet
  facet normal 0 1 0
    outer loop
      vertex 67.6807 44 84
      vertex 77 44 87
      vertex 73.3193 44 84
    endloop
  endfacet
  facet normal 0 1 0
    outer loop
      vertex 77 44 87
      vertex 67.6807 44 84
      vertex -3 44 87
    endloop
  endfacet
  facet normal 0 1 -0
    outer loop
      vertex 6.31935 44 84
      vertex -3 44 87
      vertex 67.6807 44 84
    endloop
  endfacet
  facet normal 0 1 -0
    outer loop
      vertex 0.680653 44 84
      vertex -3 44 87
      vertex 6.31935 44 84
    endloop
  endfacet
  facet normal 0 1 -0
    outer loop
      vertex 0 44 84
      vertex -3 44 87
      vertex 0.680653 44 84
    endloop
  endfacet
  facet normal 0 1 -0
    outer loop
      vertex 0 44 83.3193
      vertex -3 44 87
      vertex 0 44 84
    endloop
  endfacet
  facet normal 0 1 0
    outer loop
      vertex 5.16604 44 81.7784
      vertex 7.07009 44 83.2394
      vertex 7.39711 44 82.75
    endloop
  endfacet
  facet normal 0 1 0
    outer loop
      vertex 6.31935 44 84
      vertex 3.7741 44 82.582
      vertex 3.5 44 82.6
    endloop
  endfacet
  facet normal 0 1 -0
    outer loop
      vertex 2.69637 44 82.4401
      vertex 0.680653 44 84
      vertex 2.95648 44 82.5284
    endloop
  endfacet
  facet normal 0 1 -0
    outer loop
      vertex 2.45 44 82.3186
      vertex 0.680653 44 84
      vertex 2.69637 44 82.4401
    endloop
  endfacet
  facet normal 0 1 -0
    outer loop
      vertex 2.2216 44 82.166
      vertex 0.680653 44 84
      vertex 2.45 44 82.3186
    endloop
  endfacet
  facet normal 0 1 -0
    outer loop
      vertex 2.01508 44 81.9849
      vertex 0.680653 44 84
      vertex 2.2216 44 82.166
    endloop
  endfacet
  facet normal 0 1 0
    outer loop
      vertex 0.680653 44 84
      vertex 2.01508 44 81.9849
      vertex 0.31802 44 83.682
    endloop
  endfacet
  facet normal 0 1 0
    outer loop
      vertex 0.31802 44 83.682
      vertex 2.01508 44 81.9849
      vertex 0 44 83.3193
    endloop
  endfacet
  facet normal 0 1 -0
    outer loop
      vertex 1.83396 44 81.7784
      vertex 0 44 83.3193
      vertex 2.01508 44 81.9849
    endloop
  endfacet
  facet normal 0 1 -0
    outer loop
      vertex 1.68135 44 81.55
      vertex 0 44 83.3193
      vertex 1.83396 44 81.7784
    endloop
  endfacet
  facet normal 0 1 -0
    outer loop
      vertex 1.55985 44 81.3036
      vertex 0 44 83.3193
      vertex 1.68135 44 81.55
    endloop
  endfacet
  facet normal 0 1 -0
    outer loop
      vertex 1.47156 44 81.0435
      vertex 0 44 83.3193
      vertex 1.55985 44 81.3036
    endloop
  endfacet
  facet normal 0 1 -0
    outer loop
      vertex 1.41797 44 80.7741
      vertex 0 44 83.3193
      vertex 1.47156 44 81.0435
    endloop
  endfacet
  facet normal 0 1 -0
    outer loop
      vertex 1.4 44 80.5
      vertex 0 44 83.3193
      vertex 1.41797 44 80.7741
    endloop
  endfacet
  facet normal 0 1 0
    outer loop
      vertex 0 44 83.3193
      vertex 1.4 44 80.5
      vertex 0 44 77.6807
    endloop
  endfacet
  facet normal 0 1 0
    outer loop
      vertex 0 44 77.6807
      vertex 1.4 44 80.5
      vertex 1.41797 44 80.2259
    endloop
  endfacet
  facet normal 0 1 0
    outer loop
      vertex 0 44 77.6807
      vertex 1.41797 44 80.2259
      vertex 1.47156 44 79.9565
    endloop
  endfacet
  facet normal 0 1 0
    outer loop
      vertex 0 44 77.6807
      vertex 1.47156 44 79.9565
      vertex 1.55985 44 79.6964
    endloop
  endfacet
  facet normal 0 1 0
    outer loop
      vertex 0 44 77.6807
      vertex 1.55985 44 79.6964
      vertex 1.68135 44 79.45
    endloop
  endfacet
  facet normal 0 1 0
    outer loop
      vertex 4.55 44 78.6814
      vertex 5.75 44 76.6029
      vertex 4.30363 44 78.5599
    endloop
  endfacet
  facet normal 0 1 -0
    outer loop
      vertex 5.22207 44 76.3425
      vertex 4.30363 44 78.5599
      vertex 5.75 44 76.6029
    endloop
  endfacet
  facet normal 0 1 0
    outer loop
      vertex 3.5 44 78.4
      vertex 0 44 77.6807
      vertex 3.2259 44 78.418
    endloop
  endfacet
  facet normal 0 1 0
    outer loop
      vertex 0 44 77.6807
      vertex 2.95648 44 78.4716
      vertex 3.2259 44 78.418
    endloop
  endfacet
  facet normal 0 1 0
    outer loop
      vertex 0 44 77.6807
      vertex 2.69637 44 78.5599
      vertex 2.95648 44 78.4716
    endloop
  endfacet
  facet normal 0 1 0
    outer loop
      vertex 0 44 77.6807
      vertex 2.45 44 78.6814
      vertex 2.69637 44 78.5599
    endloop
  endfacet
  facet normal 0 1 0
    outer loop
      vertex 0 44 77.6807
      vertex 2.2216 44 78.834
      vertex 2.45 44 78.6814
    endloop
  endfacet
  facet normal 0 1 0
    outer loop
      vertex 0 44 77.6807
      vertex 2.01508 44 79.0151
      vertex 2.2216 44 78.834
    endloop
  endfacet
  facet normal 0 1 0
    outer loop
      vertex 0 44 77.6807
      vertex 1.83396 44 79.2216
      vertex 2.01508 44 79.0151
    endloop
  endfacet
  facet normal 0 1 0
    outer loop
      vertex 0 44 77.6807
      vertex 1.68135 44 79.45
      vertex 1.83396 44 79.2216
    endloop
  endfacet
  facet normal 0 1 0
    outer loop
      vertex 0 44 83.3193
      vertex 0 44 77.6807
      vertex -3 44 87
    endloop
  endfacet
  facet normal 0 1 -0
    outer loop
      vertex 0 44 56.5
      vertex -3 44 87
      vertex 0 44 77.6807
    endloop
  endfacet
  facet normal 0 1 0
    outer loop
      vertex 0 44 51.5
      vertex 0 44 56.5
      vertex 35 44 51.5
    endloop
  endfacet
  facet normal 0 1 -0
    outer loop
      vertex 0 44 51.5
      vertex -3 44 87
      vertex 0 44 56.5
    endloop
  endfacet
  facet normal 0 1 -0
    outer loop
      vertex 0 44 31.5
      vertex -3 44 87
      vertex 0 44 51.5
    endloop
  endfacet
  facet normal 0 1 0
    outer loop
      vertex 0 44 26.5
      vertex 0 44 31.5
      vertex 46.5 44 26.5
    endloop
  endfacet
  facet normal 0 1 0
    outer loop
      vertex -3 44 -3
      vertex 0 44 31.5
      vertex 0 44 26.5
    endloop
  endfacet
  facet normal 0 1 0
    outer loop
      vertex -3 44 -3
      vertex 0 44 26.5
      vertex 0 44 6.31935
    endloop
  endfacet
  facet normal 0 1 0
    outer loop
      vertex 5.16604 44 4.7784
      vertex 7.07009 44 6.23943
      vertex 7.39711 44 5.75
    endloop
  endfacet
  facet normal 0 1 0
    outer loop
      vertex 4.08737 44 7.9615
      vertex 3.7741 44 5.58203
      vertex 3.5 44 5.6
    endloop
  endfacet
  facet normal 0 1 -0
    outer loop
      vertex 2.45 44 5.31865
      vertex 1.25 44 7.39711
      vertex 2.69637 44 5.44015
    endloop
  endfacet
  facet normal 0 1 0
    outer loop
      vertex 1.25 44 7.39711
      vertex 2.45 44 5.31865
      vertex 0.760574 44 7.07009
    endloop
  endfacet
  facet normal 0 1 -0
    outer loop
      vertex 2.2216 44 5.16604
      vertex 0.760574 44 7.07009
      vertex 2.45 44 5.31865
    endloop
  endfacet
  facet normal 0 1 0
    outer loop
      vertex 0.760574 44 7.07009
      vertex 2.2216 44 5.16604
      vertex 0.31802 44 6.68198
    endloop
  endfacet
  facet normal 0 1 -0
    outer loop
      vertex 2.01508 44 4.98492
      vertex 0.31802 44 6.68198
      vertex 2.2216 44 5.16604
    endloop
  endfacet
  facet normal 0 1 0
    outer loop
      vertex 0.31802 44 6.68198
      vertex 2.01508 44 4.98492
      vertex 0 44 6.31935
    endloop
  endfacet
  facet normal 0 1 -0
    outer loop
      vertex 1.83396 44 4.7784
      vertex 0 44 6.31935
      vertex 2.01508 44 4.98492
    endloop
  endfacet
  facet normal 0 1 -0
    outer loop
      vertex 1.68135 44 4.55
      vertex 0 44 6.31935
      vertex 1.83396 44 4.7784
    endloop
  endfacet
  facet normal 0 1 -0
    outer loop
      vertex 1.55985 44 4.30363
      vertex 0 44 6.31935
      vertex 1.68135 44 4.55
    endloop
  endfacet
  facet normal 0 1 -0
    outer loop
      vertex 1.47156 44 4.04352
      vertex 0 44 6.31935
      vertex 1.55985 44 4.30363
    endloop
  endfacet
  facet normal 0 1 -0
    outer loop
      vertex 1.41797 44 3.7741
      vertex 0 44 6.31935
      vertex 1.47156 44 4.04352
    endloop
  endfacet
  facet normal 0 1 -0
    outer loop
      vertex 1.4 44 3.5
      vertex 0 44 6.31935
      vertex 1.41797 44 3.7741
    endloop
  endfacet
  facet normal 0 1 0
    outer loop
      vertex 0 44 0.680653
      vertex 1.4 44 3.5
      vertex 1.41797 44 3.2259
    endloop
  endfacet
  facet normal 0 1 0
    outer loop
      vertex 0 44 0.680653
      vertex 1.41797 44 3.2259
      vertex 1.47156 44 2.95648
    endloop
  endfacet
  facet normal 0 1 0
    outer loop
      vertex 0 44 0.680653
      vertex 1.47156 44 2.95648
      vertex 1.55985 44 2.69637
    endloop
  endfacet
  facet normal 0 1 0
    outer loop
      vertex 4.30363 44 1.55985
      vertex 6.31935 44 0
      vertex 4.04352 44 1.47156
    endloop
  endfacet
  facet normal 0 1 0
    outer loop
      vertex 4.04352 44 1.47156
      vertex 6.31935 44 0
      vertex 3.7741 44 1.41797
    endloop
  endfacet
  facet normal 0 1 0
    outer loop
      vertex 3.5 44 1.4
      vertex 0 44 0.680653
      vertex 3.2259 44 1.41797
    endloop
  endfacet
  facet normal 0 1 0
    outer loop
      vertex 0 44 0.680653
      vertex 2.95648 44 1.47156
      vertex 3.2259 44 1.41797
    endloop
  endfacet
  facet normal 0 1 0
    outer loop
      vertex 0 44 0.680653
      vertex 2.69637 44 1.55985
      vertex 2.95648 44 1.47156
    endloop
  endfacet
  facet normal 0 1 0
    outer loop
      vertex 0 44 0.680653
      vertex 2.45 44 1.68135
      vertex 2.69637 44 1.55985
    endloop
  endfacet
  facet normal 0 1 0
    outer loop
      vertex 0 44 0.680653
      vertex 2.2216 44 1.83396
      vertex 2.45 44 1.68135
    endloop
  endfacet
  facet normal 0 1 0
    outer loop
      vertex 0 44 0.680653
      vertex 2.01508 44 2.01508
      vertex 2.2216 44 1.83396
    endloop
  endfacet
  facet normal 0 1 0
    outer loop
      vertex 0 44 0.680653
      vertex 1.83396 44 2.2216
      vertex 2.01508 44 2.01508
    endloop
  endfacet
  facet normal 0 1 0
    outer loop
      vertex 0 44 0.680653
      vertex 1.68135 44 2.45
      vertex 1.83396 44 2.2216
    endloop
  endfacet
  facet normal 0 1 0
    outer loop
      vertex 0 44 0.680653
      vertex 1.55985 44 2.69637
      vertex 1.68135 44 2.45
    endloop
  endfacet
  facet normal 0 1 0
    outer loop
      vertex 1.4 44 3.5
      vertex 0 44 0.680653
      vertex 0 44 6.31935
    endloop
  endfacet
  facet normal 0 1 0
    outer loop
      vertex -3 44 -3
      vertex 0 44 6.31935
      vertex 0 44 0.680653
    endloop
  endfacet
  facet normal 0 1 0
    outer loop
      vertex -3 44 -3
      vertex 0 44 0.680653
      vertex 0 44 0
    endloop
  endfacet
  facet normal 0 1 0
    outer loop
      vertex 0 44 31.5
      vertex -3 44 -3
      vertex -3 44 87
    endloop
  endfacet
  facet normal 0 1 0
    outer loop
      vertex 0.680653 44 0
      vertex -3 44 -3
      vertex 0 44 0
    endloop
  endfacet
  facet normal 0 1 0
    outer loop
      vertex 1.77793 44 7.65746
      vertex 2.69637 44 5.44015
      vertex 1.25 44 7.39711
    endloop
  endfacet
  facet normal 0 1 0
    outer loop
      vertex 4.66469 44 7.84667
      vertex 4.04352 44 5.52844
      vertex 3.7741 44 5.58203
    endloop
  endfacet
  facet normal 0 1 0
    outer loop
      vertex 5.22207 44 7.65746
      vertex 4.30363 44 5.44015
      vertex 4.04352 44 5.52844
    endloop
  endfacet
  facet normal 0 1 0
    outer loop
      vertex 5.75 44 7.39711
      vertex 4.55 44 5.31865
      vertex 4.30363 44 5.44015
    endloop
  endfacet
  facet normal 0 1 0
    outer loop
      vertex 5.31865 44 4.55
      vertex 7.39711 44 5.75
      vertex 7.65746 44 5.22207
    endloop
  endfacet
  facet normal 0 1 0
    outer loop
      vertex 6.23943 44 7.07009
      vertex 4.7784 44 5.16604
      vertex 4.55 44 5.31865
    endloop
  endfacet
  facet normal 0 1 0
    outer loop
      vertex 6.68198 44 6.68198
      vertex 4.98492 44 4.98492
      vertex 4.7784 44 5.16604
    endloop
  endfacet
  facet normal 0 1 0
    outer loop
      vertex 7.07009 44 6.23943
      vertex 5.16604 44 4.7784
      vertex 4.98492 44 4.98492
    endloop
  endfacet
  facet normal 0 1 0
    outer loop
      vertex 5.44015 44 4.30363
      vertex 7.65746 44 5.22207
      vertex 7.84667 44 4.66469
    endloop
  endfacet
  facet normal 0 1 0
    outer loop
      vertex 7.39711 44 5.75
      vertex 5.31865 44 4.55
      vertex 5.16604 44 4.7784
    endloop
  endfacet
  facet normal 0 1 0
    outer loop
      vertex 7.65746 44 5.22207
      vertex 5.44015 44 4.30363
      vertex 5.31865 44 4.55
    endloop
  endfacet
  facet normal 0 1 0
    outer loop
      vertex 5.52844 44 4.04352
      vertex 7.84667 44 4.66469
      vertex 7.9615 44 4.08737
    endloop
  endfacet
  facet normal 0 1 0
    outer loop
      vertex 7.84667 44 4.66469
      vertex 5.52844 44 4.04352
      vertex 5.44015 44 4.30363
    endloop
  endfacet
  facet normal 0 1 0
    outer loop
      vertex 7.9615 44 4.08737
      vertex 5.58203 44 3.7741
      vertex 5.52844 44 4.04352
    endloop
  endfacet
  facet normal 0 1 0
    outer loop
      vertex 8 44 3.5
      vertex 5.58203 44 3.7741
      vertex 7.9615 44 4.08737
    endloop
  endfacet
  facet normal 0 1 0
    outer loop
      vertex 8 44 3.5
      vertex 5.6 44 3.5
      vertex 5.58203 44 3.7741
    endloop
  endfacet
  facet normal 0 1 0
    outer loop
      vertex 8 44 3.5
      vertex 5.58203 44 3.2259
      vertex 5.6 44 3.5
    endloop
  endfacet
  facet normal 0 1 -0
    outer loop
      vertex 7.9615 44 2.91263
      vertex 5.58203 44 3.2259
      vertex 8 44 3.5
    endloop
  endfacet
  facet normal 0 1 0
    outer loop
      vertex 5.58203 44 3.2259
      vertex 7.9615 44 2.91263
      vertex 5.52844 44 2.95648
    endloop
  endfacet
  facet normal 0 1 -0
    outer loop
      vertex 7.84667 44 2.33531
      vertex 5.52844 44 2.95648
      vertex 7.9615 44 2.91263
    endloop
  endfacet
  facet normal 0 1 0
    outer loop
      vertex 5.52844 44 2.95648
      vertex 7.84667 44 2.33531
      vertex 5.44015 44 2.69637
    endloop
  endfacet
  facet normal 0 1 -0
    outer loop
      vertex 7.65746 44 1.77793
      vertex 5.44015 44 2.69637
      vertex 7.84667 44 2.33531
    endloop
  endfacet
  facet normal 0 1 0
    outer loop
      vertex 5.44015 44 2.69637
      vertex 7.65746 44 1.77793
      vertex 5.31865 44 2.45
    endloop
  endfacet
  facet normal 0 1 -0
    outer loop
      vertex 7.39711 44 1.25
      vertex 5.31865 44 2.45
      vertex 7.65746 44 1.77793
    endloop
  endfacet
  facet normal 0 1 0
    outer loop
      vertex 5.31865 44 2.45
      vertex 7.39711 44 1.25
      vertex 5.16604 44 2.2216
    endloop
  endfacet
  facet normal 0 1 -0
    outer loop
      vertex 7.07009 44 0.760574
      vertex 5.16604 44 2.2216
      vertex 7.39711 44 1.25
    endloop
  endfacet
  facet normal 0 1 0
    outer loop
      vertex 5.16604 44 2.2216
      vertex 7.07009 44 0.760574
      vertex 4.98492 44 2.01508
    endloop
  endfacet
  facet normal 0 1 -0
    outer loop
      vertex 6.68198 44 0.31802
      vertex 4.98492 44 2.01508
      vertex 7.07009 44 0.760574
    endloop
  endfacet
  facet normal 0 1 -0
    outer loop
      vertex 6.31935 44 0
      vertex 4.98492 44 2.01508
      vertex 6.68198 44 0.31802
    endloop
  endfacet
  facet normal 0 1 0
    outer loop
      vertex 4.98492 44 2.01508
      vertex 6.31935 44 0
      vertex 4.7784 44 1.83396
    endloop
  endfacet
  facet normal 0 1 0
    outer loop
      vertex 4.55 44 1.68135
      vertex 6.31935 44 0
      vertex 4.30363 44 1.55985
    endloop
  endfacet
  facet normal 0 1 0
    outer loop
      vertex 4.7784 44 1.83396
      vertex 6.31935 44 0
      vertex 4.55 44 1.68135
    endloop
  endfacet
  facet normal 0 1 0
    outer loop
      vertex 68.25 44 7.39711
      vertex 69.45 44 5.31865
      vertex 67.7606 44 7.07009
    endloop
  endfacet
  facet normal 0 1 -0
    outer loop
      vertex 69.2216 44 5.16604
      vertex 67.7606 44 7.07009
      vertex 69.45 44 5.31865
    endloop
  endfacet
  facet normal 0 1 0
    outer loop
      vertex 67.7606 44 7.07009
      vertex 69.2216 44 5.16604
      vertex 67.318 44 6.68198
    endloop
  endfacet
  facet normal 0 1 -0
    outer loop
      vertex 69.0151 44 4.98492
      vertex 67.318 44 6.68198
      vertex 69.2216 44 5.16604
    endloop
  endfacet
  facet normal 0 1 0
    outer loop
      vertex 67.318 44 6.68198
      vertex 69.0151 44 4.98492
      vertex 66.9299 44 6.23943
    endloop
  endfacet
  facet normal 0 1 -0
    outer loop
      vertex 68.834 44 4.7784
      vertex 66.9299 44 6.23943
      vertex 69.0151 44 4.98492
    endloop
  endfacet
  facet normal 0 1 0
    outer loop
      vertex 66.9299 44 6.23943
      vertex 68.834 44 4.7784
      vertex 66.6029 44 5.75
    endloop
  endfacet
  facet normal 0 1 -0
    outer loop
      vertex 68.6814 44 4.55
      vertex 66.6029 44 5.75
      vertex 68.834 44 4.7784
    endloop
  endfacet
  facet normal 0 1 0
    outer loop
      vertex 66.6029 44 5.75
      vertex 68.6814 44 4.55
      vertex 66.3425 44 5.22207
    endloop
  endfacet
  facet normal 0 1 -0
    outer loop
      vertex 68.5599 44 4.30363
      vertex 66.3425 44 5.22207
      vertex 68.6814 44 4.55
    endloop
  endfacet
  facet normal 0 1 0
    outer loop
      vertex 66.3425 44 5.22207
      vertex 68.5599 44 4.30363
      vertex 66.1533 44 4.66469
    endloop
  endfacet
  facet normal 0 1 -0
    outer loop
      vertex 68.4716 44 4.04352
      vertex 66.1533 44 4.66469
      vertex 68.5599 44 4.30363
    endloop
  endfacet
  facet normal 0 1 0
    outer loop
      vertex 66.1533 44 4.66469
      vertex 68.4716 44 4.04352
      vertex 66.0385 44 4.08737
    endloop
  endfacet
  facet normal 0 1 -0
    outer loop
      vertex 68.418 44 3.7741
      vertex 66.0385 44 4.08737
      vertex 68.4716 44 4.04352
    endloop
  endfacet
  facet normal 0 1 -0
    outer loop
      vertex 68.4 44 3.5
      vertex 66.0385 44 4.08737
      vertex 68.418 44 3.7741
    endloop
  endfacet
  facet normal 0 1 0
    outer loop
      vertex 68.4 44 3.5
      vertex 66 44 3.5
      vertex 66.0385 44 4.08737
    endloop
  endfacet
  facet normal 0 1 0
    outer loop
      vertex 68.418 44 3.2259
      vertex 66 44 3.5
      vertex 68.4 44 3.5
    endloop
  endfacet
  facet normal 0 1 0
    outer loop
      vertex 66.0385 44 2.91263
      vertex 68.418 44 3.2259
      vertex 68.4716 44 2.95648
    endloop
  endfacet
  facet normal 0 1 0
    outer loop
      vertex 68.418 44 3.2259
      vertex 66.0385 44 2.91263
      vertex 66 44 3.5
    endloop
  endfacet
  facet normal 0 1 0
    outer loop
      vertex 66.1533 44 2.33531
      vertex 68.4716 44 2.95648
      vertex 68.5599 44 2.69637
    endloop
  endfacet
  facet normal 0 1 0
    outer loop
      vertex 66.3425 44 1.77793
      vertex 68.5599 44 2.69637
      vertex 68.6814 44 2.45
    endloop
  endfacet
  facet normal 0 1 0
    outer loop
      vertex 68.4716 44 2.95648
      vertex 66.1533 44 2.33531
      vertex 66.0385 44 2.91263
    endloop
  endfacet
  facet normal 0 1 0
    outer loop
      vertex 66.6029 44 1.25
      vertex 68.6814 44 2.45
      vertex 68.834 44 2.2216
    endloop
  endfacet
  facet normal 0 1 0
    outer loop
      vertex 66.9299 44 0.760574
      vertex 68.834 44 2.2216
      vertex 69.0151 44 2.01508
    endloop
  endfacet
  facet normal 0 1 0
    outer loop
      vertex 66.9299 44 0.760574
      vertex 69.0151 44 2.01508
      vertex 69.2216 44 1.83396
    endloop
  endfacet
  facet normal 0 1 0
    outer loop
      vertex 68.5599 44 2.69637
      vertex 66.3425 44 1.77793
      vertex 66.1533 44 2.33531
    endloop
  endfacet
  facet normal 0 1 0
    outer loop
      vertex 66.9299 44 0.760574
      vertex 69.2216 44 1.83396
      vertex 69.45 44 1.68135
    endloop
  endfacet
  facet normal 0 1 0
    outer loop
      vertex 66.9299 44 0.760574
      vertex 69.45 44 1.68135
      vertex 69.6964 44 1.55985
    endloop
  endfacet
  facet normal 0 1 0
    outer loop
      vertex 66.9299 44 0.760574
      vertex 69.6964 44 1.55985
      vertex 69.9565 44 1.47156
    endloop
  endfacet
  facet normal 0 1 0
    outer loop
      vertex 66.9299 44 0.760574
      vertex 69.9565 44 1.47156
      vertex 70.2259 44 1.41797
    endloop
  endfacet
  facet normal 0 1 0
    outer loop
      vertex 68.6814 44 2.45
      vertex 66.6029 44 1.25
      vertex 66.3425 44 1.77793
    endloop
  endfacet
  facet normal 0 1 0
    outer loop
      vertex 66.9299 44 0.760574
      vertex 70.2259 44 1.41797
      vertex 70.5 44 1.4
    endloop
  endfacet
  facet normal 0 1 -0
    outer loop
      vertex 2.95648 44 82.5284
      vertex 0.680653 44 84
      vertex 3.2259 44 82.582
    endloop
  endfacet
  facet normal 0 1 0
    outer loop
      vertex 6.31935 44 84
      vertex 4.04352 44 82.5284
      vertex 3.7741 44 82.582
    endloop
  endfacet
  facet normal 0 1 0
    outer loop
      vertex 6.31935 44 84
      vertex 4.30363 44 82.4401
      vertex 4.04352 44 82.5284
    endloop
  endfacet
  facet normal 0 1 0
    outer loop
      vertex 6.31935 44 84
      vertex 4.55 44 82.3186
      vertex 4.30363 44 82.4401
    endloop
  endfacet
  facet normal 0 1 0
    outer loop
      vertex 5.31865 44 81.55
      vertex 7.39711 44 82.75
      vertex 7.65746 44 82.2221
    endloop
  endfacet
  facet normal 0 1 0
    outer loop
      vertex 6.31935 44 84
      vertex 4.7784 44 82.166
      vertex 4.55 44 82.3186
    endloop
  endfacet
  facet normal 0 1 0
    outer loop
      vertex 6.31935 44 84
      vertex 4.98492 44 81.9849
      vertex 4.7784 44 82.166
    endloop
  endfacet
  facet normal 0 1 0
    outer loop
      vertex 7.07009 44 83.2394
      vertex 5.16604 44 81.7784
      vertex 4.98492 44 81.9849
    endloop
  endfacet
  facet normal 0 1 0
    outer loop
      vertex 5.44015 44 81.3036
      vertex 7.65746 44 82.2221
      vertex 7.84667 44 81.6647
    endloop
  endfacet
  facet normal 0 1 0
    outer loop
      vertex 7.39711 44 82.75
      vertex 5.31865 44 81.55
      vertex 5.16604 44 81.7784
    endloop
  endfacet
  facet normal 0 1 0
    outer loop
      vertex 7.65746 44 82.2221
      vertex 5.44015 44 81.3036
      vertex 5.31865 44 81.55
    endloop
  endfacet
  facet normal 0 1 0
    outer loop
      vertex 5.52844 44 81.0435
      vertex 7.84667 44 81.6647
      vertex 7.9615 44 81.0874
    endloop
  endfacet
  facet normal 0 1 0
    outer loop
      vertex 7.84667 44 81.6647
      vertex 5.52844 44 81.0435
      vertex 5.44015 44 81.3036
    endloop
  endfacet
  facet normal 0 1 0
    outer loop
      vertex 7.9615 44 81.0874
      vertex 5.58203 44 80.7741
      vertex 5.52844 44 81.0435
    endloop
  endfacet
  facet normal 0 1 0
    outer loop
      vertex 8 44 80.5
      vertex 5.58203 44 80.7741
      vertex 7.9615 44 81.0874
    endloop
  endfacet
  facet normal 0 1 0
    outer loop
      vertex 8 44 80.5
      vertex 5.6 44 80.5
      vertex 5.58203 44 80.7741
    endloop
  endfacet
  facet normal 0 1 0
    outer loop
      vertex 8 44 80.5
      vertex 5.58203 44 80.2259
      vertex 5.6 44 80.5
    endloop
  endfacet
  facet normal 0 1 -0
    outer loop
      vertex 7.9615 44 79.9126
      vertex 5.58203 44 80.2259
      vertex 8 44 80.5
    endloop
  endfacet
  facet normal 0 1 0
    outer loop
      vertex 5.58203 44 80.2259
      vertex 7.9615 44 79.9126
      vertex 5.52844 44 79.9565
    endloop
  endfacet
  facet normal 0 1 -0
    outer loop
      vertex 7.84667 44 79.3353
      vertex 5.52844 44 79.9565
      vertex 7.9615 44 79.9126
    endloop
  endfacet
  facet normal 0 1 0
    outer loop
      vertex 5.52844 44 79.9565
      vertex 7.84667 44 79.3353
      vertex 5.44015 44 79.6964
    endloop
  endfacet
  facet normal 0 1 -0
    outer loop
      vertex 7.65746 44 78.7779
      vertex 5.44015 44 79.6964
      vertex 7.84667 44 79.3353
    endloop
  endfacet
  facet normal 0 1 0
    outer loop
      vertex 5.44015 44 79.6964
      vertex 7.65746 44 78.7779
      vertex 5.31865 44 79.45
    endloop
  endfacet
  facet normal 0 1 -0
    outer loop
      vertex 7.39711 44 78.25
      vertex 5.31865 44 79.45
      vertex 7.65746 44 78.7779
    endloop
  endfacet
  facet normal 0 1 0
    outer loop
      vertex 5.31865 44 79.45
      vertex 7.39711 44 78.25
      vertex 5.16604 44 79.2216
    endloop
  endfacet
  facet normal 0 1 -0
    outer loop
      vertex 7.07009 44 77.7606
      vertex 5.16604 44 79.2216
      vertex 7.39711 44 78.25
    endloop
  endfacet
  facet normal 0 1 0
    outer loop
      vertex 5.16604 44 79.2216
      vertex 7.07009 44 77.7606
      vertex 4.98492 44 79.0151
    endloop
  endfacet
  facet normal 0 1 -0
    outer loop
      vertex 6.68198 44 77.318
      vertex 4.98492 44 79.0151
      vertex 7.07009 44 77.7606
    endloop
  endfacet
  facet normal 0 1 0
    outer loop
      vertex 4.98492 44 79.0151
      vertex 6.68198 44 77.318
      vertex 4.7784 44 78.834
    endloop
  endfacet
  facet normal 0 1 -0
    outer loop
      vertex 6.23943 44 76.9299
      vertex 4.7784 44 78.834
      vertex 6.68198 44 77.318
    endloop
  endfacet
  facet normal 0 1 -0
    outer loop
      vertex 5.75 44 76.6029
      vertex 4.55 44 78.6814
      vertex 6.23943 44 76.9299
    endloop
  endfacet
  facet normal 0 1 0
    outer loop
      vertex 4.7784 44 78.834
      vertex 6.23943 44 76.9299
      vertex 4.55 44 78.6814
    endloop
  endfacet
  facet normal 0 1 -0
    outer loop
      vertex 69.45 44 82.3186
      vertex 67.6807 44 84
      vertex 69.6964 44 82.4401
    endloop
  endfacet
  facet normal 0 1 -0
    outer loop
      vertex 69.2216 44 82.166
      vertex 67.6807 44 84
      vertex 69.45 44 82.3186
    endloop
  endfacet
  facet normal 0 1 -0
    outer loop
      vertex 69.0151 44 81.9849
      vertex 67.6807 44 84
      vertex 69.2216 44 82.166
    endloop
  endfacet
  facet normal 0 1 0
    outer loop
      vertex 67.6807 44 84
      vertex 69.0151 44 81.9849
      vertex 67.318 44 83.682
    endloop
  endfacet
  facet normal 0 1 0
    outer loop
      vertex 67.318 44 83.682
      vertex 69.0151 44 81.9849
      vertex 66.9299 44 83.2394
    endloop
  endfacet
  facet normal 0 1 -0
    outer loop
      vertex 68.834 44 81.7784
      vertex 66.9299 44 83.2394
      vertex 69.0151 44 81.9849
    endloop
  endfacet
  facet normal 0 1 0
    outer loop
      vertex 66.9299 44 83.2394
      vertex 68.834 44 81.7784
      vertex 66.6029 44 82.75
    endloop
  endfacet
  facet normal 0 1 -0
    outer loop
      vertex 68.6814 44 81.55
      vertex 66.6029 44 82.75
      vertex 68.834 44 81.7784
    endloop
  endfacet
  facet normal 0 1 0
    outer loop
      vertex 66.6029 44 82.75
      vertex 68.6814 44 81.55
      vertex 66.3425 44 82.2221
    endloop
  endfacet
  facet normal 0 1 -0
    outer loop
      vertex 68.5599 44 81.3036
      vertex 66.3425 44 82.2221
      vertex 68.6814 44 81.55
    endloop
  endfacet
  facet normal 0 1 0
    outer loop
      vertex 66.3425 44 82.2221
      vertex 68.5599 44 81.3036
      vertex 66.1533 44 81.6647
    endloop
  endfacet
  facet normal 0 1 -0
    outer loop
      vertex 68.4716 44 81.0435
      vertex 66.1533 44 81.6647
      vertex 68.5599 44 81.3036
    endloop
  endfacet
  facet normal 0 1 0
    outer loop
      vertex 66.1533 44 81.6647
      vertex 68.4716 44 81.0435
      vertex 66.0385 44 81.0874
    endloop
  endfacet
  facet normal 0 1 -0
    outer loop
      vertex 68.418 44 80.7741
      vertex 66.0385 44 81.0874
      vertex 68.4716 44 81.0435
    endloop
  endfacet
  facet normal 0 1 -0
    outer loop
      vertex 68.4 44 80.5
      vertex 66.0385 44 81.0874
      vertex 68.418 44 80.7741
    endloop
  endfacet
  facet normal 0 1 0
    outer loop
      vertex 68.4 44 80.5
      vertex 66 44 80.5
      vertex 66.0385 44 81.0874
    endloop
  endfacet
  facet normal 0 1 0
    outer loop
      vertex 68.418 44 80.2259
      vertex 66 44 80.5
      vertex 68.4 44 80.5
    endloop
  endfacet
  facet normal 0 1 0
    outer loop
      vertex 66.0385 44 79.9126
      vertex 68.418 44 80.2259
      vertex 68.4716 44 79.9565
    endloop
  endfacet
  facet normal 0 1 0
    outer loop
      vertex 68.418 44 80.2259
      vertex 66.0385 44 79.9126
      vertex 66 44 80.5
    endloop
  endfacet
  facet normal 0 1 0
    outer loop
      vertex 66.1533 44 79.3353
      vertex 68.4716 44 79.9565
      vertex 68.5599 44 79.6964
    endloop
  endfacet
  facet normal 0 1 0
    outer loop
      vertex 66.3425 44 78.7779
      vertex 68.5599 44 79.6964
      vertex 68.6814 44 79.45
    endloop
  endfacet
  facet normal 0 1 0
    outer loop
      vertex 68.4716 44 79.9565
      vertex 66.1533 44 79.3353
      vertex 66.0385 44 79.9126
    endloop
  endfacet
  facet normal 0 1 0
    outer loop
      vertex 66.6029 44 78.25
      vertex 68.6814 44 79.45
      vertex 68.834 44 79.2216
    endloop
  endfacet
  facet normal 0 1 0
    outer loop
      vertex 66.9299 44 77.7606
      vertex 68.834 44 79.2216
      vertex 69.0151 44 79.0151
    endloop
  endfacet
  facet normal 0 1 0
    outer loop
      vertex 66.9299 44 77.7606
      vertex 69.0151 44 79.0151
      vertex 69.2216 44 78.834
    endloop
  endfacet
  facet normal 0 1 0
    outer loop
      vertex 68.5599 44 79.6964
      vertex 66.3425 44 78.7779
      vertex 66.1533 44 79.3353
    endloop
  endfacet
  facet normal 0 1 0
    outer loop
      vertex 66.9299 44 77.7606
      vertex 69.2216 44 78.834
      vertex 69.45 44 78.6814
    endloop
  endfacet
  facet normal 0 1 0
    outer loop
      vertex 66.9299 44 77.7606
      vertex 69.45 44 78.6814
      vertex 69.6964 44 78.5599
    endloop
  endfacet
  facet normal 0 1 0
    outer loop
      vertex 66.9299 44 77.7606
      vertex 69.6964 44 78.5599
      vertex 69.9565 44 78.4716
    endloop
  endfacet
  facet normal 0 1 0
    outer loop
      vertex 66.9299 44 77.7606
      vertex 69.9565 44 78.4716
      vertex 70.2259 44 78.418
    endloop
  endfacet
  facet normal 0 1 0
    outer loop
      vertex 68.6814 44 79.45
      vertex 66.6029 44 78.25
      vertex 66.3425 44 78.7779
    endloop
  endfacet
  facet normal 0 1 0
    outer loop
      vertex 66.9299 44 77.7606
      vertex 70.2259 44 78.418
      vertex 70.5 44 78.4
    endloop
  endfacet
  facet normal 0 -1 0
    outer loop
      vertex 43 -3 48.6
      vertex -3 -3 87
      vertex 9 -3 48.6
    endloop
  endfacet
  facet normal 0 -1 0
    outer loop
      vertex -3 -3 87
      vertex 9 -3 35.4
      vertex 9 -3 48.6
    endloop
  endfacet
  facet normal 0 -1 0
    outer loop
      vertex 9 -3 35.4
      vertex 9 -3 22.6
      vertex 43 -3 35.4
    endloop
  endfacet
  facet normal 0 -1 0
    outer loop
      vertex -3 -3 -3
      vertex 9 -3 35.4
      vertex -3 -3 87
    endloop
  endfacet
  facet normal 0 -1 -0
    outer loop
      vertex 9 -3 35.4
      vertex -3 -3 -3
      vertex 9 -3 22.6
    endloop
  endfacet
  facet normal 0 -1 -0
    outer loop
      vertex 9 -3 9.4
      vertex -3 -3 -3
      vertex 43 -3 9.4
    endloop
  endfacet
  facet normal 0 -1 -0
    outer loop
      vertex 9 -3 22.6
      vertex -3 -3 -3
      vertex 9 -3 9.4
    endloop
  endfacet
  facet normal 0 -1 0
    outer loop
      vertex -3 -3 87
      vertex 43 -3 48.6
      vertex 77 -3 87
    endloop
  endfacet
  facet normal 0 -1 0
    outer loop
      vertex 43 -3 35.4
      vertex 77 -3 87
      vertex 43 -3 48.6
    endloop
  endfacet
  facet normal 0 -1 0
    outer loop
      vertex 43 -3 22.6
      vertex 43 -3 35.4
      vertex 9 -3 22.6
    endloop
  endfacet
  facet normal 0 -1 0
    outer loop
      vertex 77 -3 -3
      vertex 43 -3 35.4
      vertex 43 -3 22.6
    endloop
  endfacet
  facet normal 0 -1 0
    outer loop
      vertex 77 -3 -3
      vertex 43 -3 22.6
      vertex 43 -3 9.4
    endloop
  endfacet
  facet normal 0 -1 0
    outer loop
      vertex 43 -3 35.4
      vertex 77 -3 -3
      vertex 77 -3 87
    endloop
  endfacet
  facet normal 0 -1 0
    outer loop
      vertex 77 -3 -3
      vertex 43 -3 9.4
      vertex -3 -3 -3
    endloop
  endfacet
  facet normal 0 0 -1
    outer loop
      vertex 74 0 84
      vertex 73.3193 38.5 84
      vertex 74 44 84
    endloop
  endfacet
  facet normal 0 0 -1
    outer loop
      vertex 74 0 84
      vertex 73.2016 38.4222 84
      vertex 73.3193 38.5 84
    endloop
  endfacet
  facet normal 0 0 -1
    outer loop
      vertex 74 0 84
      vertex 73.1856 38.4117 84
      vertex 73.2016 38.4222 84
    endloop
  endfacet
  facet normal 0 0 -1
    outer loop
      vertex 74 0 84
      vertex 72.5989 38.085 84
      vertex 73.1856 38.4117 84
    endloop
  endfacet
  facet normal 0 0 -1
    outer loop
      vertex 74 0 84
      vertex 72.5207 38.0415 84
      vertex 72.5989 38.085 84
    endloop
  endfacet
  facet normal 0 0 -1
    outer loop
      vertex 74 0 84
      vertex 72.0663 37.84 84
      vertex 72.5207 38.0415 84
    endloop
  endfacet
  facet normal 0 0 -1
    outer loop
      vertex 74 0 84
      vertex 71.9497 37.7884 84
      vertex 72.0663 37.84 84
    endloop
  endfacet
  facet normal 0 0 -1
    outer loop
      vertex 74 0 84
      vertex 71.8165 37.7454 84
      vertex 71.9497 37.7884 84
    endloop
  endfacet
  facet normal 0 0 -1
    outer loop
      vertex 74 0 84
      vertex 71.4378 37.6235 84
      vertex 71.8165 37.7454 84
    endloop
  endfacet
  facet normal 0 0 -1
    outer loop
      vertex 74 0 84
      vertex 71.2847 37.5935 84
      vertex 71.4378 37.6235 84
    endloop
  endfacet
  facet normal 0 0 -1
    outer loop
      vertex 74 0 84
      vertex 70.9608 37.5302 84
      vertex 71.2847 37.5935 84
    endloop
  endfacet
  facet normal 0 0 -1
    outer loop
      vertex 74 0 84
      vertex 70.6614 37.5106 84
      vertex 70.9608 37.5302 84
    endloop
  endfacet
  facet normal 0 0 -1
    outer loop
      vertex 74 0 84
      vertex 70.5 37.5 84
      vertex 70.6614 37.5106 84
    endloop
  endfacet
  facet normal 0 0 -1
    outer loop
      vertex 74 0 84
      vertex 70.3386 37.5106 84
      vertex 70.5 37.5 84
    endloop
  endfacet
  facet normal 0 0 -1
    outer loop
      vertex 74 0 84
      vertex 70.0392 37.5302 84
      vertex 70.3386 37.5106 84
    endloop
  endfacet
  facet normal 0 0 -1
    outer loop
      vertex 74 0 84
      vertex 69.7153 37.5935 84
      vertex 70.0392 37.5302 84
    endloop
  endfacet
  facet normal 0 0 -1
    outer loop
      vertex 74 0 84
      vertex 69.5622 37.6235 84
      vertex 69.7153 37.5935 84
    endloop
  endfacet
  facet normal 0 0 -1
    outer loop
      vertex 74 0 84
      vertex 69.1835 37.7454 84
      vertex 69.5622 37.6235 84
    endloop
  endfacet
  facet normal 0 0 -1
    outer loop
      vertex 74 0 84
      vertex 69.0503 37.7884 84
      vertex 69.1835 37.7454 84
    endloop
  endfacet
  facet normal 0 0 -1
    outer loop
      vertex 74 0 84
      vertex 68.9337 37.84 84
      vertex 69.0503 37.7884 84
    endloop
  endfacet
  facet normal 0 0 -1
    outer loop
      vertex 74 0 84
      vertex 68.4793 38.0415 84
      vertex 68.9337 37.84 84
    endloop
  endfacet
  facet normal 0 0 -1
    outer loop
      vertex 74 0 84
      vertex 68.4011 38.085 84
      vertex 68.4793 38.0415 84
    endloop
  endfacet
  facet normal 0 0 -1
    outer loop
      vertex 74 0 84
      vertex 67.8144 38.4117 84
      vertex 68.4011 38.085 84
    endloop
  endfacet
  facet normal 0 0 -1
    outer loop
      vertex 74 0 84
      vertex 67.7984 38.4222 84
      vertex 67.8144 38.4117 84
    endloop
  endfacet
  facet normal 0 0 -1
    outer loop
      vertex 74 0 84
      vertex 67.6807 38.5 84
      vertex 67.7984 38.4222 84
    endloop
  endfacet
  facet normal 0 0 -1
    outer loop
      vertex 67.6807 38.5 84
      vertex 6.31935 38.5 84
      vertex 67.6807 44 84
    endloop
  endfacet
  facet normal 0 0 -1
    outer loop
      vertex 74 0 84
      vertex 6.31935 38.5 84
      vertex 67.6807 38.5 84
    endloop
  endfacet
  facet normal 0 0 -1
    outer loop
      vertex 0 0 84
      vertex 6.31935 38.5 84
      vertex 74 0 84
    endloop
  endfacet
  facet normal 0 0 -1
    outer loop
      vertex 6.31935 38.5 84
      vertex 0 0 84
      vertex 6.20164 38.4222 84
    endloop
  endfacet
  facet normal 0 0 -1
    outer loop
      vertex 6.20164 38.4222 84
      vertex 0 0 84
      vertex 6.18564 38.4117 84
    endloop
  endfacet
  facet normal 0 0 -1
    outer loop
      vertex 6.18564 38.4117 84
      vertex 0 0 84
      vertex 5.59891 38.085 84
    endloop
  endfacet
  facet normal 0 0 -1
    outer loop
      vertex 5.59891 38.085 84
      vertex 0 0 84
      vertex 5.52073 38.0415 84
    endloop
  endfacet
  facet normal 0 0 -1
    outer loop
      vertex 5.52073 38.0415 84
      vertex 0 0 84
      vertex 5.0663 37.84 84
    endloop
  endfacet
  facet normal 0 0 -1
    outer loop
      vertex 5.0663 37.84 84
      vertex 0 0 84
      vertex 4.94975 37.7884 84
    endloop
  endfacet
  facet normal 0 0 -1
    outer loop
      vertex 4.94975 37.7884 84
      vertex 0 0 84
      vertex 4.81649 37.7454 84
    endloop
  endfacet
  facet normal 0 0 -1
    outer loop
      vertex 4.81649 37.7454 84
      vertex 0 0 84
      vertex 4.43782 37.6235 84
    endloop
  endfacet
  facet normal 0 0 -1
    outer loop
      vertex 4.43782 37.6235 84
      vertex 0 0 84
      vertex 4.28471 37.5935 84
    endloop
  endfacet
  facet normal 0 0 -1
    outer loop
      vertex 4.28471 37.5935 84
      vertex 0 0 84
      vertex 3.96078 37.5302 84
    endloop
  endfacet
  facet normal 0 0 -1
    outer loop
      vertex 3.96078 37.5302 84
      vertex 0 0 84
      vertex 3.66143 37.5106 84
    endloop
  endfacet
  facet normal 0 0 -1
    outer loop
      vertex 3.66143 37.5106 84
      vertex 0 0 84
      vertex 3.5 37.5 84
    endloop
  endfacet
  facet normal -0 0 -1
    outer loop
      vertex 3.5 37.5 84
      vertex 0 0 84
      vertex 3.33857 37.5106 84
    endloop
  endfacet
  facet normal -0 0 -1
    outer loop
      vertex 3.33857 37.5106 84
      vertex 0 0 84
      vertex 3.03922 37.5302 84
    endloop
  endfacet
  facet normal -0 0 -1
    outer loop
      vertex 3.03922 37.5302 84
      vertex 0 0 84
      vertex 2.71529 37.5935 84
    endloop
  endfacet
  facet normal -0 0 -1
    outer loop
      vertex 2.71529 37.5935 84
      vertex 0 0 84
      vertex 2.56218 37.6235 84
    endloop
  endfacet
  facet normal -0 0 -1
    outer loop
      vertex 2.56218 37.6235 84
      vertex 0 0 84
      vertex 2.18351 37.7454 84
    endloop
  endfacet
  facet normal -0 0 -1
    outer loop
      vertex 2.18351 37.7454 84
      vertex 0 0 84
      vertex 2.05025 37.7884 84
    endloop
  endfacet
  facet normal -0 0 -1
    outer loop
      vertex 2.05025 37.7884 84
      vertex 0 0 84
      vertex 1.9337 37.84 84
    endloop
  endfacet
  facet normal -0 0 -1
    outer loop
      vertex 1.9337 37.84 84
      vertex 0 0 84
      vertex 1.47927 38.0415 84
    endloop
  endfacet
  facet normal 0 0 -1
    outer loop
      vertex 0 0 84
      vertex 1.40109 38.085 84
      vertex 1.47927 38.0415 84
    endloop
  endfacet
  facet normal 0 0 -1
    outer loop
      vertex 0 0 84
      vertex 0.814356 38.4117 84
      vertex 1.40109 38.085 84
    endloop
  endfacet
  facet normal 0 0 -1
    outer loop
      vertex 0 0 84
      vertex 0.798361 38.4222 84
      vertex 0.814356 38.4117 84
    endloop
  endfacet
  facet normal 0 0 -1
    outer loop
      vertex 0 0 84
      vertex 0.680653 38.5 84
      vertex 0.798361 38.4222 84
    endloop
  endfacet
  facet normal 0 0 -1
    outer loop
      vertex 0 44 84
      vertex 0.680653 38.5 84
      vertex 0 0 84
    endloop
  endfacet
  facet normal 0 0 -1
    outer loop
      vertex 0.680653 38.5 84
      vertex 0 44 84
      vertex 0.680653 44 84
    endloop
  endfacet
  facet normal -0 0 -1
    outer loop
      vertex 74 44 84
      vertex 73.3193 38.5 84
      vertex 73.3193 44 84
    endloop
  endfacet
  facet normal -0 0 -1
    outer loop
      vertex 67.6807 44 84
      vertex 6.31935 38.5 84
      vertex 6.31935 44 84
    endloop
  endfacet
  facet normal 0 0 1
    outer loop
      vertex 0.680653 44 0
      vertex 0 44 0
      vertex 0.680653 38.5 0
    endloop
  endfacet
  facet normal 0 0 1
    outer loop
      vertex 67.6807 44 0
      vertex 6.31935 44 0
      vertex 67.6807 38.5 0
    endloop
  endfacet
  facet normal 0 0 1
    outer loop
      vertex 73.3193 38.5 0
      vertex 74 44 0
      vertex 73.3193 44 0
    endloop
  endfacet
  facet normal 0 0 1
    outer loop
      vertex 74 44 0
      vertex 73.3193 38.5 0
      vertex 74 0 0
    endloop
  endfacet
  facet normal -0 0 1
    outer loop
      vertex 73.2016 38.4222 0
      vertex 74 0 0
      vertex 73.3193 38.5 0
    endloop
  endfacet
  facet normal -0 0 1
    outer loop
      vertex 73.1856 38.4117 0
      vertex 74 0 0
      vertex 73.2016 38.4222 0
    endloop
  endfacet
  facet normal -0 0 1
    outer loop
      vertex 72.5989 38.085 0
      vertex 74 0 0
      vertex 73.1856 38.4117 0
    endloop
  endfacet
  facet normal -0 0 1
    outer loop
      vertex 72.5207 38.0415 0
      vertex 74 0 0
      vertex 72.5989 38.085 0
    endloop
  endfacet
  facet normal -0 0 1
    outer loop
      vertex 72.0663 37.84 0
      vertex 74 0 0
      vertex 72.5207 38.0415 0
    endloop
  endfacet
  facet normal -0 0 1
    outer loop
      vertex 71.9497 37.7884 0
      vertex 74 0 0
      vertex 72.0663 37.84 0
    endloop
  endfacet
  facet normal -0 0 1
    outer loop
      vertex 71.8165 37.7454 0
      vertex 74 0 0
      vertex 71.9497 37.7884 0
    endloop
  endfacet
  facet normal -0 0 1
    outer loop
      vertex 71.4378 37.6235 0
      vertex 74 0 0
      vertex 71.8165 37.7454 0
    endloop
  endfacet
  facet normal -0 0 1
    outer loop
      vertex 71.2847 37.5935 0
      vertex 74 0 0
      vertex 71.4378 37.6235 0
    endloop
  endfacet
  facet normal -0 0 1
    outer loop
      vertex 70.9608 37.5302 0
      vertex 74 0 0
      vertex 71.2847 37.5935 0
    endloop
  endfacet
  facet normal -0 0 1
    outer loop
      vertex 70.6614 37.5106 0
      vertex 74 0 0
      vertex 70.9608 37.5302 0
    endloop
  endfacet
  facet normal -0 0 1
    outer loop
      vertex 70.5 37.5 0
      vertex 74 0 0
      vertex 70.6614 37.5106 0
    endloop
  endfacet
  facet normal 0 0 1
    outer loop
      vertex 70.3386 37.5106 0
      vertex 74 0 0
      vertex 70.5 37.5 0
    endloop
  endfacet
  facet normal 0 0 1
    outer loop
      vertex 70.0392 37.5302 0
      vertex 74 0 0
      vertex 70.3386 37.5106 0
    endloop
  endfacet
  facet normal 0 0 1
    outer loop
      vertex 69.7153 37.5935 0
      vertex 74 0 0
      vertex 70.0392 37.5302 0
    endloop
  endfacet
  facet normal 0 0 1
    outer loop
      vertex 69.5622 37.6235 0
      vertex 74 0 0
      vertex 69.7153 37.5935 0
    endloop
  endfacet
  facet normal 0 0 1
    outer loop
      vertex 69.1835 37.7454 0
      vertex 74 0 0
      vertex 69.5622 37.6235 0
    endloop
  endfacet
  facet normal 0 0 1
    outer loop
      vertex 69.0503 37.7884 0
      vertex 74 0 0
      vertex 69.1835 37.7454 0
    endloop
  endfacet
  facet normal 0 0 1
    outer loop
      vertex 68.9337 37.84 0
      vertex 74 0 0
      vertex 69.0503 37.7884 0
    endloop
  endfacet
  facet normal 0 0 1
    outer loop
      vertex 68.4793 38.0415 0
      vertex 74 0 0
      vertex 68.9337 37.84 0
    endloop
  endfacet
  facet normal 0 0 1
    outer loop
      vertex 68.4011 38.085 0
      vertex 74 0 0
      vertex 68.4793 38.0415 0
    endloop
  endfacet
  facet normal 0 0 1
    outer loop
      vertex 67.8144 38.4117 0
      vertex 74 0 0
      vertex 68.4011 38.085 0
    endloop
  endfacet
  facet normal 0 0 1
    outer loop
      vertex 67.7984 38.4222 0
      vertex 74 0 0
      vertex 67.8144 38.4117 0
    endloop
  endfacet
  facet normal 0 0 1
    outer loop
      vertex 67.6807 38.5 0
      vertex 74 0 0
      vertex 67.7984 38.4222 0
    endloop
  endfacet
  facet normal 0 0 1
    outer loop
      vertex 6.31935 38.5 0
      vertex 67.6807 38.5 0
      vertex 6.31935 44 0
    endloop
  endfacet
  facet normal 0 0 1
    outer loop
      vertex 67.6807 38.5 0
      vertex 6.31935 38.5 0
      vertex 74 0 0
    endloop
  endfacet
  facet normal 0 0 1
    outer loop
      vertex 0 0 0
      vertex 6.31935 38.5 0
      vertex 6.20164 38.4222 0
    endloop
  endfacet
  facet normal 0 0 1
    outer loop
      vertex 0 0 0
      vertex 6.20164 38.4222 0
      vertex 6.18564 38.4117 0
    endloop
  endfacet
  facet normal 0 0 1
    outer loop
      vertex 0 0 0
      vertex 6.18564 38.4117 0
      vertex 5.59891 38.085 0
    endloop
  endfacet
  facet normal 0 0 1
    outer loop
      vertex 0 0 0
      vertex 5.59891 38.085 0
      vertex 5.52073 38.0415 0
    endloop
  endfacet
  facet normal 0 0 1
    outer loop
      vertex 0 0 0
      vertex 5.52073 38.0415 0
      vertex 5.0663 37.84 0
    endloop
  endfacet
  facet normal 0 0 1
    outer loop
      vertex 0 0 0
      vertex 5.0663 37.84 0
      vertex 4.94975 37.7884 0
    endloop
  endfacet
  facet normal 0 0 1
    outer loop
      vertex 0 0 0
      vertex 4.94975 37.7884 0
      vertex 4.81649 37.7454 0
    endloop
  endfacet
  facet normal 0 0 1
    outer loop
      vertex 0 0 0
      vertex 4.81649 37.7454 0
      vertex 4.43782 37.6235 0
    endloop
  endfacet
  facet normal 0 0 1
    outer loop
      vertex 0 0 0
      vertex 4.43782 37.6235 0
      vertex 4.28471 37.5935 0
    endloop
  endfacet
  facet normal 0 0 1
    outer loop
      vertex 0 0 0
      vertex 4.28471 37.5935 0
      vertex 3.96078 37.5302 0
    endloop
  endfacet
  facet normal 0 0 1
    outer loop
      vertex 0 0 0
      vertex 3.96078 37.5302 0
      vertex 3.66143 37.5106 0
    endloop
  endfacet
  facet normal 0 0 1
    outer loop
      vertex 0 0 0
      vertex 3.66143 37.5106 0
      vertex 3.5 37.5 0
    endloop
  endfacet
  facet normal 0 0 1
    outer loop
      vertex 0 0 0
      vertex 3.5 37.5 0
      vertex 3.33857 37.5106 0
    endloop
  endfacet
  facet normal 0 0 1
    outer loop
      vertex 0 0 0
      vertex 3.33857 37.5106 0
      vertex 3.03922 37.5302 0
    endloop
  endfacet
  facet normal 0 0 1
    outer loop
      vertex 0 0 0
      vertex 3.03922 37.5302 0
      vertex 2.71529 37.5935 0
    endloop
  endfacet
  facet normal 0 0 1
    outer loop
      vertex 0 0 0
      vertex 2.71529 37.5935 0
      vertex 2.56218 37.6235 0
    endloop
  endfacet
  facet normal 0 0 1
    outer loop
      vertex 0 0 0
      vertex 2.56218 37.6235 0
      vertex 2.18351 37.7454 0
    endloop
  endfacet
  facet normal 0 0 1
    outer loop
      vertex 0 0 0
      vertex 2.18351 37.7454 0
      vertex 2.05025 37.7884 0
    endloop
  endfacet
  facet normal 0 0 1
    outer loop
      vertex 0 0 0
      vertex 2.05025 37.7884 0
      vertex 1.9337 37.84 0
    endloop
  endfacet
  facet normal 0 0 1
    outer loop
      vertex 0 0 0
      vertex 1.9337 37.84 0
      vertex 1.47927 38.0415 0
    endloop
  endfacet
  facet normal 0 0 1
    outer loop
      vertex 6.31935 38.5 0
      vertex 0 0 0
      vertex 74 0 0
    endloop
  endfacet
  facet normal 0 0 1
    outer loop
      vertex 1.40109 38.085 0
      vertex 0 0 0
      vertex 1.47927 38.0415 0
    endloop
  endfacet
  facet normal 0 0 1
    outer loop
      vertex 0.814356 38.4117 0
      vertex 0 0 0
      vertex 1.40109 38.085 0
    endloop
  endfacet
  facet normal 0 0 1
    outer loop
      vertex 0.798361 38.4222 0
      vertex 0 0 0
      vertex 0.814356 38.4117 0
    endloop
  endfacet
  facet normal 0 0 1
    outer loop
      vertex 0.680653 38.5 0
      vertex 0 0 0
      vertex 0.798361 38.4222 0
    endloop
  endfacet
  facet normal 0 0 1
    outer loop
      vertex 0 0 0
      vertex 0.680653 38.5 0
      vertex 0 44 0
    endloop
  endfacet
  facet normal 1 0 0
    outer loop
      vertex 0 44 84
      vertex 0 38.5 83.3193
      vertex 0 44 83.3193
    endloop
  endfacet
  facet normal -1 0 0
    outer loop
      vertex 0 38.5 83.3193
      vertex 0 38.4117 83.1856
      vertex 0 38.4222 83.2016
    endloop
  endfacet
  facet normal 1 0 0
    outer loop
      vertex 0 0 84
      vertex 0 37.84 82.0663
      vertex 0 38.0415 82.5207
    endloop
  endfacet
  facet normal 1 0 0
    outer loop
      vertex 0 0 84
      vertex 0 37.7454 81.8165
      vertex 0 37.7884 81.9497
    endloop
  endfacet
  facet normal 1 0 0
    outer loop
      vertex 0 0 84
      vertex 0 37.5935 81.2847
      vertex 0 37.6235 81.4378
    endloop
  endfacet
  facet normal 1 0 0
    outer loop
      vertex 0 0 84
      vertex 0 37.5106 80.6614
      vertex 0 37.5302 80.9608
    endloop
  endfacet
  facet normal 1 0 0
    outer loop
      vertex 0 37.5106 80.6614
      vertex 0 0 84
      vertex 0 37.5 80.5
    endloop
  endfacet
  facet normal 1 0 0
    outer loop
      vertex 0 37.5935 81.2847
      vertex 0 0 84
      vertex 0 37.5302 80.9608
    endloop
  endfacet
  facet normal 1 0 0
    outer loop
      vertex 0 37.7454 81.8165
      vertex 0 0 84
      vertex 0 37.6235 81.4378
    endloop
  endfacet
  facet normal 1 0 0
    outer loop
      vertex 0 37.84 82.0663
      vertex 0 0 84
      vertex 0 37.7884 81.9497
    endloop
  endfacet
  facet normal 1 0 0
    outer loop
      vertex 0 38.085 82.5989
      vertex 0 0 84
      vertex 0 38.0415 82.5207
    endloop
  endfacet
  facet normal 1 0 0
    outer loop
      vertex 0 38.4117 83.1856
      vertex 0 0 84
      vertex 0 38.085 82.5989
    endloop
  endfacet
  facet normal 1 0 0
    outer loop
      vertex 0 38.5 83.3193
      vertex 0 0 84
      vertex 0 38.4117 83.1856
    endloop
  endfacet
  facet normal 1 -0 0
    outer loop
      vertex 0 0 84
      vertex 0 38.5 83.3193
      vertex 0 44 84
    endloop
  endfacet
  facet normal 1 -0 0
    outer loop
      vertex 0 38.5 77.6807
      vertex 0 44 56.5
      vertex 0 44 77.6807
    endloop
  endfacet
  facet normal 1 0 0
    outer loop
      vertex 0 0 56.5
      vertex 0 38.5 77.6807
      vertex 0 38.4222 77.7984
    endloop
  endfacet
  facet normal 1 0 0
    outer loop
      vertex 0 0 56.5
      vertex 0 38.4222 77.7984
      vertex 0 38.4117 77.8144
    endloop
  endfacet
  facet normal 1 0 0
    outer loop
      vertex 0 0 56.5
      vertex 0 38.4117 77.8144
      vertex 0 38.085 78.4011
    endloop
  endfacet
  facet normal 1 0 0
    outer loop
      vertex 0 0 56.5
      vertex 0 38.085 78.4011
      vertex 0 38.0415 78.4793
    endloop
  endfacet
  facet normal 1 0 0
    outer loop
      vertex 0 0 56.5
      vertex 0 38.0415 78.4793
      vertex 0 37.84 78.9337
    endloop
  endfacet
  facet normal 1 0 0
    outer loop
      vertex 0 0 56.5
      vertex 0 37.84 78.9337
      vertex 0 37.7884 79.0503
    endloop
  endfacet
  facet normal 1 0 0
    outer loop
      vertex 0 0 84
      vertex 0 37.7884 79.0503
      vertex 0 37.7454 79.1835
    endloop
  endfacet
  facet normal 1 0 0
    outer loop
      vertex 0 0 84
      vertex 0 37.7454 79.1835
      vertex 0 37.6235 79.5622
    endloop
  endfacet
  facet normal 1 0 0
    outer loop
      vertex 0 0 84
      vertex 0 37.5935 79.7153
      vertex 0 37.5302 80.0392
    endloop
  endfacet
  facet normal 1 0 0
    outer loop
      vertex 0 0 84
      vertex 0 37.5106 80.3386
      vertex 0 37.5 80.5
    endloop
  endfacet
  facet normal 1 0 0
    outer loop
      vertex 0 37.5106 80.3386
      vertex 0 0 84
      vertex 0 37.5302 80.0392
    endloop
  endfacet
  facet normal 1 0 0
    outer loop
      vertex 0 37.5935 79.7153
      vertex 0 0 84
      vertex 0 37.6235 79.5622
    endloop
  endfacet
  facet normal 1 0 0
    outer loop
      vertex 0 37.7884 79.0503
      vertex 0 0 84
      vertex 0 0 56.5
    endloop
  endfacet
  facet normal 1 0 0
    outer loop
      vertex 0 38.5 77.6807
      vertex 0 0 56.5
      vertex 0 44 56.5
    endloop
  endfacet
  facet normal 1 0 0
    outer loop
      vertex 0 44 26.5
      vertex 0 38.5 6.31935
      vertex 0 44 6.31935
    endloop
  endfacet
  facet normal 1 -0 0
    outer loop
      vertex 0 0 26.5
      vertex 0 38.5 6.31935
      vertex 0 44 26.5
    endloop
  endfacet
  facet normal 1 0 0
    outer loop
      vertex 0 38.5 6.31935
      vertex 0 0 26.5
      vertex 0 38.4222 6.20164
    endloop
  endfacet
  facet normal 1 0 0
    outer loop
      vertex 0 38.4222 6.20164
      vertex 0 0 26.5
      vertex 0 38.4117 6.18564
    endloop
  endfacet
  facet normal 1 0 0
    outer loop
      vertex 0 38.4117 6.18564
      vertex 0 0 26.5
      vertex 0 38.085 5.59891
    endloop
  endfacet
  facet normal 1 0 0
    outer loop
      vertex 0 38.085 5.59891
      vertex 0 0 26.5
      vertex 0 38.0415 5.52073
    endloop
  endfacet
  facet normal 1 0 0
    outer loop
      vertex 0 38.0415 5.52073
      vertex 0 0 26.5
      vertex 0 37.84 5.0663
    endloop
  endfacet
  facet normal 1 0 0
    outer loop
      vertex 0 37.84 5.0663
      vertex 0 0 26.5
      vertex 0 37.7884 4.94975
    endloop
  endfacet
  facet normal 1 0 0
    outer loop
      vertex 0 0 0
      vertex 0 37.7884 4.94975
      vertex 0 0 26.5
    endloop
  endfacet
  facet normal 1 0 0
    outer loop
      vertex 0 0 0
      vertex 0 37.5935 4.28471
      vertex 0 37.6235 4.43782
    endloop
  endfacet
  facet normal 1 0 0
    outer loop
      vertex 0 0 0
      vertex 0 37.5106 3.66143
      vertex 0 37.5302 3.96078
    endloop
  endfacet
  facet normal 1 0 0
    outer loop
      vertex 0 37.5935 4.28471
      vertex 0 0 0
      vertex 0 37.5302 3.96078
    endloop
  endfacet
  facet normal 1 0 0
    outer loop
      vertex 0 37.7454 4.81649
      vertex 0 0 0
      vertex 0 37.6235 4.43782
    endloop
  endfacet
  facet normal 1 0 0
    outer loop
      vertex 0 37.7884 4.94975
      vertex 0 0 0
      vertex 0 37.7454 4.81649
    endloop
  endfacet
  facet normal 1 -0 0
    outer loop
      vertex 0 38.5 0.680653
      vertex 0 44 0
      vertex 0 44 0.680653
    endloop
  endfacet
  facet normal 1 0 0
    outer loop
      vertex 0 0 0
      vertex 0 37.84 1.9337
      vertex 0 37.7884 2.05025
    endloop
  endfacet
  facet normal 1 0 0
    outer loop
      vertex 0 0 0
      vertex 0 37.7454 2.18351
      vertex 0 37.6235 2.56218
    endloop
  endfacet
  facet normal 1 0 0
    outer loop
      vertex 0 0 0
      vertex 0 37.5935 2.71529
      vertex 0 37.5302 3.03922
    endloop
  endfacet
  facet normal 1 0 0
    outer loop
      vertex 0 0 0
      vertex 0 37.5106 3.33857
      vertex 0 37.5 3.5
    endloop
  endfacet
  facet normal 1 0 0
    outer loop
      vertex 0 37.5106 3.66143
      vertex 0 0 0
      vertex 0 37.5 3.5
    endloop
  endfacet
  facet normal 1 0 0
    outer loop
      vertex 0 37.5106 3.33857
      vertex 0 0 0
      vertex 0 37.5302 3.03922
    endloop
  endfacet
  facet normal 1 0 0
    outer loop
      vertex 0 37.5935 2.71529
      vertex 0 0 0
      vertex 0 37.6235 2.56218
    endloop
  endfacet
  facet normal 1 0 0
    outer loop
      vertex 0 37.7454 2.18351
      vertex 0 0 0
      vertex 0 37.7884 2.05025
    endloop
  endfacet
  facet normal 1 0 0
    outer loop
      vertex 0 37.84 1.9337
      vertex 0 0 0
      vertex 0 38.0415 1.47927
    endloop
  endfacet
  facet normal 1 0 0
    outer loop
      vertex 0 38.0415 1.47927
      vertex 0 0 0
      vertex 0 38.085 1.40109
    endloop
  endfacet
  facet normal 1 0 0
    outer loop
      vertex 0 38.085 1.40109
      vertex 0 0 0
      vertex 0 38.4117 0.814356
    endloop
  endfacet
  facet normal 1 0 0
    outer loop
      vertex 0 38.4117 0.814356
      vertex 0 0 0
      vertex 0 38.4222 0.798361
    endloop
  endfacet
  facet normal 1 0 0
    outer loop
      vertex 0 38.5 0.680653
      vertex 0 0 0
      vertex 0 44 0
    endloop
  endfacet
  facet normal 1 0 0
    outer loop
      vertex 0 38.4222 0.798361
      vertex 0 0 0
      vertex 0 38.5 0.680653
    endloop
  endfacet
  facet normal 1 -0 0
    outer loop
      vertex 0 0 51.5
      vertex 0 44 31.5
      vertex 0 44 51.5
    endloop
  endfacet
  facet normal 1 0 0
    outer loop
      vertex 0 44 31.5
      vertex 0 0 51.5
      vertex 0 0 31.5
    endloop
  endfacet
  facet normal 0 -0.321498 0.94691
    outer loop
      vertex 74 23.5307 60.8045
      vertex 77 23.0353 60.6363
      vertex 77 23.5307 60.8045
    endloop
  endfacet
  facet normal 0 -0.321498 0.94691
    outer loop
      vertex 77 23.0353 60.6363
      vertex 74 23.5307 60.8045
      vertex 74 23.0353 60.6363
    endloop
  endfacet
  facet normal 0 -0.555626 0.831432
    outer loop
      vertex 74 24.435 61.3266
      vertex 77 24 61.0359
      vertex 77 24.435 61.3266
    endloop
  endfacet
  facet normal 0 -0.555626 0.831432
    outer loop
      vertex 77 24 61.0359
      vertex 74 24.435 61.3266
      vertex 74 24 61.0359
    endloop
  endfacet
  facet normal -0 0.555626 0.831432
    outer loop
      vertex 74 20 61.0359
      vertex 77 19.565 61.3266
      vertex 77 20 61.0359
    endloop
  endfacet
  facet normal 0 0.555626 0.831432
    outer loop
      vertex 77 19.565 61.3266
      vertex 74 20 61.0359
      vertex 74 19.565 61.3266
    endloop
  endfacet
  facet normal 0 0.442238 -0.896898
    outer loop
      vertex 74 20 67.9641
      vertex 77 20.4693 68.1955
      vertex 77 20 67.9641
    endloop
  endfacet
  facet normal 0 0.442238 -0.896898
    outer loop
      vertex 77 20.4693 68.1955
      vertex 74 20 67.9641
      vertex 74 20.4693 68.1955
    endloop
  endfacet
  facet normal 0 0.94691 -0.321498
    outer loop
      vertex 77 18.1363 65.5353
      vertex 74 18.3045 66.0307
      vertex 77 18.3045 66.0307
    endloop
  endfacet
  facet normal 0 0.94691 -0.321498
    outer loop
      vertex 74 18.3045 66.0307
      vertex 77 18.1363 65.5353
      vertex 74 18.1363 65.5353
    endloop
  endfacet
  facet normal 0 -0.442238 0.896898
    outer loop
      vertex 74 24 61.0359
      vertex 77 23.5307 60.8045
      vertex 77 24 61.0359
    endloop
  endfacet
  facet normal 0 -0.442238 0.896898
    outer loop
      vertex 77 23.5307 60.8045
      vertex 74 24 61.0359
      vertex 74 23.5307 60.8045
    endloop
  endfacet
  facet normal 0 -0.997861 -0.0653646
    outer loop
      vertex 74 26 64.5
      vertex 77 25.9658 65.0221
      vertex 74 25.9658 65.0221
    endloop
  endfacet
  facet normal 0 -0.997861 -0.0653646
    outer loop
      vertex 77 25.9658 65.0221
      vertex 74 26 64.5
      vertex 77 26 64.5
    endloop
  endfacet
  facet normal 0 -0.659343 0.751842
    outer loop
      vertex 74 24.8284 61.6716
      vertex 77 24.435 61.3266
      vertex 77 24.8284 61.6716
    endloop
  endfacet
  facet normal 0 -0.659343 0.751842
    outer loop
      vertex 77 24.435 61.3266
      vertex 74 24.8284 61.6716
      vertex 74 24.435 61.3266
    endloop
  endfacet
  facet normal 0 -0.0653646 0.997861
    outer loop
      vertex 74 22.5221 60.5342
      vertex 77 22 60.5
      vertex 77 22.5221 60.5342
    endloop
  endfacet
  facet normal 0 -0.0653646 0.997861
    outer loop
      vertex 77 22 60.5
      vertex 74 22.5221 60.5342
      vertex 74 22 60.5
    endloop
  endfacet
  facet normal -0 0.321498 0.94691
    outer loop
      vertex 74 20.9647 60.6363
      vertex 77 20.4693 60.8045
      vertex 77 20.9647 60.6363
    endloop
  endfacet
  facet normal 0 0.321498 0.94691
    outer loop
      vertex 77 20.4693 60.8045
      vertex 74 20.9647 60.6363
      vertex 74 20.4693 60.8045
    endloop
  endfacet
  facet normal 0 0.659343 -0.751842
    outer loop
      vertex 74 19.1716 67.3284
      vertex 77 19.565 67.6734
      vertex 77 19.1716 67.3284
    endloop
  endfacet
  facet normal 0 0.659343 -0.751842
    outer loop
      vertex 77 19.565 67.6734
      vertex 74 19.1716 67.3284
      vertex 74 19.565 67.6734
    endloop
  endfacet
  facet normal -0 0.442238 0.896898
    outer loop
      vertex 74 20.4693 60.8045
      vertex 77 20 61.0359
      vertex 77 20.4693 60.8045
    endloop
  endfacet
  facet normal 0 0.442238 0.896898
    outer loop
      vertex 77 20 61.0359
      vertex 74 20.4693 60.8045
      vertex 74 20 61.0359
    endloop
  endfacet
  facet normal 0 -0.896898 0.442238
    outer loop
      vertex 74 25.4641 62.5
      vertex 77 25.6955 62.9693
      vertex 74 25.6955 62.9693
    endloop
  endfacet
  facet normal 0 -0.896898 0.442238
    outer loop
      vertex 77 25.6955 62.9693
      vertex 74 25.4641 62.5
      vertex 77 25.4641 62.5
    endloop
  endfacet
  facet normal 0 -0.94691 0.321498
    outer loop
      vertex 74 25.6955 62.9693
      vertex 77 25.8637 63.4647
      vertex 74 25.8637 63.4647
    endloop
  endfacet
  facet normal 0 -0.94691 0.321498
    outer loop
      vertex 77 25.8637 63.4647
      vertex 74 25.6955 62.9693
      vertex 77 25.6955 62.9693
    endloop
  endfacet
  facet normal 0 -0.751842 -0.659343
    outer loop
      vertex 74 25.1734 66.935
      vertex 77 24.8284 67.3284
      vertex 74 24.8284 67.3284
    endloop
  endfacet
  facet normal 0 -0.751842 -0.659343
    outer loop
      vertex 77 24.8284 67.3284
      vertex 74 25.1734 66.935
      vertex 77 25.1734 66.935
    endloop
  endfacet
  facet normal 0 -0.321498 -0.94691
    outer loop
      vertex 74 23.0353 68.3637
      vertex 77 23.5307 68.1955
      vertex 77 23.0353 68.3637
    endloop
  endfacet
  facet normal -0 -0.321498 -0.94691
    outer loop
      vertex 77 23.5307 68.1955
      vertex 74 23.0353 68.3637
      vertex 74 23.5307 68.1955
    endloop
  endfacet
  facet normal -0 0.0653646 0.997861
    outer loop
      vertex 74 22 60.5
      vertex 77 21.4779 60.5342
      vertex 77 22 60.5
    endloop
  endfacet
  facet normal 0 0.0653646 0.997861
    outer loop
      vertex 77 21.4779 60.5342
      vertex 74 22 60.5
      vertex 74 21.4779 60.5342
    endloop
  endfacet
  facet normal 0 0.997861 0.0653646
    outer loop
      vertex 77 18.0342 63.9779
      vertex 74 18 64.5
      vertex 77 18 64.5
    endloop
  endfacet
  facet normal 0 0.997861 0.0653646
    outer loop
      vertex 74 18 64.5
      vertex 77 18.0342 63.9779
      vertex 74 18.0342 63.9779
    endloop
  endfacet
  facet normal 0 -0.980779 0.195124
    outer loop
      vertex 74 25.8637 63.4647
      vertex 77 25.9658 63.9779
      vertex 74 25.9658 63.9779
    endloop
  endfacet
  facet normal 0 -0.980779 0.195124
    outer loop
      vertex 77 25.9658 63.9779
      vertex 74 25.8637 63.4647
      vertex 77 25.8637 63.4647
    endloop
  endfacet
  facet normal 0 0.94691 0.321498
    outer loop
      vertex 77 18.3045 62.9693
      vertex 74 18.1363 63.4647
      vertex 77 18.1363 63.4647
    endloop
  endfacet
  facet normal 0 0.94691 0.321498
    outer loop
      vertex 74 18.1363 63.4647
      vertex 77 18.3045 62.9693
      vertex 74 18.3045 62.9693
    endloop
  endfacet
  facet normal 0 -0.555626 -0.831432
    outer loop
      vertex 74 24 67.9641
      vertex 77 24.435 67.6734
      vertex 77 24 67.9641
    endloop
  endfacet
  facet normal -0 -0.555626 -0.831432
    outer loop
      vertex 77 24.435 67.6734
      vertex 74 24 67.9641
      vertex 74 24.435 67.6734
    endloop
  endfacet
  facet normal 0 -0.896898 -0.442238
    outer loop
      vertex 74 25.6955 66.0307
      vertex 77 25.4641 66.5
      vertex 74 25.4641 66.5
    endloop
  endfacet
  facet normal 0 -0.896898 -0.442238
    outer loop
      vertex 77 25.4641 66.5
      vertex 74 25.6955 66.0307
      vertex 77 25.6955 66.0307
    endloop
  endfacet
  facet normal 0 0.751842 -0.659343
    outer loop
      vertex 77 18.8266 66.935
      vertex 74 19.1716 67.3284
      vertex 77 19.1716 67.3284
    endloop
  endfacet
  facet normal 0 0.751842 -0.659343
    outer loop
      vertex 74 19.1716 67.3284
      vertex 77 18.8266 66.935
      vertex 74 18.8266 66.935
    endloop
  endfacet
  facet normal 0 -0.831432 0.555626
    outer loop
      vertex 74 25.1734 62.065
      vertex 77 25.4641 62.5
      vertex 74 25.4641 62.5
    endloop
  endfacet
  facet normal 0 -0.831432 0.555626
    outer loop
      vertex 77 25.4641 62.5
      vertex 74 25.1734 62.065
      vertex 77 25.1734 62.065
    endloop
  endfacet
  facet normal 0 0.195124 -0.980779
    outer loop
      vertex 74 20.9647 68.3637
      vertex 77 21.4779 68.4658
      vertex 77 20.9647 68.3637
    endloop
  endfacet
  facet normal 0 0.195124 -0.980779
    outer loop
      vertex 77 21.4779 68.4658
      vertex 74 20.9647 68.3637
      vertex 74 21.4779 68.4658
    endloop
  endfacet
  facet normal 0 0.980779 0.195124
    outer loop
      vertex 77 18.1363 63.4647
      vertex 74 18.0342 63.9779
      vertex 77 18.0342 63.9779
    endloop
  endfacet
  facet normal 0 0.980779 0.195124
    outer loop
      vertex 74 18.0342 63.9779
      vertex 77 18.1363 63.4647
      vertex 74 18.1363 63.4647
    endloop
  endfacet
  facet normal 0 -0.195124 0.980779
    outer loop
      vertex 74 23.0353 60.6363
      vertex 77 22.5221 60.5342
      vertex 77 23.0353 60.6363
    endloop
  endfacet
  facet normal 0 -0.195124 0.980779
    outer loop
      vertex 77 22.5221 60.5342
      vertex 74 23.0353 60.6363
      vertex 74 22.5221 60.5342
    endloop
  endfacet
  facet normal 0 0.831432 0.555626
    outer loop
      vertex 77 18.8266 62.065
      vertex 74 18.5359 62.5
      vertex 77 18.5359 62.5
    endloop
  endfacet
  facet normal 0 0.831432 0.555626
    outer loop
      vertex 74 18.5359 62.5
      vertex 77 18.8266 62.065
      vertex 74 18.8266 62.065
    endloop
  endfacet
  facet normal 0 -0.831432 -0.555626
    outer loop
      vertex 74 25.4641 66.5
      vertex 77 25.1734 66.935
      vertex 74 25.1734 66.935
    endloop
  endfacet
  facet normal 0 -0.831432 -0.555626
    outer loop
      vertex 77 25.1734 66.935
      vertex 74 25.4641 66.5
      vertex 77 25.4641 66.5
    endloop
  endfacet
  facet normal 0 0.751842 0.659343
    outer loop
      vertex 77 19.1716 61.6716
      vertex 74 18.8266 62.065
      vertex 77 18.8266 62.065
    endloop
  endfacet
  facet normal 0 0.751842 0.659343
    outer loop
      vertex 74 18.8266 62.065
      vertex 77 19.1716 61.6716
      vertex 74 19.1716 61.6716
    endloop
  endfacet
  facet normal -0 0.195124 0.980779
    outer loop
      vertex 74 21.4779 60.5342
      vertex 77 20.9647 60.6363
      vertex 77 21.4779 60.5342
    endloop
  endfacet
  facet normal 0 0.195124 0.980779
    outer loop
      vertex 77 20.9647 60.6363
      vertex 74 21.4779 60.5342
      vertex 74 20.9647 60.6363
    endloop
  endfacet
  facet normal 0 0.896898 0.442238
    outer loop
      vertex 77 18.5359 62.5
      vertex 74 18.3045 62.9693
      vertex 77 18.3045 62.9693
    endloop
  endfacet
  facet normal 0 0.896898 0.442238
    outer loop
      vertex 74 18.3045 62.9693
      vertex 77 18.5359 62.5
      vertex 74 18.5359 62.5
    endloop
  endfacet
  facet normal 0 -0.94691 -0.321498
    outer loop
      vertex 74 25.8637 65.5353
      vertex 77 25.6955 66.0307
      vertex 74 25.6955 66.0307
    endloop
  endfacet
  facet normal 0 -0.94691 -0.321498
    outer loop
      vertex 77 25.6955 66.0307
      vertex 74 25.8637 65.5353
      vertex 77 25.8637 65.5353
    endloop
  endfacet
  facet normal 0 -0.751842 0.659343
    outer loop
      vertex 74 24.8284 61.6716
      vertex 77 25.1734 62.065
      vertex 74 25.1734 62.065
    endloop
  endfacet
  facet normal 0 -0.751842 0.659343
    outer loop
      vertex 77 25.1734 62.065
      vertex 74 24.8284 61.6716
      vertex 77 24.8284 61.6716
    endloop
  endfacet
  facet normal 0 0.997861 -0.0653646
    outer loop
      vertex 77 18 64.5
      vertex 74 18.0342 65.0221
      vertex 77 18.0342 65.0221
    endloop
  endfacet
  facet normal 0 0.997861 -0.0653646
    outer loop
      vertex 74 18.0342 65.0221
      vertex 77 18 64.5
      vertex 74 18 64.5
    endloop
  endfacet
  facet normal 0 -0.997861 0.0653646
    outer loop
      vertex 74 25.9658 63.9779
      vertex 77 26 64.5
      vertex 74 26 64.5
    endloop
  endfacet
  facet normal 0 -0.997861 0.0653646
    outer loop
      vertex 77 26 64.5
      vertex 74 25.9658 63.9779
      vertex 77 25.9658 63.9779
    endloop
  endfacet
  facet normal 0 0.896898 -0.442238
    outer loop
      vertex 77 18.3045 66.0307
      vertex 74 18.5359 66.5
      vertex 77 18.5359 66.5
    endloop
  endfacet
  facet normal 0 0.896898 -0.442238
    outer loop
      vertex 74 18.5359 66.5
      vertex 77 18.3045 66.0307
      vertex 74 18.3045 66.0307
    endloop
  endfacet
  facet normal 0 0.0653646 -0.997861
    outer loop
      vertex 74 21.4779 68.4658
      vertex 77 22 68.5
      vertex 77 21.4779 68.4658
    endloop
  endfacet
  facet normal 0 0.0653646 -0.997861
    outer loop
      vertex 77 22 68.5
      vertex 74 21.4779 68.4658
      vertex 74 22 68.5
    endloop
  endfacet
  facet normal 0 0.980779 -0.195124
    outer loop
      vertex 77 18.0342 65.0221
      vertex 74 18.1363 65.5353
      vertex 77 18.1363 65.5353
    endloop
  endfacet
  facet normal 0 0.980779 -0.195124
    outer loop
      vertex 74 18.1363 65.5353
      vertex 77 18.0342 65.0221
      vertex 74 18.0342 65.0221
    endloop
  endfacet
  facet normal 0 0.321498 -0.94691
    outer loop
      vertex 74 20.4693 68.1955
      vertex 77 20.9647 68.3637
      vertex 77 20.4693 68.1955
    endloop
  endfacet
  facet normal 0 0.321498 -0.94691
    outer loop
      vertex 77 20.9647 68.3637
      vertex 74 20.4693 68.1955
      vertex 74 20.9647 68.3637
    endloop
  endfacet
  facet normal 0 -0.980779 -0.195124
    outer loop
      vertex 74 25.9658 65.0221
      vertex 77 25.8637 65.5353
      vertex 74 25.8637 65.5353
    endloop
  endfacet
  facet normal 0 -0.980779 -0.195124
    outer loop
      vertex 77 25.8637 65.5353
      vertex 74 25.9658 65.0221
      vertex 77 25.9658 65.0221
    endloop
  endfacet
  facet normal 0 -0.0653646 -0.997861
    outer loop
      vertex 74 22 68.5
      vertex 77 22.5221 68.4658
      vertex 77 22 68.5
    endloop
  endfacet
  facet normal -0 -0.0653646 -0.997861
    outer loop
      vertex 77 22.5221 68.4658
      vertex 74 22 68.5
      vertex 74 22.5221 68.4658
    endloop
  endfacet
  facet normal 0 -0.195124 -0.980779
    outer loop
      vertex 74 22.5221 68.4658
      vertex 77 23.0353 68.3637
      vertex 77 22.5221 68.4658
    endloop
  endfacet
  facet normal -0 -0.195124 -0.980779
    outer loop
      vertex 77 23.0353 68.3637
      vertex 74 22.5221 68.4658
      vertex 74 23.0353 68.3637
    endloop
  endfacet
  facet normal 0 -0.442238 -0.896898
    outer loop
      vertex 74 23.5307 68.1955
      vertex 77 24 67.9641
      vertex 77 23.5307 68.1955
    endloop
  endfacet
  facet normal -0 -0.442238 -0.896898
    outer loop
      vertex 77 24 67.9641
      vertex 74 23.5307 68.1955
      vertex 74 24 67.9641
    endloop
  endfacet
  facet normal 0 -0.659343 -0.751842
    outer loop
      vertex 74 24.435 67.6734
      vertex 77 24.8284 67.3284
      vertex 77 24.435 67.6734
    endloop
  endfacet
  facet normal -0 -0.659343 -0.751842
    outer loop
      vertex 77 24.8284 67.3284
      vertex 74 24.435 67.6734
      vertex 74 24.8284 67.3284
    endloop
  endfacet
  facet normal 0 0.831432 -0.555626
    outer loop
      vertex 77 18.5359 66.5
      vertex 74 18.8266 66.935
      vertex 77 18.8266 66.935
    endloop
  endfacet
  facet normal 0 0.831432 -0.555626
    outer loop
      vertex 74 18.8266 66.935
      vertex 77 18.5359 66.5
      vertex 74 18.5359 66.5
    endloop
  endfacet
  facet normal -0 0.659343 0.751842
    outer loop
      vertex 74 19.565 61.3266
      vertex 77 19.1716 61.6716
      vertex 77 19.565 61.3266
    endloop
  endfacet
  facet normal 0 0.659343 0.751842
    outer loop
      vertex 77 19.1716 61.6716
      vertex 74 19.565 61.3266
      vertex 74 19.1716 61.6716
    endloop
  endfacet
  facet normal 0 0.555626 -0.831432
    outer loop
      vertex 74 19.565 67.6734
      vertex 77 20 67.9641
      vertex 77 19.565 67.6734
    endloop
  endfacet
  facet normal 0 0.555626 -0.831432
    outer loop
      vertex 77 20 67.9641
      vertex 74 19.565 67.6734
      vertex 74 20 67.9641
    endloop
  endfacet
  facet normal 1 -0 0
    outer loop
      vertex 74.5 3.29 52.01
      vertex 74.5 40.71 51.5
      vertex 74.5 40.71 52.01
    endloop
  endfacet
  facet normal 1 0 0
    outer loop
      vertex 74.5 40.71 51.5
      vertex 74.5 3.29 52.01
      vertex 74.5 3.29 51.5
    endloop
  endfacet
  facet normal 0 0 1
    outer loop
      vertex 35 44 56.5
      vertex 0 44 56.5
      vertex 35 35 56.5
    endloop
  endfacet
  facet normal 0 0 1
    outer loop
      vertex 53 35 56.5
      vertex 74 44 56.5
      vertex 53 44 56.5
    endloop
  endfacet
  facet normal 0 0 1
    outer loop
      vertex 52.923 33.8253 56.5
      vertex 74 44 56.5
      vertex 53 35 56.5
    endloop
  endfacet
  facet normal 0 0 1
    outer loop
      vertex 52.6933 32.6706 56.5
      vertex 74 44 56.5
      vertex 52.923 33.8253 56.5
    endloop
  endfacet
  facet normal 0 0 1
    outer loop
      vertex 52.3149 31.5558 56.5
      vertex 74 44 56.5
      vertex 52.6933 32.6706 56.5
    endloop
  endfacet
  facet normal 0 0 1
    outer loop
      vertex 74 44 56.5
      vertex 52.3149 31.5558 56.5
      vertex 74 0 56.5
    endloop
  endfacet
  facet normal -0 0 1
    outer loop
      vertex 51.7942 30.5 56.5
      vertex 74 0 56.5
      vertex 52.3149 31.5558 56.5
    endloop
  endfacet
  facet normal -0 0 1
    outer loop
      vertex 51.1402 29.5211 56.5
      vertex 74 0 56.5
      vertex 51.7942 30.5 56.5
    endloop
  endfacet
  facet normal -0 0 1
    outer loop
      vertex 50.364 28.636 56.5
      vertex 74 0 56.5
      vertex 51.1402 29.5211 56.5
    endloop
  endfacet
  facet normal -0 0 1
    outer loop
      vertex 49.4789 27.8598 56.5
      vertex 74 0 56.5
      vertex 50.364 28.636 56.5
    endloop
  endfacet
  facet normal -0 0 1
    outer loop
      vertex 48.5 27.2058 56.5
      vertex 74 0 56.5
      vertex 49.4789 27.8598 56.5
    endloop
  endfacet
  facet normal -0 0 1
    outer loop
      vertex 47.4441 26.6851 56.5
      vertex 74 0 56.5
      vertex 48.5 27.2058 56.5
    endloop
  endfacet
  facet normal -0 0 1
    outer loop
      vertex 46.3294 26.3067 56.5
      vertex 74 0 56.5
      vertex 47.4441 26.6851 56.5
    endloop
  endfacet
  facet normal -0 0 1
    outer loop
      vertex 45.1747 26.077 56.5
      vertex 74 0 56.5
      vertex 46.3294 26.3067 56.5
    endloop
  endfacet
  facet normal -0 0 1
    outer loop
      vertex 44 26 56.5
      vertex 74 0 56.5
      vertex 45.1747 26.077 56.5
    endloop
  endfacet
  facet normal 0 0 1
    outer loop
      vertex 42.8253 26.077 56.5
      vertex 74 0 56.5
      vertex 44 26 56.5
    endloop
  endfacet
  facet normal 0 0 1
    outer loop
      vertex 0 0 56.5
      vertex 42.8253 26.077 56.5
      vertex 41.6706 26.3067 56.5
    endloop
  endfacet
  facet normal 0 0 1
    outer loop
      vertex 0 0 56.5
      vertex 41.6706 26.3067 56.5
      vertex 40.5558 26.6851 56.5
    endloop
  endfacet
  facet normal 0 0 1
    outer loop
      vertex 0 0 56.5
      vertex 40.5558 26.6851 56.5
      vertex 39.5 27.2058 56.5
    endloop
  endfacet
  facet normal 0 0 1
    outer loop
      vertex 0 0 56.5
      vertex 39.5 27.2058 56.5
      vertex 38.5211 27.8598 56.5
    endloop
  endfacet
  facet normal 0 0 1
    outer loop
      vertex 0 44 56.5
      vertex 35.077 33.8253 56.5
      vertex 35 35 56.5
    endloop
  endfacet
  facet normal 0 0 1
    outer loop
      vertex 0 44 56.5
      vertex 35.3067 32.6706 56.5
      vertex 35.077 33.8253 56.5
    endloop
  endfacet
  facet normal 0 0 1
    outer loop
      vertex 0 44 56.5
      vertex 35.6851 31.5558 56.5
      vertex 35.3067 32.6706 56.5
    endloop
  endfacet
  facet normal 0 0 1
    outer loop
      vertex 0 0 56.5
      vertex 35.6851 31.5558 56.5
      vertex 0 44 56.5
    endloop
  endfacet
  facet normal 0 0 1
    outer loop
      vertex 35.6851 31.5558 56.5
      vertex 0 0 56.5
      vertex 36.2058 30.5 56.5
    endloop
  endfacet
  facet normal 0 0 1
    outer loop
      vertex 36.2058 30.5 56.5
      vertex 0 0 56.5
      vertex 36.8598 29.5211 56.5
    endloop
  endfacet
  facet normal 0 0 1
    outer loop
      vertex 36.8598 29.5211 56.5
      vertex 0 0 56.5
      vertex 37.636 28.636 56.5
    endloop
  endfacet
  facet normal 0 0 1
    outer loop
      vertex 37.636 28.636 56.5
      vertex 0 0 56.5
      vertex 38.5211 27.8598 56.5
    endloop
  endfacet
  facet normal 0 0 1
    outer loop
      vertex 42.8253 26.077 56.5
      vertex 0 0 56.5
      vertex 74 0 56.5
    endloop
  endfacet
  facet normal 0 0 -1
    outer loop
      vertex 45.1747 26.077 51.5
      vertex 74 2.8 51.5
      vertex 74 0 51.5
    endloop
  endfacet
  facet normal 0 0 -1
    outer loop
      vertex 74 2.8 51.5
      vertex 51.7942 30.5 51.5
      vertex 74 41.2 51.5
    endloop
  endfacet
  facet normal 0 -0 -1
    outer loop
      vertex 52.6933 32.6706 51.5
      vertex 74 41.2 51.5
      vertex 52.3149 31.5558 51.5
    endloop
  endfacet
  facet normal 0 0 -1
    outer loop
      vertex 53 44 51.5
      vertex 74 41.2 51.5
      vertex 53 35 51.5
    endloop
  endfacet
  facet normal 0 -0 -1
    outer loop
      vertex 53 35 51.5
      vertex 74 41.2 51.5
      vertex 52.923 33.8253 51.5
    endloop
  endfacet
  facet normal 0 -0 -1
    outer loop
      vertex 52.923 33.8253 51.5
      vertex 74 41.2 51.5
      vertex 52.6933 32.6706 51.5
    endloop
  endfacet
  facet normal 0 0 -1
    outer loop
      vertex 74 41.2 51.5
      vertex 51.7942 30.5 51.5
      vertex 52.3149 31.5558 51.5
    endloop
  endfacet
  facet normal 0 0 -1
    outer loop
      vertex 74 2.8 51.5
      vertex 51.1402 29.5211 51.5
      vertex 51.7942 30.5 51.5
    endloop
  endfacet
  facet normal 0 0 -1
    outer loop
      vertex 74 2.8 51.5
      vertex 50.364 28.636 51.5
      vertex 51.1402 29.5211 51.5
    endloop
  endfacet
  facet normal 0 0 -1
    outer loop
      vertex 74 2.8 51.5
      vertex 49.4789 27.8598 51.5
      vertex 50.364 28.636 51.5
    endloop
  endfacet
  facet normal 0 0 -1
    outer loop
      vertex 74 2.8 51.5
      vertex 48.5 27.2058 51.5
      vertex 49.4789 27.8598 51.5
    endloop
  endfacet
  facet normal 0 0 -1
    outer loop
      vertex 74 2.8 51.5
      vertex 47.4441 26.6851 51.5
      vertex 48.5 27.2058 51.5
    endloop
  endfacet
  facet normal 0 0 -1
    outer loop
      vertex 74 2.8 51.5
      vertex 46.3294 26.3067 51.5
      vertex 47.4441 26.6851 51.5
    endloop
  endfacet
  facet normal 0 0 -1
    outer loop
      vertex 74 2.8 51.5
      vertex 45.1747 26.077 51.5
      vertex 46.3294 26.3067 51.5
    endloop
  endfacet
  facet normal 0 0 -1
    outer loop
      vertex 74 0 51.5
      vertex 44 26 51.5
      vertex 45.1747 26.077 51.5
    endloop
  endfacet
  facet normal 0 0 -1
    outer loop
      vertex 74 0 51.5
      vertex 42.8253 26.077 51.5
      vertex 44 26 51.5
    endloop
  endfacet
  facet normal 0 0 -1
    outer loop
      vertex 0 0 51.5
      vertex 42.8253 26.077 51.5
      vertex 74 0 51.5
    endloop
  endfacet
  facet normal -0 0 -1
    outer loop
      vertex 42.8253 26.077 51.5
      vertex 0 0 51.5
      vertex 41.6706 26.3067 51.5
    endloop
  endfacet
  facet normal -0 0 -1
    outer loop
      vertex 41.6706 26.3067 51.5
      vertex 0 0 51.5
      vertex 40.5558 26.6851 51.5
    endloop
  endfacet
  facet normal -0 0 -1
    outer loop
      vertex 40.5558 26.6851 51.5
      vertex 0 0 51.5
      vertex 39.5 27.2058 51.5
    endloop
  endfacet
  facet normal -0 0 -1
    outer loop
      vertex 39.5 27.2058 51.5
      vertex 0 0 51.5
      vertex 38.5211 27.8598 51.5
    endloop
  endfacet
  facet normal 0 0 -1
    outer loop
      vertex 0 0 51.5
      vertex 37.636 28.636 51.5
      vertex 38.5211 27.8598 51.5
    endloop
  endfacet
  facet normal 0 0 -1
    outer loop
      vertex 0 0 51.5
      vertex 36.8598 29.5211 51.5
      vertex 37.636 28.636 51.5
    endloop
  endfacet
  facet normal 0 0 -1
    outer loop
      vertex 0 0 51.5
      vertex 36.2058 30.5 51.5
      vertex 36.8598 29.5211 51.5
    endloop
  endfacet
  facet normal 0 0 -1
    outer loop
      vertex 0 0 51.5
      vertex 35.6851 31.5558 51.5
      vertex 36.2058 30.5 51.5
    endloop
  endfacet
  facet normal 0 0 -1
    outer loop
      vertex 0 44 51.5
      vertex 35.6851 31.5558 51.5
      vertex 0 0 51.5
    endloop
  endfacet
  facet normal 0 0 -1
    outer loop
      vertex 35.6851 31.5558 51.5
      vertex 0 44 51.5
      vertex 35.3067 32.6706 51.5
    endloop
  endfacet
  facet normal 0 0 -1
    outer loop
      vertex 35.3067 32.6706 51.5
      vertex 0 44 51.5
      vertex 35.077 33.8253 51.5
    endloop
  endfacet
  facet normal 0 0 -1
    outer loop
      vertex 35.077 33.8253 51.5
      vertex 0 44 51.5
      vertex 35 35 51.5
    endloop
  endfacet
  facet normal 0 0 -1
    outer loop
      vertex 35 35 51.5
      vertex 0 44 51.5
      vertex 35 44 51.5
    endloop
  endfacet
  facet normal 0 0 -1
    outer loop
      vertex 74 2.8 51.5
      vertex 74.5 3.29 51.5
      vertex 74.01 2.8 51.5
    endloop
  endfacet
  facet normal -0 0 -1
    outer loop
      vertex 74.5 3.29 51.5
      vertex 74 2.8 51.5
      vertex 74.5 40.71 51.5
    endloop
  endfacet
  facet normal 0 0 -1
    outer loop
      vertex 74 41.2 51.5
      vertex 74.5 40.71 51.5
      vertex 74 2.8 51.5
    endloop
  endfacet
  facet normal 0 0 -1
    outer loop
      vertex 74.5 40.71 51.5
      vertex 74 41.2 51.5
      vertex 74.01 41.2 51.5
    endloop
  endfacet
  facet normal 0 0 -1
    outer loop
      vertex 74 41.2 51.5
      vertex 53 44 51.5
      vertex 74 44 51.5
    endloop
  endfacet
  facet normal -0.946936 0.321421 0
    outer loop
      vertex 52.3149 31.5558 51.5
      vertex 52.6933 32.6706 56.5
      vertex 52.6933 32.6706 51.5
    endloop
  endfacet
  facet normal -0.946936 0.321421 0
    outer loop
      vertex 52.6933 32.6706 56.5
      vertex 52.3149 31.5558 51.5
      vertex 52.3149 31.5558 56.5
    endloop
  endfacet
  facet normal 0.89686 0.442314 0
    outer loop
      vertex 36.2058 30.5 56.5
      vertex 35.6851 31.5558 51.5
      vertex 35.6851 31.5558 56.5
    endloop
  endfacet
  facet normal 0.89686 0.442314 0
    outer loop
      vertex 35.6851 31.5558 51.5
      vertex 36.2058 30.5 56.5
      vertex 36.2058 30.5 51.5
    endloop
  endfacet
  facet normal -0.89686 0.442314 0
    outer loop
      vertex 51.7942 30.5 51.5
      vertex 52.3149 31.5558 56.5
      vertex 52.3149 31.5558 51.5
    endloop
  endfacet
  facet normal -0.89686 0.442314 0
    outer loop
      vertex 52.3149 31.5558 56.5
      vertex 51.7942 30.5 51.5
      vertex 51.7942 30.5 56.5
    endloop
  endfacet
  facet normal 0.831501 0.555523 0
    outer loop
      vertex 36.8598 29.5211 56.5
      vertex 36.2058 30.5 51.5
      vertex 36.2058 30.5 56.5
    endloop
  endfacet
  facet normal 0.831501 0.555523 0
    outer loop
      vertex 36.2058 30.5 51.5
      vertex 36.8598 29.5211 56.5
      vertex 36.8598 29.5211 51.5
    endloop
  endfacet
  facet normal -0.997859 0.0654083 0
    outer loop
      vertex 52.923 33.8253 51.5
      vertex 53 35 56.5
      vertex 53 35 51.5
    endloop
  endfacet
  facet normal -0.997859 0.0654083 0
    outer loop
      vertex 53 35 56.5
      vertex 52.923 33.8253 51.5
      vertex 52.923 33.8253 56.5
    endloop
  endfacet
  facet normal 0.751845 0.65934 0
    outer loop
      vertex 37.636 28.636 56.5
      vertex 36.8598 29.5211 51.5
      vertex 36.8598 29.5211 56.5
    endloop
  endfacet
  facet normal 0.751845 0.65934 0
    outer loop
      vertex 36.8598 29.5211 51.5
      vertex 37.636 28.636 56.5
      vertex 37.636 28.636 51.5
    endloop
  endfacet
  facet normal -0.555523 0.831501 0
    outer loop
      vertex 49.4789 27.8598 51.5
      vertex 48.5 27.2058 56.5
      vertex 49.4789 27.8598 56.5
    endloop
  endfacet
  facet normal -0.555523 0.831501 0
    outer loop
      vertex 48.5 27.2058 56.5
      vertex 49.4789 27.8598 51.5
      vertex 48.5 27.2058 51.5
    endloop
  endfacet
  facet normal -0.195103 0.980783 0
    outer loop
      vertex 46.3294 26.3067 51.5
      vertex 45.1747 26.077 56.5
      vertex 46.3294 26.3067 56.5
    endloop
  endfacet
  facet normal -0.195103 0.980783 0
    outer loop
      vertex 45.1747 26.077 56.5
      vertex 46.3294 26.3067 51.5
      vertex 45.1747 26.077 51.5
    endloop
  endfacet
  facet normal 1 -0 0
    outer loop
      vertex 35 35 56.5
      vertex 35 44 51.5
      vertex 35 44 56.5
    endloop
  endfacet
  facet normal 1 0 0
    outer loop
      vertex 35 44 51.5
      vertex 35 35 56.5
      vertex 35 35 51.5
    endloop
  endfacet
  facet normal 0.980783 0.195103 0
    outer loop
      vertex 35.3067 32.6706 56.5
      vertex 35.077 33.8253 51.5
      vertex 35.077 33.8253 56.5
    endloop
  endfacet
  facet normal 0.980783 0.195103 0
    outer loop
      vertex 35.077 33.8253 51.5
      vertex 35.3067 32.6706 56.5
      vertex 35.3067 32.6706 51.5
    endloop
  endfacet
  facet normal -0.831501 0.555523 0
    outer loop
      vertex 51.1402 29.5211 51.5
      vertex 51.7942 30.5 56.5
      vertex 51.7942 30.5 51.5
    endloop
  endfacet
  facet normal -0.831501 0.555523 0
    outer loop
      vertex 51.7942 30.5 56.5
      vertex 51.1402 29.5211 51.5
      vertex 51.1402 29.5211 56.5
    endloop
  endfacet
  facet normal -0.321447 0.946927 0
    outer loop
      vertex 47.4441 26.6851 51.5
      vertex 46.3294 26.3067 56.5
      vertex 47.4441 26.6851 56.5
    endloop
  endfacet
  facet normal -0.321447 0.946927 0
    outer loop
      vertex 46.3294 26.3067 56.5
      vertex 47.4441 26.6851 51.5
      vertex 46.3294 26.3067 51.5
    endloop
  endfacet
  facet normal 0.555523 0.831501 -0
    outer loop
      vertex 39.5 27.2058 51.5
      vertex 38.5211 27.8598 56.5
      vertex 39.5 27.2058 56.5
    endloop
  endfacet
  facet normal 0.555523 0.831501 0
    outer loop
      vertex 38.5211 27.8598 56.5
      vertex 39.5 27.2058 51.5
      vertex 38.5211 27.8598 51.5
    endloop
  endfacet
  facet normal -0.44228 0.896877 0
    outer loop
      vertex 48.5 27.2058 51.5
      vertex 47.4441 26.6851 56.5
      vertex 48.5 27.2058 56.5
    endloop
  endfacet
  facet normal -0.44228 0.896877 0
    outer loop
      vertex 47.4441 26.6851 56.5
      vertex 48.5 27.2058 51.5
      vertex 47.4441 26.6851 51.5
    endloop
  endfacet
  facet normal 0.997859 0.0654083 0
    outer loop
      vertex 35.077 33.8253 56.5
      vertex 35 35 51.5
      vertex 35 35 56.5
    endloop
  endfacet
  facet normal 0.997859 0.0654083 0
    outer loop
      vertex 35 35 51.5
      vertex 35.077 33.8253 56.5
      vertex 35.077 33.8253 51.5
    endloop
  endfacet
  facet normal 0.442314 0.89686 -0
    outer loop
      vertex 40.5558 26.6851 51.5
      vertex 39.5 27.2058 56.5
      vertex 40.5558 26.6851 56.5
    endloop
  endfacet
  facet normal 0.442314 0.89686 0
    outer loop
      vertex 39.5 27.2058 56.5
      vertex 40.5558 26.6851 51.5
      vertex 39.5 27.2058 51.5
    endloop
  endfacet
  facet normal 0.946936 0.321421 0
    outer loop
      vertex 35.6851 31.5558 56.5
      vertex 35.3067 32.6706 51.5
      vertex 35.3067 32.6706 56.5
    endloop
  endfacet
  facet normal 0.946936 0.321421 0
    outer loop
      vertex 35.3067 32.6706 51.5
      vertex 35.6851 31.5558 56.5
      vertex 35.6851 31.5558 51.5
    endloop
  endfacet
  facet normal -0.980783 0.195103 0
    outer loop
      vertex 52.6933 32.6706 51.5
      vertex 52.923 33.8253 56.5
      vertex 52.923 33.8253 51.5
    endloop
  endfacet
  facet normal -0.980783 0.195103 0
    outer loop
      vertex 52.923 33.8253 56.5
      vertex 52.6933 32.6706 51.5
      vertex 52.6933 32.6706 56.5
    endloop
  endfacet
  facet normal 0.65934 0.751845 -0
    outer loop
      vertex 38.5211 27.8598 51.5
      vertex 37.636 28.636 56.5
      vertex 38.5211 27.8598 56.5
    endloop
  endfacet
  facet normal 0.65934 0.751845 0
    outer loop
      vertex 37.636 28.636 56.5
      vertex 38.5211 27.8598 51.5
      vertex 37.636 28.636 51.5
    endloop
  endfacet
  facet normal -1 0 0
    outer loop
      vertex 53 35 51.5
      vertex 53 44 56.5
      vertex 53 44 51.5
    endloop
  endfacet
  facet normal -1 -0 0
    outer loop
      vertex 53 44 56.5
      vertex 53 35 51.5
      vertex 53 35 56.5
    endloop
  endfacet
  facet normal -0.65934 0.751845 0
    outer loop
      vertex 50.364 28.636 51.5
      vertex 49.4789 27.8598 56.5
      vertex 50.364 28.636 56.5
    endloop
  endfacet
  facet normal -0.65934 0.751845 0
    outer loop
      vertex 49.4789 27.8598 56.5
      vertex 50.364 28.636 51.5
      vertex 49.4789 27.8598 51.5
    endloop
  endfacet
  facet normal -0.751845 0.65934 0
    outer loop
      vertex 50.364 28.636 51.5
      vertex 51.1402 29.5211 56.5
      vertex 51.1402 29.5211 51.5
    endloop
  endfacet
  facet normal -0.751845 0.65934 0
    outer loop
      vertex 51.1402 29.5211 56.5
      vertex 50.364 28.636 51.5
      vertex 50.364 28.636 56.5
    endloop
  endfacet
  facet normal -0.0654083 0.997859 0
    outer loop
      vertex 45.1747 26.077 51.5
      vertex 44 26 56.5
      vertex 45.1747 26.077 56.5
    endloop
  endfacet
  facet normal -0.0654083 0.997859 0
    outer loop
      vertex 44 26 56.5
      vertex 45.1747 26.077 51.5
      vertex 44 26 51.5
    endloop
  endfacet
  facet normal 0.0654083 0.997859 -0
    outer loop
      vertex 44 26 51.5
      vertex 42.8253 26.077 56.5
      vertex 44 26 56.5
    endloop
  endfacet
  facet normal 0.0654083 0.997859 0
    outer loop
      vertex 42.8253 26.077 56.5
      vertex 44 26 51.5
      vertex 42.8253 26.077 51.5
    endloop
  endfacet
  facet normal 0.195103 0.980783 -0
    outer loop
      vertex 42.8253 26.077 51.5
      vertex 41.6706 26.3067 56.5
      vertex 42.8253 26.077 56.5
    endloop
  endfacet
  facet normal 0.195103 0.980783 0
    outer loop
      vertex 41.6706 26.3067 56.5
      vertex 42.8253 26.077 51.5
      vertex 41.6706 26.3067 51.5
    endloop
  endfacet
  facet normal 0.321421 0.946936 -0
    outer loop
      vertex 41.6706 26.3067 51.5
      vertex 40.5558 26.6851 56.5
      vertex 41.6706 26.3067 56.5
    endloop
  endfacet
  facet normal 0.321421 0.946936 0
    outer loop
      vertex 40.5558 26.6851 56.5
      vertex 41.6706 26.3067 51.5
      vertex 40.5558 26.6851 51.5
    endloop
  endfacet
  facet normal 0.706348 -0.706348 -0.046302
    outer loop
      vertex 6 36.5 3.5
      vertex 5.97861 36.5 3.17369
      vertex 8 38.5 3.5
    endloop
  endfacet
  facet normal -0.0462483 -0.706348 -0.706352
    outer loop
      vertex 3.17369 36.5 1.02139
      vertex 3.03922 37.5302 0
      vertex 3.33857 37.5106 0
    endloop
  endfacet
  facet normal -0.046302 -0.706348 0.706348
    outer loop
      vertex 3.5 38.5 8
      vertex 3.17369 36.5 5.97861
      vertex 3.5 36.5 6
    endloop
  endfacet
  facet normal 0.227525 -0.706348 0.670302
    outer loop
      vertex 5.22207 38.5 7.65746
      vertex 4.14705 36.5 5.91481
      vertex 4.45671 36.5 5.8097
    endloop
  endfacet
  facet normal 0.313201 -0.706343 -0.634811
    outer loop
      vertex 5.52073 38.0415 0
      vertex 4.75 36.5 1.33494
      vertex 5.0663 37.84 0
    endloop
  endfacet
  facet normal -0.706355 -0.706342 -0.0463024
    outer loop
      vertex 1 36.5 3.5
      vertex 0 37.5106 3.33857
      vertex 1.02139 36.5 3.17369
    endloop
  endfacet
  facet normal -0.706346 -0.706346 -0.0463809
    outer loop
      vertex 0 37.5106 3.33857
      vertex 1 36.5 3.5
      vertex 0 37.5 3.5
    endloop
  endfacet
  facet normal -0.313201 -0.706343 -0.634811
    outer loop
      vertex 2.25 36.5 1.33494
      vertex 1.47927 38.0415 0
      vertex 1.9337 37.84 0
    endloop
  endfacet
  facet normal -0.634811 -0.706343 -0.313201
    outer loop
      vertex 1.33494 36.5 2.25
      vertex 0 37.84 1.9337
      vertex 0 38.0415 1.47927
    endloop
  endfacet
  facet normal 0.532212 -0.70635 -0.466711
    outer loop
      vertex 5.48338 36.5 1.9781
      vertex 5.26777 36.5 1.73223
      vertex 7.07009 38.5 0.760574
    endloop
  endfacet
  facet normal 0.393277 -0.706339 -0.588574
    outer loop
      vertex 5.52073 38.0415 0
      vertex 5.0219 36.5 1.51662
      vertex 4.75 36.5 1.33494
    endloop
  endfacet
  facet normal 0.393033 -0.706376 -0.588692
    outer loop
      vertex 5.0219 36.5 1.51662
      vertex 5.52073 38.0415 0
      vertex 5.59891 38.085 0
    endloop
  endfacet
  facet normal 0.634862 -0.706349 0.313084
    outer loop
      vertex 7.39711 38.5 5.75
      vertex 5.66506 36.5 4.75
      vertex 7.65746 38.5 5.22207
    endloop
  endfacet
  facet normal -0.532219 -0.706341 -0.466717
    outer loop
      vertex 0 38.4117 0.814356
      vertex 1.73223 36.5 1.73223
      vertex 1.51662 36.5 1.9781
    endloop
  endfacet
  facet normal -0.534124 -0.706734 -0.463939
    outer loop
      vertex 1.73223 36.5 1.73223
      vertex 0 38.4117 0.814356
      vertex 0 38.4222 0.798361
    endloop
  endfacet
  facet normal -0.227925 -0.706354 -0.67016
    outer loop
      vertex 2.18351 37.7454 0
      vertex 2.54329 36.5 1.1903
      vertex 2.05025 37.7884 0
    endloop
  endfacet
  facet normal -0.227521 -0.706362 -0.670289
    outer loop
      vertex 2.54329 36.5 1.1903
      vertex 2.18351 37.7454 0
      vertex 2.85295 36.5 1.08519
    endloop
  endfacet
  facet normal 0.31309 -0.706348 0.63486
    outer loop
      vertex 5.22207 38.5 7.65746
      vertex 4.45671 36.5 5.8097
      vertex 4.75 36.5 5.66506
    endloop
  endfacet
  facet normal 0.694264 -0.706349 0.13809
    outer loop
      vertex 7.84667 38.5 4.66469
      vertex 5.97861 36.5 3.82631
      vertex 7.9615 38.5 4.08737
    endloop
  endfacet
  facet normal -0.13809 -0.706349 0.694264
    outer loop
      vertex 2.91263 38.5 7.9615
      vertex 2.33531 38.5 7.84667
      vertex 3.17369 36.5 5.97861
    endloop
  endfacet
  facet normal -0.694273 -0.706352 -0.13803
    outer loop
      vertex 1.02139 36.5 3.17369
      vertex 0 37.5302 3.03922
      vertex 0 37.5935 2.71529
    endloop
  endfacet
  facet normal 0.532212 -0.706351 0.466711
    outer loop
      vertex 7.07009 38.5 6.23943
      vertex 5.26777 36.5 5.26777
      vertex 5.48338 36.5 5.0219
    endloop
  endfacet
  facet normal 0.694264 -0.706349 -0.13809
    outer loop
      vertex 7.9615 38.5 2.91263
      vertex 5.97861 36.5 3.17369
      vertex 7.84667 38.5 2.33531
    endloop
  endfacet
  facet normal 0.694261 -0.70635 0.138099
    outer loop
      vertex 7.84667 38.5 4.66469
      vertex 5.91481 36.5 4.14705
      vertex 5.97861 36.5 3.82631
    endloop
  endfacet
  facet normal -0.706352 -0.706348 -0.0462483
    outer loop
      vertex 1.02139 36.5 3.17369
      vertex 0 37.5106 3.33857
      vertex 0 37.5302 3.03922
    endloop
  endfacet
  facet normal 0.670295 -0.70635 0.22754
    outer loop
      vertex 7.65746 38.5 5.22207
      vertex 5.91481 36.5 4.14705
      vertex 7.84667 38.5 4.66469
    endloop
  endfacet
  facet normal 0.227521 -0.706362 -0.670289
    outer loop
      vertex 4.81649 37.7454 0
      vertex 4.45671 36.5 1.1903
      vertex 4.14705 36.5 1.08519
    endloop
  endfacet
  facet normal 0.227925 -0.706354 -0.67016
    outer loop
      vertex 4.45671 36.5 1.1903
      vertex 4.81649 37.7454 0
      vertex 4.94975 37.7884 0
    endloop
  endfacet
  facet normal 0.466731 -0.706348 0.532199
    outer loop
      vertex 6.23943 38.5 7.07009
      vertex 5.26777 36.5 5.26777
      vertex 6.68198 38.5 6.68198
    endloop
  endfacet
  facet normal 0.532201 -0.706348 -0.466728
    outer loop
      vertex 7.07009 38.5 0.760574
      vertex 5.26777 36.5 1.73223
      vertex 6.68198 38.5 0.31802
    endloop
  endfacet
  facet normal -0.634975 -0.706398 0.312743
    outer loop
      vertex 0 37.7884 4.94975
      vertex 1.33494 36.5 4.75
      vertex 0 37.84 5.0663
    endloop
  endfacet
  facet normal -0.634867 -0.706341 0.313093
    outer loop
      vertex 1.33494 36.5 4.75
      vertex 0 37.7884 4.94975
      vertex 1.1903 36.5 4.45671
    endloop
  endfacet
  facet normal 0.466749 -0.706349 -0.532181
    outer loop
      vertex 6.20164 38.4222 0
      vertex 6.68198 38.5 0.31802
      vertex 5.26777 36.5 1.73223
    endloop
  endfacet
  facet normal 0.466794 -0.70625 -0.532273
    outer loop
      vertex 6.68198 38.5 0.31802
      vertex 6.20164 38.4222 0
      vertex 6.31935 38.5 0
    endloop
  endfacet
  facet normal -0.313084 -0.706349 0.634862
    outer loop
      vertex 1.77793 38.5 7.65746
      vertex 1.25 38.5 7.39711
      vertex 2.25 36.5 5.66506
    endloop
  endfacet
  facet normal -0.67016 -0.706354 0.227925
    outer loop
      vertex 0 37.7454 4.81649
      vertex 1.1903 36.5 4.45671
      vertex 0 37.7884 4.94975
    endloop
  endfacet
  facet normal -0.670289 -0.706362 0.227521
    outer loop
      vertex 1.1903 36.5 4.45671
      vertex 0 37.7454 4.81649
      vertex 1.08519 36.5 4.14705
    endloop
  endfacet
  facet normal 0.313093 -0.706341 -0.634867
    outer loop
      vertex 4.94975 37.7884 0
      vertex 4.75 36.5 1.33494
      vertex 4.45671 36.5 1.1903
    endloop
  endfacet
  facet normal 0.312743 -0.706398 -0.634975
    outer loop
      vertex 4.75 36.5 1.33494
      vertex 4.94975 37.7884 0
      vertex 5.0663 37.84 0
    endloop
  endfacet
  facet normal 0.532199 -0.706348 0.466731
    outer loop
      vertex 6.68198 38.5 6.68198
      vertex 5.26777 36.5 5.26777
      vertex 7.07009 38.5 6.23943
    endloop
  endfacet
  facet normal 0.58857 -0.70635 0.393262
    outer loop
      vertex 7.07009 38.5 6.23943
      vertex 5.48338 36.5 5.0219
      vertex 7.39711 38.5 5.75
    endloop
  endfacet
  facet normal 0.706348 -0.706348 0.046302
    outer loop
      vertex 8 38.5 3.5
      vertex 5.97861 36.5 3.82631
      vertex 6 36.5 3.5
    endloop
  endfacet
  facet normal -0.634867 -0.706341 -0.313093
    outer loop
      vertex 0 37.7884 2.05025
      vertex 1.33494 36.5 2.25
      vertex 1.1903 36.5 2.54329
    endloop
  endfacet
  facet normal -0.634975 -0.706398 -0.312743
    outer loop
      vertex 1.33494 36.5 2.25
      vertex 0 37.7884 2.05025
      vertex 0 37.84 1.9337
    endloop
  endfacet
  facet normal 0.670302 -0.706348 0.227525
    outer loop
      vertex 7.65746 38.5 5.22207
      vertex 5.8097 36.5 4.45671
      vertex 5.91481 36.5 4.14705
    endloop
  endfacet
  facet normal -0.694202 -0.706349 0.1384
    outer loop
      vertex 0 37.5935 4.28471
      vertex 1.08519 36.5 4.14705
      vertex 0 37.6235 4.43782
    endloop
  endfacet
  facet normal -0.694251 -0.70636 0.138097
    outer loop
      vertex 1.08519 36.5 4.14705
      vertex 0 37.5935 4.28471
      vertex 1.02139 36.5 3.82631
    endloop
  endfacet
  facet normal 0.706348 -0.706349 -0.0462986
    outer loop
      vertex 8 38.5 3.5
      vertex 5.97861 36.5 3.17369
      vertex 7.9615 38.5 2.91263
    endloop
  endfacet
  facet normal 0.706348 -0.706349 0.0462986
    outer loop
      vertex 7.9615 38.5 4.08737
      vertex 5.97861 36.5 3.82631
      vertex 8 38.5 3.5
    endloop
  endfacet
  facet normal 0.63486 -0.706348 0.31309
    outer loop
      vertex 7.65746 38.5 5.22207
      vertex 5.66506 36.5 4.75
      vertex 5.8097 36.5 4.45671
    endloop
  endfacet
  facet normal 0.313084 -0.706349 0.634862
    outer loop
      vertex 5.22207 38.5 7.65746
      vertex 4.75 36.5 5.66506
      vertex 5.75 38.5 7.39711
    endloop
  endfacet
  facet normal 0.227384 -0.706344 -0.670354
    outer loop
      vertex 4.81649 37.7454 0
      vertex 4.14705 36.5 1.08519
      vertex 4.43782 37.6235 0
    endloop
  endfacet
  facet normal 0.393262 -0.70635 0.58857
    outer loop
      vertex 5.75 38.5 7.39711
      vertex 5.0219 36.5 5.48338
      vertex 6.23943 38.5 7.07009
    endloop
  endfacet
  facet normal -0.1384 -0.706349 -0.694202
    outer loop
      vertex 2.71529 37.5935 0
      vertex 2.85295 36.5 1.08519
      vertex 2.56218 37.6235 0
    endloop
  endfacet
  facet normal -0.138097 -0.70636 -0.694251
    outer loop
      vertex 2.85295 36.5 1.08519
      vertex 2.71529 37.5935 0
      vertex 3.17369 36.5 1.02139
    endloop
  endfacet
  facet normal -0.706352 -0.706348 0.0462483
    outer loop
      vertex 0 37.5302 3.96078
      vertex 0 37.5106 3.66143
      vertex 1.02139 36.5 3.82631
    endloop
  endfacet
  facet normal 0.393301 -0.706342 -0.588554
    outer loop
      vertex 6.18564 38.4117 0
      vertex 5.0219 36.5 1.51662
      vertex 5.59891 38.085 0
    endloop
  endfacet
  facet normal -0.532273 -0.70625 0.466794
    outer loop
      vertex 0 38.4222 6.20164
      vertex 0.31802 38.5 6.68198
      vertex 0 38.5 6.31935
    endloop
  endfacet
  facet normal -0.532181 -0.706349 0.466749
    outer loop
      vertex 0.31802 38.5 6.68198
      vertex 0 38.4222 6.20164
      vertex 1.73223 36.5 5.26777
    endloop
  endfacet
  facet normal 0.13803 -0.706352 -0.694273
    outer loop
      vertex 4.28471 37.5935 0
      vertex 3.82631 36.5 1.02139
      vertex 3.96078 37.5302 0
    endloop
  endfacet
  facet normal 0.0462483 -0.706348 -0.706352
    outer loop
      vertex 3.82631 36.5 1.02139
      vertex 3.66143 37.5106 0
      vertex 3.96078 37.5302 0
    endloop
  endfacet
  facet normal -0.53228 -0.706243 -0.466796
    outer loop
      vertex 0.31802 38.5 0.31802
      vertex 0 38.4222 0.798361
      vertex 0 38.5 0.680653
    endloop
  endfacet
  facet normal -0.532182 -0.706349 -0.466748
    outer loop
      vertex 0 38.4222 0.798361
      vertex 0.31802 38.5 0.31802
      vertex 1.73223 36.5 1.73223
    endloop
  endfacet
  facet normal 0 -1 0
    outer loop
      vertex 3.17369 36.5 5.97861
      vertex 3.82631 36.5 5.97861
      vertex 3.5 36.5 6
    endloop
  endfacet
  facet normal 0 -1 0
    outer loop
      vertex 2.85295 36.5 5.91481
      vertex 3.82631 36.5 5.97861
      vertex 3.17369 36.5 5.97861
    endloop
  endfacet
  facet normal 0 -1 0
    outer loop
      vertex 2.85295 36.5 5.91481
      vertex 4.14705 36.5 5.91481
      vertex 3.82631 36.5 5.97861
    endloop
  endfacet
  facet normal 0 -1 0
    outer loop
      vertex 2.54329 36.5 5.8097
      vertex 4.14705 36.5 5.91481
      vertex 2.85295 36.5 5.91481
    endloop
  endfacet
  facet normal 0 -1 0
    outer loop
      vertex 2.54329 36.5 5.8097
      vertex 4.45671 36.5 5.8097
      vertex 4.14705 36.5 5.91481
    endloop
  endfacet
  facet normal 0 -1 0
    outer loop
      vertex 2.25 36.5 5.66506
      vertex 4.45671 36.5 5.8097
      vertex 2.54329 36.5 5.8097
    endloop
  endfacet
  facet normal 0 -1 0
    outer loop
      vertex 2.25 36.5 5.66506
      vertex 4.75 36.5 5.66506
      vertex 4.45671 36.5 5.8097
    endloop
  endfacet
  facet normal 0 -1 0
    outer loop
      vertex 1.9781 36.5 5.48338
      vertex 4.75 36.5 5.66506
      vertex 2.25 36.5 5.66506
    endloop
  endfacet
  facet normal 0 -1 0
    outer loop
      vertex 1.9781 36.5 5.48338
      vertex 5.0219 36.5 5.48338
      vertex 4.75 36.5 5.66506
    endloop
  endfacet
  facet normal 0 -1 0
    outer loop
      vertex 1.73223 36.5 5.26777
      vertex 5.0219 36.5 5.48338
      vertex 1.9781 36.5 5.48338
    endloop
  endfacet
  facet normal 0 -1 0
    outer loop
      vertex 1.73223 36.5 5.26777
      vertex 5.26777 36.5 5.26777
      vertex 5.0219 36.5 5.48338
    endloop
  endfacet
  facet normal 0 -1 0
    outer loop
      vertex 1.51662 36.5 5.0219
      vertex 5.26777 36.5 5.26777
      vertex 1.73223 36.5 5.26777
    endloop
  endfacet
  facet normal 0 -1 0
    outer loop
      vertex 1.51662 36.5 5.0219
      vertex 5.48338 36.5 5.0219
      vertex 5.26777 36.5 5.26777
    endloop
  endfacet
  facet normal 0 -1 0
    outer loop
      vertex 1.33494 36.5 4.75
      vertex 5.48338 36.5 5.0219
      vertex 1.51662 36.5 5.0219
    endloop
  endfacet
  facet normal 0 -1 0
    outer loop
      vertex 1.33494 36.5 4.75
      vertex 5.66506 36.5 4.75
      vertex 5.48338 36.5 5.0219
    endloop
  endfacet
  facet normal 0 -1 0
    outer loop
      vertex 1.1903 36.5 4.45671
      vertex 5.66506 36.5 4.75
      vertex 1.33494 36.5 4.75
    endloop
  endfacet
  facet normal 0 -1 0
    outer loop
      vertex 1.1903 36.5 4.45671
      vertex 5.8097 36.5 4.45671
      vertex 5.66506 36.5 4.75
    endloop
  endfacet
  facet normal 0 -1 0
    outer loop
      vertex 1.08519 36.5 4.14705
      vertex 5.8097 36.5 4.45671
      vertex 1.1903 36.5 4.45671
    endloop
  endfacet
  facet normal 0 -1 0
    outer loop
      vertex 1.08519 36.5 4.14705
      vertex 5.91481 36.5 4.14705
      vertex 5.8097 36.5 4.45671
    endloop
  endfacet
  facet normal 0 -1 0
    outer loop
      vertex 1.02139 36.5 3.82631
      vertex 5.91481 36.5 4.14705
      vertex 1.08519 36.5 4.14705
    endloop
  endfacet
  facet normal 0 -1 0
    outer loop
      vertex 1.02139 36.5 3.82631
      vertex 5.97861 36.5 3.82631
      vertex 5.91481 36.5 4.14705
    endloop
  endfacet
  facet normal 0 -1 0
    outer loop
      vertex 1 36.5 3.5
      vertex 5.97861 36.5 3.82631
      vertex 1.02139 36.5 3.82631
    endloop
  endfacet
  facet normal 0 -1 0
    outer loop
      vertex 1 36.5 3.5
      vertex 6 36.5 3.5
      vertex 5.97861 36.5 3.82631
    endloop
  endfacet
  facet normal 0 -1 0
    outer loop
      vertex 1.02139 36.5 3.17369
      vertex 6 36.5 3.5
      vertex 1 36.5 3.5
    endloop
  endfacet
  facet normal 0 -1 0
    outer loop
      vertex 1.02139 36.5 3.17369
      vertex 5.97861 36.5 3.17369
      vertex 6 36.5 3.5
    endloop
  endfacet
  facet normal 0 -1 0
    outer loop
      vertex 1.08519 36.5 2.85295
      vertex 5.97861 36.5 3.17369
      vertex 1.02139 36.5 3.17369
    endloop
  endfacet
  facet normal 0 -1 0
    outer loop
      vertex 1.08519 36.5 2.85295
      vertex 5.91481 36.5 2.85295
      vertex 5.97861 36.5 3.17369
    endloop
  endfacet
  facet normal 0 -1 0
    outer loop
      vertex 1.1903 36.5 2.54329
      vertex 5.91481 36.5 2.85295
      vertex 1.08519 36.5 2.85295
    endloop
  endfacet
  facet normal 0 -1 0
    outer loop
      vertex 1.1903 36.5 2.54329
      vertex 5.8097 36.5 2.54329
      vertex 5.91481 36.5 2.85295
    endloop
  endfacet
  facet normal 0 -1 0
    outer loop
      vertex 1.33494 36.5 2.25
      vertex 5.8097 36.5 2.54329
      vertex 1.1903 36.5 2.54329
    endloop
  endfacet
  facet normal 0 -1 0
    outer loop
      vertex 1.33494 36.5 2.25
      vertex 5.66506 36.5 2.25
      vertex 5.8097 36.5 2.54329
    endloop
  endfacet
  facet normal 0 -1 0
    outer loop
      vertex 1.51662 36.5 1.9781
      vertex 5.66506 36.5 2.25
      vertex 1.33494 36.5 2.25
    endloop
  endfacet
  facet normal 0 -1 0
    outer loop
      vertex 1.51662 36.5 1.9781
      vertex 5.48338 36.5 1.9781
      vertex 5.66506 36.5 2.25
    endloop
  endfacet
  facet normal 0 -1 0
    outer loop
      vertex 1.73223 36.5 1.73223
      vertex 5.48338 36.5 1.9781
      vertex 1.51662 36.5 1.9781
    endloop
  endfacet
  facet normal 0 -1 0
    outer loop
      vertex 1.73223 36.5 1.73223
      vertex 5.26777 36.5 1.73223
      vertex 5.48338 36.5 1.9781
    endloop
  endfacet
  facet normal 0 -1 0
    outer loop
      vertex 1.9781 36.5 1.51662
      vertex 5.26777 36.5 1.73223
      vertex 1.73223 36.5 1.73223
    endloop
  endfacet
  facet normal 0 -1 0
    outer loop
      vertex 1.9781 36.5 1.51662
      vertex 5.0219 36.5 1.51662
      vertex 5.26777 36.5 1.73223
    endloop
  endfacet
  facet normal 0 -1 0
    outer loop
      vertex 2.25 36.5 1.33494
      vertex 5.0219 36.5 1.51662
      vertex 1.9781 36.5 1.51662
    endloop
  endfacet
  facet normal 0 -1 0
    outer loop
      vertex 2.25 36.5 1.33494
      vertex 4.75 36.5 1.33494
      vertex 5.0219 36.5 1.51662
    endloop
  endfacet
  facet normal 0 -1 0
    outer loop
      vertex 2.54329 36.5 1.1903
      vertex 4.75 36.5 1.33494
      vertex 2.25 36.5 1.33494
    endloop
  endfacet
  facet normal 0 -1 0
    outer loop
      vertex 2.54329 36.5 1.1903
      vertex 4.45671 36.5 1.1903
      vertex 4.75 36.5 1.33494
    endloop
  endfacet
  facet normal 0 -1 0
    outer loop
      vertex 2.85295 36.5 1.08519
      vertex 4.45671 36.5 1.1903
      vertex 2.54329 36.5 1.1903
    endloop
  endfacet
  facet normal 0 -1 0
    outer loop
      vertex 2.85295 36.5 1.08519
      vertex 4.14705 36.5 1.08519
      vertex 4.45671 36.5 1.1903
    endloop
  endfacet
  facet normal 0 -1 0
    outer loop
      vertex 3.17369 36.5 1.02139
      vertex 4.14705 36.5 1.08519
      vertex 2.85295 36.5 1.08519
    endloop
  endfacet
  facet normal 0 -1 0
    outer loop
      vertex 3.17369 36.5 1.02139
      vertex 3.82631 36.5 1.02139
      vertex 4.14705 36.5 1.08519
    endloop
  endfacet
  facet normal -0 -1 0
    outer loop
      vertex 3.82631 36.5 1.02139
      vertex 3.17369 36.5 1.02139
      vertex 3.5 36.5 1
    endloop
  endfacet
  facet normal -0.694273 -0.706352 0.13803
    outer loop
      vertex 0 37.5935 4.28471
      vertex 0 37.5302 3.96078
      vertex 1.02139 36.5 3.82631
    endloop
  endfacet
  facet normal 0.670302 -0.706348 -0.227525
    outer loop
      vertex 5.91481 36.5 2.85295
      vertex 5.8097 36.5 2.54329
      vertex 7.65746 38.5 1.77793
    endloop
  endfacet
  facet normal 0.588566 -0.706348 -0.393272
    outer loop
      vertex 5.66506 36.5 2.25
      vertex 5.48338 36.5 1.9781
      vertex 7.39711 38.5 1.25
    endloop
  endfacet
  facet normal -0.466796 -0.706243 -0.53228
    outer loop
      vertex 0.798361 38.4222 0
      vertex 0.31802 38.5 0.31802
      vertex 0.680653 38.5 0
    endloop
  endfacet
  facet normal -0.466748 -0.706349 -0.532182
    outer loop
      vertex 0.31802 38.5 0.31802
      vertex 0.798361 38.4222 0
      vertex 1.73223 36.5 1.73223
    endloop
  endfacet
  facet normal 0.466711 -0.706351 0.532212
    outer loop
      vertex 6.23943 38.5 7.07009
      vertex 5.0219 36.5 5.48338
      vertex 5.26777 36.5 5.26777
    endloop
  endfacet
  facet normal -0.312743 -0.706398 -0.634975
    outer loop
      vertex 2.05025 37.7884 0
      vertex 2.25 36.5 1.33494
      vertex 1.9337 37.84 0
    endloop
  endfacet
  facet normal -0.313093 -0.706341 -0.634867
    outer loop
      vertex 2.25 36.5 1.33494
      vertex 2.05025 37.7884 0
      vertex 2.54329 36.5 1.1903
    endloop
  endfacet
  facet normal 0.588569 -0.706349 -0.393265
    outer loop
      vertex 7.39711 38.5 1.25
      vertex 5.48338 36.5 1.9781
      vertex 7.07009 38.5 0.760574
    endloop
  endfacet
  facet normal 0.22754 -0.70635 0.670295
    outer loop
      vertex 4.66469 38.5 7.84667
      vertex 4.14705 36.5 5.91481
      vertex 5.22207 38.5 7.65746
    endloop
  endfacet
  facet normal 0.634862 -0.706349 -0.313084
    outer loop
      vertex 7.65746 38.5 1.77793
      vertex 5.66506 36.5 2.25
      vertex 7.39711 38.5 1.25
    endloop
  endfacet
  facet normal -0.393265 -0.706349 0.588569
    outer loop
      vertex 1.25 38.5 7.39711
      vertex 0.760574 38.5 7.07009
      vertex 1.9781 36.5 5.48338
    endloop
  endfacet
  facet normal -0.706346 -0.706346 0.0463809
    outer loop
      vertex 1 36.5 3.5
      vertex 0 37.5106 3.66143
      vertex 0 37.5 3.5
    endloop
  endfacet
  facet normal -0.706355 -0.706342 0.0463024
    outer loop
      vertex 0 37.5106 3.66143
      vertex 1 36.5 3.5
      vertex 1.02139 36.5 3.82631
    endloop
  endfacet
  facet normal 0.393272 -0.706348 0.588566
    outer loop
      vertex 5.75 38.5 7.39711
      vertex 4.75 36.5 5.66506
      vertex 5.0219 36.5 5.48338
    endloop
  endfacet
  facet normal -0.634811 -0.706343 0.313201
    outer loop
      vertex 0 38.0415 5.52073
      vertex 0 37.84 5.0663
      vertex 1.33494 36.5 4.75
    endloop
  endfacet
  facet normal -0.22754 -0.70635 0.670295
    outer loop
      vertex 2.33531 38.5 7.84667
      vertex 1.77793 38.5 7.65746
      vertex 2.85295 36.5 5.91481
    endloop
  endfacet
  facet normal -0.670354 -0.706344 -0.227384
    outer loop
      vertex 1.08519 36.5 2.85295
      vertex 0 37.6235 2.56218
      vertex 0 37.7454 2.18351
    endloop
  endfacet
  facet normal 0.466717 -0.706341 -0.532219
    outer loop
      vertex 6.18564 38.4117 0
      vertex 5.26777 36.5 1.73223
      vertex 5.0219 36.5 1.51662
    endloop
  endfacet
  facet normal 0.463806 -0.706752 -0.534215
    outer loop
      vertex 5.26777 36.5 1.73223
      vertex 6.18564 38.4117 0
      vertex 6.20164 38.4222 0
    endloop
  endfacet
  facet normal 0.588566 -0.706348 0.393272
    outer loop
      vertex 7.39711 38.5 5.75
      vertex 5.48338 36.5 5.0219
      vertex 5.66506 36.5 4.75
    endloop
  endfacet
  facet normal 0.63486 -0.706348 -0.31309
    outer loop
      vertex 5.8097 36.5 2.54329
      vertex 5.66506 36.5 2.25
      vertex 7.65746 38.5 1.77793
    endloop
  endfacet
  facet normal 0.670295 -0.70635 -0.22754
    outer loop
      vertex 7.84667 38.5 2.33531
      vertex 5.91481 36.5 2.85295
      vertex 7.65746 38.5 1.77793
    endloop
  endfacet
  facet normal 0.694261 -0.70635 -0.138099
    outer loop
      vertex 5.97861 36.5 3.17369
      vertex 5.91481 36.5 2.85295
      vertex 7.84667 38.5 2.33531
    endloop
  endfacet
  facet normal 0.138099 -0.70635 0.694261
    outer loop
      vertex 4.66469 38.5 7.84667
      vertex 3.82631 36.5 5.97861
      vertex 4.14705 36.5 5.91481
    endloop
  endfacet
  facet normal -0.588574 -0.706339 -0.393277
    outer loop
      vertex 0 38.0415 1.47927
      vertex 1.51662 36.5 1.9781
      vertex 1.33494 36.5 2.25
    endloop
  endfacet
  facet normal -0.588692 -0.706376 -0.393033
    outer loop
      vertex 1.51662 36.5 1.9781
      vertex 0 38.0415 1.47927
      vertex 0 38.085 1.40109
    endloop
  endfacet
  facet normal -0.588555 -0.706342 -0.393299
    outer loop
      vertex 1.51662 36.5 1.9781
      vertex 0 38.085 1.40109
      vertex 0 38.4117 0.814356
    endloop
  endfacet
  facet normal 0.046302 -0.706348 0.706348
    outer loop
      vertex 3.5 38.5 8
      vertex 3.5 36.5 6
      vertex 3.82631 36.5 5.97861
    endloop
  endfacet
  facet normal -0.694251 -0.70636 -0.138097
    outer loop
      vertex 0 37.5935 2.71529
      vertex 1.08519 36.5 2.85295
      vertex 1.02139 36.5 3.17369
    endloop
  endfacet
  facet normal -0.694202 -0.706349 -0.1384
    outer loop
      vertex 1.08519 36.5 2.85295
      vertex 0 37.5935 2.71529
      vertex 0 37.6235 2.56218
    endloop
  endfacet
  facet normal -0.670289 -0.706362 -0.227521
    outer loop
      vertex 0 37.7454 2.18351
      vertex 1.1903 36.5 2.54329
      vertex 1.08519 36.5 2.85295
    endloop
  endfacet
  facet normal -0.67016 -0.706354 -0.227925
    outer loop
      vertex 1.1903 36.5 2.54329
      vertex 0 37.7454 2.18351
      vertex 0 37.7884 2.05025
    endloop
  endfacet
  facet normal -0.670354 -0.706344 0.227384
    outer loop
      vertex 0 37.7454 4.81649
      vertex 0 37.6235 4.43782
      vertex 1.08519 36.5 4.14705
    endloop
  endfacet
  facet normal -0.393272 -0.706348 0.588566
    outer loop
      vertex 2.25 36.5 5.66506
      vertex 1.25 38.5 7.39711
      vertex 1.9781 36.5 5.48338
    endloop
  endfacet
  facet normal -0.588554 -0.706342 0.393301
    outer loop
      vertex 0 38.4117 6.18564
      vertex 0 38.085 5.59891
      vertex 1.51662 36.5 5.0219
    endloop
  endfacet
  facet normal 0.138097 -0.70636 -0.694251
    outer loop
      vertex 4.28471 37.5935 0
      vertex 4.14705 36.5 1.08519
      vertex 3.82631 36.5 1.02139
    endloop
  endfacet
  facet normal 0.1384 -0.706349 -0.694202
    outer loop
      vertex 4.14705 36.5 1.08519
      vertex 4.28471 37.5935 0
      vertex 4.43782 37.6235 0
    endloop
  endfacet
  facet normal -0.227384 -0.706344 -0.670354
    outer loop
      vertex 2.85295 36.5 1.08519
      vertex 2.18351 37.7454 0
      vertex 2.56218 37.6235 0
    endloop
  endfacet
  facet normal -0.393299 -0.706342 -0.588555
    outer loop
      vertex 1.9781 36.5 1.51662
      vertex 0.814356 38.4117 0
      vertex 1.40109 38.085 0
    endloop
  endfacet
  facet normal 0.0463809 -0.706346 -0.706346
    outer loop
      vertex 3.66143 37.5106 0
      vertex 3.5 36.5 1
      vertex 3.5 37.5 0
    endloop
  endfacet
  facet normal 0.0463024 -0.706342 -0.706355
    outer loop
      vertex 3.5 36.5 1
      vertex 3.66143 37.5106 0
      vertex 3.82631 36.5 1.02139
    endloop
  endfacet
  facet normal -0.534215 -0.706752 0.463806
    outer loop
      vertex 0 38.4117 6.18564
      vertex 1.73223 36.5 5.26777
      vertex 0 38.4222 6.20164
    endloop
  endfacet
  facet normal -0.532219 -0.706341 0.466717
    outer loop
      vertex 1.73223 36.5 5.26777
      vertex 0 38.4117 6.18564
      vertex 1.51662 36.5 5.0219
    endloop
  endfacet
  facet normal -0.0463809 -0.706346 -0.706346
    outer loop
      vertex 3.5 36.5 1
      vertex 3.33857 37.5106 0
      vertex 3.5 37.5 0
    endloop
  endfacet
  facet normal -0.0463024 -0.706342 -0.706355
    outer loop
      vertex 3.33857 37.5106 0
      vertex 3.5 36.5 1
      vertex 3.17369 36.5 1.02139
    endloop
  endfacet
  facet normal 0.0462986 -0.706349 0.706348
    outer loop
      vertex 4.08737 38.5 7.9615
      vertex 3.5 38.5 8
      vertex 3.82631 36.5 5.97861
    endloop
  endfacet
  facet normal -0.466711 -0.70635 0.532212
    outer loop
      vertex 1.9781 36.5 5.48338
      vertex 0.760574 38.5 7.07009
      vertex 1.73223 36.5 5.26777
    endloop
  endfacet
  facet normal 0.13809 -0.706349 0.694264
    outer loop
      vertex 4.08737 38.5 7.9615
      vertex 3.82631 36.5 5.97861
      vertex 4.66469 38.5 7.84667
    endloop
  endfacet
  facet normal -0.13803 -0.706352 -0.694273
    outer loop
      vertex 3.17369 36.5 1.02139
      vertex 2.71529 37.5935 0
      vertex 3.03922 37.5302 0
    endloop
  endfacet
  facet normal -0.463939 -0.706734 -0.534124
    outer loop
      vertex 0.814356 38.4117 0
      vertex 1.73223 36.5 1.73223
      vertex 0.798361 38.4222 0
    endloop
  endfacet
  facet normal -0.466717 -0.706341 -0.532219
    outer loop
      vertex 1.73223 36.5 1.73223
      vertex 0.814356 38.4117 0
      vertex 1.9781 36.5 1.51662
    endloop
  endfacet
  facet normal -0.393033 -0.706376 -0.588692
    outer loop
      vertex 1.47927 38.0415 0
      vertex 1.9781 36.5 1.51662
      vertex 1.40109 38.085 0
    endloop
  endfacet
  facet normal -0.393277 -0.706339 -0.588574
    outer loop
      vertex 1.9781 36.5 1.51662
      vertex 1.47927 38.0415 0
      vertex 2.25 36.5 1.33494
    endloop
  endfacet
  facet normal -0.466728 -0.706348 0.532201
    outer loop
      vertex 0.760574 38.5 7.07009
      vertex 0.31802 38.5 6.68198
      vertex 1.73223 36.5 5.26777
    endloop
  endfacet
  facet normal -0.0462986 -0.706349 0.706348
    outer loop
      vertex 3.5 38.5 8
      vertex 2.91263 38.5 7.9615
      vertex 3.17369 36.5 5.97861
    endloop
  endfacet
  facet normal -0.138099 -0.70635 0.694261
    outer loop
      vertex 3.17369 36.5 5.97861
      vertex 2.33531 38.5 7.84667
      vertex 2.85295 36.5 5.91481
    endloop
  endfacet
  facet normal -0.31309 -0.706348 0.63486
    outer loop
      vertex 2.54329 36.5 5.8097
      vertex 1.77793 38.5 7.65746
      vertex 2.25 36.5 5.66506
    endloop
  endfacet
  facet normal -0.588692 -0.706376 0.393033
    outer loop
      vertex 0 38.0415 5.52073
      vertex 1.51662 36.5 5.0219
      vertex 0 38.085 5.59891
    endloop
  endfacet
  facet normal -0.588574 -0.706339 0.393277
    outer loop
      vertex 1.51662 36.5 5.0219
      vertex 0 38.0415 5.52073
      vertex 1.33494 36.5 4.75
    endloop
  endfacet
  facet normal -0.227525 -0.706348 0.670302
    outer loop
      vertex 2.85295 36.5 5.91481
      vertex 1.77793 38.5 7.65746
      vertex 2.54329 36.5 5.8097
    endloop
  endfacet
  facet normal 0.980787 0 -0.19508
    outer loop
      vertex 7.9615 38.5 2.91263
      vertex 7.84667 44 2.33531
      vertex 7.9615 44 2.91263
    endloop
  endfacet
  facet normal 0.980787 0 -0.19508
    outer loop
      vertex 7.84667 44 2.33531
      vertex 7.9615 38.5 2.91263
      vertex 7.84667 38.5 2.33531
    endloop
  endfacet
  facet normal 0.997859 0 -0.0654061
    outer loop
      vertex 8 38.5 3.5
      vertex 7.9615 44 2.91263
      vertex 8 44 3.5
    endloop
  endfacet
  facet normal 0.997859 0 -0.0654061
    outer loop
      vertex 7.9615 44 2.91263
      vertex 8 38.5 3.5
      vertex 7.9615 38.5 2.91263
    endloop
  endfacet
  facet normal 0.980787 -0 0.19508
    outer loop
      vertex 7.84667 38.5 4.66469
      vertex 7.9615 44 4.08737
      vertex 7.84667 44 4.66469
    endloop
  endfacet
  facet normal 0.980787 0 0.19508
    outer loop
      vertex 7.9615 44 4.08737
      vertex 7.84667 38.5 4.66469
      vertex 7.9615 38.5 4.08737
    endloop
  endfacet
  facet normal -0.751838 0 0.659348
    outer loop
      vertex 0 38.5 6.31935
      vertex 0.31802 44 6.68198
      vertex 0 44 6.31935
    endloop
  endfacet
  facet normal -0.751838 0 0.659348
    outer loop
      vertex 0.31802 44 6.68198
      vertex 0 38.5 6.31935
      vertex 0.31802 38.5 6.68198
    endloop
  endfacet
  facet normal 0.831473 0 -0.555566
    outer loop
      vertex 7.39711 38.5 1.25
      vertex 7.07009 44 0.760574
      vertex 7.39711 44 1.25
    endloop
  endfacet
  facet normal 0.831473 0 -0.555566
    outer loop
      vertex 7.07009 44 0.760574
      vertex 7.39711 38.5 1.25
      vertex 7.07009 38.5 0.760574
    endloop
  endfacet
  facet normal 0.89687 -0 0.442294
    outer loop
      vertex 7.39711 38.5 5.75
      vertex 7.65746 44 5.22207
      vertex 7.39711 44 5.75
    endloop
  endfacet
  facet normal 0.89687 0 0.442294
    outer loop
      vertex 7.65746 44 5.22207
      vertex 7.39711 38.5 5.75
      vertex 7.65746 38.5 5.22207
    endloop
  endfacet
  facet normal 0.997859 -0 0.0654061
    outer loop
      vertex 7.9615 38.5 4.08737
      vertex 8 44 3.5
      vertex 7.9615 44 4.08737
    endloop
  endfacet
  facet normal 0.997859 0 0.0654061
    outer loop
      vertex 8 44 3.5
      vertex 7.9615 38.5 4.08737
      vertex 8 38.5 3.5
    endloop
  endfacet
  facet normal -0.659345 0 -0.75184
    outer loop
      vertex 0.31802 38.5 0.31802
      vertex 0.680653 44 0
      vertex 0.680653 38.5 0
    endloop
  endfacet
  facet normal -0.659345 0 -0.75184
    outer loop
      vertex 0.680653 44 0
      vertex 0.31802 38.5 0.31802
      vertex 0.31802 44 0.31802
    endloop
  endfacet
  facet normal 0.321447 0 0.946928
    outer loop
      vertex 4.66469 44 7.84667
      vertex 5.22207 38.5 7.65746
      vertex 5.22207 44 7.65746
    endloop
  endfacet
  facet normal 0.321447 0 0.946928
    outer loop
      vertex 5.22207 38.5 7.65746
      vertex 4.66469 44 7.84667
      vertex 4.66469 38.5 7.84667
    endloop
  endfacet
  facet normal -0.659346 0 0.751839
    outer loop
      vertex 0.31802 44 6.68198
      vertex 0.760574 38.5 7.07009
      vertex 0.760574 44 7.07009
    endloop
  endfacet
  facet normal -0.659346 0 0.751839
    outer loop
      vertex 0.760574 38.5 7.07009
      vertex 0.31802 44 6.68198
      vertex 0.31802 38.5 6.68198
    endloop
  endfacet
  facet normal 0.0654061 0 0.997859
    outer loop
      vertex 3.5 44 8
      vertex 4.08737 38.5 7.9615
      vertex 4.08737 44 7.9615
    endloop
  endfacet
  facet normal 0.0654061 0 0.997859
    outer loop
      vertex 4.08737 38.5 7.9615
      vertex 3.5 44 8
      vertex 3.5 38.5 8
    endloop
  endfacet
  facet normal 0.65935 0 0.751836
    outer loop
      vertex 6.23943 44 7.07009
      vertex 6.68198 38.5 6.68198
      vertex 6.68198 44 6.68198
    endloop
  endfacet
  facet normal 0.65935 0 0.751836
    outer loop
      vertex 6.68198 38.5 6.68198
      vertex 6.23943 44 7.07009
      vertex 6.23943 38.5 7.07009
    endloop
  endfacet
  facet normal 0.946928 -0 0.321447
    outer loop
      vertex 7.65746 38.5 5.22207
      vertex 7.84667 44 4.66469
      vertex 7.65746 44 5.22207
    endloop
  endfacet
  facet normal 0.946928 0 0.321447
    outer loop
      vertex 7.84667 44 4.66469
      vertex 7.65746 38.5 5.22207
      vertex 7.84667 38.5 4.66469
    endloop
  endfacet
  facet normal 0.751839 0 -0.659346
    outer loop
      vertex 7.07009 38.5 0.760574
      vertex 6.68198 44 0.31802
      vertex 7.07009 44 0.760574
    endloop
  endfacet
  facet normal 0.751839 0 -0.659346
    outer loop
      vertex 6.68198 44 0.31802
      vertex 7.07009 38.5 0.760574
      vertex 6.68198 38.5 0.31802
    endloop
  endfacet
  facet normal 0.751836 -0 0.65935
    outer loop
      vertex 6.68198 38.5 6.68198
      vertex 7.07009 44 6.23943
      vertex 6.68198 44 6.68198
    endloop
  endfacet
  facet normal 0.751836 0 0.65935
    outer loop
      vertex 7.07009 44 6.23943
      vertex 6.68198 38.5 6.68198
      vertex 7.07009 38.5 6.23943
    endloop
  endfacet
  facet normal -0.442294 0 0.89687
    outer loop
      vertex 1.25 44 7.39711
      vertex 1.77793 38.5 7.65746
      vertex 1.77793 44 7.65746
    endloop
  endfacet
  facet normal -0.442294 0 0.89687
    outer loop
      vertex 1.77793 38.5 7.65746
      vertex 1.25 44 7.39711
      vertex 1.25 38.5 7.39711
    endloop
  endfacet
  facet normal 0.19508 0 0.980787
    outer loop
      vertex 4.08737 44 7.9615
      vertex 4.66469 38.5 7.84667
      vertex 4.66469 44 7.84667
    endloop
  endfacet
  facet normal 0.19508 0 0.980787
    outer loop
      vertex 4.66469 38.5 7.84667
      vertex 4.08737 44 7.9615
      vertex 4.08737 38.5 7.9615
    endloop
  endfacet
  facet normal 0.442294 0 0.89687
    outer loop
      vertex 5.22207 44 7.65746
      vertex 5.75 38.5 7.39711
      vertex 5.75 44 7.39711
    endloop
  endfacet
  facet normal 0.442294 0 0.89687
    outer loop
      vertex 5.75 38.5 7.39711
      vertex 5.22207 44 7.65746
      vertex 5.22207 38.5 7.65746
    endloop
  endfacet
  facet normal -0.75184 0 -0.659345
    outer loop
      vertex 0.31802 38.5 0.31802
      vertex 0 44 0.680653
      vertex 0.31802 44 0.31802
    endloop
  endfacet
  facet normal -0.75184 -0 -0.659345
    outer loop
      vertex 0 44 0.680653
      vertex 0.31802 38.5 0.31802
      vertex 0 38.5 0.680653
    endloop
  endfacet
  facet normal 0.659348 0 -0.751838
    outer loop
      vertex 6.31935 38.5 0
      vertex 6.68198 44 0.31802
      vertex 6.68198 38.5 0.31802
    endloop
  endfacet
  facet normal 0.659348 0 -0.751838
    outer loop
      vertex 6.68198 44 0.31802
      vertex 6.31935 38.5 0
      vertex 6.31935 44 0
    endloop
  endfacet
  facet normal 0.831475 -0 0.555562
    outer loop
      vertex 7.07009 38.5 6.23943
      vertex 7.39711 44 5.75
      vertex 7.07009 44 6.23943
    endloop
  endfacet
  facet normal 0.831475 0 0.555562
    outer loop
      vertex 7.39711 44 5.75
      vertex 7.07009 38.5 6.23943
      vertex 7.39711 38.5 5.75
    endloop
  endfacet
  facet normal 0.89687 0 -0.442294
    outer loop
      vertex 7.65746 38.5 1.77793
      vertex 7.39711 44 1.25
      vertex 7.65746 44 1.77793
    endloop
  endfacet
  facet normal 0.89687 0 -0.442294
    outer loop
      vertex 7.39711 44 1.25
      vertex 7.65746 38.5 1.77793
      vertex 7.39711 38.5 1.25
    endloop
  endfacet
  facet normal -0.0654061 0 0.997859
    outer loop
      vertex 2.91263 44 7.9615
      vertex 3.5 38.5 8
      vertex 3.5 44 8
    endloop
  endfacet
  facet normal -0.0654061 0 0.997859
    outer loop
      vertex 3.5 38.5 8
      vertex 2.91263 44 7.9615
      vertex 2.91263 38.5 7.9615
    endloop
  endfacet
  facet normal -0.555566 0 0.831473
    outer loop
      vertex 0.760574 44 7.07009
      vertex 1.25 38.5 7.39711
      vertex 1.25 44 7.39711
    endloop
  endfacet
  facet normal -0.555566 0 0.831473
    outer loop
      vertex 1.25 38.5 7.39711
      vertex 0.760574 44 7.07009
      vertex 0.760574 38.5 7.07009
    endloop
  endfacet
  facet normal 0.555562 0 0.831475
    outer loop
      vertex 5.75 44 7.39711
      vertex 6.23943 38.5 7.07009
      vertex 6.23943 44 7.07009
    endloop
  endfacet
  facet normal 0.555562 0 0.831475
    outer loop
      vertex 6.23943 38.5 7.07009
      vertex 5.75 44 7.39711
      vertex 5.75 38.5 7.39711
    endloop
  endfacet
  facet normal 0.946928 0 -0.321447
    outer loop
      vertex 7.84667 38.5 2.33531
      vertex 7.65746 44 1.77793
      vertex 7.84667 44 2.33531
    endloop
  endfacet
  facet normal 0.946928 0 -0.321447
    outer loop
      vertex 7.65746 44 1.77793
      vertex 7.84667 38.5 2.33531
      vertex 7.65746 38.5 1.77793
    endloop
  endfacet
  facet normal -0.321447 0 0.946928
    outer loop
      vertex 1.77793 44 7.65746
      vertex 2.33531 38.5 7.84667
      vertex 2.33531 44 7.84667
    endloop
  endfacet
  facet normal -0.321447 0 0.946928
    outer loop
      vertex 2.33531 38.5 7.84667
      vertex 1.77793 44 7.65746
      vertex 1.77793 38.5 7.65746
    endloop
  endfacet
  facet normal -0.19508 0 0.980787
    outer loop
      vertex 2.33531 44 7.84667
      vertex 2.91263 38.5 7.9615
      vertex 2.91263 44 7.9615
    endloop
  endfacet
  facet normal -0.19508 0 0.980787
    outer loop
      vertex 2.91263 38.5 7.9615
      vertex 2.33531 44 7.84667
      vertex 2.33531 38.5 7.84667
    endloop
  endfacet
  facet normal -0.751827 0 -0.65936
    outer loop
      vertex 5.16604 37.5 4.7784
      vertex 4.98492 44 4.98492
      vertex 5.16604 44 4.7784
    endloop
  endfacet
  facet normal -0.751827 -0 -0.65936
    outer loop
      vertex 4.98492 44 4.98492
      vertex 5.16604 37.5 4.7784
      vertex 4.98492 37.5 4.98492
    endloop
  endfacet
  facet normal -0.980786 0 0.195087
    outer loop
      vertex 5.52844 37.5 2.95648
      vertex 5.58203 44 3.2259
      vertex 5.52844 44 2.95648
    endloop
  endfacet
  facet normal -0.980786 0 0.195087
    outer loop
      vertex 5.58203 44 3.2259
      vertex 5.52844 37.5 2.95648
      vertex 5.58203 37.5 3.2259
    endloop
  endfacet
  facet normal -0.997858 0 0.0654196
    outer loop
      vertex 5.58203 37.5 3.2259
      vertex 5.6 44 3.5
      vertex 5.58203 44 3.2259
    endloop
  endfacet
  facet normal -0.997858 0 0.0654196
    outer loop
      vertex 5.6 44 3.5
      vertex 5.58203 37.5 3.2259
      vertex 5.6 37.5 3.5
    endloop
  endfacet
  facet normal -0.946936 0 0.321422
    outer loop
      vertex 5.44015 37.5 2.69637
      vertex 5.52844 44 2.95648
      vertex 5.44015 44 2.69637
    endloop
  endfacet
  facet normal -0.946936 0 0.321422
    outer loop
      vertex 5.52844 44 2.95648
      vertex 5.44015 37.5 2.69637
      vertex 5.52844 37.5 2.95648
    endloop
  endfacet
  facet normal -0.831473 0 0.555565
    outer loop
      vertex 5.16604 37.5 2.2216
      vertex 5.31865 44 2.45
      vertex 5.16604 44 2.2216
    endloop
  endfacet
  facet normal -0.831473 0 0.555565
    outer loop
      vertex 5.31865 44 2.45
      vertex 5.16604 37.5 2.2216
      vertex 5.31865 37.5 2.45
    endloop
  endfacet
  facet normal 0.555565 0 -0.831473
    outer loop
      vertex 2.2216 37.5 5.16604
      vertex 2.45 44 5.31865
      vertex 2.45 37.5 5.31865
    endloop
  endfacet
  facet normal 0.555565 0 -0.831473
    outer loop
      vertex 2.45 44 5.31865
      vertex 2.2216 37.5 5.16604
      vertex 2.2216 44 5.16604
    endloop
  endfacet
  facet normal -0.195087 0 0.980786
    outer loop
      vertex 3.7741 44 1.41797
      vertex 4.04352 37.5 1.47156
      vertex 4.04352 44 1.47156
    endloop
  endfacet
  facet normal -0.195087 0 0.980786
    outer loop
      vertex 4.04352 37.5 1.47156
      vertex 3.7741 44 1.41797
      vertex 3.7741 37.5 1.41797
    endloop
  endfacet
  facet normal -0.997858 0 -0.0654196
    outer loop
      vertex 5.6 37.5 3.5
      vertex 5.58203 44 3.7741
      vertex 5.6 44 3.5
    endloop
  endfacet
  facet normal -0.997858 -0 -0.0654196
    outer loop
      vertex 5.58203 44 3.7741
      vertex 5.6 37.5 3.5
      vertex 5.58203 37.5 3.7741
    endloop
  endfacet
  facet normal -0.896867 0 0.4423
    outer loop
      vertex 5.31865 37.5 2.45
      vertex 5.44015 44 2.69637
      vertex 5.31865 44 2.45
    endloop
  endfacet
  facet normal -0.896867 0 0.4423
    outer loop
      vertex 5.44015 44 2.69637
      vertex 5.31865 37.5 2.45
      vertex 5.44015 37.5 2.69637
    endloop
  endfacet
  facet normal 0.946936 0 -0.321422
    outer loop
      vertex 1.55985 37.5 4.30363
      vertex 1.47156 44 4.04352
      vertex 1.55985 44 4.30363
    endloop
  endfacet
  facet normal 0.946936 0 -0.321422
    outer loop
      vertex 1.47156 44 4.04352
      vertex 1.55985 37.5 4.30363
      vertex 1.47156 37.5 4.04352
    endloop
  endfacet
  facet normal 0.980786 -0 0.195087
    outer loop
      vertex 1.41797 37.5 3.2259
      vertex 1.47156 44 2.95648
      vertex 1.41797 44 3.2259
    endloop
  endfacet
  facet normal 0.980786 0 0.195087
    outer loop
      vertex 1.47156 44 2.95648
      vertex 1.41797 37.5 3.2259
      vertex 1.47156 37.5 2.95648
    endloop
  endfacet
  facet normal 0.65936 0 -0.751827
    outer loop
      vertex 2.01508 37.5 4.98492
      vertex 2.2216 44 5.16604
      vertex 2.2216 37.5 5.16604
    endloop
  endfacet
  facet normal 0.65936 0 -0.751827
    outer loop
      vertex 2.2216 44 5.16604
      vertex 2.01508 37.5 4.98492
      vertex 2.01508 44 4.98492
    endloop
  endfacet
  facet normal 0.195087 0 0.980786
    outer loop
      vertex 2.95648 44 1.47156
      vertex 3.2259 37.5 1.41797
      vertex 3.2259 44 1.41797
    endloop
  endfacet
  facet normal 0.195087 0 0.980786
    outer loop
      vertex 3.2259 37.5 1.41797
      vertex 2.95648 44 1.47156
      vertex 2.95648 37.5 1.47156
    endloop
  endfacet
  facet normal -0.195087 0 -0.980786
    outer loop
      vertex 3.7741 37.5 5.58203
      vertex 4.04352 44 5.52844
      vertex 4.04352 37.5 5.52844
    endloop
  endfacet
  facet normal -0.195087 0 -0.980786
    outer loop
      vertex 4.04352 44 5.52844
      vertex 3.7741 37.5 5.58203
      vertex 3.7741 44 5.58203
    endloop
  endfacet
  facet normal -0.4423 0 -0.896867
    outer loop
      vertex 4.30363 37.5 5.44015
      vertex 4.55 44 5.31865
      vertex 4.55 37.5 5.31865
    endloop
  endfacet
  facet normal -0.4423 0 -0.896867
    outer loop
      vertex 4.55 44 5.31865
      vertex 4.30363 37.5 5.44015
      vertex 4.30363 44 5.44015
    endloop
  endfacet
  facet normal 0.831473 -0 0.555565
    outer loop
      vertex 1.68135 37.5 2.45
      vertex 1.83396 44 2.2216
      vertex 1.68135 44 2.45
    endloop
  endfacet
  facet normal 0.831473 0 0.555565
    outer loop
      vertex 1.83396 44 2.2216
      vertex 1.68135 37.5 2.45
      vertex 1.83396 37.5 2.2216
    endloop
  endfacet
  facet normal -0.555565 0 0.831473
    outer loop
      vertex 4.55 44 1.68135
      vertex 4.7784 37.5 1.83396
      vertex 4.7784 44 1.83396
    endloop
  endfacet
  facet normal -0.555565 0 0.831473
    outer loop
      vertex 4.7784 37.5 1.83396
      vertex 4.55 44 1.68135
      vertex 4.55 37.5 1.68135
    endloop
  endfacet
  facet normal -0.831473 0 -0.555565
    outer loop
      vertex 5.31865 37.5 4.55
      vertex 5.16604 44 4.7784
      vertex 5.31865 44 4.55
    endloop
  endfacet
  facet normal -0.831473 -0 -0.555565
    outer loop
      vertex 5.16604 44 4.7784
      vertex 5.31865 37.5 4.55
      vertex 5.16604 37.5 4.7784
    endloop
  endfacet
  facet normal -0.4423 0 0.896867
    outer loop
      vertex 4.30363 44 1.55985
      vertex 4.55 37.5 1.68135
      vertex 4.55 44 1.68135
    endloop
  endfacet
  facet normal -0.4423 0 0.896867
    outer loop
      vertex 4.55 37.5 1.68135
      vertex 4.30363 44 1.55985
      vertex 4.30363 37.5 1.55985
    endloop
  endfacet
  facet normal -0.980786 0 -0.195087
    outer loop
      vertex 5.58203 37.5 3.7741
      vertex 5.52844 44 4.04352
      vertex 5.58203 44 3.7741
    endloop
  endfacet
  facet normal -0.980786 -0 -0.195087
    outer loop
      vertex 5.52844 44 4.04352
      vertex 5.58203 37.5 3.7741
      vertex 5.52844 37.5 4.04352
    endloop
  endfacet
  facet normal 0.321422 0 0.946936
    outer loop
      vertex 2.69637 44 1.55985
      vertex 2.95648 37.5 1.47156
      vertex 2.95648 44 1.47156
    endloop
  endfacet
  facet normal 0.321422 0 0.946936
    outer loop
      vertex 2.95648 37.5 1.47156
      vertex 2.69637 44 1.55985
      vertex 2.69637 37.5 1.55985
    endloop
  endfacet
  facet normal 0.4423 0 0.896867
    outer loop
      vertex 2.45 44 1.68135
      vertex 2.69637 37.5 1.55985
      vertex 2.69637 44 1.55985
    endloop
  endfacet
  facet normal 0.4423 0 0.896867
    outer loop
      vertex 2.69637 37.5 1.55985
      vertex 2.45 44 1.68135
      vertex 2.45 37.5 1.68135
    endloop
  endfacet
  facet normal 0.555565 0 0.831473
    outer loop
      vertex 2.2216 44 1.83396
      vertex 2.45 37.5 1.68135
      vertex 2.45 44 1.68135
    endloop
  endfacet
  facet normal 0.555565 0 0.831473
    outer loop
      vertex 2.45 37.5 1.68135
      vertex 2.2216 44 1.83396
      vertex 2.2216 37.5 1.83396
    endloop
  endfacet
  facet normal -0.65936 0 -0.751827
    outer loop
      vertex 4.7784 37.5 5.16604
      vertex 4.98492 44 4.98492
      vertex 4.98492 37.5 4.98492
    endloop
  endfacet
  facet normal -0.65936 0 -0.751827
    outer loop
      vertex 4.98492 44 4.98492
      vertex 4.7784 37.5 5.16604
      vertex 4.7784 44 5.16604
    endloop
  endfacet
  facet normal 0.751827 -0 0.65936
    outer loop
      vertex 1.83396 37.5 2.2216
      vertex 2.01508 44 2.01508
      vertex 1.83396 44 2.2216
    endloop
  endfacet
  facet normal 0.751827 0 0.65936
    outer loop
      vertex 2.01508 44 2.01508
      vertex 1.83396 37.5 2.2216
      vertex 2.01508 37.5 2.01508
    endloop
  endfacet
  facet normal -0.0654196 0 0.997858
    outer loop
      vertex 3.5 44 1.4
      vertex 3.7741 37.5 1.41797
      vertex 3.7741 44 1.41797
    endloop
  endfacet
  facet normal -0.0654196 0 0.997858
    outer loop
      vertex 3.7741 37.5 1.41797
      vertex 3.5 44 1.4
      vertex 3.5 37.5 1.4
    endloop
  endfacet
  facet normal -0.321422 0 -0.946936
    outer loop
      vertex 4.04352 37.5 5.52844
      vertex 4.30363 44 5.44015
      vertex 4.30363 37.5 5.44015
    endloop
  endfacet
  facet normal -0.321422 0 -0.946936
    outer loop
      vertex 4.30363 44 5.44015
      vertex 4.04352 37.5 5.52844
      vertex 4.04352 44 5.52844
    endloop
  endfacet
  facet normal 0.321422 0 -0.946936
    outer loop
      vertex 2.69637 37.5 5.44015
      vertex 2.95648 44 5.52844
      vertex 2.95648 37.5 5.52844
    endloop
  endfacet
  facet normal 0.321422 0 -0.946936
    outer loop
      vertex 2.95648 44 5.52844
      vertex 2.69637 37.5 5.44015
      vertex 2.69637 44 5.44015
    endloop
  endfacet
  facet normal 0.751827 0 -0.65936
    outer loop
      vertex 2.01508 37.5 4.98492
      vertex 1.83396 44 4.7784
      vertex 2.01508 44 4.98492
    endloop
  endfacet
  facet normal 0.751827 0 -0.65936
    outer loop
      vertex 1.83396 44 4.7784
      vertex 2.01508 37.5 4.98492
      vertex 1.83396 37.5 4.7784
    endloop
  endfacet
  facet normal 0.896867 -0 0.4423
    outer loop
      vertex 1.55985 37.5 2.69637
      vertex 1.68135 44 2.45
      vertex 1.55985 44 2.69637
    endloop
  endfacet
  facet normal 0.896867 0 0.4423
    outer loop
      vertex 1.68135 44 2.45
      vertex 1.55985 37.5 2.69637
      vertex 1.68135 37.5 2.45
    endloop
  endfacet
  facet normal -0.896867 0 -0.4423
    outer loop
      vertex 5.44015 37.5 4.30363
      vertex 5.31865 44 4.55
      vertex 5.44015 44 4.30363
    endloop
  endfacet
  facet normal -0.896867 -0 -0.4423
    outer loop
      vertex 5.31865 44 4.55
      vertex 5.44015 37.5 4.30363
      vertex 5.31865 37.5 4.55
    endloop
  endfacet
  facet normal 0.0654196 0 0.997858
    outer loop
      vertex 3.2259 44 1.41797
      vertex 3.5 37.5 1.4
      vertex 3.5 44 1.4
    endloop
  endfacet
  facet normal 0.0654196 0 0.997858
    outer loop
      vertex 3.5 37.5 1.4
      vertex 3.2259 44 1.41797
      vertex 3.2259 37.5 1.41797
    endloop
  endfacet
  facet normal 0.946936 -0 0.321422
    outer loop
      vertex 1.47156 37.5 2.95648
      vertex 1.55985 44 2.69637
      vertex 1.47156 44 2.95648
    endloop
  endfacet
  facet normal 0.946936 0 0.321422
    outer loop
      vertex 1.55985 44 2.69637
      vertex 1.47156 37.5 2.95648
      vertex 1.55985 37.5 2.69637
    endloop
  endfacet
  facet normal -0.321422 0 0.946936
    outer loop
      vertex 4.04352 44 1.47156
      vertex 4.30363 37.5 1.55985
      vertex 4.30363 44 1.55985
    endloop
  endfacet
  facet normal -0.321422 0 0.946936
    outer loop
      vertex 4.30363 37.5 1.55985
      vertex 4.04352 44 1.47156
      vertex 4.04352 37.5 1.47156
    endloop
  endfacet
  facet normal -0.946936 0 -0.321422
    outer loop
      vertex 5.52844 37.5 4.04352
      vertex 5.44015 44 4.30363
      vertex 5.52844 44 4.04352
    endloop
  endfacet
  facet normal -0.946936 -0 -0.321422
    outer loop
      vertex 5.44015 44 4.30363
      vertex 5.52844 37.5 4.04352
      vertex 5.44015 37.5 4.30363
    endloop
  endfacet
  facet normal 0.980786 0 -0.195087
    outer loop
      vertex 1.47156 37.5 4.04352
      vertex 1.41797 44 3.7741
      vertex 1.47156 44 4.04352
    endloop
  endfacet
  facet normal 0.980786 0 -0.195087
    outer loop
      vertex 1.41797 44 3.7741
      vertex 1.47156 37.5 4.04352
      vertex 1.41797 37.5 3.7741
    endloop
  endfacet
  facet normal -0.751827 0 0.65936
    outer loop
      vertex 4.98492 37.5 2.01508
      vertex 5.16604 44 2.2216
      vertex 4.98492 44 2.01508
    endloop
  endfacet
  facet normal -0.751827 0 0.65936
    outer loop
      vertex 5.16604 44 2.2216
      vertex 4.98492 37.5 2.01508
      vertex 5.16604 37.5 2.2216
    endloop
  endfacet
  facet normal 0.65936 0 0.751827
    outer loop
      vertex 2.01508 44 2.01508
      vertex 2.2216 37.5 1.83396
      vertex 2.2216 44 1.83396
    endloop
  endfacet
  facet normal 0.65936 0 0.751827
    outer loop
      vertex 2.2216 37.5 1.83396
      vertex 2.01508 44 2.01508
      vertex 2.01508 37.5 2.01508
    endloop
  endfacet
  facet normal 0.896867 0 -0.4423
    outer loop
      vertex 1.68135 37.5 4.55
      vertex 1.55985 44 4.30363
      vertex 1.68135 44 4.55
    endloop
  endfacet
  facet normal 0.896867 0 -0.4423
    outer loop
      vertex 1.55985 44 4.30363
      vertex 1.68135 37.5 4.55
      vertex 1.55985 37.5 4.30363
    endloop
  endfacet
  facet normal -0.0654196 0 -0.997858
    outer loop
      vertex 3.5 37.5 5.6
      vertex 3.7741 44 5.58203
      vertex 3.7741 37.5 5.58203
    endloop
  endfacet
  facet normal -0.0654196 0 -0.997858
    outer loop
      vertex 3.7741 44 5.58203
      vertex 3.5 37.5 5.6
      vertex 3.5 44 5.6
    endloop
  endfacet
  facet normal 0.0654196 0 -0.997858
    outer loop
      vertex 3.2259 37.5 5.58203
      vertex 3.5 44 5.6
      vertex 3.5 37.5 5.6
    endloop
  endfacet
  facet normal 0.0654196 0 -0.997858
    outer loop
      vertex 3.5 44 5.6
      vertex 3.2259 37.5 5.58203
      vertex 3.2259 44 5.58203
    endloop
  endfacet
  facet normal 0.997858 -0 0.0654196
    outer loop
      vertex 1.4 37.5 3.5
      vertex 1.41797 44 3.2259
      vertex 1.4 44 3.5
    endloop
  endfacet
  facet normal 0.997858 0 0.0654196
    outer loop
      vertex 1.41797 44 3.2259
      vertex 1.4 37.5 3.5
      vertex 1.41797 37.5 3.2259
    endloop
  endfacet
  facet normal -0.65936 0 0.751827
    outer loop
      vertex 4.7784 44 1.83396
      vertex 4.98492 37.5 2.01508
      vertex 4.98492 44 2.01508
    endloop
  endfacet
  facet normal -0.65936 0 0.751827
    outer loop
      vertex 4.98492 37.5 2.01508
      vertex 4.7784 44 1.83396
      vertex 4.7784 37.5 1.83396
    endloop
  endfacet
  facet normal 0.831473 0 -0.555565
    outer loop
      vertex 1.83396 37.5 4.7784
      vertex 1.68135 44 4.55
      vertex 1.83396 44 4.7784
    endloop
  endfacet
  facet normal 0.831473 0 -0.555565
    outer loop
      vertex 1.68135 44 4.55
      vertex 1.83396 37.5 4.7784
      vertex 1.68135 37.5 4.55
    endloop
  endfacet
  facet normal -0.555565 0 -0.831473
    outer loop
      vertex 4.55 37.5 5.31865
      vertex 4.7784 44 5.16604
      vertex 4.7784 37.5 5.16604
    endloop
  endfacet
  facet normal -0.555565 0 -0.831473
    outer loop
      vertex 4.7784 44 5.16604
      vertex 4.55 37.5 5.31865
      vertex 4.55 44 5.31865
    endloop
  endfacet
  facet normal 0.997858 0 -0.0654196
    outer loop
      vertex 1.41797 37.5 3.7741
      vertex 1.4 44 3.5
      vertex 1.41797 44 3.7741
    endloop
  endfacet
  facet normal 0.997858 0 -0.0654196
    outer loop
      vertex 1.4 44 3.5
      vertex 1.41797 37.5 3.7741
      vertex 1.4 37.5 3.5
    endloop
  endfacet
  facet normal 0.195087 0 -0.980786
    outer loop
      vertex 2.95648 37.5 5.52844
      vertex 3.2259 44 5.58203
      vertex 3.2259 37.5 5.58203
    endloop
  endfacet
  facet normal 0.195087 0 -0.980786
    outer loop
      vertex 3.2259 44 5.58203
      vertex 2.95648 37.5 5.52844
      vertex 2.95648 44 5.52844
    endloop
  endfacet
  facet normal 0 1 0
    outer loop
      vertex 3.7741 37.5 5.58203
      vertex 3.2259 37.5 5.58203
      vertex 3.5 37.5 5.6
    endloop
  endfacet
  facet normal 0 1 0
    outer loop
      vertex 4.04352 37.5 5.52844
      vertex 3.2259 37.5 5.58203
      vertex 3.7741 37.5 5.58203
    endloop
  endfacet
  facet normal 0 1 0
    outer loop
      vertex 4.04352 37.5 5.52844
      vertex 2.95648 37.5 5.52844
      vertex 3.2259 37.5 5.58203
    endloop
  endfacet
  facet normal 0 1 0
    outer loop
      vertex 4.30363 37.5 5.44015
      vertex 2.95648 37.5 5.52844
      vertex 4.04352 37.5 5.52844
    endloop
  endfacet
  facet normal 0 1 0
    outer loop
      vertex 4.30363 37.5 5.44015
      vertex 2.69637 37.5 5.44015
      vertex 2.95648 37.5 5.52844
    endloop
  endfacet
  facet normal 0 1 0
    outer loop
      vertex 4.55 37.5 5.31865
      vertex 2.69637 37.5 5.44015
      vertex 4.30363 37.5 5.44015
    endloop
  endfacet
  facet normal 0 1 0
    outer loop
      vertex 4.55 37.5 5.31865
      vertex 2.45 37.5 5.31865
      vertex 2.69637 37.5 5.44015
    endloop
  endfacet
  facet normal 0 1 0
    outer loop
      vertex 4.7784 37.5 5.16604
      vertex 2.45 37.5 5.31865
      vertex 4.55 37.5 5.31865
    endloop
  endfacet
  facet normal 0 1 0
    outer loop
      vertex 4.7784 37.5 5.16604
      vertex 2.2216 37.5 5.16604
      vertex 2.45 37.5 5.31865
    endloop
  endfacet
  facet normal 0 1 0
    outer loop
      vertex 4.98492 37.5 4.98492
      vertex 2.2216 37.5 5.16604
      vertex 4.7784 37.5 5.16604
    endloop
  endfacet
  facet normal 0 1 0
    outer loop
      vertex 4.98492 37.5 4.98492
      vertex 2.01508 37.5 4.98492
      vertex 2.2216 37.5 5.16604
    endloop
  endfacet
  facet normal 0 1 0
    outer loop
      vertex 5.16604 37.5 4.7784
      vertex 2.01508 37.5 4.98492
      vertex 4.98492 37.5 4.98492
    endloop
  endfacet
  facet normal 0 1 0
    outer loop
      vertex 5.16604 37.5 4.7784
      vertex 1.83396 37.5 4.7784
      vertex 2.01508 37.5 4.98492
    endloop
  endfacet
  facet normal 0 1 0
    outer loop
      vertex 5.31865 37.5 4.55
      vertex 1.83396 37.5 4.7784
      vertex 5.16604 37.5 4.7784
    endloop
  endfacet
  facet normal 0 1 0
    outer loop
      vertex 5.31865 37.5 4.55
      vertex 1.68135 37.5 4.55
      vertex 1.83396 37.5 4.7784
    endloop
  endfacet
  facet normal 0 1 0
    outer loop
      vertex 5.44015 37.5 4.30363
      vertex 1.68135 37.5 4.55
      vertex 5.31865 37.5 4.55
    endloop
  endfacet
  facet normal 0 1 0
    outer loop
      vertex 5.44015 37.5 4.30363
      vertex 1.55985 37.5 4.30363
      vertex 1.68135 37.5 4.55
    endloop
  endfacet
  facet normal 0 1 0
    outer loop
      vertex 5.52844 37.5 4.04352
      vertex 1.55985 37.5 4.30363
      vertex 5.44015 37.5 4.30363
    endloop
  endfacet
  facet normal 0 1 0
    outer loop
      vertex 5.52844 37.5 4.04352
      vertex 1.47156 37.5 4.04352
      vertex 1.55985 37.5 4.30363
    endloop
  endfacet
  facet normal 0 1 0
    outer loop
      vertex 5.58203 37.5 3.7741
      vertex 1.47156 37.5 4.04352
      vertex 5.52844 37.5 4.04352
    endloop
  endfacet
  facet normal 0 1 0
    outer loop
      vertex 5.58203 37.5 3.7741
      vertex 1.41797 37.5 3.7741
      vertex 1.47156 37.5 4.04352
    endloop
  endfacet
  facet normal 0 1 0
    outer loop
      vertex 5.6 37.5 3.5
      vertex 1.41797 37.5 3.7741
      vertex 5.58203 37.5 3.7741
    endloop
  endfacet
  facet normal 0 1 0
    outer loop
      vertex 5.6 37.5 3.5
      vertex 1.4 37.5 3.5
      vertex 1.41797 37.5 3.7741
    endloop
  endfacet
  facet normal 0 1 -0
    outer loop
      vertex 5.58203 37.5 3.2259
      vertex 1.4 37.5 3.5
      vertex 5.6 37.5 3.5
    endloop
  endfacet
  facet normal 0 1 0
    outer loop
      vertex 5.58203 37.5 3.2259
      vertex 1.41797 37.5 3.2259
      vertex 1.4 37.5 3.5
    endloop
  endfacet
  facet normal 0 1 -0
    outer loop
      vertex 5.52844 37.5 2.95648
      vertex 1.41797 37.5 3.2259
      vertex 5.58203 37.5 3.2259
    endloop
  endfacet
  facet normal 0 1 0
    outer loop
      vertex 5.52844 37.5 2.95648
      vertex 1.47156 37.5 2.95648
      vertex 1.41797 37.5 3.2259
    endloop
  endfacet
  facet normal 0 1 -0
    outer loop
      vertex 5.44015 37.5 2.69637
      vertex 1.47156 37.5 2.95648
      vertex 5.52844 37.5 2.95648
    endloop
  endfacet
  facet normal 0 1 0
    outer loop
      vertex 5.44015 37.5 2.69637
      vertex 1.55985 37.5 2.69637
      vertex 1.47156 37.5 2.95648
    endloop
  endfacet
  facet normal 0 1 -0
    outer loop
      vertex 5.31865 37.5 2.45
      vertex 1.55985 37.5 2.69637
      vertex 5.44015 37.5 2.69637
    endloop
  endfacet
  facet normal 0 1 0
    outer loop
      vertex 5.31865 37.5 2.45
      vertex 1.68135 37.5 2.45
      vertex 1.55985 37.5 2.69637
    endloop
  endfacet
  facet normal 0 1 -0
    outer loop
      vertex 5.16604 37.5 2.2216
      vertex 1.68135 37.5 2.45
      vertex 5.31865 37.5 2.45
    endloop
  endfacet
  facet normal 0 1 0
    outer loop
      vertex 5.16604 37.5 2.2216
      vertex 1.83396 37.5 2.2216
      vertex 1.68135 37.5 2.45
    endloop
  endfacet
  facet normal 0 1 -0
    outer loop
      vertex 4.98492 37.5 2.01508
      vertex 1.83396 37.5 2.2216
      vertex 5.16604 37.5 2.2216
    endloop
  endfacet
  facet normal 0 1 0
    outer loop
      vertex 4.98492 37.5 2.01508
      vertex 2.01508 37.5 2.01508
      vertex 1.83396 37.5 2.2216
    endloop
  endfacet
  facet normal 0 1 -0
    outer loop
      vertex 4.7784 37.5 1.83396
      vertex 2.01508 37.5 2.01508
      vertex 4.98492 37.5 2.01508
    endloop
  endfacet
  facet normal 0 1 0
    outer loop
      vertex 4.7784 37.5 1.83396
      vertex 2.2216 37.5 1.83396
      vertex 2.01508 37.5 2.01508
    endloop
  endfacet
  facet normal 0 1 -0
    outer loop
      vertex 4.55 37.5 1.68135
      vertex 2.2216 37.5 1.83396
      vertex 4.7784 37.5 1.83396
    endloop
  endfacet
  facet normal 0 1 0
    outer loop
      vertex 4.55 37.5 1.68135
      vertex 2.45 37.5 1.68135
      vertex 2.2216 37.5 1.83396
    endloop
  endfacet
  facet normal 0 1 -0
    outer loop
      vertex 4.30363 37.5 1.55985
      vertex 2.45 37.5 1.68135
      vertex 4.55 37.5 1.68135
    endloop
  endfacet
  facet normal 0 1 0
    outer loop
      vertex 4.30363 37.5 1.55985
      vertex 2.69637 37.5 1.55985
      vertex 2.45 37.5 1.68135
    endloop
  endfacet
  facet normal 0 1 -0
    outer loop
      vertex 4.04352 37.5 1.47156
      vertex 2.69637 37.5 1.55985
      vertex 4.30363 37.5 1.55985
    endloop
  endfacet
  facet normal 0 1 0
    outer loop
      vertex 4.04352 37.5 1.47156
      vertex 2.95648 37.5 1.47156
      vertex 2.69637 37.5 1.55985
    endloop
  endfacet
  facet normal 0 1 -0
    outer loop
      vertex 3.7741 37.5 1.41797
      vertex 2.95648 37.5 1.47156
      vertex 4.04352 37.5 1.47156
    endloop
  endfacet
  facet normal 0 1 0
    outer loop
      vertex 3.7741 37.5 1.41797
      vertex 3.2259 37.5 1.41797
      vertex 2.95648 37.5 1.47156
    endloop
  endfacet
  facet normal -0 1 0
    outer loop
      vertex 3.2259 37.5 1.41797
      vertex 3.7741 37.5 1.41797
      vertex 3.5 37.5 1.4
    endloop
  endfacet
  facet normal 0.4423 0 -0.896867
    outer loop
      vertex 2.45 37.5 5.31865
      vertex 2.69637 44 5.44015
      vertex 2.69637 37.5 5.44015
    endloop
  endfacet
  facet normal 0.4423 0 -0.896867
    outer loop
      vertex 2.69637 44 5.44015
      vertex 2.45 37.5 5.31865
      vertex 2.45 44 5.31865
    endloop
  endfacet
  facet normal 0.706348 -0.706348 -0.0463034
    outer loop
      vertex 6 36.5 80.5
      vertex 5.97861 36.5 80.1737
      vertex 8 38.5 80.5
    endloop
  endfacet
  facet normal -0.0462985 -0.706351 -0.706346
    outer loop
      vertex 3.17369 36.5 78.0214
      vertex 2.91263 38.5 76.0385
      vertex 3.5 38.5 76
    endloop
  endfacet
  facet normal -0.0463809 -0.706346 0.706346
    outer loop
      vertex 3.33857 37.5106 84
      vertex 3.5 36.5 83
      vertex 3.5 37.5 84
    endloop
  endfacet
  facet normal -0.0463239 -0.706343 0.706352
    outer loop
      vertex 3.5 36.5 83
      vertex 3.33857 37.5106 84
      vertex 3.17369 36.5 82.9786
    endloop
  endfacet
  facet normal 0.227501 -0.706362 0.670295
    outer loop
      vertex 4.45671 36.5 82.8097
      vertex 4.81649 37.7454 84
      vertex 4.14705 36.5 82.9148
    endloop
  endfacet
  facet normal 0.227925 -0.706354 0.67016
    outer loop
      vertex 4.81649 37.7454 84
      vertex 4.45671 36.5 82.8097
      vertex 4.94975 37.7884 84
    endloop
  endfacet
  facet normal 0.313135 -0.706342 -0.634844
    outer loop
      vertex 5.75 38.5 76.6029
      vertex 4.75 36.5 78.3349
      vertex 5.22207 38.5 76.3425
    endloop
  endfacet
  facet normal -0.706355 -0.706341 -0.0463038
    outer loop
      vertex 1 36.5 80.5
      vertex 0 37.5106 80.3386
      vertex 1.02139 36.5 80.1737
    endloop
  endfacet
  facet normal -0.706346 -0.706346 -0.0463895
    outer loop
      vertex 0 37.5106 80.3386
      vertex 1 36.5 80.5
      vertex 0 37.5 80.5
    endloop
  endfacet
  facet normal -0.313135 -0.706342 -0.634844
    outer loop
      vertex 2.25 36.5 78.3349
      vertex 1.25 38.5 76.6029
      vertex 1.77793 38.5 76.3425
    endloop
  endfacet
  facet normal -0.634804 -0.706341 -0.313221
    outer loop
      vertex 1.33494 36.5 79.25
      vertex 0 37.84 78.9337
      vertex 0 38.0415 78.4793
    endloop
  endfacet
  facet normal 0.532242 -0.706348 -0.46668
    outer loop
      vertex 5.48338 36.5 78.9781
      vertex 5.26777 36.5 78.7322
      vertex 7.07009 38.5 77.7606
    endloop
  endfacet
  facet normal 0.393306 -0.70634 -0.588553
    outer loop
      vertex 5.0219 36.5 78.5166
      vertex 4.75 36.5 78.3349
      vertex 5.75 38.5 76.6029
    endloop
  endfacet
  facet normal 0.634855 -0.706349 0.313098
    outer loop
      vertex 7.39711 38.5 82.75
      vertex 5.66506 36.5 81.75
      vertex 7.65746 38.5 82.2221
    endloop
  endfacet
  facet normal -0.53225 -0.706337 -0.466687
    outer loop
      vertex 0 38.4117 77.8144
      vertex 1.73223 36.5 78.7322
      vertex 1.51662 36.5 78.9781
    endloop
  endfacet
  facet normal -0.534229 -0.706745 -0.463801
    outer loop
      vertex 1.73223 36.5 78.7322
      vertex 0 38.4117 77.8144
      vertex 0 38.4222 77.7984
    endloop
  endfacet
  facet normal -0.227504 -0.706354 -0.670303
    outer loop
      vertex 2.54329 36.5 78.1903
      vertex 1.77793 38.5 76.3425
      vertex 2.85295 36.5 78.0852
    endloop
  endfacet
  facet normal 0.313022 -0.706343 0.634899
    outer loop
      vertex 4.75 36.5 82.6651
      vertex 4.94975 37.7884 84
      vertex 4.45671 36.5 82.8097
    endloop
  endfacet
  facet normal 0.312739 -0.70639 0.634986
    outer loop
      vertex 4.94975 37.7884 84
      vertex 4.75 36.5 82.6651
      vertex 5.0663 37.84 84
    endloop
  endfacet
  facet normal 0.694262 -0.70635 0.138095
    outer loop
      vertex 7.84667 38.5 81.6647
      vertex 5.97861 36.5 80.8263
      vertex 7.9615 38.5 81.0874
    endloop
  endfacet
  facet normal -0.138031 -0.706355 0.694269
    outer loop
      vertex 3.03922 37.5302 84
      vertex 2.71529 37.5935 84
      vertex 3.17369 36.5 82.9786
    endloop
  endfacet
  facet normal -0.694268 -0.706354 -0.138043
    outer loop
      vertex 1.02139 36.5 80.1737
      vertex 0 37.5302 80.0392
      vertex 0 37.5935 79.7153
    endloop
  endfacet
  facet normal 0.532242 -0.706348 0.46668
    outer loop
      vertex 7.07009 38.5 83.2394
      vertex 5.26777 36.5 82.2678
      vertex 5.48338 36.5 82.0219
    endloop
  endfacet
  facet normal 0.694262 -0.70635 -0.138095
    outer loop
      vertex 7.9615 38.5 79.9126
      vertex 5.97861 36.5 80.1737
      vertex 7.84667 38.5 79.3353
    endloop
  endfacet
  facet normal 0.694255 -0.706353 0.138115
    outer loop
      vertex 7.84667 38.5 81.6647
      vertex 5.91481 36.5 81.147
      vertex 5.97861 36.5 80.8263
    endloop
  endfacet
  facet normal -0.706352 -0.706349 -0.0462406
    outer loop
      vertex 1.02139 36.5 80.1737
      vertex 0 37.5106 80.3386
      vertex 0 37.5302 80.0392
    endloop
  endfacet
  facet normal 0.670294 -0.706354 0.227532
    outer loop
      vertex 7.65746 38.5 82.2221
      vertex 5.91481 36.5 81.147
      vertex 7.84667 38.5 81.6647
    endloop
  endfacet
  facet normal 0.227504 -0.706354 -0.670303
    outer loop
      vertex 4.45671 36.5 78.1903
      vertex 4.14705 36.5 78.0852
      vertex 5.22207 38.5 76.3425
    endloop
  endfacet
  facet normal 0.466785 -0.706238 0.532297
    outer loop
      vertex 6.20164 38.4222 84
      vertex 6.68198 38.5 83.682
      vertex 6.31935 38.5 84
    endloop
  endfacet
  facet normal 0.466736 -0.706347 0.532195
    outer loop
      vertex 6.68198 38.5 83.682
      vertex 6.20164 38.4222 84
      vertex 5.26777 36.5 82.2678
    endloop
  endfacet
  facet normal 0.532227 -0.706345 -0.466702
    outer loop
      vertex 7.07009 38.5 77.7606
      vertex 5.26777 36.5 78.7322
      vertex 6.68198 38.5 77.318
    endloop
  endfacet
  facet normal -0.635021 -0.706414 0.312615
    outer loop
      vertex 0 37.7884 81.9497
      vertex 1.33494 36.5 81.75
      vertex 0 37.84 82.0663
    endloop
  endfacet
  facet normal -0.634875 -0.706336 0.313087
    outer loop
      vertex 1.33494 36.5 81.75
      vertex 0 37.7884 81.9497
      vertex 1.1903 36.5 81.4567
    endloop
  endfacet
  facet normal 0.466725 -0.706346 -0.532206
    outer loop
      vertex 6.68198 38.5 77.318
      vertex 5.26777 36.5 78.7322
      vertex 6.23943 38.5 76.9299
    endloop
  endfacet
  facet normal -0.313198 -0.706334 0.634822
    outer loop
      vertex 1.9337 37.84 84
      vertex 1.47927 38.0415 84
      vertex 2.25 36.5 82.6651
    endloop
  endfacet
  facet normal -0.670125 -0.706354 0.228027
    outer loop
      vertex 0 37.7454 81.8165
      vertex 1.1903 36.5 81.4567
      vertex 0 37.7884 81.9497
    endloop
  endfacet
  facet normal -0.670296 -0.706364 0.227494
    outer loop
      vertex 1.1903 36.5 81.4567
      vertex 0 37.7454 81.8165
      vertex 1.08519 36.5 81.147
    endloop
  endfacet
  facet normal 0.313016 -0.706357 -0.634886
    outer loop
      vertex 4.75 36.5 78.3349
      vertex 4.45671 36.5 78.1903
      vertex 5.22207 38.5 76.3425
    endloop
  endfacet
  facet normal 0.532227 -0.706345 0.466702
    outer loop
      vertex 6.68198 38.5 83.682
      vertex 5.26777 36.5 82.2678
      vertex 7.07009 38.5 83.2394
    endloop
  endfacet
  facet normal 0.588561 -0.706347 0.39328
    outer loop
      vertex 7.07009 38.5 83.2394
      vertex 5.48338 36.5 82.0219
      vertex 7.39711 38.5 82.75
    endloop
  endfacet
  facet normal 0.706348 -0.706348 0.0463034
    outer loop
      vertex 8 38.5 80.5
      vertex 5.97861 36.5 80.8263
      vertex 6 36.5 80.5
    endloop
  endfacet
  facet normal -0.634875 -0.706336 -0.313087
    outer loop
      vertex 0 37.7884 79.0503
      vertex 1.33494 36.5 79.25
      vertex 1.1903 36.5 79.5433
    endloop
  endfacet
  facet normal -0.635021 -0.706414 -0.312615
    outer loop
      vertex 1.33494 36.5 79.25
      vertex 0 37.7884 79.0503
      vertex 0 37.84 78.9337
    endloop
  endfacet
  facet normal 0.67031 -0.706349 0.227498
    outer loop
      vertex 7.65746 38.5 82.2221
      vertex 5.8097 36.5 81.4567
      vertex 5.91481 36.5 81.147
    endloop
  endfacet
  facet normal -0.694198 -0.706351 0.13841
    outer loop
      vertex 0 37.5935 81.2847
      vertex 1.08519 36.5 81.147
      vertex 0 37.6235 81.4378
    endloop
  endfacet
  facet normal -0.694246 -0.706362 0.138113
    outer loop
      vertex 1.08519 36.5 81.147
      vertex 0 37.5935 81.2847
      vertex 1.02139 36.5 80.8263
    endloop
  endfacet
  facet normal 0.706348 -0.706349 -0.0462962
    outer loop
      vertex 8 38.5 80.5
      vertex 5.97861 36.5 80.1737
      vertex 7.9615 38.5 79.9126
    endloop
  endfacet
  facet normal 0.706348 -0.706349 0.0462962
    outer loop
      vertex 7.9615 38.5 81.0874
      vertex 5.97861 36.5 80.8263
      vertex 8 38.5 80.5
    endloop
  endfacet
  facet normal 0.634861 -0.706351 0.31308
    outer loop
      vertex 7.65746 38.5 82.2221
      vertex 5.66506 36.5 81.75
      vertex 5.8097 36.5 81.4567
    endloop
  endfacet
  facet normal 0.313198 -0.706334 0.634822
    outer loop
      vertex 5.0663 37.84 84
      vertex 4.75 36.5 82.6651
      vertex 5.52073 38.0415 84
    endloop
  endfacet
  facet normal 0.227527 -0.706357 -0.670292
    outer loop
      vertex 5.22207 38.5 76.3425
      vertex 4.14705 36.5 78.0852
      vertex 4.66469 38.5 76.1533
    endloop
  endfacet
  facet normal 0.3933 -0.706338 0.588559
    outer loop
      vertex 5.59891 38.085 84
      vertex 5.0219 36.5 82.4834
      vertex 6.18564 38.4117 84
    endloop
  endfacet
  facet normal -0.138098 -0.706357 -0.694254
    outer loop
      vertex 2.85295 36.5 78.0852
      vertex 2.33531 38.5 76.1533
      vertex 3.17369 36.5 78.0214
    endloop
  endfacet
  facet normal -0.706352 -0.706349 0.0462406
    outer loop
      vertex 0 37.5302 80.9608
      vertex 0 37.5106 80.6614
      vertex 1.02139 36.5 80.8263
    endloop
  endfacet
  facet normal 0.393247 -0.706347 -0.588583
    outer loop
      vertex 6.23943 38.5 76.9299
      vertex 5.0219 36.5 78.5166
      vertex 5.75 38.5 76.6029
    endloop
  endfacet
  facet normal -0.532369 -0.706182 0.466788
    outer loop
      vertex 0 38.4222 83.2016
      vertex 0.31802 38.5 83.682
      vertex 0 38.5 83.3193
    endloop
  endfacet
  facet normal -0.532216 -0.706346 0.466713
    outer loop
      vertex 0.31802 38.5 83.682
      vertex 0 38.4222 83.2016
      vertex 1.73223 36.5 82.2678
    endloop
  endfacet
  facet normal 0.138055 -0.706352 -0.694268
    outer loop
      vertex 4.66469 38.5 76.1533
      vertex 3.82631 36.5 78.0214
      vertex 4.08737 38.5 76.0385
    endloop
  endfacet
  facet normal 0.0462985 -0.706351 -0.706346
    outer loop
      vertex 3.82631 36.5 78.0214
      vertex 3.5 38.5 76
      vertex 4.08737 38.5 76.0385
    endloop
  endfacet
  facet normal -0.532369 -0.706182 -0.466788
    outer loop
      vertex 0.31802 38.5 77.318
      vertex 0 38.4222 77.7984
      vertex 0 38.5 77.6807
    endloop
  endfacet
  facet normal -0.532216 -0.706346 -0.466713
    outer loop
      vertex 0 38.4222 77.7984
      vertex 0.31802 38.5 77.318
      vertex 1.73223 36.5 78.7322
    endloop
  endfacet
  facet normal 0 -1 0
    outer loop
      vertex 3.17369 36.5 82.9786
      vertex 3.82631 36.5 82.9786
      vertex 3.5 36.5 83
    endloop
  endfacet
  facet normal 0 -1 0
    outer loop
      vertex 2.85295 36.5 82.9148
      vertex 3.82631 36.5 82.9786
      vertex 3.17369 36.5 82.9786
    endloop
  endfacet
  facet normal 0 -1 0
    outer loop
      vertex 2.85295 36.5 82.9148
      vertex 4.14705 36.5 82.9148
      vertex 3.82631 36.5 82.9786
    endloop
  endfacet
  facet normal 0 -1 0
    outer loop
      vertex 2.54329 36.5 82.8097
      vertex 4.14705 36.5 82.9148
      vertex 2.85295 36.5 82.9148
    endloop
  endfacet
  facet normal 0 -1 0
    outer loop
      vertex 2.54329 36.5 82.8097
      vertex 4.45671 36.5 82.8097
      vertex 4.14705 36.5 82.9148
    endloop
  endfacet
  facet normal 0 -1 0
    outer loop
      vertex 2.25 36.5 82.6651
      vertex 4.45671 36.5 82.8097
      vertex 2.54329 36.5 82.8097
    endloop
  endfacet
  facet normal 0 -1 0
    outer loop
      vertex 2.25 36.5 82.6651
      vertex 4.75 36.5 82.6651
      vertex 4.45671 36.5 82.8097
    endloop
  endfacet
  facet normal 0 -1 0
    outer loop
      vertex 1.9781 36.5 82.4834
      vertex 4.75 36.5 82.6651
      vertex 2.25 36.5 82.6651
    endloop
  endfacet
  facet normal 0 -1 0
    outer loop
      vertex 1.9781 36.5 82.4834
      vertex 5.0219 36.5 82.4834
      vertex 4.75 36.5 82.6651
    endloop
  endfacet
  facet normal 0 -1 0
    outer loop
      vertex 1.73223 36.5 82.2678
      vertex 5.0219 36.5 82.4834
      vertex 1.9781 36.5 82.4834
    endloop
  endfacet
  facet normal 0 -1 0
    outer loop
      vertex 1.73223 36.5 82.2678
      vertex 5.26777 36.5 82.2678
      vertex 5.0219 36.5 82.4834
    endloop
  endfacet
  facet normal 0 -1 0
    outer loop
      vertex 1.51662 36.5 82.0219
      vertex 5.26777 36.5 82.2678
      vertex 1.73223 36.5 82.2678
    endloop
  endfacet
  facet normal 0 -1 0
    outer loop
      vertex 1.51662 36.5 82.0219
      vertex 5.48338 36.5 82.0219
      vertex 5.26777 36.5 82.2678
    endloop
  endfacet
  facet normal 0 -1 0
    outer loop
      vertex 1.33494 36.5 81.75
      vertex 5.48338 36.5 82.0219
      vertex 1.51662 36.5 82.0219
    endloop
  endfacet
  facet normal 0 -1 0
    outer loop
      vertex 1.33494 36.5 81.75
      vertex 5.66506 36.5 81.75
      vertex 5.48338 36.5 82.0219
    endloop
  endfacet
  facet normal 0 -1 0
    outer loop
      vertex 1.1903 36.5 81.4567
      vertex 5.66506 36.5 81.75
      vertex 1.33494 36.5 81.75
    endloop
  endfacet
  facet normal 0 -1 0
    outer loop
      vertex 1.1903 36.5 81.4567
      vertex 5.8097 36.5 81.4567
      vertex 5.66506 36.5 81.75
    endloop
  endfacet
  facet normal 0 -1 0
    outer loop
      vertex 1.08519 36.5 81.147
      vertex 5.8097 36.5 81.4567
      vertex 1.1903 36.5 81.4567
    endloop
  endfacet
  facet normal 0 -1 0
    outer loop
      vertex 1.08519 36.5 81.147
      vertex 5.91481 36.5 81.147
      vertex 5.8097 36.5 81.4567
    endloop
  endfacet
  facet normal 0 -1 0
    outer loop
      vertex 1.02139 36.5 80.8263
      vertex 5.91481 36.5 81.147
      vertex 1.08519 36.5 81.147
    endloop
  endfacet
  facet normal 0 -1 0
    outer loop
      vertex 1.02139 36.5 80.8263
      vertex 5.97861 36.5 80.8263
      vertex 5.91481 36.5 81.147
    endloop
  endfacet
  facet normal 0 -1 0
    outer loop
      vertex 1 36.5 80.5
      vertex 5.97861 36.5 80.8263
      vertex 1.02139 36.5 80.8263
    endloop
  endfacet
  facet normal 0 -1 0
    outer loop
      vertex 1 36.5 80.5
      vertex 6 36.5 80.5
      vertex 5.97861 36.5 80.8263
    endloop
  endfacet
  facet normal 0 -1 0
    outer loop
      vertex 1.02139 36.5 80.1737
      vertex 6 36.5 80.5
      vertex 1 36.5 80.5
    endloop
  endfacet
  facet normal 0 -1 0
    outer loop
      vertex 1.02139 36.5 80.1737
      vertex 5.97861 36.5 80.1737
      vertex 6 36.5 80.5
    endloop
  endfacet
  facet normal 0 -1 0
    outer loop
      vertex 1.08519 36.5 79.853
      vertex 5.97861 36.5 80.1737
      vertex 1.02139 36.5 80.1737
    endloop
  endfacet
  facet normal 0 -1 0
    outer loop
      vertex 1.08519 36.5 79.853
      vertex 5.91481 36.5 79.853
      vertex 5.97861 36.5 80.1737
    endloop
  endfacet
  facet normal 0 -1 0
    outer loop
      vertex 1.1903 36.5 79.5433
      vertex 5.91481 36.5 79.853
      vertex 1.08519 36.5 79.853
    endloop
  endfacet
  facet normal 0 -1 0
    outer loop
      vertex 1.1903 36.5 79.5433
      vertex 5.8097 36.5 79.5433
      vertex 5.91481 36.5 79.853
    endloop
  endfacet
  facet normal 0 -1 0
    outer loop
      vertex 1.33494 36.5 79.25
      vertex 5.8097 36.5 79.5433
      vertex 1.1903 36.5 79.5433
    endloop
  endfacet
  facet normal 0 -1 0
    outer loop
      vertex 1.33494 36.5 79.25
      vertex 5.66506 36.5 79.25
      vertex 5.8097 36.5 79.5433
    endloop
  endfacet
  facet normal 0 -1 0
    outer loop
      vertex 1.51662 36.5 78.9781
      vertex 5.66506 36.5 79.25
      vertex 1.33494 36.5 79.25
    endloop
  endfacet
  facet normal 0 -1 0
    outer loop
      vertex 1.51662 36.5 78.9781
      vertex 5.48338 36.5 78.9781
      vertex 5.66506 36.5 79.25
    endloop
  endfacet
  facet normal 0 -1 0
    outer loop
      vertex 1.73223 36.5 78.7322
      vertex 5.48338 36.5 78.9781
      vertex 1.51662 36.5 78.9781
    endloop
  endfacet
  facet normal 0 -1 0
    outer loop
      vertex 1.73223 36.5 78.7322
      vertex 5.26777 36.5 78.7322
      vertex 5.48338 36.5 78.9781
    endloop
  endfacet
  facet normal 0 -1 0
    outer loop
      vertex 1.9781 36.5 78.5166
      vertex 5.26777 36.5 78.7322
      vertex 1.73223 36.5 78.7322
    endloop
  endfacet
  facet normal 0 -1 0
    outer loop
      vertex 1.9781 36.5 78.5166
      vertex 5.0219 36.5 78.5166
      vertex 5.26777 36.5 78.7322
    endloop
  endfacet
  facet normal 0 -1 0
    outer loop
      vertex 2.25 36.5 78.3349
      vertex 5.0219 36.5 78.5166
      vertex 1.9781 36.5 78.5166
    endloop
  endfacet
  facet normal 0 -1 0
    outer loop
      vertex 2.25 36.5 78.3349
      vertex 4.75 36.5 78.3349
      vertex 5.0219 36.5 78.5166
    endloop
  endfacet
  facet normal 0 -1 0
    outer loop
      vertex 2.54329 36.5 78.1903
      vertex 4.75 36.5 78.3349
      vertex 2.25 36.5 78.3349
    endloop
  endfacet
  facet normal 0 -1 0
    outer loop
      vertex 2.54329 36.5 78.1903
      vertex 4.45671 36.5 78.1903
      vertex 4.75 36.5 78.3349
    endloop
  endfacet
  facet normal 0 -1 0
    outer loop
      vertex 2.85295 36.5 78.0852
      vertex 4.45671 36.5 78.1903
      vertex 2.54329 36.5 78.1903
    endloop
  endfacet
  facet normal 0 -1 0
    outer loop
      vertex 2.85295 36.5 78.0852
      vertex 4.14705 36.5 78.0852
      vertex 4.45671 36.5 78.1903
    endloop
  endfacet
  facet normal 0 -1 0
    outer loop
      vertex 3.17369 36.5 78.0214
      vertex 4.14705 36.5 78.0852
      vertex 2.85295 36.5 78.0852
    endloop
  endfacet
  facet normal 0 -1 0
    outer loop
      vertex 3.17369 36.5 78.0214
      vertex 3.82631 36.5 78.0214
      vertex 4.14705 36.5 78.0852
    endloop
  endfacet
  facet normal -0 -1 0
    outer loop
      vertex 3.82631 36.5 78.0214
      vertex 3.17369 36.5 78.0214
      vertex 3.5 36.5 78
    endloop
  endfacet
  facet normal -0.694268 -0.706354 0.138043
    outer loop
      vertex 0 37.5935 81.2847
      vertex 0 37.5302 80.9608
      vertex 1.02139 36.5 80.8263
    endloop
  endfacet
  facet normal 0.67031 -0.706349 -0.227498
    outer loop
      vertex 5.91481 36.5 79.853
      vertex 5.8097 36.5 79.5433
      vertex 7.65746 38.5 78.7779
    endloop
  endfacet
  facet normal 0.588566 -0.706348 -0.393272
    outer loop
      vertex 5.66506 36.5 79.25
      vertex 5.48338 36.5 78.9781
      vertex 7.39711 38.5 78.25
    endloop
  endfacet
  facet normal -0.466723 -0.706346 -0.532208
    outer loop
      vertex 1.73223 36.5 78.7322
      vertex 0.31802 38.5 77.318
      vertex 0.760574 38.5 76.9299
    endloop
  endfacet
  facet normal 0.466707 -0.706339 0.532232
    outer loop
      vertex 5.26777 36.5 82.2678
      vertex 6.18564 38.4117 84
      vertex 5.0219 36.5 82.4834
    endloop
  endfacet
  facet normal 0.463804 -0.706748 0.534222
    outer loop
      vertex 6.18564 38.4117 84
      vertex 5.26777 36.5 82.2678
      vertex 6.20164 38.4222 84
    endloop
  endfacet
  facet normal -0.313016 -0.706357 -0.634886
    outer loop
      vertex 2.25 36.5 78.3349
      vertex 1.77793 38.5 76.3425
      vertex 2.54329 36.5 78.1903
    endloop
  endfacet
  facet normal 0.588561 -0.706347 -0.39328
    outer loop
      vertex 7.39711 38.5 78.25
      vertex 5.48338 36.5 78.9781
      vertex 7.07009 38.5 77.7606
    endloop
  endfacet
  facet normal 0.227385 -0.706347 0.670351
    outer loop
      vertex 4.43782 37.6235 84
      vertex 4.14705 36.5 82.9148
      vertex 4.81649 37.7454 84
    endloop
  endfacet
  facet normal 0.634855 -0.706349 -0.313098
    outer loop
      vertex 7.65746 38.5 78.7779
      vertex 5.66506 36.5 79.25
      vertex 7.39711 38.5 78.25
    endloop
  endfacet
  facet normal -0.393297 -0.706339 0.58856
    outer loop
      vertex 1.40109 38.085 84
      vertex 0.814356 38.4117 84
      vertex 1.9781 36.5 82.4834
    endloop
  endfacet
  facet normal -0.706346 -0.706346 0.0463895
    outer loop
      vertex 1 36.5 80.5
      vertex 0 37.5106 80.6614
      vertex 0 37.5 80.5
    endloop
  endfacet
  facet normal -0.706355 -0.706341 0.0463038
    outer loop
      vertex 0 37.5106 80.6614
      vertex 1 36.5 80.5
      vertex 1.02139 36.5 80.8263
    endloop
  endfacet
  facet normal 0.393312 -0.70633 0.588561
    outer loop
      vertex 5.0219 36.5 82.4834
      vertex 5.52073 38.0415 84
      vertex 4.75 36.5 82.6651
    endloop
  endfacet
  facet normal 0.393032 -0.706373 0.588697
    outer loop
      vertex 5.52073 38.0415 84
      vertex 5.0219 36.5 82.4834
      vertex 5.59891 38.085 84
    endloop
  endfacet
  facet normal -0.634804 -0.706341 0.313221
    outer loop
      vertex 0 38.0415 82.5207
      vertex 0 37.84 82.0663
      vertex 1.33494 36.5 81.75
    endloop
  endfacet
  facet normal -0.227385 -0.706347 0.670351
    outer loop
      vertex 2.56218 37.6235 84
      vertex 2.18351 37.7454 84
      vertex 2.85295 36.5 82.9148
    endloop
  endfacet
  facet normal -0.670356 -0.706348 -0.227367
    outer loop
      vertex 1.08519 36.5 79.853
      vertex 0 37.6235 79.5622
      vertex 0 37.7454 79.1835
    endloop
  endfacet
  facet normal 0.466699 -0.70635 -0.532223
    outer loop
      vertex 5.26777 36.5 78.7322
      vertex 5.0219 36.5 78.5166
      vertex 6.23943 38.5 76.9299
    endloop
  endfacet
  facet normal 0.588566 -0.706348 0.393272
    outer loop
      vertex 7.39711 38.5 82.75
      vertex 5.48338 36.5 82.0219
      vertex 5.66506 36.5 81.75
    endloop
  endfacet
  facet normal 0.634861 -0.706351 -0.31308
    outer loop
      vertex 5.8097 36.5 79.5433
      vertex 5.66506 36.5 79.25
      vertex 7.65746 38.5 78.7779
    endloop
  endfacet
  facet normal 0.670294 -0.706354 -0.227532
    outer loop
      vertex 7.84667 38.5 79.3353
      vertex 5.91481 36.5 79.853
      vertex 7.65746 38.5 78.7779
    endloop
  endfacet
  facet normal 0.694255 -0.706353 -0.138115
    outer loop
      vertex 5.97861 36.5 80.1737
      vertex 5.91481 36.5 79.853
      vertex 7.84667 38.5 79.3353
    endloop
  endfacet
  facet normal 0.138096 -0.706363 0.694248
    outer loop
      vertex 4.14705 36.5 82.9148
      vertex 4.28471 37.5935 84
      vertex 3.82631 36.5 82.9786
    endloop
  endfacet
  facet normal 0.138401 -0.706352 0.694198
    outer loop
      vertex 4.28471 37.5935 84
      vertex 4.14705 36.5 82.9148
      vertex 4.43782 37.6235 84
    endloop
  endfacet
  facet normal -0.588577 -0.706335 -0.393279
    outer loop
      vertex 0 38.0415 78.4793
      vertex 1.51662 36.5 78.9781
      vertex 1.33494 36.5 79.25
    endloop
  endfacet
  facet normal -0.588742 -0.706387 -0.392939
    outer loop
      vertex 1.51662 36.5 78.9781
      vertex 0 38.0415 78.4793
      vertex 0 38.085 78.4011
    endloop
  endfacet
  facet normal -0.588546 -0.706338 -0.39332
    outer loop
      vertex 1.51662 36.5 78.9781
      vertex 0 38.085 78.4011
      vertex 0 38.4117 77.8144
    endloop
  endfacet
  facet normal 0.0463809 -0.706346 0.706346
    outer loop
      vertex 3.5 36.5 83
      vertex 3.66143 37.5106 84
      vertex 3.5 37.5 84
    endloop
  endfacet
  facet normal 0.0463239 -0.706343 0.706352
    outer loop
      vertex 3.66143 37.5106 84
      vertex 3.5 36.5 83
      vertex 3.82631 36.5 82.9786
    endloop
  endfacet
  facet normal -0.694246 -0.706362 -0.138113
    outer loop
      vertex 0 37.5935 79.7153
      vertex 1.08519 36.5 79.853
      vertex 1.02139 36.5 80.1737
    endloop
  endfacet
  facet normal -0.694198 -0.706351 -0.13841
    outer loop
      vertex 1.08519 36.5 79.853
      vertex 0 37.5935 79.7153
      vertex 0 37.6235 79.5622
    endloop
  endfacet
  facet normal -0.670296 -0.706364 -0.227494
    outer loop
      vertex 0 37.7454 79.1835
      vertex 1.1903 36.5 79.5433
      vertex 1.08519 36.5 79.853
    endloop
  endfacet
  facet normal -0.670125 -0.706354 -0.228027
    outer loop
      vertex 1.1903 36.5 79.5433
      vertex 0 37.7454 79.1835
      vertex 0 37.7884 79.0503
    endloop
  endfacet
  facet normal -0.670356 -0.706348 0.227367
    outer loop
      vertex 0 37.7454 81.8165
      vertex 0 37.6235 81.4378
      vertex 1.08519 36.5 81.147
    endloop
  endfacet
  facet normal -0.393032 -0.706373 0.588697
    outer loop
      vertex 1.9781 36.5 82.4834
      vertex 1.47927 38.0415 84
      vertex 1.40109 38.085 84
    endloop
  endfacet
  facet normal -0.393312 -0.70633 0.588561
    outer loop
      vertex 1.47927 38.0415 84
      vertex 1.9781 36.5 82.4834
      vertex 2.25 36.5 82.6651
    endloop
  endfacet
  facet normal -0.588546 -0.706338 0.39332
    outer loop
      vertex 0 38.4117 83.1856
      vertex 0 38.085 82.5989
      vertex 1.51662 36.5 82.0219
    endloop
  endfacet
  facet normal 0.138098 -0.706357 -0.694254
    outer loop
      vertex 4.14705 36.5 78.0852
      vertex 3.82631 36.5 78.0214
      vertex 4.66469 38.5 76.1533
    endloop
  endfacet
  facet normal -0.227527 -0.706357 -0.670292
    outer loop
      vertex 2.85295 36.5 78.0852
      vertex 1.77793 38.5 76.3425
      vertex 2.33531 38.5 76.1533
    endloop
  endfacet
  facet normal -0.393249 -0.706347 -0.588582
    outer loop
      vertex 1.9781 36.5 78.5166
      vertex 0.760574 38.5 76.9299
      vertex 1.25 38.5 76.6029
    endloop
  endfacet
  facet normal 0.0463236 -0.706348 -0.706348
    outer loop
      vertex 3.82631 36.5 78.0214
      vertex 3.5 36.5 78
      vertex 3.5 38.5 76
    endloop
  endfacet
  facet normal -0.534229 -0.706745 0.463801
    outer loop
      vertex 0 38.4117 83.1856
      vertex 1.73223 36.5 82.2678
      vertex 0 38.4222 83.2016
    endloop
  endfacet
  facet normal -0.53225 -0.706337 0.466687
    outer loop
      vertex 1.73223 36.5 82.2678
      vertex 0 38.4117 83.1856
      vertex 1.51662 36.5 82.0219
    endloop
  endfacet
  facet normal -0.0463236 -0.706348 -0.706348
    outer loop
      vertex 3.5 36.5 78
      vertex 3.17369 36.5 78.0214
      vertex 3.5 38.5 76
    endloop
  endfacet
  facet normal 0.0462485 -0.706352 0.706349
    outer loop
      vertex 3.96078 37.5302 84
      vertex 3.66143 37.5106 84
      vertex 3.82631 36.5 82.9786
    endloop
  endfacet
  facet normal -0.463937 -0.70673 0.53413
    outer loop
      vertex 1.73223 36.5 82.2678
      vertex 0.814356 38.4117 84
      vertex 0.798361 38.4222 84
    endloop
  endfacet
  facet normal -0.466706 -0.706339 0.532231
    outer loop
      vertex 0.814356 38.4117 84
      vertex 1.73223 36.5 82.2678
      vertex 1.9781 36.5 82.4834
    endloop
  endfacet
  facet normal 0.138031 -0.706355 0.694269
    outer loop
      vertex 3.96078 37.5302 84
      vertex 3.82631 36.5 82.9786
      vertex 4.28471 37.5935 84
    endloop
  endfacet
  facet normal -0.138055 -0.706352 -0.694268
    outer loop
      vertex 3.17369 36.5 78.0214
      vertex 2.33531 38.5 76.1533
      vertex 2.91263 38.5 76.0385
    endloop
  endfacet
  facet normal -0.4667 -0.706349 -0.532224
    outer loop
      vertex 1.73223 36.5 78.7322
      vertex 0.760574 38.5 76.9299
      vertex 1.9781 36.5 78.5166
    endloop
  endfacet
  facet normal -0.393306 -0.70634 -0.588553
    outer loop
      vertex 1.9781 36.5 78.5166
      vertex 1.25 38.5 76.6029
      vertex 2.25 36.5 78.3349
    endloop
  endfacet
  facet normal -0.466788 -0.70623 0.532304
    outer loop
      vertex 0.31802 38.5 83.682
      vertex 0.798361 38.4222 84
      vertex 0.680653 38.5 84
    endloop
  endfacet
  facet normal -0.466735 -0.706347 0.532196
    outer loop
      vertex 0.798361 38.4222 84
      vertex 0.31802 38.5 83.682
      vertex 1.73223 36.5 82.2678
    endloop
  endfacet
  facet normal -0.0462485 -0.706352 0.706349
    outer loop
      vertex 3.33857 37.5106 84
      vertex 3.03922 37.5302 84
      vertex 3.17369 36.5 82.9786
    endloop
  endfacet
  facet normal -0.138401 -0.706352 0.694198
    outer loop
      vertex 2.85295 36.5 82.9148
      vertex 2.71529 37.5935 84
      vertex 2.56218 37.6235 84
    endloop
  endfacet
  facet normal -0.138096 -0.706363 0.694248
    outer loop
      vertex 2.71529 37.5935 84
      vertex 2.85295 36.5 82.9148
      vertex 3.17369 36.5 82.9786
    endloop
  endfacet
  facet normal -0.312739 -0.70639 0.634986
    outer loop
      vertex 2.25 36.5 82.6651
      vertex 2.05025 37.7884 84
      vertex 1.9337 37.84 84
    endloop
  endfacet
  facet normal -0.313022 -0.706343 0.634899
    outer loop
      vertex 2.05025 37.7884 84
      vertex 2.25 36.5 82.6651
      vertex 2.54329 36.5 82.8097
    endloop
  endfacet
  facet normal -0.588742 -0.706387 0.392939
    outer loop
      vertex 0 38.0415 82.5207
      vertex 1.51662 36.5 82.0219
      vertex 0 38.085 82.5989
    endloop
  endfacet
  facet normal -0.588577 -0.706335 0.393279
    outer loop
      vertex 1.51662 36.5 82.0219
      vertex 0 38.0415 82.5207
      vertex 1.33494 36.5 81.75
    endloop
  endfacet
  facet normal -0.227925 -0.706354 0.67016
    outer loop
      vertex 2.54329 36.5 82.8097
      vertex 2.18351 37.7454 84
      vertex 2.05025 37.7884 84
    endloop
  endfacet
  facet normal -0.227501 -0.706362 0.670295
    outer loop
      vertex 2.18351 37.7454 84
      vertex 2.54329 36.5 82.8097
      vertex 2.85295 36.5 82.9148
    endloop
  endfacet
  facet normal 0.980786 0 -0.195087
    outer loop
      vertex 7.9615 38.5 79.9126
      vertex 7.84667 44 79.3353
      vertex 7.9615 44 79.9126
    endloop
  endfacet
  facet normal 0.980786 0 -0.195087
    outer loop
      vertex 7.84667 44 79.3353
      vertex 7.9615 38.5 79.9126
      vertex 7.84667 38.5 79.3353
    endloop
  endfacet
  facet normal 0.997859 0 -0.0654027
    outer loop
      vertex 8 38.5 80.5
      vertex 7.9615 44 79.9126
      vertex 8 44 80.5
    endloop
  endfacet
  facet normal 0.997859 0 -0.0654027
    outer loop
      vertex 7.9615 44 79.9126
      vertex 8 38.5 80.5
      vertex 7.9615 38.5 79.9126
    endloop
  endfacet
  facet normal 0.980786 -0 0.195087
    outer loop
      vertex 7.84667 38.5 81.6647
      vertex 7.9615 44 81.0874
      vertex 7.84667 44 81.6647
    endloop
  endfacet
  facet normal 0.980786 0 0.195087
    outer loop
      vertex 7.9615 44 81.0874
      vertex 7.84667 38.5 81.6647
      vertex 7.9615 38.5 81.0874
    endloop
  endfacet
  facet normal -0.751901 0 0.659276
    outer loop
      vertex 0 38.5 83.3193
      vertex 0.31802 44 83.682
      vertex 0 44 83.3193
    endloop
  endfacet
  facet normal -0.751901 0 0.659276
    outer loop
      vertex 0.31802 44 83.682
      vertex 0 38.5 83.3193
      vertex 0.31802 38.5 83.682
    endloop
  endfacet
  facet normal 0.831459 0 -0.555586
    outer loop
      vertex 7.39711 38.5 78.25
      vertex 7.07009 44 77.7606
      vertex 7.39711 44 78.25
    endloop
  endfacet
  facet normal 0.831459 0 -0.555586
    outer loop
      vertex 7.07009 44 77.7606
      vertex 7.39711 38.5 78.25
      vertex 7.07009 38.5 77.7606
    endloop
  endfacet
  facet normal 0.555539 0 -0.831491
    outer loop
      vertex 5.75 38.5 76.6029
      vertex 6.23943 44 76.9299
      vertex 6.23943 38.5 76.9299
    endloop
  endfacet
  facet normal 0.555539 0 -0.831491
    outer loop
      vertex 6.23943 44 76.9299
      vertex 5.75 38.5 76.6029
      vertex 5.75 44 76.6029
    endloop
  endfacet
  facet normal 0.89686 -0 0.442314
    outer loop
      vertex 7.39711 38.5 82.75
      vertex 7.65746 44 82.2221
      vertex 7.39711 44 82.75
    endloop
  endfacet
  facet normal 0.89686 0 0.442314
    outer loop
      vertex 7.65746 44 82.2221
      vertex 7.39711 38.5 82.75
      vertex 7.65746 38.5 82.2221
    endloop
  endfacet
  facet normal 0.997859 -0 0.0654027
    outer loop
      vertex 7.9615 38.5 81.0874
      vertex 8 44 80.5
      vertex 7.9615 44 81.0874
    endloop
  endfacet
  facet normal 0.997859 0 0.0654027
    outer loop
      vertex 8 44 80.5
      vertex 7.9615 38.5 81.0874
      vertex 8 38.5 80.5
    endloop
  endfacet
  facet normal 0.321432 0 -0.946933
    outer loop
      vertex 4.66469 38.5 76.1533
      vertex 5.22207 44 76.3425
      vertex 5.22207 38.5 76.3425
    endloop
  endfacet
  facet normal 0.321432 0 -0.946933
    outer loop
      vertex 5.22207 44 76.3425
      vertex 4.66469 38.5 76.1533
      vertex 4.66469 44 76.1533
    endloop
  endfacet
  facet normal -0.659337 0 -0.751848
    outer loop
      vertex 0.31802 38.5 77.318
      vertex 0.760574 44 76.9299
      vertex 0.760574 38.5 76.9299
    endloop
  endfacet
  facet normal -0.659337 0 -0.751848
    outer loop
      vertex 0.760574 44 76.9299
      vertex 0.31802 38.5 77.318
      vertex 0.31802 44 77.318
    endloop
  endfacet
  facet normal -0.659322 0 0.751861
    outer loop
      vertex 0.31802 44 83.682
      vertex 0.680653 38.5 84
      vertex 0.680653 44 84
    endloop
  endfacet
  facet normal -0.659322 0 0.751861
    outer loop
      vertex 0.680653 38.5 84
      vertex 0.31802 44 83.682
      vertex 0.31802 38.5 83.682
    endloop
  endfacet
  facet normal -0.321432 0 -0.946933
    outer loop
      vertex 1.77793 38.5 76.3425
      vertex 2.33531 44 76.1533
      vertex 2.33531 38.5 76.1533
    endloop
  endfacet
  facet normal -0.321432 0 -0.946933
    outer loop
      vertex 2.33531 44 76.1533
      vertex 1.77793 38.5 76.3425
      vertex 1.77793 44 76.3425
    endloop
  endfacet
  facet normal -0.555542 0 -0.831488
    outer loop
      vertex 0.760574 38.5 76.9299
      vertex 1.25 44 76.6029
      vertex 1.25 38.5 76.6029
    endloop
  endfacet
  facet normal -0.555542 0 -0.831488
    outer loop
      vertex 1.25 44 76.6029
      vertex 0.760574 38.5 76.9299
      vertex 0.760574 44 76.9299
    endloop
  endfacet
  facet normal 0.195031 0 -0.980797
    outer loop
      vertex 4.08737 38.5 76.0385
      vertex 4.66469 44 76.1533
      vertex 4.66469 38.5 76.1533
    endloop
  endfacet
  facet normal 0.195031 0 -0.980797
    outer loop
      vertex 4.66469 44 76.1533
      vertex 4.08737 38.5 76.0385
      vertex 4.08737 44 76.0385
    endloop
  endfacet
  facet normal -0.442362 0 -0.896837
    outer loop
      vertex 1.25 38.5 76.6029
      vertex 1.77793 44 76.3425
      vertex 1.77793 38.5 76.3425
    endloop
  endfacet
  facet normal -0.442362 0 -0.896837
    outer loop
      vertex 1.77793 44 76.3425
      vertex 1.25 38.5 76.6029
      vertex 1.25 44 76.6029
    endloop
  endfacet
  facet normal 0.659325 0 0.751858
    outer loop
      vertex 6.31935 44 84
      vertex 6.68198 38.5 83.682
      vertex 6.68198 44 83.682
    endloop
  endfacet
  facet normal 0.659325 0 0.751858
    outer loop
      vertex 6.68198 38.5 83.682
      vertex 6.31935 44 84
      vertex 6.31935 38.5 84
    endloop
  endfacet
  facet normal 0.946931 -0 0.321437
    outer loop
      vertex 7.65746 38.5 82.2221
      vertex 7.84667 44 81.6647
      vertex 7.65746 44 82.2221
    endloop
  endfacet
  facet normal 0.946931 0 0.321437
    outer loop
      vertex 7.84667 44 81.6647
      vertex 7.65746 38.5 82.2221
      vertex 7.84667 38.5 81.6647
    endloop
  endfacet
  facet normal 0.442362 0 -0.896837
    outer loop
      vertex 5.22207 38.5 76.3425
      vertex 5.75 44 76.6029
      vertex 5.75 38.5 76.6029
    endloop
  endfacet
  facet normal 0.442362 0 -0.896837
    outer loop
      vertex 5.75 44 76.6029
      vertex 5.22207 38.5 76.3425
      vertex 5.22207 44 76.3425
    endloop
  endfacet
  facet normal -0.195031 0 -0.980797
    outer loop
      vertex 2.33531 38.5 76.1533
      vertex 2.91263 44 76.0385
      vertex 2.91263 38.5 76.0385
    endloop
  endfacet
  facet normal -0.195031 0 -0.980797
    outer loop
      vertex 2.91263 44 76.0385
      vertex 2.33531 38.5 76.1533
      vertex 2.33531 44 76.1533
    endloop
  endfacet
  facet normal 0.751873 0 -0.659308
    outer loop
      vertex 7.07009 38.5 77.7606
      vertex 6.68198 44 77.318
      vertex 7.07009 44 77.7606
    endloop
  endfacet
  facet normal 0.751873 0 -0.659308
    outer loop
      vertex 6.68198 44 77.318
      vertex 7.07009 38.5 77.7606
      vertex 6.68198 38.5 77.318
    endloop
  endfacet
  facet normal 0.751873 -0 0.659308
    outer loop
      vertex 6.68198 38.5 83.682
      vertex 7.07009 44 83.2394
      vertex 6.68198 44 83.682
    endloop
  endfacet
  facet normal 0.751873 0 0.659308
    outer loop
      vertex 7.07009 44 83.2394
      vertex 6.68198 38.5 83.682
      vertex 7.07009 38.5 83.2394
    endloop
  endfacet
  facet normal -0.751901 0 -0.659276
    outer loop
      vertex 0.31802 38.5 77.318
      vertex 0 44 77.6807
      vertex 0.31802 44 77.318
    endloop
  endfacet
  facet normal -0.751901 -0 -0.659276
    outer loop
      vertex 0 44 77.6807
      vertex 0.31802 38.5 77.318
      vertex 0 38.5 77.6807
    endloop
  endfacet
  facet normal 0.65934 0 -0.751845
    outer loop
      vertex 6.23943 38.5 76.9299
      vertex 6.68198 44 77.318
      vertex 6.68198 38.5 77.318
    endloop
  endfacet
  facet normal 0.65934 0 -0.751845
    outer loop
      vertex 6.68198 44 77.318
      vertex 6.23943 38.5 76.9299
      vertex 6.23943 44 76.9299
    endloop
  endfacet
  facet normal 0.831459 -0 0.555586
    outer loop
      vertex 7.07009 38.5 83.2394
      vertex 7.39711 44 82.75
      vertex 7.07009 44 83.2394
    endloop
  endfacet
  facet normal 0.831459 0 0.555586
    outer loop
      vertex 7.39711 44 82.75
      vertex 7.07009 38.5 83.2394
      vertex 7.39711 38.5 82.75
    endloop
  endfacet
  facet normal 0.89686 0 -0.442314
    outer loop
      vertex 7.65746 38.5 78.7779
      vertex 7.39711 44 78.25
      vertex 7.65746 44 78.7779
    endloop
  endfacet
  facet normal 0.89686 0 -0.442314
    outer loop
      vertex 7.39711 44 78.25
      vertex 7.65746 38.5 78.7779
      vertex 7.39711 38.5 78.25
    endloop
  endfacet
  facet normal 0.0654061 0 -0.997859
    outer loop
      vertex 3.5 38.5 76
      vertex 4.08737 44 76.0385
      vertex 4.08737 38.5 76.0385
    endloop
  endfacet
  facet normal 0.0654061 0 -0.997859
    outer loop
      vertex 4.08737 44 76.0385
      vertex 3.5 38.5 76
      vertex 3.5 44 76
    endloop
  endfacet
  facet normal 0.946931 0 -0.321437
    outer loop
      vertex 7.84667 38.5 79.3353
      vertex 7.65746 44 78.7779
      vertex 7.84667 44 79.3353
    endloop
  endfacet
  facet normal 0.946931 0 -0.321437
    outer loop
      vertex 7.65746 44 78.7779
      vertex 7.84667 38.5 79.3353
      vertex 7.65746 38.5 78.7779
    endloop
  endfacet
  facet normal -0.0654061 0 -0.997859
    outer loop
      vertex 2.91263 38.5 76.0385
      vertex 3.5 44 76
      vertex 3.5 38.5 76
    endloop
  endfacet
  facet normal -0.0654061 0 -0.997859
    outer loop
      vertex 3.5 44 76
      vertex 2.91263 38.5 76.0385
      vertex 2.91263 44 76.0385
    endloop
  endfacet
  facet normal -0.751796 0 -0.659396
    outer loop
      vertex 5.16604 37.5 81.7784
      vertex 4.98492 44 81.9849
      vertex 5.16604 44 81.7784
    endloop
  endfacet
  facet normal -0.751796 -0 -0.659396
    outer loop
      vertex 4.98492 44 81.9849
      vertex 5.16604 37.5 81.7784
      vertex 4.98492 37.5 81.9849
    endloop
  endfacet
  facet normal -0.980783 0 0.195101
    outer loop
      vertex 5.52844 37.5 79.9565
      vertex 5.58203 44 80.2259
      vertex 5.52844 44 79.9565
    endloop
  endfacet
  facet normal -0.980783 0 0.195101
    outer loop
      vertex 5.58203 44 80.2259
      vertex 5.52844 37.5 79.9565
      vertex 5.58203 37.5 80.2259
    endloop
  endfacet
  facet normal -0.997858 0 0.0654196
    outer loop
      vertex 5.58203 37.5 80.2259
      vertex 5.6 44 80.5
      vertex 5.58203 44 80.2259
    endloop
  endfacet
  facet normal -0.997858 0 0.0654196
    outer loop
      vertex 5.6 44 80.5
      vertex 5.58203 37.5 80.2259
      vertex 5.6 37.5 80.5
    endloop
  endfacet
  facet normal -0.946932 0 0.321433
    outer loop
      vertex 5.44015 37.5 79.6964
      vertex 5.52844 44 79.9565
      vertex 5.44015 44 79.6964
    endloop
  endfacet
  facet normal -0.946932 0 0.321433
    outer loop
      vertex 5.52844 44 79.9565
      vertex 5.44015 37.5 79.6964
      vertex 5.52844 37.5 79.9565
    endloop
  endfacet
  facet normal -0.831473 0 0.555565
    outer loop
      vertex 5.16604 37.5 79.2216
      vertex 5.31865 44 79.45
      vertex 5.16604 44 79.2216
    endloop
  endfacet
  facet normal -0.831473 0 0.555565
    outer loop
      vertex 5.31865 44 79.45
      vertex 5.16604 37.5 79.2216
      vertex 5.31865 37.5 79.45
    endloop
  endfacet
  facet normal 0.55554 0 -0.83149
    outer loop
      vertex 2.2216 37.5 82.166
      vertex 2.45 44 82.3186
      vertex 2.45 37.5 82.3186
    endloop
  endfacet
  facet normal 0.55554 0 -0.83149
    outer loop
      vertex 2.45 44 82.3186
      vertex 2.2216 37.5 82.166
      vertex 2.2216 44 82.166
    endloop
  endfacet
  facet normal -0.195122 0 0.980779
    outer loop
      vertex 3.7741 44 78.418
      vertex 4.04352 37.5 78.4716
      vertex 4.04352 44 78.4716
    endloop
  endfacet
  facet normal -0.195122 0 0.980779
    outer loop
      vertex 4.04352 37.5 78.4716
      vertex 3.7741 44 78.418
      vertex 3.7741 37.5 78.418
    endloop
  endfacet
  facet normal -0.997858 0 -0.0654196
    outer loop
      vertex 5.6 37.5 80.5
      vertex 5.58203 44 80.7741
      vertex 5.6 44 80.5
    endloop
  endfacet
  facet normal -0.997858 -0 -0.0654196
    outer loop
      vertex 5.58203 44 80.7741
      vertex 5.6 37.5 80.5
      vertex 5.58203 37.5 80.7741
    endloop
  endfacet
  facet normal -0.896889 0 0.442256
    outer loop
      vertex 5.31865 37.5 79.45
      vertex 5.44015 44 79.6964
      vertex 5.31865 44 79.45
    endloop
  endfacet
  facet normal -0.896889 0 0.442256
    outer loop
      vertex 5.44015 44 79.6964
      vertex 5.31865 37.5 79.45
      vertex 5.44015 37.5 79.6964
    endloop
  endfacet
  facet normal 0.946932 0 -0.321433
    outer loop
      vertex 1.55985 37.5 81.3036
      vertex 1.47156 44 81.0435
      vertex 1.55985 44 81.3036
    endloop
  endfacet
  facet normal 0.946932 0 -0.321433
    outer loop
      vertex 1.47156 44 81.0435
      vertex 1.55985 37.5 81.3036
      vertex 1.47156 37.5 81.0435
    endloop
  endfacet
  facet normal 0.980783 -0 0.195101
    outer loop
      vertex 1.41797 37.5 80.2259
      vertex 1.47156 44 79.9565
      vertex 1.41797 44 80.2259
    endloop
  endfacet
  facet normal 0.980783 0 0.195101
    outer loop
      vertex 1.47156 44 79.9565
      vertex 1.41797 37.5 80.2259
      vertex 1.47156 37.5 79.9565
    endloop
  endfacet
  facet normal 0.659319 0 -0.751864
    outer loop
      vertex 2.01508 37.5 81.9849
      vertex 2.2216 44 82.166
      vertex 2.2216 37.5 82.166
    endloop
  endfacet
  facet normal 0.659319 0 -0.751864
    outer loop
      vertex 2.2216 44 82.166
      vertex 2.01508 37.5 81.9849
      vertex 2.01508 44 81.9849
    endloop
  endfacet
  facet normal 0.195122 0 0.980779
    outer loop
      vertex 2.95648 44 78.4716
      vertex 3.2259 37.5 78.418
      vertex 3.2259 44 78.418
    endloop
  endfacet
  facet normal 0.195122 0 0.980779
    outer loop
      vertex 3.2259 37.5 78.418
      vertex 2.95648 44 78.4716
      vertex 2.95648 37.5 78.4716
    endloop
  endfacet
  facet normal -0.195122 0 -0.980779
    outer loop
      vertex 3.7741 37.5 82.582
      vertex 4.04352 44 82.5284
      vertex 4.04352 37.5 82.5284
    endloop
  endfacet
  facet normal -0.195122 0 -0.980779
    outer loop
      vertex 4.04352 44 82.5284
      vertex 3.7741 37.5 82.582
      vertex 3.7741 44 82.582
    endloop
  endfacet
  facet normal -0.4423 0 -0.896867
    outer loop
      vertex 4.30363 37.5 82.4401
      vertex 4.55 44 82.3186
      vertex 4.55 37.5 82.3186
    endloop
  endfacet
  facet normal -0.4423 0 -0.896867
    outer loop
      vertex 4.55 44 82.3186
      vertex 4.30363 37.5 82.4401
      vertex 4.30363 44 82.4401
    endloop
  endfacet
  facet normal 0.831473 -0 0.555565
    outer loop
      vertex 1.68135 37.5 79.45
      vertex 1.83396 44 79.2216
      vertex 1.68135 44 79.45
    endloop
  endfacet
  facet normal 0.831473 0 0.555565
    outer loop
      vertex 1.83396 44 79.2216
      vertex 1.68135 37.5 79.45
      vertex 1.83396 37.5 79.2216
    endloop
  endfacet
  facet normal -0.55554 0 0.83149
    outer loop
      vertex 4.55 44 78.6814
      vertex 4.7784 37.5 78.834
      vertex 4.7784 44 78.834
    endloop
  endfacet
  facet normal -0.55554 0 0.83149
    outer loop
      vertex 4.7784 37.5 78.834
      vertex 4.55 44 78.6814
      vertex 4.55 37.5 78.6814
    endloop
  endfacet
  facet normal -0.831473 0 -0.555565
    outer loop
      vertex 5.31865 37.5 81.55
      vertex 5.16604 44 81.7784
      vertex 5.31865 44 81.55
    endloop
  endfacet
  facet normal -0.831473 -0 -0.555565
    outer loop
      vertex 5.16604 44 81.7784
      vertex 5.31865 37.5 81.55
      vertex 5.16604 37.5 81.7784
    endloop
  endfacet
  facet normal -0.4423 0 0.896867
    outer loop
      vertex 4.30363 44 78.5599
      vertex 4.55 37.5 78.6814
      vertex 4.55 44 78.6814
    endloop
  endfacet
  facet normal -0.4423 0 0.896867
    outer loop
      vertex 4.55 37.5 78.6814
      vertex 4.30363 44 78.5599
      vertex 4.30363 37.5 78.5599
    endloop
  endfacet
  facet normal -0.980783 0 -0.195101
    outer loop
      vertex 5.58203 37.5 80.7741
      vertex 5.52844 44 81.0435
      vertex 5.58203 44 80.7741
    endloop
  endfacet
  facet normal -0.980783 -0 -0.195101
    outer loop
      vertex 5.52844 44 81.0435
      vertex 5.58203 37.5 80.7741
      vertex 5.52844 37.5 81.0435
    endloop
  endfacet
  facet normal 0.321454 0 0.946925
    outer loop
      vertex 2.69637 44 78.5599
      vertex 2.95648 37.5 78.4716
      vertex 2.95648 44 78.4716
    endloop
  endfacet
  facet normal 0.321454 0 0.946925
    outer loop
      vertex 2.95648 37.5 78.4716
      vertex 2.69637 44 78.5599
      vertex 2.69637 37.5 78.5599
    endloop
  endfacet
  facet normal 0.4423 0 0.896867
    outer loop
      vertex 2.45 44 78.6814
      vertex 2.69637 37.5 78.5599
      vertex 2.69637 44 78.5599
    endloop
  endfacet
  facet normal 0.4423 0 0.896867
    outer loop
      vertex 2.69637 37.5 78.5599
      vertex 2.45 44 78.6814
      vertex 2.45 37.5 78.6814
    endloop
  endfacet
  facet normal 0.55554 0 0.83149
    outer loop
      vertex 2.2216 44 78.834
      vertex 2.45 37.5 78.6814
      vertex 2.45 44 78.6814
    endloop
  endfacet
  facet normal 0.55554 0 0.83149
    outer loop
      vertex 2.45 37.5 78.6814
      vertex 2.2216 44 78.834
      vertex 2.2216 37.5 78.834
    endloop
  endfacet
  facet normal -0.659319 0 -0.751864
    outer loop
      vertex 4.7784 37.5 82.166
      vertex 4.98492 44 81.9849
      vertex 4.98492 37.5 81.9849
    endloop
  endfacet
  facet normal -0.659319 0 -0.751864
    outer loop
      vertex 4.98492 44 81.9849
      vertex 4.7784 37.5 82.166
      vertex 4.7784 44 82.166
    endloop
  endfacet
  facet normal 0.751796 -0 0.659396
    outer loop
      vertex 1.83396 37.5 79.2216
      vertex 2.01508 44 79.0151
      vertex 1.83396 44 79.2216
    endloop
  endfacet
  facet normal 0.751796 0 0.659396
    outer loop
      vertex 2.01508 44 79.0151
      vertex 1.83396 37.5 79.2216
      vertex 2.01508 37.5 79.0151
    endloop
  endfacet
  facet normal -0.0655283 0 0.997851
    outer loop
      vertex 3.5 44 78.4
      vertex 3.7741 37.5 78.418
      vertex 3.7741 44 78.418
    endloop
  endfacet
  facet normal -0.0655283 0 0.997851
    outer loop
      vertex 3.7741 37.5 78.418
      vertex 3.5 44 78.4
      vertex 3.5 37.5 78.4
    endloop
  endfacet
  facet normal -0.321454 0 -0.946925
    outer loop
      vertex 4.04352 37.5 82.5284
      vertex 4.30363 44 82.4401
      vertex 4.30363 37.5 82.4401
    endloop
  endfacet
  facet normal -0.321454 0 -0.946925
    outer loop
      vertex 4.30363 44 82.4401
      vertex 4.04352 37.5 82.5284
      vertex 4.04352 44 82.5284
    endloop
  endfacet
  facet normal 0.321454 0 -0.946925
    outer loop
      vertex 2.69637 37.5 82.4401
      vertex 2.95648 44 82.5284
      vertex 2.95648 37.5 82.5284
    endloop
  endfacet
  facet normal 0.321454 0 -0.946925
    outer loop
      vertex 2.95648 44 82.5284
      vertex 2.69637 37.5 82.4401
      vertex 2.69637 44 82.4401
    endloop
  endfacet
  facet normal 0.751796 0 -0.659396
    outer loop
      vertex 2.01508 37.5 81.9849
      vertex 1.83396 44 81.7784
      vertex 2.01508 44 81.9849
    endloop
  endfacet
  facet normal 0.751796 0 -0.659396
    outer loop
      vertex 1.83396 44 81.7784
      vertex 2.01508 37.5 81.9849
      vertex 1.83396 37.5 81.7784
    endloop
  endfacet
  facet normal 0.896889 -0 0.442256
    outer loop
      vertex 1.55985 37.5 79.6964
      vertex 1.68135 44 79.45
      vertex 1.55985 44 79.6964
    endloop
  endfacet
  facet normal 0.896889 0 0.442256
    outer loop
      vertex 1.68135 44 79.45
      vertex 1.55985 37.5 79.6964
      vertex 1.68135 37.5 79.45
    endloop
  endfacet
  facet normal -0.896889 0 -0.442256
    outer loop
      vertex 5.44015 37.5 81.3036
      vertex 5.31865 44 81.55
      vertex 5.44015 44 81.3036
    endloop
  endfacet
  facet normal -0.896889 -0 -0.442256
    outer loop
      vertex 5.31865 44 81.55
      vertex 5.44015 37.5 81.3036
      vertex 5.31865 37.5 81.55
    endloop
  endfacet
  facet normal 0.0655283 0 0.997851
    outer loop
      vertex 3.2259 44 78.418
      vertex 3.5 37.5 78.4
      vertex 3.5 44 78.4
    endloop
  endfacet
  facet normal 0.0655283 0 0.997851
    outer loop
      vertex 3.5 37.5 78.4
      vertex 3.2259 44 78.418
      vertex 3.2259 37.5 78.418
    endloop
  endfacet
  facet normal 0.946932 -0 0.321433
    outer loop
      vertex 1.47156 37.5 79.9565
      vertex 1.55985 44 79.6964
      vertex 1.47156 44 79.9565
    endloop
  endfacet
  facet normal 0.946932 0 0.321433
    outer loop
      vertex 1.55985 44 79.6964
      vertex 1.47156 37.5 79.9565
      vertex 1.55985 37.5 79.6964
    endloop
  endfacet
  facet normal -0.321454 0 0.946925
    outer loop
      vertex 4.04352 44 78.4716
      vertex 4.30363 37.5 78.5599
      vertex 4.30363 44 78.5599
    endloop
  endfacet
  facet normal -0.321454 0 0.946925
    outer loop
      vertex 4.30363 37.5 78.5599
      vertex 4.04352 44 78.4716
      vertex 4.04352 37.5 78.4716
    endloop
  endfacet
  facet normal -0.946932 0 -0.321433
    outer loop
      vertex 5.52844 37.5 81.0435
      vertex 5.44015 44 81.3036
      vertex 5.52844 44 81.0435
    endloop
  endfacet
  facet normal -0.946932 -0 -0.321433
    outer loop
      vertex 5.44015 44 81.3036
      vertex 5.52844 37.5 81.0435
      vertex 5.44015 37.5 81.3036
    endloop
  endfacet
  facet normal 0.980783 0 -0.195101
    outer loop
      vertex 1.47156 37.5 81.0435
      vertex 1.41797 44 80.7741
      vertex 1.47156 44 81.0435
    endloop
  endfacet
  facet normal 0.980783 0 -0.195101
    outer loop
      vertex 1.41797 44 80.7741
      vertex 1.47156 37.5 81.0435
      vertex 1.41797 37.5 80.7741
    endloop
  endfacet
  facet normal -0.751796 0 0.659396
    outer loop
      vertex 4.98492 37.5 79.0151
      vertex 5.16604 44 79.2216
      vertex 4.98492 44 79.0151
    endloop
  endfacet
  facet normal -0.751796 0 0.659396
    outer loop
      vertex 5.16604 44 79.2216
      vertex 4.98492 37.5 79.0151
      vertex 5.16604 37.5 79.2216
    endloop
  endfacet
  facet normal 0.659319 0 0.751864
    outer loop
      vertex 2.01508 44 79.0151
      vertex 2.2216 37.5 78.834
      vertex 2.2216 44 78.834
    endloop
  endfacet
  facet normal 0.659319 0 0.751864
    outer loop
      vertex 2.2216 37.5 78.834
      vertex 2.01508 44 79.0151
      vertex 2.01508 37.5 79.0151
    endloop
  endfacet
  facet normal 0.896889 0 -0.442256
    outer loop
      vertex 1.68135 37.5 81.55
      vertex 1.55985 44 81.3036
      vertex 1.68135 44 81.55
    endloop
  endfacet
  facet normal 0.896889 0 -0.442256
    outer loop
      vertex 1.55985 44 81.3036
      vertex 1.68135 37.5 81.55
      vertex 1.55985 37.5 81.3036
    endloop
  endfacet
  facet normal -0.0655283 0 -0.997851
    outer loop
      vertex 3.5 37.5 82.6
      vertex 3.7741 44 82.582
      vertex 3.7741 37.5 82.582
    endloop
  endfacet
  facet normal -0.0655283 0 -0.997851
    outer loop
      vertex 3.7741 44 82.582
      vertex 3.5 37.5 82.6
      vertex 3.5 44 82.6
    endloop
  endfacet
  facet normal 0.0655283 0 -0.997851
    outer loop
      vertex 3.2259 37.5 82.582
      vertex 3.5 44 82.6
      vertex 3.5 37.5 82.6
    endloop
  endfacet
  facet normal 0.0655283 0 -0.997851
    outer loop
      vertex 3.5 44 82.6
      vertex 3.2259 37.5 82.582
      vertex 3.2259 44 82.582
    endloop
  endfacet
  facet normal 0.997858 -0 0.0654196
    outer loop
      vertex 1.4 37.5 80.5
      vertex 1.41797 44 80.2259
      vertex 1.4 44 80.5
    endloop
  endfacet
  facet normal 0.997858 0 0.0654196
    outer loop
      vertex 1.41797 44 80.2259
      vertex 1.4 37.5 80.5
      vertex 1.41797 37.5 80.2259
    endloop
  endfacet
  facet normal -0.659319 0 0.751864
    outer loop
      vertex 4.7784 44 78.834
      vertex 4.98492 37.5 79.0151
      vertex 4.98492 44 79.0151
    endloop
  endfacet
  facet normal -0.659319 0 0.751864
    outer loop
      vertex 4.98492 37.5 79.0151
      vertex 4.7784 44 78.834
      vertex 4.7784 37.5 78.834
    endloop
  endfacet
  facet normal 0.831473 0 -0.555565
    outer loop
      vertex 1.83396 37.5 81.7784
      vertex 1.68135 44 81.55
      vertex 1.83396 44 81.7784
    endloop
  endfacet
  facet normal 0.831473 0 -0.555565
    outer loop
      vertex 1.68135 44 81.55
      vertex 1.83396 37.5 81.7784
      vertex 1.68135 37.5 81.55
    endloop
  endfacet
  facet normal -0.55554 0 -0.83149
    outer loop
      vertex 4.55 37.5 82.3186
      vertex 4.7784 44 82.166
      vertex 4.7784 37.5 82.166
    endloop
  endfacet
  facet normal -0.55554 0 -0.83149
    outer loop
      vertex 4.7784 44 82.166
      vertex 4.55 37.5 82.3186
      vertex 4.55 44 82.3186
    endloop
  endfacet
  facet normal 0.997858 0 -0.0654196
    outer loop
      vertex 1.41797 37.5 80.7741
      vertex 1.4 44 80.5
      vertex 1.41797 44 80.7741
    endloop
  endfacet
  facet normal 0.997858 0 -0.0654196
    outer loop
      vertex 1.4 44 80.5
      vertex 1.41797 37.5 80.7741
      vertex 1.4 37.5 80.5
    endloop
  endfacet
  facet normal 0.195122 0 -0.980779
    outer loop
      vertex 2.95648 37.5 82.5284
      vertex 3.2259 44 82.582
      vertex 3.2259 37.5 82.582
    endloop
  endfacet
  facet normal 0.195122 0 -0.980779
    outer loop
      vertex 3.2259 44 82.582
      vertex 2.95648 37.5 82.5284
      vertex 2.95648 44 82.5284
    endloop
  endfacet
  facet normal 0 1 0
    outer loop
      vertex 3.7741 37.5 82.582
      vertex 3.2259 37.5 82.582
      vertex 3.5 37.5 82.6
    endloop
  endfacet
  facet normal 0 1 0
    outer loop
      vertex 4.04352 37.5 82.5284
      vertex 3.2259 37.5 82.582
      vertex 3.7741 37.5 82.582
    endloop
  endfacet
  facet normal 0 1 0
    outer loop
      vertex 4.04352 37.5 82.5284
      vertex 2.95648 37.5 82.5284
      vertex 3.2259 37.5 82.582
    endloop
  endfacet
  facet normal 0 1 0
    outer loop
      vertex 4.30363 37.5 82.4401
      vertex 2.95648 37.5 82.5284
      vertex 4.04352 37.5 82.5284
    endloop
  endfacet
  facet normal 0 1 0
    outer loop
      vertex 4.30363 37.5 82.4401
      vertex 2.69637 37.5 82.4401
      vertex 2.95648 37.5 82.5284
    endloop
  endfacet
  facet normal 0 1 0
    outer loop
      vertex 4.55 37.5 82.3186
      vertex 2.69637 37.5 82.4401
      vertex 4.30363 37.5 82.4401
    endloop
  endfacet
  facet normal 0 1 0
    outer loop
      vertex 4.55 37.5 82.3186
      vertex 2.45 37.5 82.3186
      vertex 2.69637 37.5 82.4401
    endloop
  endfacet
  facet normal 0 1 0
    outer loop
      vertex 4.7784 37.5 82.166
      vertex 2.45 37.5 82.3186
      vertex 4.55 37.5 82.3186
    endloop
  endfacet
  facet normal 0 1 0
    outer loop
      vertex 4.7784 37.5 82.166
      vertex 2.2216 37.5 82.166
      vertex 2.45 37.5 82.3186
    endloop
  endfacet
  facet normal 0 1 0
    outer loop
      vertex 4.98492 37.5 81.9849
      vertex 2.2216 37.5 82.166
      vertex 4.7784 37.5 82.166
    endloop
  endfacet
  facet normal 0 1 0
    outer loop
      vertex 4.98492 37.5 81.9849
      vertex 2.01508 37.5 81.9849
      vertex 2.2216 37.5 82.166
    endloop
  endfacet
  facet normal 0 1 0
    outer loop
      vertex 5.16604 37.5 81.7784
      vertex 2.01508 37.5 81.9849
      vertex 4.98492 37.5 81.9849
    endloop
  endfacet
  facet normal 0 1 0
    outer loop
      vertex 5.16604 37.5 81.7784
      vertex 1.83396 37.5 81.7784
      vertex 2.01508 37.5 81.9849
    endloop
  endfacet
  facet normal 0 1 0
    outer loop
      vertex 5.31865 37.5 81.55
      vertex 1.83396 37.5 81.7784
      vertex 5.16604 37.5 81.7784
    endloop
  endfacet
  facet normal 0 1 0
    outer loop
      vertex 5.31865 37.5 81.55
      vertex 1.68135 37.5 81.55
      vertex 1.83396 37.5 81.7784
    endloop
  endfacet
  facet normal 0 1 0
    outer loop
      vertex 5.44015 37.5 81.3036
      vertex 1.68135 37.5 81.55
      vertex 5.31865 37.5 81.55
    endloop
  endfacet
  facet normal 0 1 0
    outer loop
      vertex 5.44015 37.5 81.3036
      vertex 1.55985 37.5 81.3036
      vertex 1.68135 37.5 81.55
    endloop
  endfacet
  facet normal 0 1 0
    outer loop
      vertex 5.52844 37.5 81.0435
      vertex 1.55985 37.5 81.3036
      vertex 5.44015 37.5 81.3036
    endloop
  endfacet
  facet normal 0 1 0
    outer loop
      vertex 5.52844 37.5 81.0435
      vertex 1.47156 37.5 81.0435
      vertex 1.55985 37.5 81.3036
    endloop
  endfacet
  facet normal 0 1 0
    outer loop
      vertex 5.58203 37.5 80.7741
      vertex 1.47156 37.5 81.0435
      vertex 5.52844 37.5 81.0435
    endloop
  endfacet
  facet normal 0 1 0
    outer loop
      vertex 5.58203 37.5 80.7741
      vertex 1.41797 37.5 80.7741
      vertex 1.47156 37.5 81.0435
    endloop
  endfacet
  facet normal 0 1 0
    outer loop
      vertex 5.6 37.5 80.5
      vertex 1.41797 37.5 80.7741
      vertex 5.58203 37.5 80.7741
    endloop
  endfacet
  facet normal 0 1 0
    outer loop
      vertex 5.6 37.5 80.5
      vertex 1.4 37.5 80.5
      vertex 1.41797 37.5 80.7741
    endloop
  endfacet
  facet normal 0 1 -0
    outer loop
      vertex 5.58203 37.5 80.2259
      vertex 1.4 37.5 80.5
      vertex 5.6 37.5 80.5
    endloop
  endfacet
  facet normal 0 1 0
    outer loop
      vertex 5.58203 37.5 80.2259
      vertex 1.41797 37.5 80.2259
      vertex 1.4 37.5 80.5
    endloop
  endfacet
  facet normal 0 1 -0
    outer loop
      vertex 5.52844 37.5 79.9565
      vertex 1.41797 37.5 80.2259
      vertex 5.58203 37.5 80.2259
    endloop
  endfacet
  facet normal 0 1 0
    outer loop
      vertex 5.52844 37.5 79.9565
      vertex 1.47156 37.5 79.9565
      vertex 1.41797 37.5 80.2259
    endloop
  endfacet
  facet normal 0 1 -0
    outer loop
      vertex 5.44015 37.5 79.6964
      vertex 1.47156 37.5 79.9565
      vertex 5.52844 37.5 79.9565
    endloop
  endfacet
  facet normal 0 1 0
    outer loop
      vertex 5.44015 37.5 79.6964
      vertex 1.55985 37.5 79.6964
      vertex 1.47156 37.5 79.9565
    endloop
  endfacet
  facet normal 0 1 -0
    outer loop
      vertex 5.31865 37.5 79.45
      vertex 1.55985 37.5 79.6964
      vertex 5.44015 37.5 79.6964
    endloop
  endfacet
  facet normal 0 1 0
    outer loop
      vertex 5.31865 37.5 79.45
      vertex 1.68135 37.5 79.45
      vertex 1.55985 37.5 79.6964
    endloop
  endfacet
  facet normal 0 1 -0
    outer loop
      vertex 5.16604 37.5 79.2216
      vertex 1.68135 37.5 79.45
      vertex 5.31865 37.5 79.45
    endloop
  endfacet
  facet normal 0 1 0
    outer loop
      vertex 5.16604 37.5 79.2216
      vertex 1.83396 37.5 79.2216
      vertex 1.68135 37.5 79.45
    endloop
  endfacet
  facet normal 0 1 -0
    outer loop
      vertex 4.98492 37.5 79.0151
      vertex 1.83396 37.5 79.2216
      vertex 5.16604 37.5 79.2216
    endloop
  endfacet
  facet normal 0 1 0
    outer loop
      vertex 4.98492 37.5 79.0151
      vertex 2.01508 37.5 79.0151
      vertex 1.83396 37.5 79.2216
    endloop
  endfacet
  facet normal 0 1 -0
    outer loop
      vertex 4.7784 37.5 78.834
      vertex 2.01508 37.5 79.0151
      vertex 4.98492 37.5 79.0151
    endloop
  endfacet
  facet normal 0 1 0
    outer loop
      vertex 4.7784 37.5 78.834
      vertex 2.2216 37.5 78.834
      vertex 2.01508 37.5 79.0151
    endloop
  endfacet
  facet normal 0 1 -0
    outer loop
      vertex 4.55 37.5 78.6814
      vertex 2.2216 37.5 78.834
      vertex 4.7784 37.5 78.834
    endloop
  endfacet
  facet normal 0 1 0
    outer loop
      vertex 4.55 37.5 78.6814
      vertex 2.45 37.5 78.6814
      vertex 2.2216 37.5 78.834
    endloop
  endfacet
  facet normal 0 1 -0
    outer loop
      vertex 4.30363 37.5 78.5599
      vertex 2.45 37.5 78.6814
      vertex 4.55 37.5 78.6814
    endloop
  endfacet
  facet normal 0 1 0
    outer loop
      vertex 4.30363 37.5 78.5599
      vertex 2.69637 37.5 78.5599
      vertex 2.45 37.5 78.6814
    endloop
  endfacet
  facet normal 0 1 -0
    outer loop
      vertex 4.04352 37.5 78.4716
      vertex 2.69637 37.5 78.5599
      vertex 4.30363 37.5 78.5599
    endloop
  endfacet
  facet normal 0 1 0
    outer loop
      vertex 4.04352 37.5 78.4716
      vertex 2.95648 37.5 78.4716
      vertex 2.69637 37.5 78.5599
    endloop
  endfacet
  facet normal 0 1 -0
    outer loop
      vertex 3.7741 37.5 78.418
      vertex 2.95648 37.5 78.4716
      vertex 4.04352 37.5 78.4716
    endloop
  endfacet
  facet normal 0 1 0
    outer loop
      vertex 3.7741 37.5 78.418
      vertex 3.2259 37.5 78.418
      vertex 2.95648 37.5 78.4716
    endloop
  endfacet
  facet normal -0 1 0
    outer loop
      vertex 3.2259 37.5 78.418
      vertex 3.7741 37.5 78.418
      vertex 3.5 37.5 78.4
    endloop
  endfacet
  facet normal 0.4423 0 -0.896867
    outer loop
      vertex 2.45 37.5 82.3186
      vertex 2.69637 44 82.4401
      vertex 2.69637 37.5 82.4401
    endloop
  endfacet
  facet normal 0.4423 0 -0.896867
    outer loop
      vertex 2.69637 44 82.4401
      vertex 2.45 37.5 82.3186
      vertex 2.45 44 82.3186
    endloop
  endfacet
  facet normal 0.706348 -0.706348 -0.0463236
    outer loop
      vertex 73 36.5 3.5
      vertex 72.9786 36.5 3.17369
      vertex 75 38.5 3.5
    endloop
  endfacet
  facet normal -0.0462406 -0.706349 -0.706352
    outer loop
      vertex 70.1737 36.5 1.02139
      vertex 70.0392 37.5302 0
      vertex 70.3386 37.5106 0
    endloop
  endfacet
  facet normal -0.0463034 -0.706348 0.706348
    outer loop
      vertex 70.5 38.5 8
      vertex 70.1737 36.5 5.97861
      vertex 70.5 36.5 6
    endloop
  endfacet
  facet normal 0.227498 -0.706349 0.67031
    outer loop
      vertex 72.2221 38.5 7.65746
      vertex 71.147 36.5 5.91481
      vertex 71.4567 36.5 5.8097
    endloop
  endfacet
  facet normal 0.313221 -0.706341 -0.634804
    outer loop
      vertex 72.5207 38.0415 0
      vertex 71.75 36.5 1.33494
      vertex 72.0663 37.84 0
    endloop
  endfacet
  facet normal -0.706348 -0.706348 -0.0463236
    outer loop
      vertex 68 36.5 3.5
      vertex 66 38.5 3.5
      vertex 68.0214 36.5 3.17369
    endloop
  endfacet
  facet normal -0.313221 -0.706341 -0.634804
    outer loop
      vertex 69.25 36.5 1.33494
      vertex 68.4793 38.0415 0
      vertex 68.9337 37.84 0
    endloop
  endfacet
  facet normal -0.634844 -0.706342 -0.313135
    outer loop
      vertex 68.3349 36.5 2.25
      vertex 66.3425 38.5 1.77793
      vertex 66.6029 38.5 1.25
    endloop
  endfacet
  facet normal 0.532231 -0.706339 -0.466706
    outer loop
      vertex 72.2678 36.5 1.73223
      vertex 74 38.4117 0.814356
      vertex 72.4834 36.5 1.9781
    endloop
  endfacet
  facet normal 0.53413 -0.70673 -0.463937
    outer loop
      vertex 74 38.4117 0.814356
      vertex 72.2678 36.5 1.73223
      vertex 74 38.4222 0.798361
    endloop
  endfacet
  facet normal 0.393279 -0.706335 -0.588577
    outer loop
      vertex 72.5207 38.0415 0
      vertex 72.0219 36.5 1.51662
      vertex 71.75 36.5 1.33494
    endloop
  endfacet
  facet normal 0.392939 -0.706387 -0.588742
    outer loop
      vertex 72.0219 36.5 1.51662
      vertex 72.5207 38.0415 0
      vertex 72.5989 38.085 0
    endloop
  endfacet
  facet normal 0.634844 -0.706342 0.313135
    outer loop
      vertex 74.3971 38.5 5.75
      vertex 72.6651 36.5 4.75
      vertex 74.6575 38.5 5.22207
    endloop
  endfacet
  facet normal -0.532224 -0.706349 -0.4667
    outer loop
      vertex 68.5166 36.5 1.9781
      vertex 66.9299 38.5 0.760574
      vertex 68.7322 36.5 1.73223
    endloop
  endfacet
  facet normal -0.228027 -0.706354 -0.670125
    outer loop
      vertex 69.1835 37.7454 0
      vertex 69.5433 36.5 1.1903
      vertex 69.0503 37.7884 0
    endloop
  endfacet
  facet normal -0.227494 -0.706364 -0.670296
    outer loop
      vertex 69.5433 36.5 1.1903
      vertex 69.1835 37.7454 0
      vertex 69.853 36.5 1.08519
    endloop
  endfacet
  facet normal 0.31308 -0.706351 0.634861
    outer loop
      vertex 72.2221 38.5 7.65746
      vertex 71.4567 36.5 5.8097
      vertex 71.75 36.5 5.66506
    endloop
  endfacet
  facet normal 0.694268 -0.706352 0.138055
    outer loop
      vertex 74.8467 38.5 4.66469
      vertex 72.9786 36.5 3.82631
      vertex 74.9615 38.5 4.08737
    endloop
  endfacet
  facet normal -0.138095 -0.70635 0.694262
    outer loop
      vertex 69.9126 38.5 7.9615
      vertex 69.3353 38.5 7.84667
      vertex 70.1737 36.5 5.97861
    endloop
  endfacet
  facet normal -0.694268 -0.706352 -0.138055
    outer loop
      vertex 68.0214 36.5 3.17369
      vertex 66.0385 38.5 2.91263
      vertex 66.1533 38.5 2.33531
    endloop
  endfacet
  facet normal 0.532223 -0.70635 0.466699
    outer loop
      vertex 74.0701 38.5 6.23943
      vertex 72.2678 36.5 5.26777
      vertex 72.4834 36.5 5.0219
    endloop
  endfacet
  facet normal 0.694255 -0.706349 -0.138132
    outer loop
      vertex 74.8457 38.499 2.33573
      vertex 74.9615 38.5 2.91263
      vertex 72.9786 36.5 3.17369
    endloop
  endfacet
  facet normal 0.684134 -0.716549 -0.136083
    outer loop
      vertex 74.9615 38.5 2.91263
      vertex 74.8457 38.499 2.33573
      vertex 74.847 38.5 2.337
    endloop
  endfacet
  facet normal 0.694254 -0.706357 0.138098
    outer loop
      vertex 74.8467 38.5 4.66469
      vertex 72.9148 36.5 4.14705
      vertex 72.9786 36.5 3.82631
    endloop
  endfacet
  facet normal -0.706346 -0.706351 -0.0462985
    outer loop
      vertex 68.0214 36.5 3.17369
      vertex 66 38.5 3.5
      vertex 66.0385 38.5 2.91263
    endloop
  endfacet
  facet normal 0.670292 -0.706357 0.227527
    outer loop
      vertex 74.6575 38.5 5.22207
      vertex 72.9148 36.5 4.14705
      vertex 74.8467 38.5 4.66469
    endloop
  endfacet
  facet normal 0.227494 -0.706364 -0.670296
    outer loop
      vertex 71.8165 37.7454 0
      vertex 71.4567 36.5 1.1903
      vertex 71.147 36.5 1.08519
    endloop
  endfacet
  facet normal 0.228027 -0.706354 -0.670125
    outer loop
      vertex 71.4567 36.5 1.1903
      vertex 71.8165 37.7454 0
      vertex 71.9497 37.7884 0
    endloop
  endfacet
  facet normal 0.466702 -0.706345 0.532227
    outer loop
      vertex 73.2394 38.5 7.07009
      vertex 72.2678 36.5 5.26777
      vertex 73.682 38.5 6.68198
    endloop
  endfacet
  facet normal 0.532196 -0.706347 -0.466735
    outer loop
      vertex 73.682 38.5 0.31802
      vertex 74 38.4222 0.798361
      vertex 72.2678 36.5 1.73223
    endloop
  endfacet
  facet normal 0.532304 -0.70623 -0.466788
    outer loop
      vertex 74 38.4222 0.798361
      vertex 73.682 38.5 0.31802
      vertex 74 38.5 0.680653
    endloop
  endfacet
  facet normal -0.634886 -0.706357 0.313016
    outer loop
      vertex 68.3349 36.5 4.75
      vertex 66.3425 38.5 5.22207
      vertex 68.1903 36.5 4.45671
    endloop
  endfacet
  facet normal 0.466713 -0.706346 -0.532216
    outer loop
      vertex 73.2016 38.4222 0
      vertex 73.682 38.5 0.31802
      vertex 72.2678 36.5 1.73223
    endloop
  endfacet
  facet normal 0.466788 -0.706182 -0.532369
    outer loop
      vertex 73.682 38.5 0.31802
      vertex 73.2016 38.4222 0
      vertex 73.3193 38.5 0
    endloop
  endfacet
  facet normal -0.313098 -0.706349 0.634855
    outer loop
      vertex 68.7779 38.5 7.65746
      vertex 68.25 38.5 7.39711
      vertex 69.25 36.5 5.66506
    endloop
  endfacet
  facet normal -0.670303 -0.706354 0.227504
    outer loop
      vertex 68.1903 36.5 4.45671
      vertex 66.3425 38.5 5.22207
      vertex 68.0852 36.5 4.14705
    endloop
  endfacet
  facet normal 0.313087 -0.706336 -0.634875
    outer loop
      vertex 71.9497 37.7884 0
      vertex 71.75 36.5 1.33494
      vertex 71.4567 36.5 1.1903
    endloop
  endfacet
  facet normal 0.312615 -0.706414 -0.635021
    outer loop
      vertex 71.75 36.5 1.33494
      vertex 71.9497 37.7884 0
      vertex 72.0663 37.84 0
    endloop
  endfacet
  facet normal 0.532206 -0.706346 0.466725
    outer loop
      vertex 73.682 38.5 6.68198
      vertex 72.2678 36.5 5.26777
      vertex 74.0701 38.5 6.23943
    endloop
  endfacet
  facet normal 0.588583 -0.706347 0.393247
    outer loop
      vertex 74.0701 38.5 6.23943
      vertex 72.4834 36.5 5.0219
      vertex 74.3971 38.5 5.75
    endloop
  endfacet
  facet normal 0.706348 -0.706348 0.0463236
    outer loop
      vertex 75 38.5 3.5
      vertex 72.9786 36.5 3.82631
      vertex 73 36.5 3.5
    endloop
  endfacet
  facet normal -0.634886 -0.706357 -0.313016
    outer loop
      vertex 68.1903 36.5 2.54329
      vertex 66.3425 38.5 1.77793
      vertex 68.3349 36.5 2.25
    endloop
  endfacet
  facet normal 0.670303 -0.706354 0.227504
    outer loop
      vertex 74.6575 38.5 5.22207
      vertex 72.8097 36.5 4.45671
      vertex 72.9148 36.5 4.14705
    endloop
  endfacet
  facet normal -0.694254 -0.706357 0.138098
    outer loop
      vertex 68.0852 36.5 4.14705
      vertex 66.1533 38.5 4.66469
      vertex 68.0214 36.5 3.82631
    endloop
  endfacet
  facet normal 0.706346 -0.706351 -0.0462985
    outer loop
      vertex 75 38.5 3.5
      vertex 72.9786 36.5 3.17369
      vertex 74.9615 38.5 2.91263
    endloop
  endfacet
  facet normal 0.706346 -0.706351 0.0462985
    outer loop
      vertex 74.9615 38.5 4.08737
      vertex 72.9786 36.5 3.82631
      vertex 75 38.5 3.5
    endloop
  endfacet
  facet normal 0.634886 -0.706357 0.313016
    outer loop
      vertex 74.6575 38.5 5.22207
      vertex 72.6651 36.5 4.75
      vertex 72.8097 36.5 4.45671
    endloop
  endfacet
  facet normal 0.313098 -0.706349 0.634855
    outer loop
      vertex 72.2221 38.5 7.65746
      vertex 71.75 36.5 5.66506
      vertex 72.75 38.5 7.39711
    endloop
  endfacet
  facet normal 0.227367 -0.706348 -0.670356
    outer loop
      vertex 71.8165 37.7454 0
      vertex 71.147 36.5 1.08519
      vertex 71.4378 37.6235 0
    endloop
  endfacet
  facet normal 0.39328 -0.706347 0.588561
    outer loop
      vertex 72.75 38.5 7.39711
      vertex 72.0219 36.5 5.48338
      vertex 73.2394 38.5 7.07009
    endloop
  endfacet
  facet normal -0.13841 -0.706351 -0.694198
    outer loop
      vertex 69.7153 37.5935 0
      vertex 69.853 36.5 1.08519
      vertex 69.5622 37.6235 0
    endloop
  endfacet
  facet normal -0.138113 -0.706362 -0.694246
    outer loop
      vertex 69.853 36.5 1.08519
      vertex 69.7153 37.5935 0
      vertex 70.1737 36.5 1.02139
    endloop
  endfacet
  facet normal -0.706346 -0.706351 0.0462985
    outer loop
      vertex 66.0385 38.5 4.08737
      vertex 66 38.5 3.5
      vertex 68.0214 36.5 3.82631
    endloop
  endfacet
  facet normal 0.39332 -0.706338 -0.588546
    outer loop
      vertex 73.1856 38.4117 0
      vertex 72.0219 36.5 1.51662
      vertex 72.5989 38.085 0
    endloop
  endfacet
  facet normal -0.532206 -0.706346 0.466725
    outer loop
      vertex 67.318 38.5 6.68198
      vertex 66.9299 38.5 6.23943
      vertex 68.7322 36.5 5.26777
    endloop
  endfacet
  facet normal 0.138043 -0.706354 -0.694268
    outer loop
      vertex 71.2847 37.5935 0
      vertex 70.8263 36.5 1.02139
      vertex 70.9608 37.5302 0
    endloop
  endfacet
  facet normal 0.0462406 -0.706349 -0.706352
    outer loop
      vertex 70.8263 36.5 1.02139
      vertex 70.6614 37.5106 0
      vertex 70.9608 37.5302 0
    endloop
  endfacet
  facet normal -0.532208 -0.706346 -0.466723
    outer loop
      vertex 68.7322 36.5 1.73223
      vertex 66.9299 38.5 0.760574
      vertex 67.318 38.5 0.31802
    endloop
  endfacet
  facet normal 0 -1 0
    outer loop
      vertex 70.1737 36.5 5.97861
      vertex 70.8263 36.5 5.97861
      vertex 70.5 36.5 6
    endloop
  endfacet
  facet normal 0 -1 0
    outer loop
      vertex 69.853 36.5 5.91481
      vertex 70.8263 36.5 5.97861
      vertex 70.1737 36.5 5.97861
    endloop
  endfacet
  facet normal 0 -1 0
    outer loop
      vertex 69.853 36.5 5.91481
      vertex 71.147 36.5 5.91481
      vertex 70.8263 36.5 5.97861
    endloop
  endfacet
  facet normal 0 -1 0
    outer loop
      vertex 69.5433 36.5 5.8097
      vertex 71.147 36.5 5.91481
      vertex 69.853 36.5 5.91481
    endloop
  endfacet
  facet normal 0 -1 0
    outer loop
      vertex 69.5433 36.5 5.8097
      vertex 71.4567 36.5 5.8097
      vertex 71.147 36.5 5.91481
    endloop
  endfacet
  facet normal 0 -1 0
    outer loop
      vertex 69.25 36.5 5.66506
      vertex 71.4567 36.5 5.8097
      vertex 69.5433 36.5 5.8097
    endloop
  endfacet
  facet normal 0 -1 0
    outer loop
      vertex 69.25 36.5 5.66506
      vertex 71.75 36.5 5.66506
      vertex 71.4567 36.5 5.8097
    endloop
  endfacet
  facet normal 0 -1 0
    outer loop
      vertex 68.9781 36.5 5.48338
      vertex 71.75 36.5 5.66506
      vertex 69.25 36.5 5.66506
    endloop
  endfacet
  facet normal 0 -1 0
    outer loop
      vertex 68.9781 36.5 5.48338
      vertex 72.0219 36.5 5.48338
      vertex 71.75 36.5 5.66506
    endloop
  endfacet
  facet normal 0 -1 0
    outer loop
      vertex 68.7322 36.5 5.26777
      vertex 72.0219 36.5 5.48338
      vertex 68.9781 36.5 5.48338
    endloop
  endfacet
  facet normal 0 -1 0
    outer loop
      vertex 68.7322 36.5 5.26777
      vertex 72.2678 36.5 5.26777
      vertex 72.0219 36.5 5.48338
    endloop
  endfacet
  facet normal 0 -1 0
    outer loop
      vertex 68.5166 36.5 5.0219
      vertex 72.2678 36.5 5.26777
      vertex 68.7322 36.5 5.26777
    endloop
  endfacet
  facet normal 0 -1 0
    outer loop
      vertex 68.5166 36.5 5.0219
      vertex 72.4834 36.5 5.0219
      vertex 72.2678 36.5 5.26777
    endloop
  endfacet
  facet normal 0 -1 0
    outer loop
      vertex 68.3349 36.5 4.75
      vertex 72.4834 36.5 5.0219
      vertex 68.5166 36.5 5.0219
    endloop
  endfacet
  facet normal 0 -1 0
    outer loop
      vertex 68.3349 36.5 4.75
      vertex 72.6651 36.5 4.75
      vertex 72.4834 36.5 5.0219
    endloop
  endfacet
  facet normal 0 -1 0
    outer loop
      vertex 68.1903 36.5 4.45671
      vertex 72.6651 36.5 4.75
      vertex 68.3349 36.5 4.75
    endloop
  endfacet
  facet normal 0 -1 0
    outer loop
      vertex 68.1903 36.5 4.45671
      vertex 72.8097 36.5 4.45671
      vertex 72.6651 36.5 4.75
    endloop
  endfacet
  facet normal 0 -1 0
    outer loop
      vertex 68.0852 36.5 4.14705
      vertex 72.8097 36.5 4.45671
      vertex 68.1903 36.5 4.45671
    endloop
  endfacet
  facet normal 0 -1 0
    outer loop
      vertex 68.0852 36.5 4.14705
      vertex 72.9148 36.5 4.14705
      vertex 72.8097 36.5 4.45671
    endloop
  endfacet
  facet normal 0 -1 0
    outer loop
      vertex 68.0214 36.5 3.82631
      vertex 72.9148 36.5 4.14705
      vertex 68.0852 36.5 4.14705
    endloop
  endfacet
  facet normal 0 -1 0
    outer loop
      vertex 68.0214 36.5 3.82631
      vertex 72.9786 36.5 3.82631
      vertex 72.9148 36.5 4.14705
    endloop
  endfacet
  facet normal 0 -1 0
    outer loop
      vertex 68 36.5 3.5
      vertex 72.9786 36.5 3.82631
      vertex 68.0214 36.5 3.82631
    endloop
  endfacet
  facet normal 0 -1 0
    outer loop
      vertex 68 36.5 3.5
      vertex 73 36.5 3.5
      vertex 72.9786 36.5 3.82631
    endloop
  endfacet
  facet normal 0 -1 0
    outer loop
      vertex 68.0214 36.5 3.17369
      vertex 73 36.5 3.5
      vertex 68 36.5 3.5
    endloop
  endfacet
  facet normal 0 -1 0
    outer loop
      vertex 68.0214 36.5 3.17369
      vertex 72.9786 36.5 3.17369
      vertex 73 36.5 3.5
    endloop
  endfacet
  facet normal 0 -1 0
    outer loop
      vertex 68.0852 36.5 2.85295
      vertex 72.9786 36.5 3.17369
      vertex 68.0214 36.5 3.17369
    endloop
  endfacet
  facet normal 0 -1 0
    outer loop
      vertex 68.0852 36.5 2.85295
      vertex 72.9148 36.5 2.85295
      vertex 72.9786 36.5 3.17369
    endloop
  endfacet
  facet normal 0 -1 0
    outer loop
      vertex 68.1903 36.5 2.54329
      vertex 72.9148 36.5 2.85295
      vertex 68.0852 36.5 2.85295
    endloop
  endfacet
  facet normal 0 -1 0
    outer loop
      vertex 68.1903 36.5 2.54329
      vertex 72.8097 36.5 2.54329
      vertex 72.9148 36.5 2.85295
    endloop
  endfacet
  facet normal 0 -1 0
    outer loop
      vertex 68.3349 36.5 2.25
      vertex 72.8097 36.5 2.54329
      vertex 68.1903 36.5 2.54329
    endloop
  endfacet
  facet normal 0 -1 0
    outer loop
      vertex 68.3349 36.5 2.25
      vertex 72.6651 36.5 2.25
      vertex 72.8097 36.5 2.54329
    endloop
  endfacet
  facet normal 0 -1 0
    outer loop
      vertex 68.5166 36.5 1.9781
      vertex 72.6651 36.5 2.25
      vertex 68.3349 36.5 2.25
    endloop
  endfacet
  facet normal 0 -1 0
    outer loop
      vertex 68.5166 36.5 1.9781
      vertex 72.4834 36.5 1.9781
      vertex 72.6651 36.5 2.25
    endloop
  endfacet
  facet normal 0 -1 0
    outer loop
      vertex 68.7322 36.5 1.73223
      vertex 72.4834 36.5 1.9781
      vertex 68.5166 36.5 1.9781
    endloop
  endfacet
  facet normal 0 -1 0
    outer loop
      vertex 68.7322 36.5 1.73223
      vertex 72.2678 36.5 1.73223
      vertex 72.4834 36.5 1.9781
    endloop
  endfacet
  facet normal 0 -1 0
    outer loop
      vertex 68.9781 36.5 1.51662
      vertex 72.2678 36.5 1.73223
      vertex 68.7322 36.5 1.73223
    endloop
  endfacet
  facet normal 0 -1 0
    outer loop
      vertex 68.9781 36.5 1.51662
      vertex 72.0219 36.5 1.51662
      vertex 72.2678 36.5 1.73223
    endloop
  endfacet
  facet normal 0 -1 0
    outer loop
      vertex 69.25 36.5 1.33494
      vertex 72.0219 36.5 1.51662
      vertex 68.9781 36.5 1.51662
    endloop
  endfacet
  facet normal 0 -1 0
    outer loop
      vertex 69.25 36.5 1.33494
      vertex 71.75 36.5 1.33494
      vertex 72.0219 36.5 1.51662
    endloop
  endfacet
  facet normal 0 -1 0
    outer loop
      vertex 69.5433 36.5 1.1903
      vertex 71.75 36.5 1.33494
      vertex 69.25 36.5 1.33494
    endloop
  endfacet
  facet normal 0 -1 0
    outer loop
      vertex 69.5433 36.5 1.1903
      vertex 71.4567 36.5 1.1903
      vertex 71.75 36.5 1.33494
    endloop
  endfacet
  facet normal 0 -1 0
    outer loop
      vertex 69.853 36.5 1.08519
      vertex 71.4567 36.5 1.1903
      vertex 69.5433 36.5 1.1903
    endloop
  endfacet
  facet normal 0 -1 0
    outer loop
      vertex 69.853 36.5 1.08519
      vertex 71.147 36.5 1.08519
      vertex 71.4567 36.5 1.1903
    endloop
  endfacet
  facet normal 0 -1 0
    outer loop
      vertex 70.1737 36.5 1.02139
      vertex 71.147 36.5 1.08519
      vertex 69.853 36.5 1.08519
    endloop
  endfacet
  facet normal 0 -1 0
    outer loop
      vertex 70.1737 36.5 1.02139
      vertex 70.8263 36.5 1.02139
      vertex 71.147 36.5 1.08519
    endloop
  endfacet
  facet normal -0 -1 0
    outer loop
      vertex 70.8263 36.5 1.02139
      vertex 70.1737 36.5 1.02139
      vertex 70.5 36.5 1
    endloop
  endfacet
  facet normal -0.694268 -0.706352 0.138055
    outer loop
      vertex 66.1533 38.5 4.66469
      vertex 66.0385 38.5 4.08737
      vertex 68.0214 36.5 3.82631
    endloop
  endfacet
  facet normal 0.670307 -0.706349 -0.227505
    outer loop
      vertex 74.3962 38.2172 1.88616
      vertex 72.9148 36.5 2.85295
      vertex 72.8097 36.5 2.54329
    endloop
  endfacet
  facet normal 0.67042 -0.706317 -0.227275
    outer loop
      vertex 72.9148 36.5 2.85295
      vertex 74.3962 38.2172 1.88616
      vertex 74.4289 38.2377 1.91891
    endloop
  endfacet
  facet normal 0.588561 -0.70633 -0.393312
    outer loop
      vertex 72.4834 36.5 1.9781
      vertex 74 38.0415 1.47927
      vertex 72.6651 36.5 2.25
    endloop
  endfacet
  facet normal 0.588697 -0.706373 -0.393032
    outer loop
      vertex 74 38.0415 1.47927
      vertex 72.4834 36.5 1.9781
      vertex 74 38.085 1.40109
    endloop
  endfacet
  facet normal -0.466788 -0.706182 -0.532369
    outer loop
      vertex 67.7984 38.4222 0
      vertex 67.318 38.5 0.31802
      vertex 67.6807 38.5 0
    endloop
  endfacet
  facet normal -0.466713 -0.706346 -0.532216
    outer loop
      vertex 67.318 38.5 0.31802
      vertex 67.7984 38.4222 0
      vertex 68.7322 36.5 1.73223
    endloop
  endfacet
  facet normal 0.46668 -0.706348 0.532242
    outer loop
      vertex 73.2394 38.5 7.07009
      vertex 72.0219 36.5 5.48338
      vertex 72.2678 36.5 5.26777
    endloop
  endfacet
  facet normal -0.312615 -0.706414 -0.635021
    outer loop
      vertex 69.0503 37.7884 0
      vertex 69.25 36.5 1.33494
      vertex 68.9337 37.84 0
    endloop
  endfacet
  facet normal -0.313087 -0.706336 -0.634875
    outer loop
      vertex 69.25 36.5 1.33494
      vertex 69.0503 37.7884 0
      vertex 69.5433 36.5 1.1903
    endloop
  endfacet
  facet normal 0.58856 -0.706339 -0.393297
    outer loop
      vertex 74 38.085 1.40109
      vertex 72.4834 36.5 1.9781
      vertex 74 38.4117 0.814356
    endloop
  endfacet
  facet normal 0.227532 -0.706354 0.670294
    outer loop
      vertex 71.6647 38.5 7.84667
      vertex 71.147 36.5 5.91481
      vertex 72.2221 38.5 7.65746
    endloop
  endfacet
  facet normal 0.634848 -0.706335 -0.313145
    outer loop
      vertex 72.6651 36.5 2.25
      vertex 74 38.0323 1.5
      vertex 74.3587 38.2001 1.84871
    endloop
  endfacet
  facet normal 0.634673 -0.706345 -0.313477
    outer loop
      vertex 74 38.0323 1.5
      vertex 72.6651 36.5 2.25
      vertex 74 38.0415 1.47927
    endloop
  endfacet
  facet normal 0.635182 -0.705758 -0.313767
    outer loop
      vertex 74.3587 38.2001 1.84871
      vertex 74 38.0323 1.5
      vertex 74.01 38.0413 1.5
    endloop
  endfacet
  facet normal -0.39328 -0.706347 0.588561
    outer loop
      vertex 68.25 38.5 7.39711
      vertex 67.7606 38.5 7.07009
      vertex 68.9781 36.5 5.48338
    endloop
  endfacet
  facet normal -0.706348 -0.706348 0.0463236
    outer loop
      vertex 68.0214 36.5 3.82631
      vertex 66 38.5 3.5
      vertex 68 36.5 3.5
    endloop
  endfacet
  facet normal 0.393272 -0.706348 0.588566
    outer loop
      vertex 72.75 38.5 7.39711
      vertex 71.75 36.5 5.66506
      vertex 72.0219 36.5 5.48338
    endloop
  endfacet
  facet normal -0.634844 -0.706342 0.313135
    outer loop
      vertex 66.6029 38.5 5.75
      vertex 66.3425 38.5 5.22207
      vertex 68.3349 36.5 4.75
    endloop
  endfacet
  facet normal -0.227532 -0.706354 0.670294
    outer loop
      vertex 69.3353 38.5 7.84667
      vertex 68.7779 38.5 7.65746
      vertex 69.853 36.5 5.91481
    endloop
  endfacet
  facet normal -0.670292 -0.706357 -0.227527
    outer loop
      vertex 68.0852 36.5 2.85295
      vertex 66.1533 38.5 2.33531
      vertex 66.3425 38.5 1.77793
    endloop
  endfacet
  facet normal 0.466687 -0.706337 -0.53225
    outer loop
      vertex 73.1856 38.4117 0
      vertex 72.2678 36.5 1.73223
      vertex 72.0219 36.5 1.51662
    endloop
  endfacet
  facet normal 0.463801 -0.706745 -0.534229
    outer loop
      vertex 72.2678 36.5 1.73223
      vertex 73.1856 38.4117 0
      vertex 73.2016 38.4222 0
    endloop
  endfacet
  facet normal 0.588553 -0.70634 0.393306
    outer loop
      vertex 74.3971 38.5 5.75
      vertex 72.4834 36.5 5.0219
      vertex 72.6651 36.5 4.75
    endloop
  endfacet
  facet normal 0.634893 -0.70635 -0.313019
    outer loop
      vertex 74.3587 38.2001 1.84871
      vertex 72.8097 36.5 2.54329
      vertex 72.6651 36.5 2.25
    endloop
  endfacet
  facet normal 0.63483 -0.706347 -0.313153
    outer loop
      vertex 72.8097 36.5 2.54329
      vertex 74.3587 38.2001 1.84871
      vertex 74.3962 38.2172 1.88616
    endloop
  endfacet
  facet normal 0.670295 -0.70635 -0.227539
    outer loop
      vertex 74.8456 38.4989 2.3356
      vertex 72.9148 36.5 2.85295
      vertex 74.4289 38.2377 1.91891
    endloop
  endfacet
  facet normal 0.694261 -0.70635 -0.138099
    outer loop
      vertex 74.8456 38.4989 2.3356
      vertex 72.9786 36.5 3.17369
      vertex 72.9148 36.5 2.85295
    endloop
  endfacet
  facet normal 0.724681 -0.688523 -0.0278135
    outer loop
      vertex 72.9786 36.5 3.17369
      vertex 74.8456 38.4989 2.3356
      vertex 74.8457 38.499 2.33573
    endloop
  endfacet
  facet normal 0.138115 -0.706353 0.694255
    outer loop
      vertex 71.6647 38.5 7.84667
      vertex 70.8263 36.5 5.97861
      vertex 71.147 36.5 5.91481
    endloop
  endfacet
  facet normal -0.588553 -0.70634 -0.393306
    outer loop
      vertex 68.3349 36.5 2.25
      vertex 66.6029 38.5 1.25
      vertex 68.5166 36.5 1.9781
    endloop
  endfacet
  facet normal -0.588582 -0.706347 -0.393249
    outer loop
      vertex 68.5166 36.5 1.9781
      vertex 66.6029 38.5 1.25
      vertex 66.9299 38.5 0.760574
    endloop
  endfacet
  facet normal 0.0463034 -0.706348 0.706348
    outer loop
      vertex 70.5 38.5 8
      vertex 70.5 36.5 6
      vertex 70.8263 36.5 5.97861
    endloop
  endfacet
  facet normal -0.694254 -0.706357 -0.138098
    outer loop
      vertex 68.0214 36.5 3.17369
      vertex 66.1533 38.5 2.33531
      vertex 68.0852 36.5 2.85295
    endloop
  endfacet
  facet normal -0.670303 -0.706354 -0.227504
    outer loop
      vertex 68.0852 36.5 2.85295
      vertex 66.3425 38.5 1.77793
      vertex 68.1903 36.5 2.54329
    endloop
  endfacet
  facet normal -0.670292 -0.706357 0.227527
    outer loop
      vertex 66.3425 38.5 5.22207
      vertex 66.1533 38.5 4.66469
      vertex 68.0852 36.5 4.14705
    endloop
  endfacet
  facet normal -0.393272 -0.706348 0.588566
    outer loop
      vertex 69.25 36.5 5.66506
      vertex 68.25 38.5 7.39711
      vertex 68.9781 36.5 5.48338
    endloop
  endfacet
  facet normal -0.588583 -0.706347 0.393247
    outer loop
      vertex 66.9299 38.5 6.23943
      vertex 66.6029 38.5 5.75
      vertex 68.5166 36.5 5.0219
    endloop
  endfacet
  facet normal 0.138113 -0.706362 -0.694246
    outer loop
      vertex 71.2847 37.5935 0
      vertex 71.147 36.5 1.08519
      vertex 70.8263 36.5 1.02139
    endloop
  endfacet
  facet normal 0.13841 -0.706351 -0.694198
    outer loop
      vertex 71.147 36.5 1.08519
      vertex 71.2847 37.5935 0
      vertex 71.4378 37.6235 0
    endloop
  endfacet
  facet normal -0.227367 -0.706348 -0.670356
    outer loop
      vertex 69.853 36.5 1.08519
      vertex 69.1835 37.7454 0
      vertex 69.5622 37.6235 0
    endloop
  endfacet
  facet normal -0.39332 -0.706338 -0.588546
    outer loop
      vertex 68.9781 36.5 1.51662
      vertex 67.8144 38.4117 0
      vertex 68.4011 38.085 0
    endloop
  endfacet
  facet normal 0.0463895 -0.706346 -0.706346
    outer loop
      vertex 70.6614 37.5106 0
      vertex 70.5 36.5 1
      vertex 70.5 37.5 0
    endloop
  endfacet
  facet normal 0.0463038 -0.706341 -0.706355
    outer loop
      vertex 70.5 36.5 1
      vertex 70.6614 37.5106 0
      vertex 70.8263 36.5 1.02139
    endloop
  endfacet
  facet normal -0.532223 -0.70635 0.466699
    outer loop
      vertex 68.7322 36.5 5.26777
      vertex 66.9299 38.5 6.23943
      vertex 68.5166 36.5 5.0219
    endloop
  endfacet
  facet normal -0.0463895 -0.706346 -0.706346
    outer loop
      vertex 70.5 36.5 1
      vertex 70.3386 37.5106 0
      vertex 70.5 37.5 0
    endloop
  endfacet
  facet normal -0.0463038 -0.706341 -0.706355
    outer loop
      vertex 70.3386 37.5106 0
      vertex 70.5 36.5 1
      vertex 70.1737 36.5 1.02139
    endloop
  endfacet
  facet normal 0.0462962 -0.706349 0.706348
    outer loop
      vertex 71.0874 38.5 7.9615
      vertex 70.5 38.5 8
      vertex 70.8263 36.5 5.97861
    endloop
  endfacet
  facet normal -0.46668 -0.706348 0.532242
    outer loop
      vertex 68.9781 36.5 5.48338
      vertex 67.7606 38.5 7.07009
      vertex 68.7322 36.5 5.26777
    endloop
  endfacet
  facet normal 0.138095 -0.70635 0.694262
    outer loop
      vertex 71.0874 38.5 7.9615
      vertex 70.8263 36.5 5.97861
      vertex 71.6647 38.5 7.84667
    endloop
  endfacet
  facet normal -0.138043 -0.706354 -0.694268
    outer loop
      vertex 70.1737 36.5 1.02139
      vertex 69.7153 37.5935 0
      vertex 70.0392 37.5302 0
    endloop
  endfacet
  facet normal -0.463801 -0.706745 -0.534229
    outer loop
      vertex 67.8144 38.4117 0
      vertex 68.7322 36.5 1.73223
      vertex 67.7984 38.4222 0
    endloop
  endfacet
  facet normal -0.466687 -0.706337 -0.53225
    outer loop
      vertex 68.7322 36.5 1.73223
      vertex 67.8144 38.4117 0
      vertex 68.9781 36.5 1.51662
    endloop
  endfacet
  facet normal -0.392939 -0.706387 -0.588742
    outer loop
      vertex 68.4793 38.0415 0
      vertex 68.9781 36.5 1.51662
      vertex 68.4011 38.085 0
    endloop
  endfacet
  facet normal -0.393279 -0.706335 -0.588577
    outer loop
      vertex 68.9781 36.5 1.51662
      vertex 68.4793 38.0415 0
      vertex 69.25 36.5 1.33494
    endloop
  endfacet
  facet normal -0.466702 -0.706345 0.532227
    outer loop
      vertex 67.7606 38.5 7.07009
      vertex 67.318 38.5 6.68198
      vertex 68.7322 36.5 5.26777
    endloop
  endfacet
  facet normal -0.0462962 -0.706349 0.706348
    outer loop
      vertex 70.5 38.5 8
      vertex 69.9126 38.5 7.9615
      vertex 70.1737 36.5 5.97861
    endloop
  endfacet
  facet normal -0.138115 -0.706353 0.694255
    outer loop
      vertex 70.1737 36.5 5.97861
      vertex 69.3353 38.5 7.84667
      vertex 69.853 36.5 5.91481
    endloop
  endfacet
  facet normal -0.31308 -0.706351 0.634861
    outer loop
      vertex 69.5433 36.5 5.8097
      vertex 68.7779 38.5 7.65746
      vertex 69.25 36.5 5.66506
    endloop
  endfacet
  facet normal -0.588553 -0.70634 0.393306
    outer loop
      vertex 68.5166 36.5 5.0219
      vertex 66.6029 38.5 5.75
      vertex 68.3349 36.5 4.75
    endloop
  endfacet
  facet normal -0.227498 -0.706349 0.67031
    outer loop
      vertex 69.853 36.5 5.91481
      vertex 68.7779 38.5 7.65746
      vertex 69.5433 36.5 5.8097
    endloop
  endfacet
  facet normal 0.980785 0 -0.19509
    outer loop
      vertex 74.847 38.5 2.337
      vertex 74.9615 40.2485 2.91263
      vertex 74.9615 38.5 2.91263
    endloop
  endfacet
  facet normal 0.980785 0 -0.19509
    outer loop
      vertex 74.9615 40.2485 2.91263
      vertex 74.847 38.5 2.337
      vertex 74.847 40.363 2.337
    endloop
  endfacet
  facet normal 0.997859 0 -0.0654061
    outer loop
      vertex 74.9615 38.5 2.91263
      vertex 75 40.21 3.5
      vertex 75 38.5 3.5
    endloop
  endfacet
  facet normal 0.997859 0 -0.0654061
    outer loop
      vertex 75 40.21 3.5
      vertex 74.9615 38.5 2.91263
      vertex 74.9615 40.2485 2.91263
    endloop
  endfacet
  facet normal 0.980797 -0 0.195031
    outer loop
      vertex 74.8467 38.5 4.66469
      vertex 74.9615 40.2485 4.08737
      vertex 74.8467 40.3633 4.66469
    endloop
  endfacet
  facet normal 0.980797 0 0.195031
    outer loop
      vertex 74.9615 40.2485 4.08737
      vertex 74.8467 38.5 4.66469
      vertex 74.9615 38.5 4.08737
    endloop
  endfacet
  facet normal -0.751845 0 0.65934
    outer loop
      vertex 66.9299 38.5 6.23943
      vertex 67.318 44 6.68198
      vertex 66.9299 44 6.23943
    endloop
  endfacet
  facet normal -0.751845 0 0.65934
    outer loop
      vertex 67.318 44 6.68198
      vertex 66.9299 38.5 6.23943
      vertex 67.318 38.5 6.68198
    endloop
  endfacet
  facet normal 0.896837 -0 0.442362
    outer loop
      vertex 74.3971 38.5 5.75
      vertex 74.6575 40.5525 5.22207
      vertex 74.3971 40.8129 5.75
    endloop
  endfacet
  facet normal 0.896837 0 0.442362
    outer loop
      vertex 74.6575 40.5525 5.22207
      vertex 74.3971 38.5 5.75
      vertex 74.6575 38.5 5.22207
    endloop
  endfacet
  facet normal 0.997859 -0 0.0654061
    outer loop
      vertex 74.9615 38.5 4.08737
      vertex 75 40.21 3.5
      vertex 74.9615 40.2485 4.08737
    endloop
  endfacet
  facet normal 0.997859 0 0.0654061
    outer loop
      vertex 75 40.21 3.5
      vertex 74.9615 38.5 4.08737
      vertex 75 38.5 3.5
    endloop
  endfacet
  facet normal -0.896837 0 -0.442362
    outer loop
      vertex 66.6029 38.5 1.25
      vertex 66.3425 44 1.77793
      vertex 66.6029 44 1.25
    endloop
  endfacet
  facet normal -0.896837 -0 -0.442362
    outer loop
      vertex 66.3425 44 1.77793
      vertex 66.6029 38.5 1.25
      vertex 66.3425 38.5 1.77793
    endloop
  endfacet
  facet normal -0.659276 0 -0.751901
    outer loop
      vertex 67.318 38.5 0.31802
      vertex 67.6807 44 0
      vertex 67.6807 38.5 0
    endloop
  endfacet
  facet normal -0.659276 0 -0.751901
    outer loop
      vertex 67.6807 44 0
      vertex 67.318 38.5 0.31802
      vertex 67.318 44 0.31802
    endloop
  endfacet
  facet normal 0.321437 0 0.946931
    outer loop
      vertex 71.6647 44 7.84667
      vertex 72.2221 38.5 7.65746
      vertex 72.2221 44 7.65746
    endloop
  endfacet
  facet normal 0.321437 0 0.946931
    outer loop
      vertex 72.2221 38.5 7.65746
      vertex 71.6647 44 7.84667
      vertex 71.6647 38.5 7.84667
    endloop
  endfacet
  facet normal -0.997859 0 0.0654061
    outer loop
      vertex 66 38.5 3.5
      vertex 66.0385 44 4.08737
      vertex 66 44 3.5
    endloop
  endfacet
  facet normal -0.997859 0 0.0654061
    outer loop
      vertex 66.0385 44 4.08737
      vertex 66 38.5 3.5
      vertex 66.0385 38.5 4.08737
    endloop
  endfacet
  facet normal -0.659308 0 0.751873
    outer loop
      vertex 67.318 44 6.68198
      vertex 67.7606 38.5 7.07009
      vertex 67.7606 44 7.07009
    endloop
  endfacet
  facet normal -0.659308 0 0.751873
    outer loop
      vertex 67.7606 38.5 7.07009
      vertex 67.318 44 6.68198
      vertex 67.318 38.5 6.68198
    endloop
  endfacet
  facet normal -0.831491 0 0.555539
    outer loop
      vertex 66.6029 38.5 5.75
      vertex 66.9299 44 6.23943
      vertex 66.6029 44 5.75
    endloop
  endfacet
  facet normal -0.831491 0 0.555539
    outer loop
      vertex 66.9299 44 6.23943
      vertex 66.6029 38.5 5.75
      vertex 66.9299 38.5 6.23943
    endloop
  endfacet
  facet normal -0.997859 0 -0.0654061
    outer loop
      vertex 66.0385 38.5 2.91263
      vertex 66 44 3.5
      vertex 66.0385 44 2.91263
    endloop
  endfacet
  facet normal -0.997859 -0 -0.0654061
    outer loop
      vertex 66 44 3.5
      vertex 66.0385 38.5 2.91263
      vertex 66 38.5 3.5
    endloop
  endfacet
  facet normal 0.0654027 0 0.997859
    outer loop
      vertex 70.5 44 8
      vertex 71.0874 38.5 7.9615
      vertex 71.0874 44 7.9615
    endloop
  endfacet
  facet normal 0.0654027 0 0.997859
    outer loop
      vertex 71.0874 38.5 7.9615
      vertex 70.5 44 8
      vertex 70.5 38.5 8
    endloop
  endfacet
  facet normal 0.659308 0 0.751873
    outer loop
      vertex 73.2394 44 7.07009
      vertex 73.682 38.5 6.68198
      vertex 73.682 44 6.68198
    endloop
  endfacet
  facet normal 0.659308 0 0.751873
    outer loop
      vertex 73.682 38.5 6.68198
      vertex 73.2394 44 7.07009
      vertex 73.2394 38.5 7.07009
    endloop
  endfacet
  facet normal -0.946933 0 0.321432
    outer loop
      vertex 66.1533 38.5 4.66469
      vertex 66.3425 44 5.22207
      vertex 66.1533 44 4.66469
    endloop
  endfacet
  facet normal -0.946933 0 0.321432
    outer loop
      vertex 66.3425 44 5.22207
      vertex 66.1533 38.5 4.66469
      vertex 66.3425 38.5 5.22207
    endloop
  endfacet
  facet normal 0.946933 -0 0.321432
    outer loop
      vertex 74.6575 38.5 5.22207
      vertex 74.8467 40.3633 4.66469
      vertex 74.6575 40.5525 5.22207
    endloop
  endfacet
  facet normal 0.946933 0 0.321432
    outer loop
      vertex 74.8467 40.3633 4.66469
      vertex 74.6575 38.5 5.22207
      vertex 74.8467 38.5 4.66469
    endloop
  endfacet
  facet normal 0.751861 0 -0.659322
    outer loop
      vertex 74 38.5 0.680653
      vertex 73.682 44 0.31802
      vertex 74 44 0.680653
    endloop
  endfacet
  facet normal 0.751861 0 -0.659322
    outer loop
      vertex 73.682 44 0.31802
      vertex 74 38.5 0.680653
      vertex 73.682 38.5 0.31802
    endloop
  endfacet
  facet normal 0.751858 0 0.659325
    outer loop
      vertex 73.682 44 6.68198
      vertex 74 41.2 6.31935
      vertex 74 44 6.31935
    endloop
  endfacet
  facet normal 0.751759 -6.58341e-05 0.659438
    outer loop
      vertex 74 41.2 6.31935
      vertex 74.0701 41.1399 6.23943
      vertex 74.01 41.2 6.30795
    endloop
  endfacet
  facet normal 0.751858 -0 0.659325
    outer loop
      vertex 73.682 38.5 6.68198
      vertex 74 41.2 6.31935
      vertex 73.682 44 6.68198
    endloop
  endfacet
  facet normal 0.751791 1.8363e-05 0.659402
    outer loop
      vertex 73.682 38.5 6.68198
      vertex 74.0701 41.1399 6.23943
      vertex 74 41.2 6.31935
    endloop
  endfacet
  facet normal 0.751845 0 0.65934
    outer loop
      vertex 74.0701 41.1399 6.23943
      vertex 73.682 38.5 6.68198
      vertex 74.0701 38.5 6.23943
    endloop
  endfacet
  facet normal -0.442314 0 0.89686
    outer loop
      vertex 68.25 44 7.39711
      vertex 68.7779 38.5 7.65746
      vertex 68.7779 44 7.65746
    endloop
  endfacet
  facet normal -0.442314 0 0.89686
    outer loop
      vertex 68.7779 38.5 7.65746
      vertex 68.25 44 7.39711
      vertex 68.25 38.5 7.39711
    endloop
  endfacet
  facet normal -0.946933 0 -0.321432
    outer loop
      vertex 66.3425 38.5 1.77793
      vertex 66.1533 44 2.33531
      vertex 66.3425 44 1.77793
    endloop
  endfacet
  facet normal -0.946933 -0 -0.321432
    outer loop
      vertex 66.1533 44 2.33531
      vertex 66.3425 38.5 1.77793
      vertex 66.1533 38.5 2.33531
    endloop
  endfacet
  facet normal 0.195087 0 0.980786
    outer loop
      vertex 71.0874 44 7.9615
      vertex 71.6647 38.5 7.84667
      vertex 71.6647 44 7.84667
    endloop
  endfacet
  facet normal 0.195087 0 0.980786
    outer loop
      vertex 71.6647 38.5 7.84667
      vertex 71.0874 44 7.9615
      vertex 71.0874 38.5 7.9615
    endloop
  endfacet
  facet normal 0.442314 0 0.89686
    outer loop
      vertex 72.2221 44 7.65746
      vertex 72.75 38.5 7.39711
      vertex 72.75 44 7.39711
    endloop
  endfacet
  facet normal 0.442314 0 0.89686
    outer loop
      vertex 72.75 38.5 7.39711
      vertex 72.2221 44 7.65746
      vertex 72.2221 38.5 7.65746
    endloop
  endfacet
  facet normal -0.751848 0 -0.659337
    outer loop
      vertex 67.318 38.5 0.31802
      vertex 66.9299 44 0.760574
      vertex 67.318 44 0.31802
    endloop
  endfacet
  facet normal -0.751848 -0 -0.659337
    outer loop
      vertex 66.9299 44 0.760574
      vertex 67.318 38.5 0.31802
      vertex 66.9299 38.5 0.760574
    endloop
  endfacet
  facet normal 0.659276 0 -0.751901
    outer loop
      vertex 73.3193 38.5 0
      vertex 73.682 44 0.31802
      vertex 73.682 38.5 0.31802
    endloop
  endfacet
  facet normal 0.659276 0 -0.751901
    outer loop
      vertex 73.682 44 0.31802
      vertex 73.3193 38.5 0
      vertex 73.3193 44 0
    endloop
  endfacet
  facet normal -0.896837 0 0.442362
    outer loop
      vertex 66.3425 38.5 5.22207
      vertex 66.6029 44 5.75
      vertex 66.3425 44 5.22207
    endloop
  endfacet
  facet normal -0.896837 0 0.442362
    outer loop
      vertex 66.6029 44 5.75
      vertex 66.3425 38.5 5.22207
      vertex 66.6029 38.5 5.75
    endloop
  endfacet
  facet normal 0.831491 -0 0.555539
    outer loop
      vertex 74.0701 38.5 6.23943
      vertex 74.3971 40.8129 5.75
      vertex 74.0701 41.1399 6.23943
    endloop
  endfacet
  facet normal 0.831491 0 0.555539
    outer loop
      vertex 74.3971 40.8129 5.75
      vertex 74.0701 38.5 6.23943
      vertex 74.3971 38.5 5.75
    endloop
  endfacet
  facet normal -0.0654027 0 0.997859
    outer loop
      vertex 69.9126 44 7.9615
      vertex 70.5 38.5 8
      vertex 70.5 44 8
    endloop
  endfacet
  facet normal -0.0654027 0 0.997859
    outer loop
      vertex 70.5 38.5 8
      vertex 69.9126 44 7.9615
      vertex 69.9126 38.5 7.9615
    endloop
  endfacet
  facet normal -0.555586 0 0.831459
    outer loop
      vertex 67.7606 44 7.07009
      vertex 68.25 38.5 7.39711
      vertex 68.25 44 7.39711
    endloop
  endfacet
  facet normal -0.555586 0 0.831459
    outer loop
      vertex 68.25 38.5 7.39711
      vertex 67.7606 44 7.07009
      vertex 67.7606 38.5 7.07009
    endloop
  endfacet
  facet normal 0.555586 0 0.831459
    outer loop
      vertex 72.75 44 7.39711
      vertex 73.2394 38.5 7.07009
      vertex 73.2394 44 7.07009
    endloop
  endfacet
  facet normal 0.555586 0 0.831459
    outer loop
      vertex 73.2394 38.5 7.07009
      vertex 72.75 44 7.39711
      vertex 72.75 38.5 7.39711
    endloop
  endfacet
  facet normal -0.980797 0 -0.195031
    outer loop
      vertex 66.1533 38.5 2.33531
      vertex 66.0385 44 2.91263
      vertex 66.1533 44 2.33531
    endloop
  endfacet
  facet normal -0.980797 -0 -0.195031
    outer loop
      vertex 66.0385 44 2.91263
      vertex 66.1533 38.5 2.33531
      vertex 66.0385 38.5 2.91263
    endloop
  endfacet
  facet normal -0.321437 0 0.946931
    outer loop
      vertex 68.7779 44 7.65746
      vertex 69.3353 38.5 7.84667
      vertex 69.3353 44 7.84667
    endloop
  endfacet
  facet normal -0.321437 0 0.946931
    outer loop
      vertex 69.3353 38.5 7.84667
      vertex 68.7779 44 7.65746
      vertex 68.7779 38.5 7.65746
    endloop
  endfacet
  facet normal -0.980797 0 0.195031
    outer loop
      vertex 66.0385 38.5 4.08737
      vertex 66.1533 44 4.66469
      vertex 66.0385 44 4.08737
    endloop
  endfacet
  facet normal -0.980797 0 0.195031
    outer loop
      vertex 66.1533 44 4.66469
      vertex 66.0385 38.5 4.08737
      vertex 66.1533 38.5 4.66469
    endloop
  endfacet
  facet normal -0.195087 0 0.980786
    outer loop
      vertex 69.3353 44 7.84667
      vertex 69.9126 38.5 7.9615
      vertex 69.9126 44 7.9615
    endloop
  endfacet
  facet normal -0.195087 0 0.980786
    outer loop
      vertex 69.9126 38.5 7.9615
      vertex 69.3353 44 7.84667
      vertex 69.3353 38.5 7.84667
    endloop
  endfacet
  facet normal -0.831488 0 -0.555542
    outer loop
      vertex 66.9299 38.5 0.760574
      vertex 66.6029 44 1.25
      vertex 66.9299 44 0.760574
    endloop
  endfacet
  facet normal -0.831488 -0 -0.555542
    outer loop
      vertex 66.6029 44 1.25
      vertex 66.9299 38.5 0.760574
      vertex 66.6029 38.5 1.25
    endloop
  endfacet
  facet normal -0.751864 0 -0.659319
    outer loop
      vertex 72.166 37.5 4.7784
      vertex 71.9849 44 4.98492
      vertex 72.166 44 4.7784
    endloop
  endfacet
  facet normal -0.751864 -0 -0.659319
    outer loop
      vertex 71.9849 44 4.98492
      vertex 72.166 37.5 4.7784
      vertex 71.9849 37.5 4.98492
    endloop
  endfacet
  facet normal -0.980779 0 0.195122
    outer loop
      vertex 72.5284 37.5 2.95648
      vertex 72.582 44 3.2259
      vertex 72.5284 44 2.95648
    endloop
  endfacet
  facet normal -0.980779 0 0.195122
    outer loop
      vertex 72.582 44 3.2259
      vertex 72.5284 37.5 2.95648
      vertex 72.582 37.5 3.2259
    endloop
  endfacet
  facet normal -0.997851 0 0.0655283
    outer loop
      vertex 72.582 37.5 3.2259
      vertex 72.6 44 3.5
      vertex 72.582 44 3.2259
    endloop
  endfacet
  facet normal -0.997851 0 0.0655283
    outer loop
      vertex 72.6 44 3.5
      vertex 72.582 37.5 3.2259
      vertex 72.6 37.5 3.5
    endloop
  endfacet
  facet normal -0.946925 0 0.321454
    outer loop
      vertex 72.4401 37.5 2.69637
      vertex 72.5284 44 2.95648
      vertex 72.4401 44 2.69637
    endloop
  endfacet
  facet normal -0.946925 0 0.321454
    outer loop
      vertex 72.5284 44 2.95648
      vertex 72.4401 37.5 2.69637
      vertex 72.5284 37.5 2.95648
    endloop
  endfacet
  facet normal -0.83149 0 0.55554
    outer loop
      vertex 72.166 37.5 2.2216
      vertex 72.3186 44 2.45
      vertex 72.166 44 2.2216
    endloop
  endfacet
  facet normal -0.83149 0 0.55554
    outer loop
      vertex 72.3186 44 2.45
      vertex 72.166 37.5 2.2216
      vertex 72.3186 37.5 2.45
    endloop
  endfacet
  facet normal 0.555565 0 -0.831473
    outer loop
      vertex 69.2216 37.5 5.16604
      vertex 69.45 44 5.31865
      vertex 69.45 37.5 5.31865
    endloop
  endfacet
  facet normal 0.555565 0 -0.831473
    outer loop
      vertex 69.45 44 5.31865
      vertex 69.2216 37.5 5.16604
      vertex 69.2216 44 5.16604
    endloop
  endfacet
  facet normal -0.195101 0 0.980783
    outer loop
      vertex 70.7741 44 1.41797
      vertex 71.0435 37.5 1.47156
      vertex 71.0435 44 1.47156
    endloop
  endfacet
  facet normal -0.195101 0 0.980783
    outer loop
      vertex 71.0435 37.5 1.47156
      vertex 70.7741 44 1.41797
      vertex 70.7741 37.5 1.41797
    endloop
  endfacet
  facet normal -0.997851 0 -0.0655283
    outer loop
      vertex 72.6 37.5 3.5
      vertex 72.582 44 3.7741
      vertex 72.6 44 3.5
    endloop
  endfacet
  facet normal -0.997851 -0 -0.0655283
    outer loop
      vertex 72.582 44 3.7741
      vertex 72.6 37.5 3.5
      vertex 72.582 37.5 3.7741
    endloop
  endfacet
  facet normal -0.896867 0 0.4423
    outer loop
      vertex 72.3186 37.5 2.45
      vertex 72.4401 44 2.69637
      vertex 72.3186 44 2.45
    endloop
  endfacet
  facet normal -0.896867 0 0.4423
    outer loop
      vertex 72.4401 44 2.69637
      vertex 72.3186 37.5 2.45
      vertex 72.4401 37.5 2.69637
    endloop
  endfacet
  facet normal 0.946925 0 -0.321454
    outer loop
      vertex 68.5599 37.5 4.30363
      vertex 68.4716 44 4.04352
      vertex 68.5599 44 4.30363
    endloop
  endfacet
  facet normal 0.946925 0 -0.321454
    outer loop
      vertex 68.4716 44 4.04352
      vertex 68.5599 37.5 4.30363
      vertex 68.4716 37.5 4.04352
    endloop
  endfacet
  facet normal 0.980779 -0 0.195122
    outer loop
      vertex 68.418 37.5 3.2259
      vertex 68.4716 44 2.95648
      vertex 68.418 44 3.2259
    endloop
  endfacet
  facet normal 0.980779 0 0.195122
    outer loop
      vertex 68.4716 44 2.95648
      vertex 68.418 37.5 3.2259
      vertex 68.4716 37.5 2.95648
    endloop
  endfacet
  facet normal 0.659396 0 -0.751796
    outer loop
      vertex 69.0151 37.5 4.98492
      vertex 69.2216 44 5.16604
      vertex 69.2216 37.5 5.16604
    endloop
  endfacet
  facet normal 0.659396 0 -0.751796
    outer loop
      vertex 69.2216 44 5.16604
      vertex 69.0151 37.5 4.98492
      vertex 69.0151 44 4.98492
    endloop
  endfacet
  facet normal 0.195101 0 0.980783
    outer loop
      vertex 69.9565 44 1.47156
      vertex 70.2259 37.5 1.41797
      vertex 70.2259 44 1.41797
    endloop
  endfacet
  facet normal 0.195101 0 0.980783
    outer loop
      vertex 70.2259 37.5 1.41797
      vertex 69.9565 44 1.47156
      vertex 69.9565 37.5 1.47156
    endloop
  endfacet
  facet normal -0.195101 0 -0.980783
    outer loop
      vertex 70.7741 37.5 5.58203
      vertex 71.0435 44 5.52844
      vertex 71.0435 37.5 5.52844
    endloop
  endfacet
  facet normal -0.195101 0 -0.980783
    outer loop
      vertex 71.0435 44 5.52844
      vertex 70.7741 37.5 5.58203
      vertex 70.7741 44 5.58203
    endloop
  endfacet
  facet normal -0.442256 0 -0.896889
    outer loop
      vertex 71.3036 37.5 5.44015
      vertex 71.55 44 5.31865
      vertex 71.55 37.5 5.31865
    endloop
  endfacet
  facet normal -0.442256 0 -0.896889
    outer loop
      vertex 71.55 44 5.31865
      vertex 71.3036 37.5 5.44015
      vertex 71.3036 44 5.44015
    endloop
  endfacet
  facet normal 0.83149 -0 0.55554
    outer loop
      vertex 68.6814 37.5 2.45
      vertex 68.834 44 2.2216
      vertex 68.6814 44 2.45
    endloop
  endfacet
  facet normal 0.83149 0 0.55554
    outer loop
      vertex 68.834 44 2.2216
      vertex 68.6814 37.5 2.45
      vertex 68.834 37.5 2.2216
    endloop
  endfacet
  facet normal -0.555565 0 0.831473
    outer loop
      vertex 71.55 44 1.68135
      vertex 71.7784 37.5 1.83396
      vertex 71.7784 44 1.83396
    endloop
  endfacet
  facet normal -0.555565 0 0.831473
    outer loop
      vertex 71.7784 37.5 1.83396
      vertex 71.55 44 1.68135
      vertex 71.55 37.5 1.68135
    endloop
  endfacet
  facet normal -0.83149 0 -0.55554
    outer loop
      vertex 72.3186 37.5 4.55
      vertex 72.166 44 4.7784
      vertex 72.3186 44 4.55
    endloop
  endfacet
  facet normal -0.83149 -0 -0.55554
    outer loop
      vertex 72.166 44 4.7784
      vertex 72.3186 37.5 4.55
      vertex 72.166 37.5 4.7784
    endloop
  endfacet
  facet normal -0.442256 0 0.896889
    outer loop
      vertex 71.3036 44 1.55985
      vertex 71.55 37.5 1.68135
      vertex 71.55 44 1.68135
    endloop
  endfacet
  facet normal -0.442256 0 0.896889
    outer loop
      vertex 71.55 37.5 1.68135
      vertex 71.3036 44 1.55985
      vertex 71.3036 37.5 1.55985
    endloop
  endfacet
  facet normal -0.980779 0 -0.195122
    outer loop
      vertex 72.582 37.5 3.7741
      vertex 72.5284 44 4.04352
      vertex 72.582 44 3.7741
    endloop
  endfacet
  facet normal -0.980779 -0 -0.195122
    outer loop
      vertex 72.5284 44 4.04352
      vertex 72.582 37.5 3.7741
      vertex 72.5284 37.5 4.04352
    endloop
  endfacet
  facet normal 0.321433 0 0.946932
    outer loop
      vertex 69.6964 44 1.55985
      vertex 69.9565 37.5 1.47156
      vertex 69.9565 44 1.47156
    endloop
  endfacet
  facet normal 0.321433 0 0.946932
    outer loop
      vertex 69.9565 37.5 1.47156
      vertex 69.6964 44 1.55985
      vertex 69.6964 37.5 1.55985
    endloop
  endfacet
  facet normal 0.442256 0 0.896889
    outer loop
      vertex 69.45 44 1.68135
      vertex 69.6964 37.5 1.55985
      vertex 69.6964 44 1.55985
    endloop
  endfacet
  facet normal 0.442256 0 0.896889
    outer loop
      vertex 69.6964 37.5 1.55985
      vertex 69.45 44 1.68135
      vertex 69.45 37.5 1.68135
    endloop
  endfacet
  facet normal 0.555565 0 0.831473
    outer loop
      vertex 69.2216 44 1.83396
      vertex 69.45 37.5 1.68135
      vertex 69.45 44 1.68135
    endloop
  endfacet
  facet normal 0.555565 0 0.831473
    outer loop
      vertex 69.45 37.5 1.68135
      vertex 69.2216 44 1.83396
      vertex 69.2216 37.5 1.83396
    endloop
  endfacet
  facet normal -0.659396 0 -0.751796
    outer loop
      vertex 71.7784 37.5 5.16604
      vertex 71.9849 44 4.98492
      vertex 71.9849 37.5 4.98492
    endloop
  endfacet
  facet normal -0.659396 0 -0.751796
    outer loop
      vertex 71.9849 44 4.98492
      vertex 71.7784 37.5 5.16604
      vertex 71.7784 44 5.16604
    endloop
  endfacet
  facet normal 0.751864 -0 0.659319
    outer loop
      vertex 68.834 37.5 2.2216
      vertex 69.0151 44 2.01508
      vertex 68.834 44 2.2216
    endloop
  endfacet
  facet normal 0.751864 0 0.659319
    outer loop
      vertex 69.0151 44 2.01508
      vertex 68.834 37.5 2.2216
      vertex 69.0151 37.5 2.01508
    endloop
  endfacet
  facet normal -0.0654196 0 0.997858
    outer loop
      vertex 70.5 44 1.4
      vertex 70.7741 37.5 1.41797
      vertex 70.7741 44 1.41797
    endloop
  endfacet
  facet normal -0.0654196 0 0.997858
    outer loop
      vertex 70.7741 37.5 1.41797
      vertex 70.5 44 1.4
      vertex 70.5 37.5 1.4
    endloop
  endfacet
  facet normal -0.321433 0 -0.946932
    outer loop
      vertex 71.0435 37.5 5.52844
      vertex 71.3036 44 5.44015
      vertex 71.3036 37.5 5.44015
    endloop
  endfacet
  facet normal -0.321433 0 -0.946932
    outer loop
      vertex 71.3036 44 5.44015
      vertex 71.0435 37.5 5.52844
      vertex 71.0435 44 5.52844
    endloop
  endfacet
  facet normal 0.321433 0 -0.946932
    outer loop
      vertex 69.6964 37.5 5.44015
      vertex 69.9565 44 5.52844
      vertex 69.9565 37.5 5.52844
    endloop
  endfacet
  facet normal 0.321433 0 -0.946932
    outer loop
      vertex 69.9565 44 5.52844
      vertex 69.6964 37.5 5.44015
      vertex 69.6964 44 5.44015
    endloop
  endfacet
  facet normal 0.751864 0 -0.659319
    outer loop
      vertex 69.0151 37.5 4.98492
      vertex 68.834 44 4.7784
      vertex 69.0151 44 4.98492
    endloop
  endfacet
  facet normal 0.751864 0 -0.659319
    outer loop
      vertex 68.834 44 4.7784
      vertex 69.0151 37.5 4.98492
      vertex 68.834 37.5 4.7784
    endloop
  endfacet
  facet normal 0.896867 -0 0.4423
    outer loop
      vertex 68.5599 37.5 2.69637
      vertex 68.6814 44 2.45
      vertex 68.5599 44 2.69637
    endloop
  endfacet
  facet normal 0.896867 0 0.4423
    outer loop
      vertex 68.6814 44 2.45
      vertex 68.5599 37.5 2.69637
      vertex 68.6814 37.5 2.45
    endloop
  endfacet
  facet normal -0.896867 0 -0.4423
    outer loop
      vertex 72.4401 37.5 4.30363
      vertex 72.3186 44 4.55
      vertex 72.4401 44 4.30363
    endloop
  endfacet
  facet normal -0.896867 -0 -0.4423
    outer loop
      vertex 72.3186 44 4.55
      vertex 72.4401 37.5 4.30363
      vertex 72.3186 37.5 4.55
    endloop
  endfacet
  facet normal 0.0654196 0 0.997858
    outer loop
      vertex 70.2259 44 1.41797
      vertex 70.5 37.5 1.4
      vertex 70.5 44 1.4
    endloop
  endfacet
  facet normal 0.0654196 0 0.997858
    outer loop
      vertex 70.5 37.5 1.4
      vertex 70.2259 44 1.41797
      vertex 70.2259 37.5 1.41797
    endloop
  endfacet
  facet normal 0.946925 -0 0.321454
    outer loop
      vertex 68.4716 37.5 2.95648
      vertex 68.5599 44 2.69637
      vertex 68.4716 44 2.95648
    endloop
  endfacet
  facet normal 0.946925 0 0.321454
    outer loop
      vertex 68.5599 44 2.69637
      vertex 68.4716 37.5 2.95648
      vertex 68.5599 37.5 2.69637
    endloop
  endfacet
  facet normal -0.321433 0 0.946932
    outer loop
      vertex 71.0435 44 1.47156
      vertex 71.3036 37.5 1.55985
      vertex 71.3036 44 1.55985
    endloop
  endfacet
  facet normal -0.321433 0 0.946932
    outer loop
      vertex 71.3036 37.5 1.55985
      vertex 71.0435 44 1.47156
      vertex 71.0435 37.5 1.47156
    endloop
  endfacet
  facet normal -0.946925 0 -0.321454
    outer loop
      vertex 72.5284 37.5 4.04352
      vertex 72.4401 44 4.30363
      vertex 72.5284 44 4.04352
    endloop
  endfacet
  facet normal -0.946925 -0 -0.321454
    outer loop
      vertex 72.4401 44 4.30363
      vertex 72.5284 37.5 4.04352
      vertex 72.4401 37.5 4.30363
    endloop
  endfacet
  facet normal 0.980779 0 -0.195122
    outer loop
      vertex 68.4716 37.5 4.04352
      vertex 68.418 44 3.7741
      vertex 68.4716 44 4.04352
    endloop
  endfacet
  facet normal 0.980779 0 -0.195122
    outer loop
      vertex 68.418 44 3.7741
      vertex 68.4716 37.5 4.04352
      vertex 68.418 37.5 3.7741
    endloop
  endfacet
  facet normal -0.751864 0 0.659319
    outer loop
      vertex 71.9849 37.5 2.01508
      vertex 72.166 44 2.2216
      vertex 71.9849 44 2.01508
    endloop
  endfacet
  facet normal -0.751864 0 0.659319
    outer loop
      vertex 72.166 44 2.2216
      vertex 71.9849 37.5 2.01508
      vertex 72.166 37.5 2.2216
    endloop
  endfacet
  facet normal 0.659396 0 0.751796
    outer loop
      vertex 69.0151 44 2.01508
      vertex 69.2216 37.5 1.83396
      vertex 69.2216 44 1.83396
    endloop
  endfacet
  facet normal 0.659396 0 0.751796
    outer loop
      vertex 69.2216 37.5 1.83396
      vertex 69.0151 44 2.01508
      vertex 69.0151 37.5 2.01508
    endloop
  endfacet
  facet normal 0.896867 0 -0.4423
    outer loop
      vertex 68.6814 37.5 4.55
      vertex 68.5599 44 4.30363
      vertex 68.6814 44 4.55
    endloop
  endfacet
  facet normal 0.896867 0 -0.4423
    outer loop
      vertex 68.5599 44 4.30363
      vertex 68.6814 37.5 4.55
      vertex 68.5599 37.5 4.30363
    endloop
  endfacet
  facet normal -0.0654196 0 -0.997858
    outer loop
      vertex 70.5 37.5 5.6
      vertex 70.7741 44 5.58203
      vertex 70.7741 37.5 5.58203
    endloop
  endfacet
  facet normal -0.0654196 0 -0.997858
    outer loop
      vertex 70.7741 44 5.58203
      vertex 70.5 37.5 5.6
      vertex 70.5 44 5.6
    endloop
  endfacet
  facet normal 0.0654196 0 -0.997858
    outer loop
      vertex 70.2259 37.5 5.58203
      vertex 70.5 44 5.6
      vertex 70.5 37.5 5.6
    endloop
  endfacet
  facet normal 0.0654196 0 -0.997858
    outer loop
      vertex 70.5 44 5.6
      vertex 70.2259 37.5 5.58203
      vertex 70.2259 44 5.58203
    endloop
  endfacet
  facet normal 0.997851 -0 0.0655283
    outer loop
      vertex 68.4 37.5 3.5
      vertex 68.418 44 3.2259
      vertex 68.4 44 3.5
    endloop
  endfacet
  facet normal 0.997851 0 0.0655283
    outer loop
      vertex 68.418 44 3.2259
      vertex 68.4 37.5 3.5
      vertex 68.418 37.5 3.2259
    endloop
  endfacet
  facet normal -0.659396 0 0.751796
    outer loop
      vertex 71.7784 44 1.83396
      vertex 71.9849 37.5 2.01508
      vertex 71.9849 44 2.01508
    endloop
  endfacet
  facet normal -0.659396 0 0.751796
    outer loop
      vertex 71.9849 37.5 2.01508
      vertex 71.7784 44 1.83396
      vertex 71.7784 37.5 1.83396
    endloop
  endfacet
  facet normal 0.83149 0 -0.55554
    outer loop
      vertex 68.834 37.5 4.7784
      vertex 68.6814 44 4.55
      vertex 68.834 44 4.7784
    endloop
  endfacet
  facet normal 0.83149 0 -0.55554
    outer loop
      vertex 68.6814 44 4.55
      vertex 68.834 37.5 4.7784
      vertex 68.6814 37.5 4.55
    endloop
  endfacet
  facet normal -0.555565 0 -0.831473
    outer loop
      vertex 71.55 37.5 5.31865
      vertex 71.7784 44 5.16604
      vertex 71.7784 37.5 5.16604
    endloop
  endfacet
  facet normal -0.555565 0 -0.831473
    outer loop
      vertex 71.7784 44 5.16604
      vertex 71.55 37.5 5.31865
      vertex 71.55 44 5.31865
    endloop
  endfacet
  facet normal 0.997851 0 -0.0655283
    outer loop
      vertex 68.418 37.5 3.7741
      vertex 68.4 44 3.5
      vertex 68.418 44 3.7741
    endloop
  endfacet
  facet normal 0.997851 0 -0.0655283
    outer loop
      vertex 68.4 44 3.5
      vertex 68.418 37.5 3.7741
      vertex 68.4 37.5 3.5
    endloop
  endfacet
  facet normal 0.195101 0 -0.980783
    outer loop
      vertex 69.9565 37.5 5.52844
      vertex 70.2259 44 5.58203
      vertex 70.2259 37.5 5.58203
    endloop
  endfacet
  facet normal 0.195101 0 -0.980783
    outer loop
      vertex 70.2259 44 5.58203
      vertex 69.9565 37.5 5.52844
      vertex 69.9565 44 5.52844
    endloop
  endfacet
  facet normal 0 1 0
    outer loop
      vertex 70.7741 37.5 5.58203
      vertex 70.2259 37.5 5.58203
      vertex 70.5 37.5 5.6
    endloop
  endfacet
  facet normal 0 1 0
    outer loop
      vertex 71.0435 37.5 5.52844
      vertex 70.2259 37.5 5.58203
      vertex 70.7741 37.5 5.58203
    endloop
  endfacet
  facet normal 0 1 0
    outer loop
      vertex 71.0435 37.5 5.52844
      vertex 69.9565 37.5 5.52844
      vertex 70.2259 37.5 5.58203
    endloop
  endfacet
  facet normal 0 1 0
    outer loop
      vertex 71.3036 37.5 5.44015
      vertex 69.9565 37.5 5.52844
      vertex 71.0435 37.5 5.52844
    endloop
  endfacet
  facet normal 0 1 0
    outer loop
      vertex 71.3036 37.5 5.44015
      vertex 69.6964 37.5 5.44015
      vertex 69.9565 37.5 5.52844
    endloop
  endfacet
  facet normal 0 1 0
    outer loop
      vertex 71.55 37.5 5.31865
      vertex 69.6964 37.5 5.44015
      vertex 71.3036 37.5 5.44015
    endloop
  endfacet
  facet normal 0 1 0
    outer loop
      vertex 71.55 37.5 5.31865
      vertex 69.45 37.5 5.31865
      vertex 69.6964 37.5 5.44015
    endloop
  endfacet
  facet normal 0 1 0
    outer loop
      vertex 71.7784 37.5 5.16604
      vertex 69.45 37.5 5.31865
      vertex 71.55 37.5 5.31865
    endloop
  endfacet
  facet normal 0 1 0
    outer loop
      vertex 71.7784 37.5 5.16604
      vertex 69.2216 37.5 5.16604
      vertex 69.45 37.5 5.31865
    endloop
  endfacet
  facet normal 0 1 0
    outer loop
      vertex 71.9849 37.5 4.98492
      vertex 69.2216 37.5 5.16604
      vertex 71.7784 37.5 5.16604
    endloop
  endfacet
  facet normal 0 1 0
    outer loop
      vertex 71.9849 37.5 4.98492
      vertex 69.0151 37.5 4.98492
      vertex 69.2216 37.5 5.16604
    endloop
  endfacet
  facet normal 0 1 0
    outer loop
      vertex 72.166 37.5 4.7784
      vertex 69.0151 37.5 4.98492
      vertex 71.9849 37.5 4.98492
    endloop
  endfacet
  facet normal 0 1 0
    outer loop
      vertex 72.166 37.5 4.7784
      vertex 68.834 37.5 4.7784
      vertex 69.0151 37.5 4.98492
    endloop
  endfacet
  facet normal 0 1 0
    outer loop
      vertex 72.3186 37.5 4.55
      vertex 68.834 37.5 4.7784
      vertex 72.166 37.5 4.7784
    endloop
  endfacet
  facet normal 0 1 0
    outer loop
      vertex 72.3186 37.5 4.55
      vertex 68.6814 37.5 4.55
      vertex 68.834 37.5 4.7784
    endloop
  endfacet
  facet normal 0 1 0
    outer loop
      vertex 72.4401 37.5 4.30363
      vertex 68.6814 37.5 4.55
      vertex 72.3186 37.5 4.55
    endloop
  endfacet
  facet normal 0 1 0
    outer loop
      vertex 72.4401 37.5 4.30363
      vertex 68.5599 37.5 4.30363
      vertex 68.6814 37.5 4.55
    endloop
  endfacet
  facet normal 0 1 0
    outer loop
      vertex 72.5284 37.5 4.04352
      vertex 68.5599 37.5 4.30363
      vertex 72.4401 37.5 4.30363
    endloop
  endfacet
  facet normal 0 1 0
    outer loop
      vertex 72.5284 37.5 4.04352
      vertex 68.4716 37.5 4.04352
      vertex 68.5599 37.5 4.30363
    endloop
  endfacet
  facet normal 0 1 0
    outer loop
      vertex 72.582 37.5 3.7741
      vertex 68.4716 37.5 4.04352
      vertex 72.5284 37.5 4.04352
    endloop
  endfacet
  facet normal 0 1 0
    outer loop
      vertex 72.582 37.5 3.7741
      vertex 68.418 37.5 3.7741
      vertex 68.4716 37.5 4.04352
    endloop
  endfacet
  facet normal 0 1 0
    outer loop
      vertex 72.6 37.5 3.5
      vertex 68.418 37.5 3.7741
      vertex 72.582 37.5 3.7741
    endloop
  endfacet
  facet normal 0 1 0
    outer loop
      vertex 72.6 37.5 3.5
      vertex 68.4 37.5 3.5
      vertex 68.418 37.5 3.7741
    endloop
  endfacet
  facet normal 0 1 -0
    outer loop
      vertex 72.582 37.5 3.2259
      vertex 68.4 37.5 3.5
      vertex 72.6 37.5 3.5
    endloop
  endfacet
  facet normal 0 1 0
    outer loop
      vertex 72.582 37.5 3.2259
      vertex 68.418 37.5 3.2259
      vertex 68.4 37.5 3.5
    endloop
  endfacet
  facet normal 0 1 -0
    outer loop
      vertex 72.5284 37.5 2.95648
      vertex 68.418 37.5 3.2259
      vertex 72.582 37.5 3.2259
    endloop
  endfacet
  facet normal 0 1 0
    outer loop
      vertex 72.5284 37.5 2.95648
      vertex 68.4716 37.5 2.95648
      vertex 68.418 37.5 3.2259
    endloop
  endfacet
  facet normal 0 1 -0
    outer loop
      vertex 72.4401 37.5 2.69637
      vertex 68.4716 37.5 2.95648
      vertex 72.5284 37.5 2.95648
    endloop
  endfacet
  facet normal 0 1 0
    outer loop
      vertex 72.4401 37.5 2.69637
      vertex 68.5599 37.5 2.69637
      vertex 68.4716 37.5 2.95648
    endloop
  endfacet
  facet normal 0 1 -0
    outer loop
      vertex 72.3186 37.5 2.45
      vertex 68.5599 37.5 2.69637
      vertex 72.4401 37.5 2.69637
    endloop
  endfacet
  facet normal 0 1 0
    outer loop
      vertex 72.3186 37.5 2.45
      vertex 68.6814 37.5 2.45
      vertex 68.5599 37.5 2.69637
    endloop
  endfacet
  facet normal 0 1 -0
    outer loop
      vertex 72.166 37.5 2.2216
      vertex 68.6814 37.5 2.45
      vertex 72.3186 37.5 2.45
    endloop
  endfacet
  facet normal 0 1 0
    outer loop
      vertex 72.166 37.5 2.2216
      vertex 68.834 37.5 2.2216
      vertex 68.6814 37.5 2.45
    endloop
  endfacet
  facet normal 0 1 -0
    outer loop
      vertex 71.9849 37.5 2.01508
      vertex 68.834 37.5 2.2216
      vertex 72.166 37.5 2.2216
    endloop
  endfacet
  facet normal 0 1 0
    outer loop
      vertex 71.9849 37.5 2.01508
      vertex 69.0151 37.5 2.01508
      vertex 68.834 37.5 2.2216
    endloop
  endfacet
  facet normal 0 1 -0
    outer loop
      vertex 71.7784 37.5 1.83396
      vertex 69.0151 37.5 2.01508
      vertex 71.9849 37.5 2.01508
    endloop
  endfacet
  facet normal 0 1 0
    outer loop
      vertex 71.7784 37.5 1.83396
      vertex 69.2216 37.5 1.83396
      vertex 69.0151 37.5 2.01508
    endloop
  endfacet
  facet normal 0 1 -0
    outer loop
      vertex 71.55 37.5 1.68135
      vertex 69.2216 37.5 1.83396
      vertex 71.7784 37.5 1.83396
    endloop
  endfacet
  facet normal 0 1 0
    outer loop
      vertex 71.55 37.5 1.68135
      vertex 69.45 37.5 1.68135
      vertex 69.2216 37.5 1.83396
    endloop
  endfacet
  facet normal 0 1 -0
    outer loop
      vertex 71.3036 37.5 1.55985
      vertex 69.45 37.5 1.68135
      vertex 71.55 37.5 1.68135
    endloop
  endfacet
  facet normal 0 1 0
    outer loop
      vertex 71.3036 37.5 1.55985
      vertex 69.6964 37.5 1.55985
      vertex 69.45 37.5 1.68135
    endloop
  endfacet
  facet normal 0 1 -0
    outer loop
      vertex 71.0435 37.5 1.47156
      vertex 69.6964 37.5 1.55985
      vertex 71.3036 37.5 1.55985
    endloop
  endfacet
  facet normal 0 1 0
    outer loop
      vertex 71.0435 37.5 1.47156
      vertex 69.9565 37.5 1.47156
      vertex 69.6964 37.5 1.55985
    endloop
  endfacet
  facet normal 0 1 -0
    outer loop
      vertex 70.7741 37.5 1.41797
      vertex 69.9565 37.5 1.47156
      vertex 71.0435 37.5 1.47156
    endloop
  endfacet
  facet normal 0 1 0
    outer loop
      vertex 70.7741 37.5 1.41797
      vertex 70.2259 37.5 1.41797
      vertex 69.9565 37.5 1.47156
    endloop
  endfacet
  facet normal -0 1 0
    outer loop
      vertex 70.2259 37.5 1.41797
      vertex 70.7741 37.5 1.41797
      vertex 70.5 37.5 1.4
    endloop
  endfacet
  facet normal 0.442256 0 -0.896889
    outer loop
      vertex 69.45 37.5 5.31865
      vertex 69.6964 44 5.44015
      vertex 69.6964 37.5 5.44015
    endloop
  endfacet
  facet normal 0.442256 0 -0.896889
    outer loop
      vertex 69.6964 44 5.44015
      vertex 69.45 37.5 5.31865
      vertex 69.45 44 5.31865
    endloop
  endfacet
  facet normal 0.706346 -0.706346 -0.0463895
    outer loop
      vertex 73 36.5 80.5
      vertex 74 37.5106 80.3386
      vertex 74 37.5 80.5
    endloop
  endfacet
  facet normal 0.706353 -0.706342 -0.0463253
    outer loop
      vertex 74 37.5106 80.3386
      vertex 73 36.5 80.5
      vertex 72.9786 36.5 80.1737
    endloop
  endfacet
  facet normal -0.0462961 -0.706351 -0.706346
    outer loop
      vertex 70.1737 36.5 78.0214
      vertex 69.9126 38.5 76.0385
      vertex 70.5 38.5 76
    endloop
  endfacet
  facet normal -0.0463895 -0.706346 0.706346
    outer loop
      vertex 70.3386 37.5106 84
      vertex 70.5 36.5 83
      vertex 70.5 37.5 84
    endloop
  endfacet
  facet normal -0.0463253 -0.706342 0.706353
    outer loop
      vertex 70.5 36.5 83
      vertex 70.3386 37.5106 84
      vertex 70.1737 36.5 82.9786
    endloop
  endfacet
  facet normal 0.227474 -0.706364 0.670302
    outer loop
      vertex 71.4567 36.5 82.8097
      vertex 71.8165 37.7454 84
      vertex 71.147 36.5 82.9148
    endloop
  endfacet
  facet normal 0.228027 -0.706354 0.670125
    outer loop
      vertex 71.8165 37.7454 84
      vertex 71.4567 36.5 82.8097
      vertex 71.9497 37.7884 84
    endloop
  endfacet
  facet normal 0.313149 -0.706343 -0.634836
    outer loop
      vertex 72.75 38.5 76.6029
      vertex 71.75 36.5 78.3349
      vertex 72.2221 38.5 76.3425
    endloop
  endfacet
  facet normal -0.706348 -0.706348 -0.046325
    outer loop
      vertex 68 36.5 80.5
      vertex 66 38.5 80.5
      vertex 68.0214 36.5 80.1737
    endloop
  endfacet
  facet normal -0.313149 -0.706343 -0.634836
    outer loop
      vertex 69.25 36.5 78.3349
      vertex 68.25 38.5 76.6029
      vertex 68.7779 38.5 76.3425
    endloop
  endfacet
  facet normal -0.634836 -0.706343 -0.313149
    outer loop
      vertex 68.3349 36.5 79.25
      vertex 66.3425 38.5 78.7779
      vertex 66.6029 38.5 78.25
    endloop
  endfacet
  facet normal 0.532263 -0.706335 -0.466677
    outer loop
      vertex 72.2678 36.5 78.7322
      vertex 74 38.4117 77.8144
      vertex 72.4834 36.5 78.9781
    endloop
  endfacet
  facet normal 0.534235 -0.706741 -0.463799
    outer loop
      vertex 74 38.4117 77.8144
      vertex 72.2678 36.5 78.7322
      vertex 74 38.4222 77.7984
    endloop
  endfacet
  facet normal 0.393306 -0.70634 -0.588553
    outer loop
      vertex 72.0219 36.5 78.5166
      vertex 71.75 36.5 78.3349
      vertex 72.75 38.5 76.6029
    endloop
  endfacet
  facet normal 0.634815 -0.706332 0.313217
    outer loop
      vertex 74 38.0415 82.5207
      vertex 72.6651 36.5 81.75
      vertex 74 37.84 82.0663
    endloop
  endfacet
  facet normal -0.532253 -0.706348 -0.466669
    outer loop
      vertex 68.5166 36.5 78.9781
      vertex 66.9299 38.5 77.7606
      vertex 68.7322 36.5 78.7322
    endloop
  endfacet
  facet normal -0.227477 -0.706355 -0.670311
    outer loop
      vertex 69.5433 36.5 78.1903
      vertex 68.7779 38.5 76.3425
      vertex 69.853 36.5 78.0852
    endloop
  endfacet
  facet normal 0.313016 -0.706339 0.634907
    outer loop
      vertex 71.75 36.5 82.6651
      vertex 71.9497 37.7884 84
      vertex 71.4567 36.5 82.8097
    endloop
  endfacet
  facet normal 0.312612 -0.706405 0.635032
    outer loop
      vertex 71.9497 37.7884 84
      vertex 71.75 36.5 82.6651
      vertex 72.0663 37.84 84
    endloop
  endfacet
  facet normal 0.694265 -0.706357 0.138044
    outer loop
      vertex 74 37.5935 81.2847
      vertex 72.9786 36.5 80.8263
      vertex 74 37.5302 80.9608
    endloop
  endfacet
  facet normal -0.138044 -0.706357 0.694265
    outer loop
      vertex 70.0392 37.5302 84
      vertex 69.7153 37.5935 84
      vertex 70.1737 36.5 82.9786
    endloop
  endfacet
  facet normal -0.694266 -0.706353 -0.138059
    outer loop
      vertex 68.0214 36.5 80.1737
      vertex 66.0385 38.5 79.9126
      vertex 66.1533 38.5 79.3353
    endloop
  endfacet
  facet normal 0.534235 -0.706741 0.463799
    outer loop
      vertex 72.2678 36.5 82.2678
      vertex 74 38.4117 83.1856
      vertex 74 38.4222 83.2016
    endloop
  endfacet
  facet normal 0.532263 -0.706335 0.466677
    outer loop
      vertex 74 38.4117 83.1856
      vertex 72.2678 36.5 82.2678
      vertex 72.4834 36.5 82.0219
    endloop
  endfacet
  facet normal 0.694265 -0.706357 -0.138044
    outer loop
      vertex 74 37.5302 80.0392
      vertex 72.9786 36.5 80.1737
      vertex 74 37.5935 79.7153
    endloop
  endfacet
  facet normal 0.694194 -0.706355 0.13841
    outer loop
      vertex 72.9148 36.5 81.147
      vertex 74 37.5935 81.2847
      vertex 74 37.6235 81.4378
    endloop
  endfacet
  facet normal 0.694243 -0.706365 0.138113
    outer loop
      vertex 74 37.5935 81.2847
      vertex 72.9148 36.5 81.147
      vertex 72.9786 36.5 80.8263
    endloop
  endfacet
  facet normal -0.706346 -0.706351 -0.0462961
    outer loop
      vertex 68.0214 36.5 80.1737
      vertex 66 38.5 80.5
      vertex 66.0385 38.5 79.9126
    endloop
  endfacet
  facet normal 0.670353 -0.706351 0.227368
    outer loop
      vertex 74 37.7454 81.8165
      vertex 72.9148 36.5 81.147
      vertex 74 37.6235 81.4378
    endloop
  endfacet
  facet normal 0.227477 -0.706355 -0.670311
    outer loop
      vertex 71.4567 36.5 78.1903
      vertex 71.147 36.5 78.0852
      vertex 72.2221 38.5 76.3425
    endloop
  endfacet
  facet normal 0.46678 -0.706169 0.532393
    outer loop
      vertex 73.2016 38.4222 84
      vertex 73.682 38.5 83.682
      vertex 73.3193 38.5 84
    endloop
  endfacet
  facet normal 0.4667 -0.706344 0.53223
    outer loop
      vertex 73.682 38.5 83.682
      vertex 73.2016 38.4222 84
      vertex 72.2678 36.5 82.2678
    endloop
  endfacet
  facet normal 0.53223 -0.706344 -0.4667
    outer loop
      vertex 73.682 38.5 77.318
      vertex 74 38.4222 77.7984
      vertex 72.2678 36.5 78.7322
    endloop
  endfacet
  facet normal 0.532393 -0.706169 -0.46678
    outer loop
      vertex 74 38.4222 77.7984
      vertex 73.682 38.5 77.318
      vertex 74 38.5 77.6807
    endloop
  endfacet
  facet normal -0.634888 -0.70636 0.313006
    outer loop
      vertex 68.3349 36.5 81.75
      vertex 66.3425 38.5 82.2221
      vertex 68.1903 36.5 81.4567
    endloop
  endfacet
  facet normal 0.466697 -0.706344 -0.532234
    outer loop
      vertex 73.682 38.5 77.318
      vertex 72.2678 36.5 78.7322
      vertex 73.2394 38.5 76.9299
    endloop
  endfacet
  facet normal -0.313217 -0.706332 0.634815
    outer loop
      vertex 68.9337 37.84 84
      vertex 68.4793 38.0415 84
      vertex 69.25 36.5 82.6651
    endloop
  endfacet
  facet normal -0.670311 -0.706355 0.227477
    outer loop
      vertex 68.1903 36.5 81.4567
      vertex 66.3425 38.5 82.2221
      vertex 68.0852 36.5 81.147
    endloop
  endfacet
  facet normal 0.313006 -0.70636 -0.634888
    outer loop
      vertex 71.75 36.5 78.3349
      vertex 71.4567 36.5 78.1903
      vertex 72.2221 38.5 76.3425
    endloop
  endfacet
  facet normal 0.532393 -0.706169 0.46678
    outer loop
      vertex 73.682 38.5 83.682
      vertex 74 38.4222 83.2016
      vertex 74 38.5 83.3193
    endloop
  endfacet
  facet normal 0.53223 -0.706344 0.4667
    outer loop
      vertex 74 38.4222 83.2016
      vertex 73.682 38.5 83.682
      vertex 72.2678 36.5 82.2678
    endloop
  endfacet
  facet normal 0.588551 -0.706335 0.393318
    outer loop
      vertex 74 38.4117 83.1856
      vertex 72.4834 36.5 82.0219
      vertex 74 38.085 82.5989
    endloop
  endfacet
  facet normal 0.706353 -0.706342 0.0463253
    outer loop
      vertex 73 36.5 80.5
      vertex 74 37.5106 80.6614
      vertex 72.9786 36.5 80.8263
    endloop
  endfacet
  facet normal 0.706346 -0.706346 0.0463895
    outer loop
      vertex 74 37.5106 80.6614
      vertex 73 36.5 80.5
      vertex 74 37.5 80.5
    endloop
  endfacet
  facet normal -0.634888 -0.70636 -0.313006
    outer loop
      vertex 68.1903 36.5 79.5433
      vertex 66.3425 38.5 78.7779
      vertex 68.3349 36.5 79.25
    endloop
  endfacet
  facet normal 0.670125 -0.706354 0.228027
    outer loop
      vertex 72.8097 36.5 81.4567
      vertex 74 37.7454 81.8165
      vertex 74 37.7884 81.9497
    endloop
  endfacet
  facet normal 0.670302 -0.706364 0.227474
    outer loop
      vertex 74 37.7454 81.8165
      vertex 72.8097 36.5 81.4567
      vertex 72.9148 36.5 81.147
    endloop
  endfacet
  facet normal -0.694248 -0.70636 0.138114
    outer loop
      vertex 68.0852 36.5 81.147
      vertex 66.1533 38.5 81.6647
      vertex 68.0214 36.5 80.8263
    endloop
  endfacet
  facet normal 0.706349 -0.706352 -0.0462408
    outer loop
      vertex 74 37.5106 80.3386
      vertex 72.9786 36.5 80.1737
      vertex 74 37.5302 80.0392
    endloop
  endfacet
  facet normal 0.706349 -0.706352 0.0462408
    outer loop
      vertex 74 37.5302 80.9608
      vertex 72.9786 36.5 80.8263
      vertex 74 37.5106 80.6614
    endloop
  endfacet
  facet normal 0.635032 -0.706405 0.312612
    outer loop
      vertex 72.6651 36.5 81.75
      vertex 74 37.7884 81.9497
      vertex 74 37.84 82.0663
    endloop
  endfacet
  facet normal 0.634907 -0.706339 0.313016
    outer loop
      vertex 74 37.7884 81.9497
      vertex 72.6651 36.5 81.75
      vertex 72.8097 36.5 81.4567
    endloop
  endfacet
  facet normal 0.313217 -0.706332 0.634815
    outer loop
      vertex 72.0663 37.84 84
      vertex 71.75 36.5 82.6651
      vertex 72.5207 38.0415 84
    endloop
  endfacet
  facet normal 0.227519 -0.706361 -0.670291
    outer loop
      vertex 72.2221 38.5 76.3425
      vertex 71.147 36.5 78.0852
      vertex 71.6647 38.5 76.1533
    endloop
  endfacet
  facet normal 0.393318 -0.706335 0.588551
    outer loop
      vertex 72.5989 38.085 84
      vertex 72.0219 36.5 82.4834
      vertex 73.1856 38.4117 84
    endloop
  endfacet
  facet normal -0.138114 -0.70636 -0.694248
    outer loop
      vertex 69.853 36.5 78.0852
      vertex 69.3353 38.5 76.1533
      vertex 70.1737 36.5 78.0214
    endloop
  endfacet
  facet normal -0.706346 -0.706351 0.0462961
    outer loop
      vertex 66.0385 38.5 81.0874
      vertex 66 38.5 80.5
      vertex 68.0214 36.5 80.8263
    endloop
  endfacet
  facet normal 0.393265 -0.706345 -0.588574
    outer loop
      vertex 73.2394 38.5 76.9299
      vertex 72.0219 36.5 78.5166
      vertex 72.75 38.5 76.6029
    endloop
  endfacet
  facet normal -0.532234 -0.706344 0.466697
    outer loop
      vertex 67.318 38.5 83.682
      vertex 66.9299 38.5 83.2394
      vertex 68.7322 36.5 82.2678
    endloop
  endfacet
  facet normal 0.138059 -0.706353 -0.694266
    outer loop
      vertex 71.6647 38.5 76.1533
      vertex 70.8263 36.5 78.0214
      vertex 71.0874 38.5 76.0385
    endloop
  endfacet
  facet normal 0.0462961 -0.706351 -0.706346
    outer loop
      vertex 70.8263 36.5 78.0214
      vertex 70.5 38.5 76
      vertex 71.0874 38.5 76.0385
    endloop
  endfacet
  facet normal -0.532234 -0.706344 -0.466697
    outer loop
      vertex 68.7322 36.5 78.7322
      vertex 66.9299 38.5 77.7606
      vertex 67.318 38.5 77.318
    endloop
  endfacet
  facet normal 0 -1 0
    outer loop
      vertex 70.1737 36.5 82.9786
      vertex 70.8263 36.5 82.9786
      vertex 70.5 36.5 83
    endloop
  endfacet
  facet normal 0 -1 0
    outer loop
      vertex 69.853 36.5 82.9148
      vertex 70.8263 36.5 82.9786
      vertex 70.1737 36.5 82.9786
    endloop
  endfacet
  facet normal 0 -1 0
    outer loop
      vertex 69.853 36.5 82.9148
      vertex 71.147 36.5 82.9148
      vertex 70.8263 36.5 82.9786
    endloop
  endfacet
  facet normal 0 -1 0
    outer loop
      vertex 69.5433 36.5 82.8097
      vertex 71.147 36.5 82.9148
      vertex 69.853 36.5 82.9148
    endloop
  endfacet
  facet normal 0 -1 0
    outer loop
      vertex 69.5433 36.5 82.8097
      vertex 71.4567 36.5 82.8097
      vertex 71.147 36.5 82.9148
    endloop
  endfacet
  facet normal 0 -1 0
    outer loop
      vertex 69.25 36.5 82.6651
      vertex 71.4567 36.5 82.8097
      vertex 69.5433 36.5 82.8097
    endloop
  endfacet
  facet normal 0 -1 0
    outer loop
      vertex 69.25 36.5 82.6651
      vertex 71.75 36.5 82.6651
      vertex 71.4567 36.5 82.8097
    endloop
  endfacet
  facet normal 0 -1 0
    outer loop
      vertex 68.9781 36.5 82.4834
      vertex 71.75 36.5 82.6651
      vertex 69.25 36.5 82.6651
    endloop
  endfacet
  facet normal 0 -1 0
    outer loop
      vertex 68.9781 36.5 82.4834
      vertex 72.0219 36.5 82.4834
      vertex 71.75 36.5 82.6651
    endloop
  endfacet
  facet normal 0 -1 0
    outer loop
      vertex 68.7322 36.5 82.2678
      vertex 72.0219 36.5 82.4834
      vertex 68.9781 36.5 82.4834
    endloop
  endfacet
  facet normal 0 -1 0
    outer loop
      vertex 68.7322 36.5 82.2678
      vertex 72.2678 36.5 82.2678
      vertex 72.0219 36.5 82.4834
    endloop
  endfacet
  facet normal 0 -1 0
    outer loop
      vertex 68.5166 36.5 82.0219
      vertex 72.2678 36.5 82.2678
      vertex 68.7322 36.5 82.2678
    endloop
  endfacet
  facet normal 0 -1 0
    outer loop
      vertex 68.5166 36.5 82.0219
      vertex 72.4834 36.5 82.0219
      vertex 72.2678 36.5 82.2678
    endloop
  endfacet
  facet normal 0 -1 0
    outer loop
      vertex 68.3349 36.5 81.75
      vertex 72.4834 36.5 82.0219
      vertex 68.5166 36.5 82.0219
    endloop
  endfacet
  facet normal 0 -1 0
    outer loop
      vertex 68.3349 36.5 81.75
      vertex 72.6651 36.5 81.75
      vertex 72.4834 36.5 82.0219
    endloop
  endfacet
  facet normal 0 -1 0
    outer loop
      vertex 68.1903 36.5 81.4567
      vertex 72.6651 36.5 81.75
      vertex 68.3349 36.5 81.75
    endloop
  endfacet
  facet normal 0 -1 0
    outer loop
      vertex 68.1903 36.5 81.4567
      vertex 72.8097 36.5 81.4567
      vertex 72.6651 36.5 81.75
    endloop
  endfacet
  facet normal 0 -1 0
    outer loop
      vertex 68.0852 36.5 81.147
      vertex 72.8097 36.5 81.4567
      vertex 68.1903 36.5 81.4567
    endloop
  endfacet
  facet normal 0 -1 0
    outer loop
      vertex 68.0852 36.5 81.147
      vertex 72.9148 36.5 81.147
      vertex 72.8097 36.5 81.4567
    endloop
  endfacet
  facet normal 0 -1 0
    outer loop
      vertex 68.0214 36.5 80.8263
      vertex 72.9148 36.5 81.147
      vertex 68.0852 36.5 81.147
    endloop
  endfacet
  facet normal 0 -1 0
    outer loop
      vertex 68.0214 36.5 80.8263
      vertex 72.9786 36.5 80.8263
      vertex 72.9148 36.5 81.147
    endloop
  endfacet
  facet normal 0 -1 0
    outer loop
      vertex 68 36.5 80.5
      vertex 72.9786 36.5 80.8263
      vertex 68.0214 36.5 80.8263
    endloop
  endfacet
  facet normal 0 -1 0
    outer loop
      vertex 68 36.5 80.5
      vertex 73 36.5 80.5
      vertex 72.9786 36.5 80.8263
    endloop
  endfacet
  facet normal 0 -1 0
    outer loop
      vertex 68.0214 36.5 80.1737
      vertex 73 36.5 80.5
      vertex 68 36.5 80.5
    endloop
  endfacet
  facet normal 0 -1 0
    outer loop
      vertex 68.0214 36.5 80.1737
      vertex 72.9786 36.5 80.1737
      vertex 73 36.5 80.5
    endloop
  endfacet
  facet normal 0 -1 0
    outer loop
      vertex 68.0852 36.5 79.853
      vertex 72.9786 36.5 80.1737
      vertex 68.0214 36.5 80.1737
    endloop
  endfacet
  facet normal 0 -1 0
    outer loop
      vertex 68.0852 36.5 79.853
      vertex 72.9148 36.5 79.853
      vertex 72.9786 36.5 80.1737
    endloop
  endfacet
  facet normal 0 -1 0
    outer loop
      vertex 68.1903 36.5 79.5433
      vertex 72.9148 36.5 79.853
      vertex 68.0852 36.5 79.853
    endloop
  endfacet
  facet normal 0 -1 0
    outer loop
      vertex 68.1903 36.5 79.5433
      vertex 72.8097 36.5 79.5433
      vertex 72.9148 36.5 79.853
    endloop
  endfacet
  facet normal 0 -1 0
    outer loop
      vertex 68.3349 36.5 79.25
      vertex 72.8097 36.5 79.5433
      vertex 68.1903 36.5 79.5433
    endloop
  endfacet
  facet normal 0 -1 0
    outer loop
      vertex 68.3349 36.5 79.25
      vertex 72.6651 36.5 79.25
      vertex 72.8097 36.5 79.5433
    endloop
  endfacet
  facet normal 0 -1 0
    outer loop
      vertex 68.5166 36.5 78.9781
      vertex 72.6651 36.5 79.25
      vertex 68.3349 36.5 79.25
    endloop
  endfacet
  facet normal 0 -1 0
    outer loop
      vertex 68.5166 36.5 78.9781
      vertex 72.4834 36.5 78.9781
      vertex 72.6651 36.5 79.25
    endloop
  endfacet
  facet normal 0 -1 0
    outer loop
      vertex 68.7322 36.5 78.7322
      vertex 72.4834 36.5 78.9781
      vertex 68.5166 36.5 78.9781
    endloop
  endfacet
  facet normal 0 -1 0
    outer loop
      vertex 68.7322 36.5 78.7322
      vertex 72.2678 36.5 78.7322
      vertex 72.4834 36.5 78.9781
    endloop
  endfacet
  facet normal 0 -1 0
    outer loop
      vertex 68.9781 36.5 78.5166
      vertex 72.2678 36.5 78.7322
      vertex 68.7322 36.5 78.7322
    endloop
  endfacet
  facet normal 0 -1 0
    outer loop
      vertex 68.9781 36.5 78.5166
      vertex 72.0219 36.5 78.5166
      vertex 72.2678 36.5 78.7322
    endloop
  endfacet
  facet normal 0 -1 0
    outer loop
      vertex 69.25 36.5 78.3349
      vertex 72.0219 36.5 78.5166
      vertex 68.9781 36.5 78.5166
    endloop
  endfacet
  facet normal 0 -1 0
    outer loop
      vertex 69.25 36.5 78.3349
      vertex 71.75 36.5 78.3349
      vertex 72.0219 36.5 78.5166
    endloop
  endfacet
  facet normal 0 -1 0
    outer loop
      vertex 69.5433 36.5 78.1903
      vertex 71.75 36.5 78.3349
      vertex 69.25 36.5 78.3349
    endloop
  endfacet
  facet normal 0 -1 0
    outer loop
      vertex 69.5433 36.5 78.1903
      vertex 71.4567 36.5 78.1903
      vertex 71.75 36.5 78.3349
    endloop
  endfacet
  facet normal 0 -1 0
    outer loop
      vertex 69.853 36.5 78.0852
      vertex 71.4567 36.5 78.1903
      vertex 69.5433 36.5 78.1903
    endloop
  endfacet
  facet normal 0 -1 0
    outer loop
      vertex 69.853 36.5 78.0852
      vertex 71.147 36.5 78.0852
      vertex 71.4567 36.5 78.1903
    endloop
  endfacet
  facet normal 0 -1 0
    outer loop
      vertex 70.1737 36.5 78.0214
      vertex 71.147 36.5 78.0852
      vertex 69.853 36.5 78.0852
    endloop
  endfacet
  facet normal 0 -1 0
    outer loop
      vertex 70.1737 36.5 78.0214
      vertex 70.8263 36.5 78.0214
      vertex 71.147 36.5 78.0852
    endloop
  endfacet
  facet normal -0 -1 0
    outer loop
      vertex 70.8263 36.5 78.0214
      vertex 70.1737 36.5 78.0214
      vertex 70.5 36.5 78
    endloop
  endfacet
  facet normal -0.694266 -0.706353 0.138059
    outer loop
      vertex 66.1533 38.5 81.6647
      vertex 66.0385 38.5 81.0874
      vertex 68.0214 36.5 80.8263
    endloop
  endfacet
  facet normal 0.670302 -0.706364 -0.227474
    outer loop
      vertex 72.8097 36.5 79.5433
      vertex 74 37.7454 79.1835
      vertex 72.9148 36.5 79.853
    endloop
  endfacet
  facet normal 0.670125 -0.706354 -0.228027
    outer loop
      vertex 74 37.7454 79.1835
      vertex 72.8097 36.5 79.5433
      vertex 74 37.7884 79.0503
    endloop
  endfacet
  facet normal 0.588564 -0.706326 -0.393314
    outer loop
      vertex 72.4834 36.5 78.9781
      vertex 74 38.0415 78.4793
      vertex 72.6651 36.5 79.25
    endloop
  endfacet
  facet normal 0.588747 -0.706384 -0.392937
    outer loop
      vertex 74 38.0415 78.4793
      vertex 72.4834 36.5 78.9781
      vertex 74 38.085 78.4011
    endloop
  endfacet
  facet normal -0.466697 -0.706344 -0.532234
    outer loop
      vertex 68.7322 36.5 78.7322
      vertex 67.318 38.5 77.318
      vertex 67.7606 38.5 76.9299
    endloop
  endfacet
  facet normal 0.466677 -0.706335 0.532263
    outer loop
      vertex 72.2678 36.5 82.2678
      vertex 73.1856 38.4117 84
      vertex 72.0219 36.5 82.4834
    endloop
  endfacet
  facet normal 0.463799 -0.706741 0.534235
    outer loop
      vertex 73.1856 38.4117 84
      vertex 72.2678 36.5 82.2678
      vertex 73.2016 38.4222 84
    endloop
  endfacet
  facet normal -0.313006 -0.70636 -0.634888
    outer loop
      vertex 69.25 36.5 78.3349
      vertex 68.7779 38.5 76.3425
      vertex 69.5433 36.5 78.1903
    endloop
  endfacet
  facet normal 0.588551 -0.706335 -0.393318
    outer loop
      vertex 74 38.085 78.4011
      vertex 72.4834 36.5 78.9781
      vertex 74 38.4117 77.8144
    endloop
  endfacet
  facet normal 0.227368 -0.706351 0.670353
    outer loop
      vertex 71.4378 37.6235 84
      vertex 71.147 36.5 82.9148
      vertex 71.8165 37.7454 84
    endloop
  endfacet
  facet normal 0.634815 -0.706332 -0.313217
    outer loop
      vertex 74 37.84 78.9337
      vertex 72.6651 36.5 79.25
      vertex 74 38.0415 78.4793
    endloop
  endfacet
  facet normal -0.393318 -0.706335 0.588551
    outer loop
      vertex 68.4011 38.085 84
      vertex 67.8144 38.4117 84
      vertex 68.9781 36.5 82.4834
    endloop
  endfacet
  facet normal -0.706348 -0.706348 0.046325
    outer loop
      vertex 68.0214 36.5 80.8263
      vertex 66 38.5 80.5
      vertex 68 36.5 80.5
    endloop
  endfacet
  facet normal 0.393314 -0.706326 0.588564
    outer loop
      vertex 72.0219 36.5 82.4834
      vertex 72.5207 38.0415 84
      vertex 71.75 36.5 82.6651
    endloop
  endfacet
  facet normal 0.392937 -0.706384 0.588747
    outer loop
      vertex 72.5207 38.0415 84
      vertex 72.0219 36.5 82.4834
      vertex 72.5989 38.085 84
    endloop
  endfacet
  facet normal -0.634836 -0.706343 0.313149
    outer loop
      vertex 66.6029 38.5 82.75
      vertex 66.3425 38.5 82.2221
      vertex 68.3349 36.5 81.75
    endloop
  endfacet
  facet normal -0.227368 -0.706351 0.670353
    outer loop
      vertex 69.5622 37.6235 84
      vertex 69.1835 37.7454 84
      vertex 69.853 36.5 82.9148
    endloop
  endfacet
  facet normal -0.670291 -0.706361 -0.227519
    outer loop
      vertex 68.0852 36.5 79.853
      vertex 66.1533 38.5 79.3353
      vertex 66.3425 38.5 78.7779
    endloop
  endfacet
  facet normal 0.466669 -0.706348 -0.532253
    outer loop
      vertex 72.2678 36.5 78.7322
      vertex 72.0219 36.5 78.5166
      vertex 73.2394 38.5 76.9299
    endloop
  endfacet
  facet normal 0.588747 -0.706384 0.392937
    outer loop
      vertex 72.4834 36.5 82.0219
      vertex 74 38.0415 82.5207
      vertex 74 38.085 82.5989
    endloop
  endfacet
  facet normal 0.588564 -0.706326 0.393314
    outer loop
      vertex 74 38.0415 82.5207
      vertex 72.4834 36.5 82.0219
      vertex 72.6651 36.5 81.75
    endloop
  endfacet
  facet normal 0.634907 -0.706339 -0.313016
    outer loop
      vertex 72.6651 36.5 79.25
      vertex 74 37.7884 79.0503
      vertex 72.8097 36.5 79.5433
    endloop
  endfacet
  facet normal 0.635032 -0.706405 -0.312612
    outer loop
      vertex 74 37.7884 79.0503
      vertex 72.6651 36.5 79.25
      vertex 74 37.84 78.9337
    endloop
  endfacet
  facet normal 0.670353 -0.706351 -0.227368
    outer loop
      vertex 74 37.6235 79.5622
      vertex 72.9148 36.5 79.853
      vertex 74 37.7454 79.1835
    endloop
  endfacet
  facet normal 0.694243 -0.706365 -0.138113
    outer loop
      vertex 72.9148 36.5 79.853
      vertex 74 37.5935 79.7153
      vertex 72.9786 36.5 80.1737
    endloop
  endfacet
  facet normal 0.694194 -0.706355 -0.13841
    outer loop
      vertex 74 37.5935 79.7153
      vertex 72.9148 36.5 79.853
      vertex 74 37.6235 79.5622
    endloop
  endfacet
  facet normal 0.138113 -0.706365 0.694243
    outer loop
      vertex 71.147 36.5 82.9148
      vertex 71.2847 37.5935 84
      vertex 70.8263 36.5 82.9786
    endloop
  endfacet
  facet normal 0.13841 -0.706355 0.694194
    outer loop
      vertex 71.2847 37.5935 84
      vertex 71.147 36.5 82.9148
      vertex 71.4378 37.6235 84
    endloop
  endfacet
  facet normal -0.588553 -0.70634 -0.393306
    outer loop
      vertex 68.3349 36.5 79.25
      vertex 66.6029 38.5 78.25
      vertex 68.5166 36.5 78.9781
    endloop
  endfacet
  facet normal -0.588574 -0.706345 -0.393265
    outer loop
      vertex 68.5166 36.5 78.9781
      vertex 66.6029 38.5 78.25
      vertex 66.9299 38.5 77.7606
    endloop
  endfacet
  facet normal 0.0463895 -0.706346 0.706346
    outer loop
      vertex 70.5 36.5 83
      vertex 70.6614 37.5106 84
      vertex 70.5 37.5 84
    endloop
  endfacet
  facet normal 0.0463253 -0.706342 0.706353
    outer loop
      vertex 70.6614 37.5106 84
      vertex 70.5 36.5 83
      vertex 70.8263 36.5 82.9786
    endloop
  endfacet
  facet normal -0.694248 -0.70636 -0.138114
    outer loop
      vertex 68.0214 36.5 80.1737
      vertex 66.1533 38.5 79.3353
      vertex 68.0852 36.5 79.853
    endloop
  endfacet
  facet normal -0.670311 -0.706355 -0.227477
    outer loop
      vertex 68.0852 36.5 79.853
      vertex 66.3425 38.5 78.7779
      vertex 68.1903 36.5 79.5433
    endloop
  endfacet
  facet normal -0.670291 -0.706361 0.227519
    outer loop
      vertex 66.3425 38.5 82.2221
      vertex 66.1533 38.5 81.6647
      vertex 68.0852 36.5 81.147
    endloop
  endfacet
  facet normal -0.392937 -0.706384 0.588747
    outer loop
      vertex 68.9781 36.5 82.4834
      vertex 68.4793 38.0415 84
      vertex 68.4011 38.085 84
    endloop
  endfacet
  facet normal -0.393314 -0.706326 0.588564
    outer loop
      vertex 68.4793 38.0415 84
      vertex 68.9781 36.5 82.4834
      vertex 69.25 36.5 82.6651
    endloop
  endfacet
  facet normal -0.588574 -0.706345 0.393265
    outer loop
      vertex 66.9299 38.5 83.2394
      vertex 66.6029 38.5 82.75
      vertex 68.5166 36.5 82.0219
    endloop
  endfacet
  facet normal 0.138114 -0.70636 -0.694248
    outer loop
      vertex 71.147 36.5 78.0852
      vertex 70.8263 36.5 78.0214
      vertex 71.6647 38.5 76.1533
    endloop
  endfacet
  facet normal -0.227519 -0.706361 -0.670291
    outer loop
      vertex 69.853 36.5 78.0852
      vertex 68.7779 38.5 76.3425
      vertex 69.3353 38.5 76.1533
    endloop
  endfacet
  facet normal -0.393265 -0.706345 -0.588574
    outer loop
      vertex 68.9781 36.5 78.5166
      vertex 67.7606 38.5 76.9299
      vertex 68.25 38.5 76.6029
    endloop
  endfacet
  facet normal 0.046325 -0.706348 -0.706348
    outer loop
      vertex 70.8263 36.5 78.0214
      vertex 70.5 36.5 78
      vertex 70.5 38.5 76
    endloop
  endfacet
  facet normal -0.532253 -0.706348 0.466669
    outer loop
      vertex 68.7322 36.5 82.2678
      vertex 66.9299 38.5 83.2394
      vertex 68.5166 36.5 82.0219
    endloop
  endfacet
  facet normal -0.046325 -0.706348 -0.706348
    outer loop
      vertex 70.5 36.5 78
      vertex 70.1737 36.5 78.0214
      vertex 70.5 38.5 76
    endloop
  endfacet
  facet normal 0.0462408 -0.706352 0.706349
    outer loop
      vertex 70.9608 37.5302 84
      vertex 70.6614 37.5106 84
      vertex 70.8263 36.5 82.9786
    endloop
  endfacet
  facet normal -0.463799 -0.706741 0.534235
    outer loop
      vertex 68.7322 36.5 82.2678
      vertex 67.8144 38.4117 84
      vertex 67.7984 38.4222 84
    endloop
  endfacet
  facet normal -0.466677 -0.706335 0.532263
    outer loop
      vertex 67.8144 38.4117 84
      vertex 68.7322 36.5 82.2678
      vertex 68.9781 36.5 82.4834
    endloop
  endfacet
  facet normal 0.138044 -0.706357 0.694265
    outer loop
      vertex 70.9608 37.5302 84
      vertex 70.8263 36.5 82.9786
      vertex 71.2847 37.5935 84
    endloop
  endfacet
  facet normal -0.138059 -0.706353 -0.694266
    outer loop
      vertex 70.1737 36.5 78.0214
      vertex 69.3353 38.5 76.1533
      vertex 69.9126 38.5 76.0385
    endloop
  endfacet
  facet normal -0.466669 -0.706348 -0.532253
    outer loop
      vertex 68.7322 36.5 78.7322
      vertex 67.7606 38.5 76.9299
      vertex 68.9781 36.5 78.5166
    endloop
  endfacet
  facet normal -0.393306 -0.70634 -0.588553
    outer loop
      vertex 68.9781 36.5 78.5166
      vertex 68.25 38.5 76.6029
      vertex 69.25 36.5 78.3349
    endloop
  endfacet
  facet normal -0.46678 -0.706169 0.532393
    outer loop
      vertex 67.318 38.5 83.682
      vertex 67.7984 38.4222 84
      vertex 67.6807 38.5 84
    endloop
  endfacet
  facet normal -0.4667 -0.706344 0.53223
    outer loop
      vertex 67.7984 38.4222 84
      vertex 67.318 38.5 83.682
      vertex 68.7322 36.5 82.2678
    endloop
  endfacet
  facet normal -0.0462408 -0.706352 0.706349
    outer loop
      vertex 70.3386 37.5106 84
      vertex 70.0392 37.5302 84
      vertex 70.1737 36.5 82.9786
    endloop
  endfacet
  facet normal -0.13841 -0.706355 0.694194
    outer loop
      vertex 69.853 36.5 82.9148
      vertex 69.7153 37.5935 84
      vertex 69.5622 37.6235 84
    endloop
  endfacet
  facet normal -0.138113 -0.706365 0.694243
    outer loop
      vertex 69.7153 37.5935 84
      vertex 69.853 36.5 82.9148
      vertex 70.1737 36.5 82.9786
    endloop
  endfacet
  facet normal -0.312612 -0.706405 0.635032
    outer loop
      vertex 69.25 36.5 82.6651
      vertex 69.0503 37.7884 84
      vertex 68.9337 37.84 84
    endloop
  endfacet
  facet normal -0.313016 -0.706339 0.634907
    outer loop
      vertex 69.0503 37.7884 84
      vertex 69.25 36.5 82.6651
      vertex 69.5433 36.5 82.8097
    endloop
  endfacet
  facet normal -0.588553 -0.70634 0.393306
    outer loop
      vertex 68.5166 36.5 82.0219
      vertex 66.6029 38.5 82.75
      vertex 68.3349 36.5 81.75
    endloop
  endfacet
  facet normal -0.228027 -0.706354 0.670125
    outer loop
      vertex 69.5433 36.5 82.8097
      vertex 69.1835 37.7454 84
      vertex 69.0503 37.7884 84
    endloop
  endfacet
  facet normal -0.227474 -0.706364 0.670302
    outer loop
      vertex 69.1835 37.7454 84
      vertex 69.5433 36.5 82.8097
      vertex 69.853 36.5 82.9148
    endloop
  endfacet
  facet normal -0.751882 0 0.659298
    outer loop
      vertex 66.9299 38.5 83.2394
      vertex 67.318 44 83.682
      vertex 66.9299 44 83.2394
    endloop
  endfacet
  facet normal -0.751882 0 0.659298
    outer loop
      vertex 67.318 44 83.682
      vertex 66.9299 38.5 83.2394
      vertex 67.318 38.5 83.682
    endloop
  endfacet
  facet normal 0.555562 0 -0.831475
    outer loop
      vertex 72.75 38.5 76.6029
      vertex 73.2394 44 76.9299
      vertex 73.2394 38.5 76.9299
    endloop
  endfacet
  facet normal 0.555562 0 -0.831475
    outer loop
      vertex 73.2394 44 76.9299
      vertex 72.75 38.5 76.6029
      vertex 72.75 44 76.6029
    endloop
  endfacet
  facet normal 0.321421 0 -0.946936
    outer loop
      vertex 71.6647 38.5 76.1533
      vertex 72.2221 44 76.3425
      vertex 72.2221 38.5 76.3425
    endloop
  endfacet
  facet normal 0.321421 0 -0.946936
    outer loop
      vertex 72.2221 44 76.3425
      vertex 71.6647 38.5 76.1533
      vertex 71.6647 44 76.1533
    endloop
  endfacet
  facet normal -0.896827 0 -0.442382
    outer loop
      vertex 66.6029 38.5 78.25
      vertex 66.3425 44 78.7779
      vertex 66.6029 44 78.25
    endloop
  endfacet
  facet normal -0.896827 -0 -0.442382
    outer loop
      vertex 66.3425 44 78.7779
      vertex 66.6029 38.5 78.25
      vertex 66.3425 38.5 78.7779
    endloop
  endfacet
  facet normal -0.659298 0 -0.751882
    outer loop
      vertex 67.318 38.5 77.318
      vertex 67.7606 44 76.9299
      vertex 67.7606 38.5 76.9299
    endloop
  endfacet
  facet normal -0.659298 0 -0.751882
    outer loop
      vertex 67.7606 44 76.9299
      vertex 67.318 38.5 77.318
      vertex 67.318 44 77.318
    endloop
  endfacet
  facet normal -0.997859 0 0.0654027
    outer loop
      vertex 66 38.5 80.5
      vertex 66.0385 44 81.0874
      vertex 66 44 80.5
    endloop
  endfacet
  facet normal -0.997859 0 0.0654027
    outer loop
      vertex 66.0385 44 81.0874
      vertex 66 38.5 80.5
      vertex 66.0385 38.5 81.0874
    endloop
  endfacet
  facet normal -0.659253 0 0.751921
    outer loop
      vertex 67.318 44 83.682
      vertex 67.6807 38.5 84
      vertex 67.6807 44 84
    endloop
  endfacet
  facet normal -0.659253 0 0.751921
    outer loop
      vertex 67.6807 38.5 84
      vertex 67.318 44 83.682
      vertex 67.318 38.5 83.682
    endloop
  endfacet
  facet normal -0.321421 0 -0.946936
    outer loop
      vertex 68.7779 38.5 76.3425
      vertex 69.3353 44 76.1533
      vertex 69.3353 38.5 76.1533
    endloop
  endfacet
  facet normal -0.321421 0 -0.946936
    outer loop
      vertex 69.3353 44 76.1533
      vertex 68.7779 38.5 76.3425
      vertex 68.7779 44 76.3425
    endloop
  endfacet
  facet normal -0.831475 0 0.555562
    outer loop
      vertex 66.6029 38.5 82.75
      vertex 66.9299 44 83.2394
      vertex 66.6029 44 82.75
    endloop
  endfacet
  facet normal -0.831475 0 0.555562
    outer loop
      vertex 66.9299 44 83.2394
      vertex 66.6029 38.5 82.75
      vertex 66.9299 38.5 83.2394
    endloop
  endfacet
  facet normal -0.555562 0 -0.831475
    outer loop
      vertex 67.7606 38.5 76.9299
      vertex 68.25 44 76.6029
      vertex 68.25 38.5 76.6029
    endloop
  endfacet
  facet normal -0.555562 0 -0.831475
    outer loop
      vertex 68.25 44 76.6029
      vertex 67.7606 38.5 76.9299
      vertex 67.7606 44 76.9299
    endloop
  endfacet
  facet normal -0.997859 0 -0.0654027
    outer loop
      vertex 66.0385 38.5 79.9126
      vertex 66 44 80.5
      vertex 66.0385 44 79.9126
    endloop
  endfacet
  facet normal -0.997859 -0 -0.0654027
    outer loop
      vertex 66 44 80.5
      vertex 66.0385 38.5 79.9126
      vertex 66 38.5 80.5
    endloop
  endfacet
  facet normal 0.195038 0 -0.980796
    outer loop
      vertex 71.0874 38.5 76.0385
      vertex 71.6647 44 76.1533
      vertex 71.6647 38.5 76.1533
    endloop
  endfacet
  facet normal 0.195038 0 -0.980796
    outer loop
      vertex 71.6647 44 76.1533
      vertex 71.0874 38.5 76.0385
      vertex 71.0874 44 76.0385
    endloop
  endfacet
  facet normal -0.442382 0 -0.896827
    outer loop
      vertex 68.25 38.5 76.6029
      vertex 68.7779 44 76.3425
      vertex 68.7779 38.5 76.3425
    endloop
  endfacet
  facet normal -0.442382 0 -0.896827
    outer loop
      vertex 68.7779 44 76.3425
      vertex 68.25 38.5 76.6029
      vertex 68.25 44 76.6029
    endloop
  endfacet
  facet normal 0.659253 0 0.751921
    outer loop
      vertex 73.3193 44 84
      vertex 73.682 38.5 83.682
      vertex 73.682 44 83.682
    endloop
  endfacet
  facet normal 0.659253 0 0.751921
    outer loop
      vertex 73.682 38.5 83.682
      vertex 73.3193 44 84
      vertex 73.3193 38.5 84
    endloop
  endfacet
  facet normal -0.946936 0 0.321421
    outer loop
      vertex 66.1533 38.5 81.6647
      vertex 66.3425 44 82.2221
      vertex 66.1533 44 81.6647
    endloop
  endfacet
  facet normal -0.946936 0 0.321421
    outer loop
      vertex 66.3425 44 82.2221
      vertex 66.1533 38.5 81.6647
      vertex 66.3425 38.5 82.2221
    endloop
  endfacet
  facet normal 0.442382 0 -0.896827
    outer loop
      vertex 72.2221 38.5 76.3425
      vertex 72.75 44 76.6029
      vertex 72.75 38.5 76.6029
    endloop
  endfacet
  facet normal 0.442382 0 -0.896827
    outer loop
      vertex 72.75 44 76.6029
      vertex 72.2221 38.5 76.3425
      vertex 72.2221 44 76.3425
    endloop
  endfacet
  facet normal -0.195038 0 -0.980796
    outer loop
      vertex 69.3353 38.5 76.1533
      vertex 69.9126 44 76.0385
      vertex 69.9126 38.5 76.0385
    endloop
  endfacet
  facet normal -0.195038 0 -0.980796
    outer loop
      vertex 69.9126 44 76.0385
      vertex 69.3353 38.5 76.1533
      vertex 69.3353 44 76.1533
    endloop
  endfacet
  facet normal 0.751921 0 -0.659253
    outer loop
      vertex 74 38.5 77.6807
      vertex 73.682 44 77.318
      vertex 74 44 77.6807
    endloop
  endfacet
  facet normal 0.751921 0 -0.659253
    outer loop
      vertex 73.682 44 77.318
      vertex 74 38.5 77.6807
      vertex 73.682 38.5 77.318
    endloop
  endfacet
  facet normal 0.751921 -0 0.659253
    outer loop
      vertex 73.682 38.5 83.682
      vertex 74 44 83.3193
      vertex 73.682 44 83.682
    endloop
  endfacet
  facet normal 0.751921 0 0.659253
    outer loop
      vertex 74 44 83.3193
      vertex 73.682 38.5 83.682
      vertex 74 38.5 83.3193
    endloop
  endfacet
  facet normal -0.946936 0 -0.321421
    outer loop
      vertex 66.3425 38.5 78.7779
      vertex 66.1533 44 79.3353
      vertex 66.3425 44 78.7779
    endloop
  endfacet
  facet normal -0.946936 -0 -0.321421
    outer loop
      vertex 66.1533 44 79.3353
      vertex 66.3425 38.5 78.7779
      vertex 66.1533 38.5 79.3353
    endloop
  endfacet
  facet normal -0.751882 0 -0.659298
    outer loop
      vertex 67.318 38.5 77.318
      vertex 66.9299 44 77.7606
      vertex 67.318 44 77.318
    endloop
  endfacet
  facet normal -0.751882 -0 -0.659298
    outer loop
      vertex 66.9299 44 77.7606
      vertex 67.318 38.5 77.318
      vertex 66.9299 38.5 77.7606
    endloop
  endfacet
  facet normal 0.659298 0 -0.751882
    outer loop
      vertex 73.2394 38.5 76.9299
      vertex 73.682 44 77.318
      vertex 73.682 38.5 77.318
    endloop
  endfacet
  facet normal 0.659298 0 -0.751882
    outer loop
      vertex 73.682 44 77.318
      vertex 73.2394 38.5 76.9299
      vertex 73.2394 44 76.9299
    endloop
  endfacet
  facet normal -0.896827 0 0.442382
    outer loop
      vertex 66.3425 38.5 82.2221
      vertex 66.6029 44 82.75
      vertex 66.3425 44 82.2221
    endloop
  endfacet
  facet normal -0.896827 0 0.442382
    outer loop
      vertex 66.6029 44 82.75
      vertex 66.3425 38.5 82.2221
      vertex 66.6029 38.5 82.75
    endloop
  endfacet
  facet normal 0.0654027 0 -0.997859
    outer loop
      vertex 70.5 38.5 76
      vertex 71.0874 44 76.0385
      vertex 71.0874 38.5 76.0385
    endloop
  endfacet
  facet normal 0.0654027 0 -0.997859
    outer loop
      vertex 71.0874 44 76.0385
      vertex 70.5 38.5 76
      vertex 70.5 44 76
    endloop
  endfacet
  facet normal -0.980796 0 -0.195038
    outer loop
      vertex 66.1533 38.5 79.3353
      vertex 66.0385 44 79.9126
      vertex 66.1533 44 79.3353
    endloop
  endfacet
  facet normal -0.980796 -0 -0.195038
    outer loop
      vertex 66.0385 44 79.9126
      vertex 66.1533 38.5 79.3353
      vertex 66.0385 38.5 79.9126
    endloop
  endfacet
  facet normal -0.0654027 0 -0.997859
    outer loop
      vertex 69.9126 38.5 76.0385
      vertex 70.5 44 76
      vertex 70.5 38.5 76
    endloop
  endfacet
  facet normal -0.0654027 0 -0.997859
    outer loop
      vertex 70.5 44 76
      vertex 69.9126 38.5 76.0385
      vertex 69.9126 44 76.0385
    endloop
  endfacet
  facet normal -0.980796 0 0.195038
    outer loop
      vertex 66.0385 38.5 81.0874
      vertex 66.1533 44 81.6647
      vertex 66.0385 44 81.0874
    endloop
  endfacet
  facet normal -0.980796 0 0.195038
    outer loop
      vertex 66.1533 44 81.6647
      vertex 66.0385 38.5 81.0874
      vertex 66.1533 38.5 81.6647
    endloop
  endfacet
  facet normal -0.831475 0 -0.555562
    outer loop
      vertex 66.9299 38.5 77.7606
      vertex 66.6029 44 78.25
      vertex 66.9299 44 77.7606
    endloop
  endfacet
  facet normal -0.831475 -0 -0.555562
    outer loop
      vertex 66.6029 44 78.25
      vertex 66.9299 38.5 77.7606
      vertex 66.6029 38.5 78.25
    endloop
  endfacet
  facet normal -0.751832 0 -0.659355
    outer loop
      vertex 72.166 37.5 81.7784
      vertex 71.9849 44 81.9849
      vertex 72.166 44 81.7784
    endloop
  endfacet
  facet normal -0.751832 -0 -0.659355
    outer loop
      vertex 71.9849 44 81.9849
      vertex 72.166 37.5 81.7784
      vertex 71.9849 37.5 81.9849
    endloop
  endfacet
  facet normal -0.980776 0 0.195136
    outer loop
      vertex 72.5284 37.5 79.9565
      vertex 72.582 44 80.2259
      vertex 72.5284 44 79.9565
    endloop
  endfacet
  facet normal -0.980776 0 0.195136
    outer loop
      vertex 72.582 44 80.2259
      vertex 72.5284 37.5 79.9565
      vertex 72.582 37.5 80.2259
    endloop
  endfacet
  facet normal -0.997851 0 0.0655283
    outer loop
      vertex 72.582 37.5 80.2259
      vertex 72.6 44 80.5
      vertex 72.582 44 80.2259
    endloop
  endfacet
  facet normal -0.997851 0 0.0655283
    outer loop
      vertex 72.6 44 80.5
      vertex 72.582 37.5 80.2259
      vertex 72.6 37.5 80.5
    endloop
  endfacet
  facet normal -0.946921 0 0.321465
    outer loop
      vertex 72.4401 37.5 79.6964
      vertex 72.5284 44 79.9565
      vertex 72.4401 44 79.6964
    endloop
  endfacet
  facet normal -0.946921 0 0.321465
    outer loop
      vertex 72.5284 44 79.9565
      vertex 72.4401 37.5 79.6964
      vertex 72.5284 37.5 79.9565
    endloop
  endfacet
  facet normal -0.83149 0 0.55554
    outer loop
      vertex 72.166 37.5 79.2216
      vertex 72.3186 44 79.45
      vertex 72.166 44 79.2216
    endloop
  endfacet
  facet normal -0.83149 0 0.55554
    outer loop
      vertex 72.3186 44 79.45
      vertex 72.166 37.5 79.2216
      vertex 72.3186 37.5 79.45
    endloop
  endfacet
  facet normal 0.55554 0 -0.83149
    outer loop
      vertex 69.2216 37.5 82.166
      vertex 69.45 44 82.3186
      vertex 69.45 37.5 82.3186
    endloop
  endfacet
  facet normal 0.55554 0 -0.83149
    outer loop
      vertex 69.45 44 82.3186
      vertex 69.2216 37.5 82.166
      vertex 69.2216 44 82.166
    endloop
  endfacet
  facet normal -0.195136 0 0.980776
    outer loop
      vertex 70.7741 44 78.418
      vertex 71.0435 37.5 78.4716
      vertex 71.0435 44 78.4716
    endloop
  endfacet
  facet normal -0.195136 0 0.980776
    outer loop
      vertex 71.0435 37.5 78.4716
      vertex 70.7741 44 78.418
      vertex 70.7741 37.5 78.418
    endloop
  endfacet
  facet normal -0.997851 0 -0.0655283
    outer loop
      vertex 72.6 37.5 80.5
      vertex 72.582 44 80.7741
      vertex 72.6 44 80.5
    endloop
  endfacet
  facet normal -0.997851 -0 -0.0655283
    outer loop
      vertex 72.582 44 80.7741
      vertex 72.6 37.5 80.5
      vertex 72.582 37.5 80.7741
    endloop
  endfacet
  facet normal -0.896889 0 0.442256
    outer loop
      vertex 72.3186 37.5 79.45
      vertex 72.4401 44 79.6964
      vertex 72.3186 44 79.45
    endloop
  endfacet
  facet normal -0.896889 0 0.442256
    outer loop
      vertex 72.4401 44 79.6964
      vertex 72.3186 37.5 79.45
      vertex 72.4401 37.5 79.6964
    endloop
  endfacet
  facet normal 0.946921 0 -0.321465
    outer loop
      vertex 68.5599 37.5 81.3036
      vertex 68.4716 44 81.0435
      vertex 68.5599 44 81.3036
    endloop
  endfacet
  facet normal 0.946921 0 -0.321465
    outer loop
      vertex 68.4716 44 81.0435
      vertex 68.5599 37.5 81.3036
      vertex 68.4716 37.5 81.0435
    endloop
  endfacet
  facet normal 0.980776 -0 0.195136
    outer loop
      vertex 68.418 37.5 80.2259
      vertex 68.4716 44 79.9565
      vertex 68.418 44 80.2259
    endloop
  endfacet
  facet normal 0.980776 0 0.195136
    outer loop
      vertex 68.4716 44 79.9565
      vertex 68.418 37.5 80.2259
      vertex 68.4716 37.5 79.9565
    endloop
  endfacet
  facet normal 0.659355 0 -0.751832
    outer loop
      vertex 69.0151 37.5 81.9849
      vertex 69.2216 44 82.166
      vertex 69.2216 37.5 82.166
    endloop
  endfacet
  facet normal 0.659355 0 -0.751832
    outer loop
      vertex 69.2216 44 82.166
      vertex 69.0151 37.5 81.9849
      vertex 69.0151 44 81.9849
    endloop
  endfacet
  facet normal 0.195136 0 0.980776
    outer loop
      vertex 69.9565 44 78.4716
      vertex 70.2259 37.5 78.418
      vertex 70.2259 44 78.418
    endloop
  endfacet
  facet normal 0.195136 0 0.980776
    outer loop
      vertex 70.2259 37.5 78.418
      vertex 69.9565 44 78.4716
      vertex 69.9565 37.5 78.4716
    endloop
  endfacet
  facet normal -0.195136 0 -0.980776
    outer loop
      vertex 70.7741 37.5 82.582
      vertex 71.0435 44 82.5284
      vertex 71.0435 37.5 82.5284
    endloop
  endfacet
  facet normal -0.195136 0 -0.980776
    outer loop
      vertex 71.0435 44 82.5284
      vertex 70.7741 37.5 82.582
      vertex 70.7741 44 82.582
    endloop
  endfacet
  facet normal -0.442256 0 -0.896889
    outer loop
      vertex 71.3036 37.5 82.4401
      vertex 71.55 44 82.3186
      vertex 71.55 37.5 82.3186
    endloop
  endfacet
  facet normal -0.442256 0 -0.896889
    outer loop
      vertex 71.55 44 82.3186
      vertex 71.3036 37.5 82.4401
      vertex 71.3036 44 82.4401
    endloop
  endfacet
  facet normal 0.83149 -0 0.55554
    outer loop
      vertex 68.6814 37.5 79.45
      vertex 68.834 44 79.2216
      vertex 68.6814 44 79.45
    endloop
  endfacet
  facet normal 0.83149 0 0.55554
    outer loop
      vertex 68.834 44 79.2216
      vertex 68.6814 37.5 79.45
      vertex 68.834 37.5 79.2216
    endloop
  endfacet
  facet normal -0.55554 0 0.83149
    outer loop
      vertex 71.55 44 78.6814
      vertex 71.7784 37.5 78.834
      vertex 71.7784 44 78.834
    endloop
  endfacet
  facet normal -0.55554 0 0.83149
    outer loop
      vertex 71.7784 37.5 78.834
      vertex 71.55 44 78.6814
      vertex 71.55 37.5 78.6814
    endloop
  endfacet
  facet normal -0.83149 0 -0.55554
    outer loop
      vertex 72.3186 37.5 81.55
      vertex 72.166 44 81.7784
      vertex 72.3186 44 81.55
    endloop
  endfacet
  facet normal -0.83149 -0 -0.55554
    outer loop
      vertex 72.166 44 81.7784
      vertex 72.3186 37.5 81.55
      vertex 72.166 37.5 81.7784
    endloop
  endfacet
  facet normal -0.442256 0 0.896889
    outer loop
      vertex 71.3036 44 78.5599
      vertex 71.55 37.5 78.6814
      vertex 71.55 44 78.6814
    endloop
  endfacet
  facet normal -0.442256 0 0.896889
    outer loop
      vertex 71.55 37.5 78.6814
      vertex 71.3036 44 78.5599
      vertex 71.3036 37.5 78.5599
    endloop
  endfacet
  facet normal -0.980776 0 -0.195136
    outer loop
      vertex 72.582 37.5 80.7741
      vertex 72.5284 44 81.0435
      vertex 72.582 44 80.7741
    endloop
  endfacet
  facet normal -0.980776 -0 -0.195136
    outer loop
      vertex 72.5284 44 81.0435
      vertex 72.582 37.5 80.7741
      vertex 72.5284 37.5 81.0435
    endloop
  endfacet
  facet normal 0.321465 0 0.946921
    outer loop
      vertex 69.6964 44 78.5599
      vertex 69.9565 37.5 78.4716
      vertex 69.9565 44 78.4716
    endloop
  endfacet
  facet normal 0.321465 0 0.946921
    outer loop
      vertex 69.9565 37.5 78.4716
      vertex 69.6964 44 78.5599
      vertex 69.6964 37.5 78.5599
    endloop
  endfacet
  facet normal 0.442256 0 0.896889
    outer loop
      vertex 69.45 44 78.6814
      vertex 69.6964 37.5 78.5599
      vertex 69.6964 44 78.5599
    endloop
  endfacet
  facet normal 0.442256 0 0.896889
    outer loop
      vertex 69.6964 37.5 78.5599
      vertex 69.45 44 78.6814
      vertex 69.45 37.5 78.6814
    endloop
  endfacet
  facet normal 0.55554 0 0.83149
    outer loop
      vertex 69.2216 44 78.834
      vertex 69.45 37.5 78.6814
      vertex 69.45 44 78.6814
    endloop
  endfacet
  facet normal 0.55554 0 0.83149
    outer loop
      vertex 69.45 37.5 78.6814
      vertex 69.2216 44 78.834
      vertex 69.2216 37.5 78.834
    endloop
  endfacet
  facet normal -0.659355 0 -0.751832
    outer loop
      vertex 71.7784 37.5 82.166
      vertex 71.9849 44 81.9849
      vertex 71.9849 37.5 81.9849
    endloop
  endfacet
  facet normal -0.659355 0 -0.751832
    outer loop
      vertex 71.9849 44 81.9849
      vertex 71.7784 37.5 82.166
      vertex 71.7784 44 82.166
    endloop
  endfacet
  facet normal 0.751832 -0 0.659355
    outer loop
      vertex 68.834 37.5 79.2216
      vertex 69.0151 44 79.0151
      vertex 68.834 44 79.2216
    endloop
  endfacet
  facet normal 0.751832 0 0.659355
    outer loop
      vertex 69.0151 44 79.0151
      vertex 68.834 37.5 79.2216
      vertex 69.0151 37.5 79.0151
    endloop
  endfacet
  facet normal -0.0655283 0 0.997851
    outer loop
      vertex 70.5 44 78.4
      vertex 70.7741 37.5 78.418
      vertex 70.7741 44 78.418
    endloop
  endfacet
  facet normal -0.0655283 0 0.997851
    outer loop
      vertex 70.7741 37.5 78.418
      vertex 70.5 44 78.4
      vertex 70.5 37.5 78.4
    endloop
  endfacet
  facet normal -0.321465 0 -0.946921
    outer loop
      vertex 71.0435 37.5 82.5284
      vertex 71.3036 44 82.4401
      vertex 71.3036 37.5 82.4401
    endloop
  endfacet
  facet normal -0.321465 0 -0.946921
    outer loop
      vertex 71.3036 44 82.4401
      vertex 71.0435 37.5 82.5284
      vertex 71.0435 44 82.5284
    endloop
  endfacet
  facet normal 0.321465 0 -0.946921
    outer loop
      vertex 69.6964 37.5 82.4401
      vertex 69.9565 44 82.5284
      vertex 69.9565 37.5 82.5284
    endloop
  endfacet
  facet normal 0.321465 0 -0.946921
    outer loop
      vertex 69.9565 44 82.5284
      vertex 69.6964 37.5 82.4401
      vertex 69.6964 44 82.4401
    endloop
  endfacet
  facet normal 0.751832 0 -0.659355
    outer loop
      vertex 69.0151 37.5 81.9849
      vertex 68.834 44 81.7784
      vertex 69.0151 44 81.9849
    endloop
  endfacet
  facet normal 0.751832 0 -0.659355
    outer loop
      vertex 68.834 44 81.7784
      vertex 69.0151 37.5 81.9849
      vertex 68.834 37.5 81.7784
    endloop
  endfacet
  facet normal 0.896889 -0 0.442256
    outer loop
      vertex 68.5599 37.5 79.6964
      vertex 68.6814 44 79.45
      vertex 68.5599 44 79.6964
    endloop
  endfacet
  facet normal 0.896889 0 0.442256
    outer loop
      vertex 68.6814 44 79.45
      vertex 68.5599 37.5 79.6964
      vertex 68.6814 37.5 79.45
    endloop
  endfacet
  facet normal -0.896889 0 -0.442256
    outer loop
      vertex 72.4401 37.5 81.3036
      vertex 72.3186 44 81.55
      vertex 72.4401 44 81.3036
    endloop
  endfacet
  facet normal -0.896889 -0 -0.442256
    outer loop
      vertex 72.3186 44 81.55
      vertex 72.4401 37.5 81.3036
      vertex 72.3186 37.5 81.55
    endloop
  endfacet
  facet normal 0.0655283 0 0.997851
    outer loop
      vertex 70.2259 44 78.418
      vertex 70.5 37.5 78.4
      vertex 70.5 44 78.4
    endloop
  endfacet
  facet normal 0.0655283 0 0.997851
    outer loop
      vertex 70.5 37.5 78.4
      vertex 70.2259 44 78.418
      vertex 70.2259 37.5 78.418
    endloop
  endfacet
  facet normal 0.946921 -0 0.321465
    outer loop
      vertex 68.4716 37.5 79.9565
      vertex 68.5599 44 79.6964
      vertex 68.4716 44 79.9565
    endloop
  endfacet
  facet normal 0.946921 0 0.321465
    outer loop
      vertex 68.5599 44 79.6964
      vertex 68.4716 37.5 79.9565
      vertex 68.5599 37.5 79.6964
    endloop
  endfacet
  facet normal -0.321465 0 0.946921
    outer loop
      vertex 71.0435 44 78.4716
      vertex 71.3036 37.5 78.5599
      vertex 71.3036 44 78.5599
    endloop
  endfacet
  facet normal -0.321465 0 0.946921
    outer loop
      vertex 71.3036 37.5 78.5599
      vertex 71.0435 44 78.4716
      vertex 71.0435 37.5 78.4716
    endloop
  endfacet
  facet normal -0.946921 0 -0.321465
    outer loop
      vertex 72.5284 37.5 81.0435
      vertex 72.4401 44 81.3036
      vertex 72.5284 44 81.0435
    endloop
  endfacet
  facet normal -0.946921 -0 -0.321465
    outer loop
      vertex 72.4401 44 81.3036
      vertex 72.5284 37.5 81.0435
      vertex 72.4401 37.5 81.3036
    endloop
  endfacet
  facet normal 0.980776 0 -0.195136
    outer loop
      vertex 68.4716 37.5 81.0435
      vertex 68.418 44 80.7741
      vertex 68.4716 44 81.0435
    endloop
  endfacet
  facet normal 0.980776 0 -0.195136
    outer loop
      vertex 68.418 44 80.7741
      vertex 68.4716 37.5 81.0435
      vertex 68.418 37.5 80.7741
    endloop
  endfacet
  facet normal -0.751832 0 0.659355
    outer loop
      vertex 71.9849 37.5 79.0151
      vertex 72.166 44 79.2216
      vertex 71.9849 44 79.0151
    endloop
  endfacet
  facet normal -0.751832 0 0.659355
    outer loop
      vertex 72.166 44 79.2216
      vertex 71.9849 37.5 79.0151
      vertex 72.166 37.5 79.2216
    endloop
  endfacet
  facet normal 0.659355 0 0.751832
    outer loop
      vertex 69.0151 44 79.0151
      vertex 69.2216 37.5 78.834
      vertex 69.2216 44 78.834
    endloop
  endfacet
  facet normal 0.659355 0 0.751832
    outer loop
      vertex 69.2216 37.5 78.834
      vertex 69.0151 44 79.0151
      vertex 69.0151 37.5 79.0151
    endloop
  endfacet
  facet normal 0.896889 0 -0.442256
    outer loop
      vertex 68.6814 37.5 81.55
      vertex 68.5599 44 81.3036
      vertex 68.6814 44 81.55
    endloop
  endfacet
  facet normal 0.896889 0 -0.442256
    outer loop
      vertex 68.5599 44 81.3036
      vertex 68.6814 37.5 81.55
      vertex 68.5599 37.5 81.3036
    endloop
  endfacet
  facet normal -0.0655283 0 -0.997851
    outer loop
      vertex 70.5 37.5 82.6
      vertex 70.7741 44 82.582
      vertex 70.7741 37.5 82.582
    endloop
  endfacet
  facet normal -0.0655283 0 -0.997851
    outer loop
      vertex 70.7741 44 82.582
      vertex 70.5 37.5 82.6
      vertex 70.5 44 82.6
    endloop
  endfacet
  facet normal 0.0655283 0 -0.997851
    outer loop
      vertex 70.2259 37.5 82.582
      vertex 70.5 44 82.6
      vertex 70.5 37.5 82.6
    endloop
  endfacet
  facet normal 0.0655283 0 -0.997851
    outer loop
      vertex 70.5 44 82.6
      vertex 70.2259 37.5 82.582
      vertex 70.2259 44 82.582
    endloop
  endfacet
  facet normal 0.997851 -0 0.0655283
    outer loop
      vertex 68.4 37.5 80.5
      vertex 68.418 44 80.2259
      vertex 68.4 44 80.5
    endloop
  endfacet
  facet normal 0.997851 0 0.0655283
    outer loop
      vertex 68.418 44 80.2259
      vertex 68.4 37.5 80.5
      vertex 68.418 37.5 80.2259
    endloop
  endfacet
  facet normal -0.659355 0 0.751832
    outer loop
      vertex 71.7784 44 78.834
      vertex 71.9849 37.5 79.0151
      vertex 71.9849 44 79.0151
    endloop
  endfacet
  facet normal -0.659355 0 0.751832
    outer loop
      vertex 71.9849 37.5 79.0151
      vertex 71.7784 44 78.834
      vertex 71.7784 37.5 78.834
    endloop
  endfacet
  facet normal 0.83149 0 -0.55554
    outer loop
      vertex 68.834 37.5 81.7784
      vertex 68.6814 44 81.55
      vertex 68.834 44 81.7784
    endloop
  endfacet
  facet normal 0.83149 0 -0.55554
    outer loop
      vertex 68.6814 44 81.55
      vertex 68.834 37.5 81.7784
      vertex 68.6814 37.5 81.55
    endloop
  endfacet
  facet normal -0.55554 0 -0.83149
    outer loop
      vertex 71.55 37.5 82.3186
      vertex 71.7784 44 82.166
      vertex 71.7784 37.5 82.166
    endloop
  endfacet
  facet normal -0.55554 0 -0.83149
    outer loop
      vertex 71.7784 44 82.166
      vertex 71.55 37.5 82.3186
      vertex 71.55 44 82.3186
    endloop
  endfacet
  facet normal 0.997851 0 -0.0655283
    outer loop
      vertex 68.418 37.5 80.7741
      vertex 68.4 44 80.5
      vertex 68.418 44 80.7741
    endloop
  endfacet
  facet normal 0.997851 0 -0.0655283
    outer loop
      vertex 68.4 44 80.5
      vertex 68.418 37.5 80.7741
      vertex 68.4 37.5 80.5
    endloop
  endfacet
  facet normal 0.195136 0 -0.980776
    outer loop
      vertex 69.9565 37.5 82.5284
      vertex 70.2259 44 82.582
      vertex 70.2259 37.5 82.582
    endloop
  endfacet
  facet normal 0.195136 0 -0.980776
    outer loop
      vertex 70.2259 44 82.582
      vertex 69.9565 37.5 82.5284
      vertex 69.9565 44 82.5284
    endloop
  endfacet
  facet normal 0 1 0
    outer loop
      vertex 70.7741 37.5 82.582
      vertex 70.2259 37.5 82.582
      vertex 70.5 37.5 82.6
    endloop
  endfacet
  facet normal 0 1 0
    outer loop
      vertex 71.0435 37.5 82.5284
      vertex 70.2259 37.5 82.582
      vertex 70.7741 37.5 82.582
    endloop
  endfacet
  facet normal 0 1 0
    outer loop
      vertex 71.0435 37.5 82.5284
      vertex 69.9565 37.5 82.5284
      vertex 70.2259 37.5 82.582
    endloop
  endfacet
  facet normal 0 1 0
    outer loop
      vertex 71.3036 37.5 82.4401
      vertex 69.9565 37.5 82.5284
      vertex 71.0435 37.5 82.5284
    endloop
  endfacet
  facet normal 0 1 0
    outer loop
      vertex 71.3036 37.5 82.4401
      vertex 69.6964 37.5 82.4401
      vertex 69.9565 37.5 82.5284
    endloop
  endfacet
  facet normal 0 1 0
    outer loop
      vertex 71.55 37.5 82.3186
      vertex 69.6964 37.5 82.4401
      vertex 71.3036 37.5 82.4401
    endloop
  endfacet
  facet normal 0 1 0
    outer loop
      vertex 71.55 37.5 82.3186
      vertex 69.45 37.5 82.3186
      vertex 69.6964 37.5 82.4401
    endloop
  endfacet
  facet normal 0 1 0
    outer loop
      vertex 71.7784 37.5 82.166
      vertex 69.45 37.5 82.3186
      vertex 71.55 37.5 82.3186
    endloop
  endfacet
  facet normal 0 1 0
    outer loop
      vertex 71.7784 37.5 82.166
      vertex 69.2216 37.5 82.166
      vertex 69.45 37.5 82.3186
    endloop
  endfacet
  facet normal 0 1 0
    outer loop
      vertex 71.9849 37.5 81.9849
      vertex 69.2216 37.5 82.166
      vertex 71.7784 37.5 82.166
    endloop
  endfacet
  facet normal 0 1 0
    outer loop
      vertex 71.9849 37.5 81.9849
      vertex 69.0151 37.5 81.9849
      vertex 69.2216 37.5 82.166
    endloop
  endfacet
  facet normal 0 1 0
    outer loop
      vertex 72.166 37.5 81.7784
      vertex 69.0151 37.5 81.9849
      vertex 71.9849 37.5 81.9849
    endloop
  endfacet
  facet normal 0 1 0
    outer loop
      vertex 72.166 37.5 81.7784
      vertex 68.834 37.5 81.7784
      vertex 69.0151 37.5 81.9849
    endloop
  endfacet
  facet normal 0 1 0
    outer loop
      vertex 72.3186 37.5 81.55
      vertex 68.834 37.5 81.7784
      vertex 72.166 37.5 81.7784
    endloop
  endfacet
  facet normal 0 1 0
    outer loop
      vertex 72.3186 37.5 81.55
      vertex 68.6814 37.5 81.55
      vertex 68.834 37.5 81.7784
    endloop
  endfacet
  facet normal 0 1 0
    outer loop
      vertex 72.4401 37.5 81.3036
      vertex 68.6814 37.5 81.55
      vertex 72.3186 37.5 81.55
    endloop
  endfacet
  facet normal 0 1 0
    outer loop
      vertex 72.4401 37.5 81.3036
      vertex 68.5599 37.5 81.3036
      vertex 68.6814 37.5 81.55
    endloop
  endfacet
  facet normal 0 1 0
    outer loop
      vertex 72.5284 37.5 81.0435
      vertex 68.5599 37.5 81.3036
      vertex 72.4401 37.5 81.3036
    endloop
  endfacet
  facet normal 0 1 0
    outer loop
      vertex 72.5284 37.5 81.0435
      vertex 68.4716 37.5 81.0435
      vertex 68.5599 37.5 81.3036
    endloop
  endfacet
  facet normal 0 1 0
    outer loop
      vertex 72.582 37.5 80.7741
      vertex 68.4716 37.5 81.0435
      vertex 72.5284 37.5 81.0435
    endloop
  endfacet
  facet normal 0 1 0
    outer loop
      vertex 72.582 37.5 80.7741
      vertex 68.418 37.5 80.7741
      vertex 68.4716 37.5 81.0435
    endloop
  endfacet
  facet normal 0 1 0
    outer loop
      vertex 72.6 37.5 80.5
      vertex 68.418 37.5 80.7741
      vertex 72.582 37.5 80.7741
    endloop
  endfacet
  facet normal 0 1 0
    outer loop
      vertex 72.6 37.5 80.5
      vertex 68.4 37.5 80.5
      vertex 68.418 37.5 80.7741
    endloop
  endfacet
  facet normal 0 1 -0
    outer loop
      vertex 72.582 37.5 80.2259
      vertex 68.4 37.5 80.5
      vertex 72.6 37.5 80.5
    endloop
  endfacet
  facet normal 0 1 0
    outer loop
      vertex 72.582 37.5 80.2259
      vertex 68.418 37.5 80.2259
      vertex 68.4 37.5 80.5
    endloop
  endfacet
  facet normal 0 1 -0
    outer loop
      vertex 72.5284 37.5 79.9565
      vertex 68.418 37.5 80.2259
      vertex 72.582 37.5 80.2259
    endloop
  endfacet
  facet normal 0 1 0
    outer loop
      vertex 72.5284 37.5 79.9565
      vertex 68.4716 37.5 79.9565
      vertex 68.418 37.5 80.2259
    endloop
  endfacet
  facet normal 0 1 -0
    outer loop
      vertex 72.4401 37.5 79.6964
      vertex 68.4716 37.5 79.9565
      vertex 72.5284 37.5 79.9565
    endloop
  endfacet
  facet normal 0 1 0
    outer loop
      vertex 72.4401 37.5 79.6964
      vertex 68.5599 37.5 79.6964
      vertex 68.4716 37.5 79.9565
    endloop
  endfacet
  facet normal 0 1 -0
    outer loop
      vertex 72.3186 37.5 79.45
      vertex 68.5599 37.5 79.6964
      vertex 72.4401 37.5 79.6964
    endloop
  endfacet
  facet normal 0 1 0
    outer loop
      vertex 72.3186 37.5 79.45
      vertex 68.6814 37.5 79.45
      vertex 68.5599 37.5 79.6964
    endloop
  endfacet
  facet normal 0 1 -0
    outer loop
      vertex 72.166 37.5 79.2216
      vertex 68.6814 37.5 79.45
      vertex 72.3186 37.5 79.45
    endloop
  endfacet
  facet normal 0 1 0
    outer loop
      vertex 72.166 37.5 79.2216
      vertex 68.834 37.5 79.2216
      vertex 68.6814 37.5 79.45
    endloop
  endfacet
  facet normal 0 1 -0
    outer loop
      vertex 71.9849 37.5 79.0151
      vertex 68.834 37.5 79.2216
      vertex 72.166 37.5 79.2216
    endloop
  endfacet
  facet normal 0 1 0
    outer loop
      vertex 71.9849 37.5 79.0151
      vertex 69.0151 37.5 79.0151
      vertex 68.834 37.5 79.2216
    endloop
  endfacet
  facet normal 0 1 -0
    outer loop
      vertex 71.7784 37.5 78.834
      vertex 69.0151 37.5 79.0151
      vertex 71.9849 37.5 79.0151
    endloop
  endfacet
  facet normal 0 1 0
    outer loop
      vertex 71.7784 37.5 78.834
      vertex 69.2216 37.5 78.834
      vertex 69.0151 37.5 79.0151
    endloop
  endfacet
  facet normal 0 1 -0
    outer loop
      vertex 71.55 37.5 78.6814
      vertex 69.2216 37.5 78.834
      vertex 71.7784 37.5 78.834
    endloop
  endfacet
  facet normal 0 1 0
    outer loop
      vertex 71.55 37.5 78.6814
      vertex 69.45 37.5 78.6814
      vertex 69.2216 37.5 78.834
    endloop
  endfacet
  facet normal 0 1 -0
    outer loop
      vertex 71.3036 37.5 78.5599
      vertex 69.45 37.5 78.6814
      vertex 71.55 37.5 78.6814
    endloop
  endfacet
  facet normal 0 1 0
    outer loop
      vertex 71.3036 37.5 78.5599
      vertex 69.6964 37.5 78.5599
      vertex 69.45 37.5 78.6814
    endloop
  endfacet
  facet normal 0 1 -0
    outer loop
      vertex 71.0435 37.5 78.4716
      vertex 69.6964 37.5 78.5599
      vertex 71.3036 37.5 78.5599
    endloop
  endfacet
  facet normal 0 1 0
    outer loop
      vertex 71.0435 37.5 78.4716
      vertex 69.9565 37.5 78.4716
      vertex 69.6964 37.5 78.5599
    endloop
  endfacet
  facet normal 0 1 -0
    outer loop
      vertex 70.7741 37.5 78.418
      vertex 69.9565 37.5 78.4716
      vertex 71.0435 37.5 78.4716
    endloop
  endfacet
  facet normal 0 1 0
    outer loop
      vertex 70.7741 37.5 78.418
      vertex 70.2259 37.5 78.418
      vertex 69.9565 37.5 78.4716
    endloop
  endfacet
  facet normal -0 1 0
    outer loop
      vertex 70.2259 37.5 78.418
      vertex 70.7741 37.5 78.418
      vertex 70.5 37.5 78.4
    endloop
  endfacet
  facet normal 0.442256 0 -0.896889
    outer loop
      vertex 69.45 37.5 82.3186
      vertex 69.6964 44 82.4401
      vertex 69.6964 37.5 82.4401
    endloop
  endfacet
  facet normal 0.442256 0 -0.896889
    outer loop
      vertex 69.6964 44 82.4401
      vertex 69.45 37.5 82.3186
      vertex 69.45 44 82.3186
    endloop
  endfacet
  facet normal 1 -0 0
    outer loop
      vertex 46.5 0 31.5
      vertex 46.5 44 26.5
      vertex 46.5 44 31.5
    endloop
  endfacet
  facet normal 1 0 0
    outer loop
      vertex 46.5 44 26.5
      vertex 46.5 0 31.5
      vertex 46.5 0 26.5
    endloop
  endfacet
  facet normal -0 0 1
    outer loop
      vertex 0 44 31.5
      vertex 46.5 0 31.5
      vertex 46.5 44 31.5
    endloop
  endfacet
  facet normal 0 0 1
    outer loop
      vertex 46.5 0 31.5
      vertex 0 44 31.5
      vertex 0 0 31.5
    endloop
  endfacet
  facet normal 0 0 -1
    outer loop
      vertex 0 0 26.5
      vertex 46.5 44 26.5
      vertex 46.5 0 26.5
    endloop
  endfacet
  facet normal -0 0 -1
    outer loop
      vertex 46.5 44 26.5
      vertex 0 0 26.5
      vertex 0 44 26.5
    endloop
  endfacet
endsolid OpenSCAD_Model
